Int2_Name,C-Index,H-Index,BDE_kcalmol,Int1_Name,appearance_index,count,substructure,count_substructure,appearance_index_substructure,apperance_index_substructure
3Buten1ol_RH_Sub5_C8_H13,7,12,114.76632824252904,3Buten1ol_RH_Sub5,1,2,"{'first layer': ['Cl', 'C'], 'second layer': []}",14,1,1
Ethene_RH_Sub19_C1_H2,0,1,117.67263904499616,Ethene_RH_Sub19,2,3,"{'first layer': ['C'], 'second layer': []}",656,1,1
aa326_plan_opt_C24_H29,23,28,119.55901574000931,aa326_plan_opt,3,9,"{'first layer': ['C', 'C'], 'second layer': []}",3450,1,1
Azulene_RH_Sub1_C7_H13,6,12,123.58506264247296,Azulene_RH_Sub1,3,7,"{'first layer': ['C', 'C'], 'second layer': []}",3450,1,1
aa271_plan_opt_C11_H20,10,19,118.58337936749764,aa271_plan_opt,8,8,"{'first layer': ['C', 'C'], 'second layer': ['N']}",667,1,1
Benzeneethanamine_o_RH_Sub37_C11_H20,10,19,117.90235549997789,Benzeneethanamine_o_RH_Sub37,1,5,"{'first layer': ['C', 'C'], 'second layer': []}",3450,1,1
Benzeneethaneamine_o_RH_Sub20_C16_H19,15,18,117.74788068749515,Benzeneethaneamine_o_RH_Sub20,4,4,"{'first layer': ['C', 'C'], 'second layer': ['N']}",667,1,1
Thiobenzoicacid_RH_Sub17_C7_H10,6,9,120.12690261243762,Thiobenzoicacid_RH_Sub17,3,4,"{'first layer': ['C', 'C'], 'second layer': ['N']}",667,1,1
Benzeneethanamine_o_RH_Sub30_C14_H18,13,17,117.1521886624889,Benzeneethanamine_o_RH_Sub30,5,5,"{'first layer': ['C', 'C'], 'second layer': []}",3450,1,1
aa285_opt_C13_H21,12,20,117.24949383254112,aa285_opt,8,9,"{'first layer': ['C', 'C'], 'second layer': []}",3450,1,1
5Hexen1amine_RH_Sub44_C9_H10,8,9,117.6383706424987,5Hexen1amine_RH_Sub44,2,3,"{'first layer': ['C'], 'second layer': []}",656,1,1
aa6_opt_C15_H26,14,25,118.08262683755744,aa6_opt,2,4,"{'first layer': ['C', 'C'], 'second layer': []}",3450,1,1
4Penten1amine_RH_Sub23_C9_H10,8,9,113.0373304299981,4Penten1amine_RH_Sub23,1,3,"{'first layer': ['C', 'C'], 'second layer': []}",3450,1,1
aa248_opt_C11_H26,10,25,117.60609141497412,aa248_opt,2,2,"{'first layer': ['C', 'C'], 'second layer': []}",3450,1,1
aa339_plan_opt_C17_H22,16,21,116.92666202499936,aa339_plan_opt,4,8,"{'first layer': ['C', 'C'], 'second layer': ['O']}",198,1,1
2Phenylpyridine_RH_C15_H19,14,18,117.55733905752224,2Phenylpyridine_RH,8,9,"{'first layer': ['C', 'C'], 'second layer': []}",3450,1,1
Styrene_RH_Sub27_C8_H13,7,12,117.9344514974784,Styrene_RH_Sub27,1,7,"{'first layer': ['C', 'C'], 'second layer': ['N']}",667,1,1
5Hexen1thiol_RH_Sub40_C8_H9,7,8,117.80854111249823,5Hexen1thiol_RH_Sub40,2,3,"{'first layer': ['C'], 'second layer': []}",656,1,1
3Buten1amine_RH_Sub38_C9_H10,8,9,117.43744263250464,3Buten1amine_RH_Sub38,2,3,"{'first layer': ['C'], 'second layer': []}",656,1,1
3Buten1amine_RH_Sub37_C9_H14,8,13,118.32613887999683,3Buten1amine_RH_Sub37,2,3,"{'first layer': ['C'], 'second layer': []}",656,1,1
aa261_plan_opt_C20_H23,19,22,117.0458230199472,aa261_plan_opt,2,8,"{'first layer': ['C', 'C'], 'second layer': []}",3450,1,1
2Propen1amine_RH_Sub7_C7_H8,6,7,117.10164290999116,2Propen1amine_RH_Sub7,1,2,"{'first layer': ['C', 'C'], 'second layer': ['N', 'N']}",21,1,1
Benzamide_o_N_RH_Sub26_C9_H13,8,12,117.56708852500182,Benzamide_o_N_RH_Sub26,2,4,"{'first layer': ['C', 'C'], 'second layer': []}",3450,1,1
aa127_opt_C20_H21,19,20,117.56805048249448,aa127_opt,3,4,"{'first layer': ['C', 'C'], 'second layer': []}",3450,1,1
aa286_plan_opt_C14_H25,13,24,118.61433519749966,aa286_plan_opt,2,5,"{'first layer': ['C', 'C'], 'second layer': []}",3450,1,1
aa62_plan_opt_C6_H11,5,10,117.3858207174736,aa62_plan_opt,1,5,"{'first layer': ['C', 'C'], 'second layer': ['N']}",667,1,1
5Hexen1ol_RH_C8_H19,7,18,118.28715356001707,5Hexen1ol_RH,2,3,"{'first layer': ['C'], 'second layer': []}",656,1,1
Benzeneethanamine_o_RH_Sub5_C11_H20,10,19,117.40886063497383,Benzeneethanamine_o_RH_Sub5,2,4,"{'first layer': ['C', 'C'], 'second layer': []}",3450,1,1
aa322_plan_opt_C8_H21,7,20,118.41921595499798,aa322_plan_opt,1,1,"{'first layer': ['C', 'C'], 'second layer': ['N']}",667,1,1
2Propen1ol_RH_Sub26_C8_H10,7,9,119.03896507500173,2Propen1ol_RH_Sub26,2,3,"{'first layer': ['C'], 'second layer': []}",656,1,1
aa304_plan_opt_C6_H18,5,17,116.70981622255482,aa304_plan_opt,2,4,"{'first layer': ['C', 'C'], 'second layer': []}",3450,1,1
Benzeneethanamine_o_RH_Sub11_C12_H15,11,14,117.47983966996571,Benzeneethanamine_o_RH_Sub11,1,4,"{'first layer': ['C', 'C'], 'second layer': []}",3450,1,1
aa58_plan_opt_C3_H8,2,7,117.44943353000023,aa58_plan_opt,3,5,"{'first layer': ['C', 'C'], 'second layer': []}",3450,1,1
Thiobenzoicacid_RH_Sub10_C11_H14,10,13,117.058376157525,Thiobenzoicacid_RH_Sub10,2,4,"{'first layer': ['C', 'C'], 'second layer': []}",3450,1,1
3Buten1amine_RH_Sub38_C9_H14,8,13,118.17145761998589,3Buten1amine_RH_Sub38,1,3,"{'first layer': ['C'], 'second layer': []}",656,1,1
aa232_opt_C6_H20,5,19,111.9759505750102,aa232_opt,9,9,"{'first layer': ['C', 'N'], 'second layer': []}",0,1,1
Thiobenzoicacid_RH_Sub33_C6_H15,5,14,118.07491172489392,Thiobenzoicacid_RH_Sub33,4,4,"{'first layer': ['C', 'C'], 'second layer': []}",3450,1,1
Naphtalene_2_RH_Sub21_C3_H9,2,8,118.38862344750596,Naphtalene_2_RH_Sub21,5,7,"{'first layer': ['C', 'C'], 'second layer': []}",3450,1,1
3Buten1amine_RH_Sub28_C7_H8,6,7,113.76866661998731,3Buten1amine_RH_Sub28,2,3,"{'first layer': ['C', 'C'], 'second layer': []}",3450,1,1
Benzeneethanamine_o_RH_Sub31_C11_H20,10,19,117.56054432747533,Benzeneethanamine_o_RH_Sub31,2,5,"{'first layer': ['C', 'C'], 'second layer': []}",3450,1,1
Azulene_RH_Sub1_C2_H5,1,4,114.56426696749917,Azulene_RH_Sub1,4,7,"{'first layer': ['C', 'C'], 'second layer': []}",3450,1,1
Azulene_RH_C8_H14,7,13,114.3028661550153,Azulene_RH,6,8,"{'first layer': ['C', 'C'], 'second layer': []}",3450,1,1
aa326_plan2_opt_C6_H11,5,10,117.26368349000468,aa326_plan2_opt,4,9,"{'first layer': ['C', 'C'], 'second layer': []}",3450,1,1
Cyclopentene_RH_Sub9_C2_H5,1,4,119.666840947489,Cyclopentene_RH_Sub9,2,4,"{'first layer': ['C', 'C'], 'second layer': []}",3450,1,1
aa38_opt_C11_H16,10,15,117.41689389001876,aa38_opt,3,4,"{'first layer': ['C', 'C'], 'second layer': []}",3450,1,1
aa334_plan_opt_C5_H10,4,9,117.75313035251486,aa334_plan_opt,6,9,"{'first layer': ['C', 'C'], 'second layer': ['N']}",667,1,1
aa195_opt_C9_H23,8,22,120.21070963002558,aa195_opt,4,4,"{'first layer': ['C', 'C'], 'second layer': ['F']}",84,1,1
aa268_opt_C8_H19,7,18,117.4587876724516,aa268_opt,4,8,"{'first layer': ['C', 'C'], 'second layer': ['N']}",667,1,1
Benzeneethanamine_o_RH_Sub14_C14_H18,13,17,116.91306786498032,Benzeneethanamine_o_RH_Sub14,1,4,"{'first layer': ['C', 'C'], 'second layer': []}",3450,1,1
aa324_opt_C17_H39,16,38,117.36352250497674,aa324_opt,3,5,"{'first layer': ['C', 'C'], 'second layer': []}",3450,1,1
aa334_plan2_opt_C6_H11,5,10,117.34208333999078,aa334_plan2_opt,1,9,"{'first layer': ['C', 'C'], 'second layer': []}",3450,1,1
Naphtalene_2_RH_Sub2_C12_H13,11,12,119.9947473474758,Naphtalene_2_RH_Sub2,7,7,"{'first layer': ['C', 'C'], 'second layer': ['F']}",84,1,1
Benzamide_o_N_RH_Sub21_C7_H16,6,15,117.07276849748524,Benzamide_o_N_RH_Sub21,2,4,"{'first layer': ['C', 'C'], 'second layer': []}",3450,1,1
5Hexen1ol_RH_Sub7_C8_H19,7,18,116.29174560250917,5Hexen1ol_RH_Sub7,1,2,"{'first layer': ['N', 'C'], 'second layer': []}",64,1,1
Benzoicacid_RH_Sub20_C7_H10,6,9,119.92844758004338,Benzoicacid_RH_Sub20,2,4,"{'first layer': ['C', 'C'], 'second layer': ['N']}",667,1,1
aa139_plan_opt_C7_H18,6,17,117.82147890750308,aa139_plan_opt,3,4,"{'first layer': ['C', 'C'], 'second layer': []}",3450,1,1
Styrene_RH_Sub20_C8_H13,7,12,117.53594507252215,Styrene_RH_Sub20,4,8,"{'first layer': ['C', 'C'], 'second layer': []}",3450,1,1
Ethene_RH_Sub3_C3_H5,2,4,119.44093153498116,Ethene_RH_Sub3,3,3,"{'first layer': ['C'], 'second layer': []}",656,1,1
aa225_plan_opt_C5_H16,4,15,117.61946469501056,aa225_plan_opt,1,5,"{'first layer': ['C', 'C'], 'second layer': []}",3450,1,1
Benzeneethaneamine_o_RH_Sub4_C14_H18,13,17,117.34785320250224,Benzeneethaneamine_o_RH_Sub4,2,4,"{'first layer': ['C', 'C'], 'second layer': ['O']}",198,1,1
4Penten1amine_RH_Sub33_C9_H10,8,9,113.25210987500128,4Penten1amine_RH_Sub33,3,3,"{'first layer': ['C', 'C'], 'second layer': []}",3450,1,1
Naphtalene_2_RH_Sub19_C10_H11,9,10,115.09913165248406,Naphtalene_2_RH_Sub19,1,7,"{'first layer': ['C', 'C'], 'second layer': []}",3450,1,1
aa49_opt_C5_H18,4,17,120.00896336005296,aa49_opt,3,4,"{'first layer': ['C', 'C'], 'second layer': ['N']}",667,1,1
Toluene_RH_Sub22_C4_H12,3,11,118.03246636998011,Toluene_RH_Sub22,3,4,"{'first layer': ['C', 'C'], 'second layer': []}",3450,1,1
Naphtalene_2_RH_Sub20_C3_H9,2,8,117.76851351498352,Naphtalene_2_RH_Sub20,7,8,"{'first layer': ['C', 'C'], 'second layer': []}",3450,1,1
aa57_opt_C5_H10,4,9,115.44347667001348,aa57_opt,4,4,"{'first layer': ['C', 'C'], 'second layer': []}",3450,1,1
aa320_opt_C10_H26,9,25,117.74588649250404,aa320_opt,1,4,"{'first layer': ['C', 'C'], 'second layer': []}",3450,1,1
4Penten1amine_RH_Sub13_C9_H10,8,9,113.62026412502772,4Penten1amine_RH_Sub13,2,2,"{'first layer': ['C', 'C'], 'second layer': []}",3450,1,1
Toluene_RH_Sub18_C6_H9,5,8,118.27553728001902,Toluene_RH_Sub18,2,5,"{'first layer': ['C', 'C'], 'second layer': []}",3450,1,1
3Buten1ol_RH_Sub35_C8_H13,7,12,118.39388691748668,3Buten1ol_RH_Sub35,1,3,"{'first layer': ['C'], 'second layer': []}",656,1,1
aa271_plan_opt_C12_H19,11,18,110.90919680996107,aa271_plan_opt,3,8,"{'first layer': ['N', 'C'], 'second layer': []}",64,1,1
3Buten1thiol_RH_Sub10_C6_H7,5,6,113.74865752746588,3Buten1thiol_RH_Sub10,2,3,"{'first layer': ['C', 'C'], 'second layer': []}",3450,1,1
3Buten1amine_gamma_RH_Sub36_C11_H13,10,12,117.30713033501026,3Buten1amine_gamma_RH_Sub36,1,3,"{'first layer': ['C'], 'second layer': []}",656,1,1
Benzoicacid_RH_Sub14_C8_H12,7,11,117.58622853001155,Benzoicacid_RH_Sub14,4,4,"{'first layer': ['C', 'C'], 'second layer': []}",3450,1,1
Thiobenzoicacid_RH_Sub40_C6_H15,5,14,116.12077946250622,Thiobenzoicacid_RH_Sub40,3,4,"{'first layer': ['C', 'C'], 'second layer': []}",3450,1,1
aa321_opt_C11_H28,10,27,117.33143654751274,aa321_opt,3,5,"{'first layer': ['C', 'C'], 'second layer': []}",3450,1,1
Benzeneethaneamine_o_RH_Sub1_C14_H18,13,17,119.0034322600178,Benzeneethaneamine_o_RH_Sub1,4,4,"{'first layer': ['C', 'C'], 'second layer': []}",3450,1,1
3Buten1thiol_RH_Sub35_C6_H7,5,6,115.57824610004444,3Buten1thiol_RH_Sub35,1,3,"{'first layer': ['C', 'C'], 'second layer': ['Cl']}",92,1,1
Cyclopentene_RH_Sub24_C1_H7,0,6,122.78444166748044,Cyclopentene_RH_Sub24,1,3,"{'first layer': ['C', 'C'], 'second layer': ['O']}",198,1,1
3Buten1thiol_RH_Sub4_C8_H13,7,12,113.75857139999027,3Buten1thiol_RH_Sub4,1,2,"{'first layer': ['O', 'C'], 'second layer': []}",17,1,1
aa117_opt_C2_H7,1,6,118.122483127529,aa117_opt,5,5,"{'first layer': ['C', 'C'], 'second layer': []}",3450,1,1
aa222_opt_C3_H17,2,16,102.87807468246996,aa222_opt,4,10,"{'first layer': ['N', 'C'], 'second layer': []}",64,1,1
aa51_opt_C3_H8,2,7,117.72088563751764,aa51_opt,4,4,"{'first layer': ['C', 'C'], 'second layer': []}",3450,1,1
Azulene_RH_Sub1_C3_H17,2,16,114.8397601749764,Azulene_RH_Sub1,2,7,"{'first layer': ['C', 'C'], 'second layer': []}",3450,1,1
aa241_opt_C3_H20,2,19,117.42014371250008,aa241_opt,2,5,"{'first layer': ['C', 'C'], 'second layer': []}",3450,1,1
Benzamide_o_N_RH_Sub12_C8_H11,7,10,122.18743063747652,Benzamide_o_N_RH_Sub12,3,4,"{'first layer': ['C', 'C'], 'second layer': ['F']}",84,1,1
aa266_plan_opt_C9_H12,8,11,118.87547496999758,aa266_plan_opt,3,7,"{'first layer': ['C', 'C'], 'second layer': ['O']}",198,1,1
Styrene_RH_Sub1_C3_H4,2,3,116.08205016249414,Styrene_RH_Sub1,6,7,"{'first layer': ['C', 'C'], 'second layer': []}",3450,1,1
aa278_opt_C12_H21,11,20,117.7258140224751,aa278_opt,1,3,"{'first layer': ['C', 'C'], 'second layer': []}",3450,1,1
aa170_opt_C7_H20,6,19,100.4859769124488,aa170_opt,2,5,"{'first layer': ['C', 'N'], 'second layer': []}",0,1,1
2Phenylpyridine_RH_Sub3_C5_H6,4,5,116.63659638500462,2Phenylpyridine_RH_Sub3,6,8,"{'first layer': ['C', 'C'], 'second layer': []}",3450,1,1
3Buten1amine_RH_Sub22_C9_H14,8,13,118.0717899125213,3Buten1amine_RH_Sub22,3,3,"{'first layer': ['C'], 'second layer': []}",656,1,1
Benzoicacid_RH_Sub39_C11_H14,10,13,117.2557864025535,Benzoicacid_RH_Sub39,1,4,"{'first layer': ['C', 'C'], 'second layer': []}",3450,1,1
aa279_plan_opt_C10_H25,9,24,118.04571164001489,aa279_plan_opt,7,10,"{'first layer': ['C', 'C'], 'second layer': []}",3450,1,1
2Ethen1ol_RH_Sub13_C5_H7,4,6,120.7514081825228,2Ethen1ol_RH_Sub13,2,2,"{'first layer': ['C'], 'second layer': ['O']}",40,1,1
Naphtalene_2_RH_Sub25_C14_H15,13,14,117.74393371246732,Naphtalene_2_RH_Sub25,6,7,"{'first layer': ['C', 'C'], 'second layer': []}",3450,1,1
aa268_opt_C7_H18,6,17,117.0763948199442,aa268_opt,8,8,"{'first layer': ['C', 'C'], 'second layer': []}",3450,1,1
5Hexen1amine_RH_Sub36_C9_H20,8,19,117.97567762001648,5Hexen1amine_RH_Sub36,3,3,"{'first layer': ['C'], 'second layer': []}",656,1,1
5Hexen1ol_RH_Sub16_C8_H9,7,8,117.96261306999668,5Hexen1ol_RH_Sub16,2,2,"{'first layer': ['C'], 'second layer': []}",656,1,1
aa264_opt_C10_H22,9,21,117.65415603245827,aa264_opt,8,8,"{'first layer': ['C', 'C'], 'second layer': ['O']}",198,1,1
aa247_opt_C7_H12,6,11,118.72508455501617,aa247_opt,5,6,"{'first layer': ['C', 'C'], 'second layer': []}",3450,1,1
Naphtalene_2_RH_Sub14_C14_H15,13,14,117.49712478497358,Naphtalene_2_RH_Sub14,2,7,"{'first layer': ['C', 'C'], 'second layer': []}",3450,1,1
aa268_plan_opt_C7_H18,6,17,117.090098792479,aa268_plan_opt,2,8,"{'first layer': ['C', 'C'], 'second layer': []}",3450,1,1
aa266_opt_C8_H13,7,12,118.76841907744335,aa266_opt,1,7,"{'first layer': ['C', 'C'], 'second layer': []}",3450,1,1
Styrene_RH_Sub2_C10_H14,9,13,118.34413934500148,Styrene_RH_Sub2,3,7,"{'first layer': ['C', 'C'], 'second layer': []}",3450,1,1
aa268_plan_opt_C1_H20,0,19,118.85680307999536,aa268_plan_opt,7,8,"{'first layer': ['C', 'C'], 'second layer': []}",3450,1,1
Benzamide_o_N_RH_Sub31_C12_H15,11,14,118.54092083500916,Benzamide_o_N_RH_Sub31,4,4,"{'first layer': ['C', 'C'], 'second layer': []}",3450,1,1
aa55_opt_C3_H8,2,7,117.53053037499996,aa55_opt,2,5,"{'first layer': ['C', 'C'], 'second layer': []}",3450,1,1
aa79_opt_C4_H9,3,8,117.37879020748936,aa79_opt,6,8,"{'first layer': ['C', 'C'], 'second layer': []}",3450,1,1
Benzeneethaneamine_o_RH_Sub36_C11_H20,10,19,117.46988563747364,Benzeneethaneamine_o_RH_Sub36,2,5,"{'first layer': ['C', 'C'], 'second layer': []}",3450,1,1
aa329_plan2_opt_C17_H22,16,21,118.15866038502833,aa329_plan2_opt,2,9,"{'first layer': ['C', 'C'], 'second layer': ['O']}",198,1,1
aa87_opt_C4_H9,3,8,117.84704639506089,aa87_opt,4,5,"{'first layer': ['C', 'C'], 'second layer': []}",3450,1,1
aa267_plan_opt_C8_H16,7,15,117.7788760500428,aa267_plan_opt,6,8,"{'first layer': ['C', 'C'], 'second layer': ['N']}",667,1,1
aa120_plan_opt_C6_H11,5,10,118.40783059498337,aa120_plan_opt,2,4,"{'first layer': ['C', 'C'], 'second layer': []}",3450,1,1
aa67_plan_opt_C1_H16,0,15,118.16166422750712,aa67_plan_opt,2,4,"{'first layer': ['C', 'C'], 'second layer': []}",3450,1,1
Naphtalene_2_RH_Sub8_C6_H8,5,7,118.07721465000868,Naphtalene_2_RH_Sub8,2,7,"{'first layer': ['C', 'C'], 'second layer': []}",3450,1,1
2Propen1amine_RH_Sub32_C9_H10,8,9,118.33364817250065,2Propen1amine_RH_Sub32,2,3,"{'first layer': ['C'], 'second layer': []}",656,1,1
Benzoicacid_RH_Sub38_C11_H14,10,13,118.67591302753851,Benzoicacid_RH_Sub38,1,4,"{'first layer': ['C', 'C'], 'second layer': []}",3450,1,1
aa99_plan_opt_C2_H7,1,6,118.57405659999984,aa99_plan_opt,2,5,"{'first layer': ['C', 'C'], 'second layer': ['N']}",667,1,1
Cyclopentene_RH_Sub18_C1_H7,0,6,121.31205370498506,Cyclopentene_RH_Sub18,3,3,"{'first layer': ['C', 'C'], 'second layer': []}",3450,1,1
aa146_plan_opt_C1_H13,0,12,118.26310713249596,aa146_plan_opt,2,5,"{'first layer': ['C', 'C'], 'second layer': ['N']}",667,1,1
Toluene_RH_Sub13_C6_H9,5,8,117.98357847249918,Toluene_RH_Sub13,5,5,"{'first layer': ['C', 'C'], 'second layer': []}",3450,1,1
aa97_opt_C20_H25,19,24,120.34094097996643,aa97_opt,8,8,"{'first layer': ['C', 'C'], 'second layer': ['F']}",84,1,1
aa236_opt_C6_H13,5,12,117.64450194504008,aa236_opt,1,1,"{'first layer': ['C', 'C'], 'second layer': []}",3450,1,1
Benzeneethaneamine_o_RH_Sub37_C11_H20,10,19,117.90235549997789,Benzeneethaneamine_o_RH_Sub37,3,5,"{'first layer': ['C', 'C'], 'second layer': []}",3450,1,1
aa285_plan_opt_C18_H32,17,31,117.56563021497924,aa285_plan_opt,4,15,"{'first layer': ['C', 'C'], 'second layer': []}",3450,1,1
3Buten1ol_RH_Sub30_C8_H13,7,12,117.2468966100068,3Buten1ol_RH_Sub30,1,3,"{'first layer': ['C'], 'second layer': []}",656,1,1
3Buten1ol_RH_C8_H9,7,8,117.62317259249856,3Buten1ol_RH,2,3,"{'first layer': ['C'], 'second layer': []}",656,1,1
Naphtalene_2_RH_Sub10_C3_H9,2,8,117.76214815499188,Naphtalene_2_RH_Sub10,4,8,"{'first layer': ['C', 'C'], 'second layer': []}",3450,1,1
aa330_plan2_opt_C19_H24,18,23,117.7237489199848,aa330_plan2_opt,7,9,"{'first layer': ['C', 'C'], 'second layer': []}",3450,1,1
aa261_plan_opt_C13_H21,12,20,116.12429408993364,aa261_plan_opt,3,8,"{'first layer': ['C', 'C'], 'second layer': []}",3450,1,1
Benzoicacid_RH_Sub14_C11_H14,10,13,117.83321754999122,Benzoicacid_RH_Sub14,1,4,"{'first layer': ['C', 'C'], 'second layer': ['O']}",198,1,1
aa304_opt_C2_H10,1,9,117.12331424998295,aa304_opt,2,4,"{'first layer': ['C', 'C'], 'second layer': []}",3450,1,1
3Buten1amine_gamma_RH_Sub29_C10_H14,9,13,114.21204180498208,3Buten1amine_gamma_RH_Sub29,2,3,"{'first layer': ['C', 'C'], 'second layer': []}",3450,1,1
3Buten1amine_RH_Sub35_C9_H14,8,13,118.43755213255491,3Buten1amine_RH_Sub35,1,3,"{'first layer': ['C'], 'second layer': []}",656,1,1
aa338_plan_opt_C3_H8,2,7,117.66851699746496,aa338_plan_opt,5,9,"{'first layer': ['C', 'C'], 'second layer': []}",3450,1,1
5Hexen1thiol_RH_Sub47_C6_H7,5,6,113.43926112251694,5Hexen1thiol_RH_Sub47,3,3,"{'first layer': ['C', 'C'], 'second layer': []}",3450,1,1
aa168_opt_C21_H11,20,10,113.35933393748915,aa168_opt,1,10,"{'first layer': ['C', 'C'], 'second layer': []}",3450,1,1
5Hexen1ol_RH_Sub23_C8_H19,7,18,117.80340941747936,5Hexen1ol_RH_Sub23,1,3,"{'first layer': ['C'], 'second layer': []}",656,1,1
aa110_plan_opt_C3_H8,2,7,117.56090890497204,aa110_plan_opt,4,4,"{'first layer': ['C', 'C'], 'second layer': []}",3450,1,1
Azulene_RH_Sub5_C4_H9,3,8,115.64200386500062,Azulene_RH_Sub5,3,7,"{'first layer': ['C', 'C'], 'second layer': []}",3450,1,1
2Propen1amine_RH_Sub27_C7_H8,6,7,114.84570009000862,2Propen1amine_RH_Sub27,3,3,"{'first layer': ['C', 'C'], 'second layer': ['N', 'N']}",21,1,1
2Phenylpyridine_RH_Sub3_C3_H4,2,3,116.37478455998009,2Phenylpyridine_RH_Sub3,4,8,"{'first layer': ['C', 'C'], 'second layer': ['N']}",667,1,1
aa250_plan_opt_C10_H16,9,15,117.837842852515,aa250_plan_opt,4,4,"{'first layer': ['C', 'C'], 'second layer': []}",3450,1,1
Naphtalene_2_RH_Sub26_C4_H18,3,17,117.34846878001974,Naphtalene_2_RH_Sub26,1,7,"{'first layer': ['C', 'C'], 'second layer': []}",3450,1,1
aa91_plan_opt_C3_H8,2,7,117.69287152750934,aa91_plan_opt,2,5,"{'first layer': ['C', 'C'], 'second layer': []}",3450,1,1
Benzoicacid_RH_Sub9_C8_H12,7,11,118.19057315246909,Benzoicacid_RH_Sub9,2,4,"{'first layer': ['C', 'C'], 'second layer': []}",3450,1,1
5Hexen1amine_RH_Sub26_C9_H20,8,19,118.56524461748634,5Hexen1amine_RH_Sub26,1,3,"{'first layer': ['C'], 'second layer': []}",656,1,1
3Buten1thiol_RH_Sub29_C8_H9,7,8,117.7997335225453,3Buten1thiol_RH_Sub29,1,3,"{'first layer': ['C'], 'second layer': []}",656,1,1
aa275_plan_opt_C8_H17,7,16,114.8485012499907,aa275_plan_opt,2,8,"{'first layer': ['C', 'C'], 'second layer': ['N']}",667,1,1
2Propen1thiol_RH_Sub14_C8_H9,7,8,121.05693353999698,2Propen1thiol_RH_Sub14,2,2,"{'first layer': ['C'], 'second layer': ['O']}",40,1,1
aa285_opt_C5_H31,4,30,117.61565326001175,aa285_opt,3,9,"{'first layer': ['C', 'C'], 'second layer': []}",3450,1,1
Benzeneethanamine_o_RH_Sub40_C13_H17,12,16,117.07618523502047,Benzeneethanamine_o_RH_Sub40,5,5,"{'first layer': ['C', 'C'], 'second layer': []}",3450,1,1
aa79_opt_C2_H7,1,6,118.51416486250017,aa79_opt,5,8,"{'first layer': ['C', 'C'], 'second layer': []}",3450,1,1
Thiobenzoicacid_RH_Sub39_C11_H14,10,13,117.38977020254625,Thiobenzoicacid_RH_Sub39,3,4,"{'first layer': ['C', 'C'], 'second layer': []}",3450,1,1
aa261_opt_C1_H24,0,23,116.9125144099479,aa261_opt,1,8,"{'first layer': ['C', 'C'], 'second layer': []}",3450,1,1
aa95_plan_opt_C2_H7,1,6,118.06712821502572,aa95_plan_opt,3,4,"{'first layer': ['C', 'C'], 'second layer': []}",3450,1,1
aa194_opt_C1_H19,0,18,119.16298292000364,aa194_opt,2,3,"{'first layer': ['C', 'C'], 'second layer': ['N']}",667,1,1
Styrene_RH_Sub18_C6_H9,5,8,120.36962400503457,Styrene_RH_Sub18,2,7,"{'first layer': ['C', 'C'], 'second layer': ['N']}",667,1,1
Styrene_RH_Sub7_C12_H15,11,14,117.3945799899738,Styrene_RH_Sub7,1,7,"{'first layer': ['C', 'C'], 'second layer': []}",3450,1,1
aa324_opt_C18_H40,17,39,116.42470908748436,aa324_opt,5,5,"{'first layer': ['C', 'C'], 'second layer': []}",3450,1,1
aa220_opt_C8_H14,7,13,118.08104114499088,aa220_opt,4,4,"{'first layer': ['C', 'C'], 'second layer': []}",3450,1,1
aa291_opt_C2_H14,1,13,117.75399943995524,aa291_opt,2,5,"{'first layer': ['C', 'C'], 'second layer': []}",3450,1,1
3Buten1thiol_RH_Sub14_C8_H9,7,8,119.79428996253404,3Buten1thiol_RH_Sub14,1,2,"{'first layer': ['C'], 'second layer': ['O']}",40,1,1
Cyclopentene_RH_Sub16_C3_H11,2,10,120.77420776751433,Cyclopentene_RH_Sub16,3,3,"{'first layer': ['C', 'C'], 'second layer': []}",3450,1,1
Azulene_RH_Sub19_C11_H15,10,14,121.96307303250124,Azulene_RH_Sub19,5,7,"{'first layer': ['C', 'C'], 'second layer': []}",3450,1,1
2Ethen1ol_RH_Sub14_C5_H6,4,5,140.35845515749514,2Ethen1ol_RH_Sub14,2,2,"{'first layer': ['C'], 'second layer': ['O', 'O']}",2,1,1
aa214_plan_opt_C11_H19,10,18,117.80957899750832,aa214_plan_opt,2,4,"{'first layer': ['C', 'C'], 'second layer': ['O']}",198,1,1
3Buten1amine_gamma_RH_Sub39_C11_H13,10,12,117.72081159248032,3Buten1amine_gamma_RH_Sub39,3,3,"{'first layer': ['C'], 'second layer': []}",656,1,1
Naphtalene_2_RH_Sub16_C6_H8,5,7,117.46791528751572,Naphtalene_2_RH_Sub16,4,7,"{'first layer': ['C', 'C'], 'second layer': []}",3450,1,1
aa272_plan_opt_C8_H13,7,12,116.37116827748628,aa272_plan_opt,7,8,"{'first layer': ['C', 'C'], 'second layer': ['N']}",667,1,1
aa310_plan_opt_C4_H24,3,23,117.85199862498018,aa310_plan_opt,2,7,"{'first layer': ['C', 'C'], 'second layer': []}",3450,1,1
aa125_plan_opt_C10_H19,9,18,116.21355973000732,aa125_plan_opt,2,6,"{'first layer': ['C', 'C'], 'second layer': ['N']}",667,1,1
aa119_opt_C2_H7,1,6,116.56252063751737,aa119_opt,4,5,"{'first layer': ['C', 'C'], 'second layer': []}",3450,1,1
aa219_plan_opt_C6_H15,5,14,119.9108066725529,aa219_plan_opt,3,4,"{'first layer': ['C', 'C'], 'second layer': ['F']}",84,1,1
aa70_plan_opt_C11_H16,10,15,117.55272881501752,aa70_plan_opt,6,7,"{'first layer': ['C', 'C'], 'second layer': []}",3450,1,1
aa101_plan_opt_C16_H21,15,20,117.65951990251864,aa101_plan_opt,7,10,"{'first layer': ['C', 'C'], 'second layer': []}",3450,1,1
2Propen1amine_RH_Sub23_C9_H10,8,9,118.70023178999745,2Propen1amine_RH_Sub23,1,3,"{'first layer': ['C'], 'second layer': []}",656,1,1
2Phenylpyridine_RH_Sub2_C14_H18,13,17,117.36490175001506,2Phenylpyridine_RH_Sub2,5,8,"{'first layer': ['C', 'C'], 'second layer': []}",3450,1,1
2Propen1amine_RH_Sub20_C9_H11,8,10,121.90312858502396,2Propen1amine_RH_Sub20,2,2,"{'first layer': ['C'], 'second layer': ['N']}",76,1,1
aa315_opt_C12_H22,11,21,118.64406677496504,aa315_opt,7,9,"{'first layer': ['C', 'C'], 'second layer': ['N']}",667,1,1
aa280_plan2_opt_C9_H32,8,31,117.47140293251448,aa280_plan2_opt,9,9,"{'first layer': ['C', 'C'], 'second layer': []}",3450,1,1
aa186_plan_opt_C8_H17,7,16,117.867384924987,aa186_plan_opt,1,7,"{'first layer': ['C', 'C'], 'second layer': []}",3450,1,1
Benzeneethaneamine_o_RH_Sub15_C14_H18,13,17,117.39396253001188,Benzeneethaneamine_o_RH_Sub15,2,4,"{'first layer': ['C', 'C'], 'second layer': []}",3450,1,1
Thiobenzoicacid_RH_Sub7_C6_H15,5,14,118.96299176751796,Thiobenzoicacid_RH_Sub7,4,4,"{'first layer': ['C', 'C'], 'second layer': []}",3450,1,1
5Hexen1amine_RH_Sub5_C9_H20,8,19,115.68805357996295,5Hexen1amine_RH_Sub5,2,2,"{'first layer': ['Cl', 'C'], 'second layer': []}",14,1,1
Cyclopentene_RH_Sub14_C3_H11,2,10,122.10896552750285,Cyclopentene_RH_Sub14,3,3,"{'first layer': ['C', 'C'], 'second layer': ['O']}",198,1,1
aa281_plan_opt_C8_H29,7,28,117.81492153250896,aa281_plan_opt,5,8,"{'first layer': ['C', 'C'], 'second layer': ['N']}",667,1,1
Naphtalene_2_RH_Sub12_C12_H13,11,12,117.8672004399762,Naphtalene_2_RH_Sub12,6,7,"{'first layer': ['C', 'C'], 'second layer': []}",3450,1,1
Toluene_RH_Sub24_C5_H8,4,7,117.28992177499536,Toluene_RH_Sub24,1,4,"{'first layer': ['C', 'C'], 'second layer': []}",3450,1,1
5Hexen1amine_RH_Sub2_C7_H8,6,7,116.6383314224899,5Hexen1amine_RH_Sub2,1,2,"{'first layer': ['C', 'C'], 'second layer': ['F']}",84,1,1
3Buten1amine_RH_Sub25_C7_H8,6,7,113.18507906998832,3Buten1amine_RH_Sub25,3,3,"{'first layer': ['C', 'C'], 'second layer': []}",3450,1,1
aa102_opt_C2_H7,1,6,117.76288860504422,aa102_opt,3,9,"{'first layer': ['C', 'C'], 'second layer': []}",3450,1,1
Naphtalene_2_RH_Sub30_C6_H8,5,7,117.63021439750602,Naphtalene_2_RH_Sub30,8,8,"{'first layer': ['C', 'C'], 'second layer': []}",3450,1,1
3Buten1amine_gamma_RH_Sub40_C11_H12,10,11,117.9588882300095,3Buten1amine_gamma_RH_Sub40,1,3,"{'first layer': ['C'], 'second layer': []}",656,1,1
aa159_opt_C3_H19,2,18,117.52083110756018,aa159_opt,3,3,"{'first layer': ['C', 'C'], 'second layer': []}",3450,1,1
Benzeneethaneamine_o_RH_Sub14_C12_H15,11,14,118.0415199400069,Benzeneethaneamine_o_RH_Sub14,4,4,"{'first layer': ['C', 'C'], 'second layer': []}",3450,1,1
3Buten1thiol_RH_Sub15_C8_H13,7,12,119.11122169994768,3Buten1thiol_RH_Sub15,1,2,"{'first layer': ['C'], 'second layer': ['Cl']}",24,1,1
aa241_opt_C12_H21,11,20,117.68801844246894,aa241_opt,1,5,"{'first layer': ['C', 'C'], 'second layer': []}",3450,1,1
aa119_plan_opt_C4_H9,3,8,117.61726342499784,aa119_plan_opt,2,5,"{'first layer': ['C', 'C'], 'second layer': []}",3450,1,1
5Hexen1amine_RH_Sub35_C9_H20,8,19,118.31242486749689,5Hexen1amine_RH_Sub35,2,3,"{'first layer': ['C'], 'second layer': []}",656,1,1
aa194_plan_opt_C9_H17,8,16,120.2781796850303,aa194_plan_opt,3,3,"{'first layer': ['C', 'C'], 'second layer': ['N', 'F']}",0,1,1
aa16_plan_opt_C2_H7,1,6,118.16345699495258,aa16_plan_opt,7,11,"{'first layer': ['C', 'C'], 'second layer': ['N']}",667,1,1
Cyclopentene_RH_Sub21_C4_H6,3,5,121.91879475003162,Cyclopentene_RH_Sub21,2,3,"{'first layer': ['C', 'C'], 'second layer': []}",3450,1,1
Benzeneethaneamine_o_RH_Sub38_C16_H19,15,18,117.79568614747348,Benzeneethaneamine_o_RH_Sub38,1,5,"{'first layer': ['C', 'C'], 'second layer': []}",3450,1,1
aa316_opt_C9_H19,8,18,118.9469534949862,aa316_opt,1,4,"{'first layer': ['C', 'C'], 'second layer': ['Cl']}",92,1,1
aa69_opt_C13_H18,12,17,117.97282751501696,aa69_opt,6,7,"{'first layer': ['C', 'C'], 'second layer': []}",3450,1,1
5Hexen1amine_RH_Sub33_C9_H10,8,9,117.94868633503484,5Hexen1amine_RH_Sub33,1,3,"{'first layer': ['C'], 'second layer': []}",656,1,1
Thiobenzoicacid_RH_Sub9_C9_H13,8,12,116.82902930002255,Thiobenzoicacid_RH_Sub9,4,4,"{'first layer': ['C', 'C'], 'second layer': []}",3450,1,1
Azulene_RH_Sub28_C7_H13,6,12,122.45239941503712,Azulene_RH_Sub28,1,7,"{'first layer': ['C', 'C'], 'second layer': []}",3450,1,1
aa100_opt_C12_H16,11,15,100.81528389249796,aa100_opt,2,5,"{'first layer': ['N', 'C'], 'second layer': []}",64,1,1
Benzeneethaneamine_o_RH_Sub7_C11_H20,10,19,117.0016702375058,Benzeneethaneamine_o_RH_Sub7,1,4,"{'first layer': ['C', 'C'], 'second layer': []}",3450,1,1
aa5_plan_opt_C6_H11,5,10,117.98559525750107,aa5_plan_opt,1,8,"{'first layer': ['C', 'C'], 'second layer': []}",3450,1,1
aa284_plan_opt_C21_H38,20,37,117.56557750503733,aa284_plan_opt,2,15,"{'first layer': ['C', 'C'], 'second layer': []}",3450,1,1
Cyclopentene_RH_Sub23_C1_H7,0,6,122.25669973496736,Cyclopentene_RH_Sub23,2,3,"{'first layer': ['C', 'C'], 'second layer': []}",3450,1,1
aa198_opt_C15_H29,14,28,117.08467280000492,aa198_opt,8,8,"{'first layer': ['C', 'C'], 'second layer': []}",3450,1,1
Benzamide_o_N_RH_Sub1_C12_H15,11,14,118.55112022001038,Benzamide_o_N_RH_Sub1,2,4,"{'first layer': ['C', 'C'], 'second layer': []}",3450,1,1
2Propen1amine_RH_Sub30_C7_H8,6,7,114.83736249750764,2Propen1amine_RH_Sub30,1,3,"{'first layer': ['C', 'C'], 'second layer': ['N', 'N']}",21,1,1
aa150_plan_opt_C11_H22,10,21,117.19270570999952,aa150_plan_opt,7,8,"{'first layer': ['C', 'C'], 'second layer': []}",3450,1,1
aa101_plan_opt_C5_H10,4,9,117.31608915252252,aa101_plan_opt,2,10,"{'first layer': ['C', 'C'], 'second layer': []}",3450,1,1
aa295_opt_C1_H15,0,14,118.92427250750671,aa295_opt,2,4,"{'first layer': ['C', 'C'], 'second layer': []}",3450,1,1
aa150_plan_opt_C6_H19,5,18,117.78994264000433,aa150_plan_opt,3,8,"{'first layer': ['C', 'C'], 'second layer': []}",3450,1,1
Cyclopentene_RH_Sub23_C3_H11,2,10,121.25767580995785,Cyclopentene_RH_Sub23,1,3,"{'first layer': ['C', 'C'], 'second layer': []}",3450,1,1
aa315_plan_opt_C9_H19,8,18,117.49077762250351,aa315_plan_opt,3,9,"{'first layer': ['C', 'C'], 'second layer': []}",3450,1,1
2Propen1amine_RH_Sub10_C9_H11,8,10,118.49221114751622,2Propen1amine_RH_Sub10,2,3,"{'first layer': ['C'], 'second layer': []}",656,1,1
Benzamide_o_N_RH_Sub35_C12_H15,11,14,117.9562684174644,Benzamide_o_N_RH_Sub35,2,4,"{'first layer': ['C', 'C'], 'second layer': []}",3450,1,1
aa321_plan_opt_C13_H30,12,29,117.13985891500982,aa321_plan_opt,3,5,"{'first layer': ['C', 'C'], 'second layer': []}",3450,1,1
aa79_opt_C16_H20,15,19,110.4373419099953,aa79_opt,2,8,"{'first layer': ['N', 'C'], 'second layer': []}",64,1,1
2Propen1amine_RH_Sub26_C7_H8,6,7,114.9793255875096,2Propen1amine_RH_Sub26,3,3,"{'first layer': ['C', 'C'], 'second layer': ['N']}",667,1,1
aa115_plan_opt_C2_H7,1,6,118.2604998699965,aa115_plan_opt,3,5,"{'first layer': ['C', 'C'], 'second layer': []}",3450,1,1
4Penten1amine_RH_Sub27_C9_H10,8,9,113.54994333749444,4Penten1amine_RH_Sub27,1,3,"{'first layer': ['C', 'C'], 'second layer': []}",3450,1,1
Ethene_RH_Sub2_C1_H6,0,5,116.1124199074878,Ethene_RH_Sub2,2,3,"{'first layer': ['F', 'C'], 'second layer': []}",15,1,1
aa295_plan_opt_C9_H21,8,20,117.27538259998283,aa295_plan_opt,1,4,"{'first layer': ['C', 'C'], 'second layer': []}",3450,1,1
Benzoicacid_RH_Sub29_C6_H15,5,14,118.2479523800373,Benzoicacid_RH_Sub29,1,4,"{'first layer': ['C', 'C'], 'second layer': []}",3450,1,1
Cyclopentene_RH_Sub7_C2_H5,1,4,119.72906196500304,Cyclopentene_RH_Sub7,1,4,"{'first layer': ['C', 'C'], 'second layer': []}",3450,1,1
Azulene_RH_Sub1_C1_H18,0,17,116.0280882999902,Azulene_RH_Sub1,5,7,"{'first layer': ['C', 'C'], 'second layer': []}",3450,1,1
5Hexen1thiol_RH_Sub30_C8_H19,7,18,117.94978571496527,5Hexen1thiol_RH_Sub30,2,3,"{'first layer': ['C'], 'second layer': []}",656,1,1
Naphtalene_2_RH_Sub16_C12_H13,11,12,117.4831371825134,Naphtalene_2_RH_Sub16,6,7,"{'first layer': ['C', 'C'], 'second layer': []}",3450,1,1
aa279_plan_opt_C12_H26,11,25,117.42730913498434,aa279_plan_opt,10,10,"{'first layer': ['C', 'C'], 'second layer': []}",3450,1,1
Thiobenzoicacid_RH_Sub16_C11_H14,10,13,117.5370977900306,Thiobenzoicacid_RH_Sub16,3,4,"{'first layer': ['C', 'C'], 'second layer': []}",3450,1,1
aa235_opt_C11_H18,10,17,119.3596847175337,aa235_opt,2,9,"{'first layer': ['C', 'C'], 'second layer': []}",3450,1,1
aa226_plan_opt_C13_H21,12,20,117.0256752500012,aa226_plan_opt,4,8,"{'first layer': ['C', 'C'], 'second layer': []}",3450,1,1
aa122_plan_opt_C3_H8,2,7,117.24054066248698,aa122_plan_opt,2,5,"{'first layer': ['C', 'C'], 'second layer': []}",3450,1,1
2Ethen1thiol_RH_Sub9_C3_H4,2,3,111.26146464245494,2Ethen1thiol_RH_Sub9,2,2,"{'first layer': ['C', 'S'], 'second layer': []}",8,1,1
Naphtalene_2_RH_Sub6_C16_H17,15,16,117.966805397498,Naphtalene_2_RH_Sub6,1,7,"{'first layer': ['C', 'C'], 'second layer': []}",3450,1,1
3Buten1amine_RH_Sub32_C9_H10,8,9,117.30669484999652,3Buten1amine_RH_Sub32,1,3,"{'first layer': ['C'], 'second layer': []}",656,1,1
Benzeneethaneamine_o_RH_Sub38_C11_H20,10,19,117.61127895747308,Benzeneethaneamine_o_RH_Sub38,2,5,"{'first layer': ['C', 'C'], 'second layer': []}",3450,1,1
Cyclopentene_RH_Sub9_C1_H7,0,6,120.49265416497704,Cyclopentene_RH_Sub9,1,4,"{'first layer': ['C', 'C'], 'second layer': []}",3450,1,1
3Buten1thiol_RH_Sub2_C6_H7,5,6,116.8962809850538,3Buten1thiol_RH_Sub2,2,2,"{'first layer': ['C', 'C'], 'second layer': ['F']}",84,1,1
aa266_opt_C7_H14,6,13,117.44933438497868,aa266_opt,5,7,"{'first layer': ['C', 'C'], 'second layer': ['O']}",198,1,1
3Buten1amine_RH_Sub28_C9_H10,8,9,117.97177080499196,3Buten1amine_RH_Sub28,3,3,"{'first layer': ['C'], 'second layer': []}",656,1,1
5Hexen1thiol_RH_Sub23_C8_H19,7,18,117.9562175899312,5Hexen1thiol_RH_Sub23,1,3,"{'first layer': ['C'], 'second layer': []}",656,1,1
2Propen1ol_RH_Sub27_C8_H9,7,8,117.79847036499206,2Propen1ol_RH_Sub27,2,3,"{'first layer': ['C'], 'second layer': []}",656,1,1
aa117_opt_C4_H9,3,8,117.4913499025152,aa117_opt,4,5,"{'first layer': ['C', 'C'], 'second layer': []}",3450,1,1
aa216_opt_C8_H22,7,21,117.45264884002552,aa216_opt,2,3,"{'first layer': ['C', 'C'], 'second layer': ['O']}",198,1,1
aa110_opt_C4_H9,3,8,117.27013732745236,aa110_opt,4,4,"{'first layer': ['C', 'C'], 'second layer': []}",3450,1,1
aa80_plan_opt_C5_H10,4,9,117.29783203998552,aa80_plan_opt,2,7,"{'first layer': ['C', 'C'], 'second layer': []}",3450,1,1
aa296_plan_opt_C5_H17,4,16,117.46215421001835,aa296_plan_opt,3,4,"{'first layer': ['C', 'C'], 'second layer': []}",3450,1,1
Cyclopentene_RH_Sub1_C4_H6,3,5,120.64081632751709,Cyclopentene_RH_Sub1,2,4,"{'first layer': ['C', 'C'], 'second layer': []}",3450,1,1
aa253_opt_C18_H17,17,16,113.18622362994034,aa253_opt,2,5,"{'first layer': ['C', 'C'], 'second layer': ['O']}",198,1,1
aa230_opt_C9_H24,8,23,119.3766140399876,aa230_opt,4,4,"{'first layer': ['C', 'C'], 'second layer': []}",3450,1,1
aa333_opt_C24_H29,23,28,118.05949091253808,aa333_opt,4,9,"{'first layer': ['C', 'C'], 'second layer': []}",3450,1,1
aa268_opt_C1_H20,0,19,119.25392147500617,aa268_opt,1,8,"{'first layer': ['C', 'C'], 'second layer': []}",3450,1,1
Styrene_RH_Sub21_C1_H16,0,15,118.89525439748668,Styrene_RH_Sub21,3,7,"{'first layer': ['C'], 'second layer': []}",656,1,1
Styrene_RH_Sub1_C1_H16,0,15,118.93557252749645,Styrene_RH_Sub1,5,7,"{'first layer': ['C'], 'second layer': []}",656,1,1
aa329_plan2_opt_C21_H26,20,25,120.32171187000728,aa329_plan2_opt,1,9,"{'first layer': ['C', 'C'], 'second layer': []}",3450,1,1
aa149_plan_opt_C13_H24,12,23,117.37842814000174,aa149_plan_opt,1,9,"{'first layer': ['C', 'C'], 'second layer': []}",3450,1,1
aa284_plan_opt_C9_H28,8,27,117.40657716251008,aa284_plan_opt,7,15,"{'first layer': ['C', 'C'], 'second layer': []}",3450,1,1
aa324_opt_C16_H37,15,36,117.50499551752512,aa324_opt,1,5,"{'first layer': ['C', 'C'], 'second layer': []}",3450,1,1
aa191_plan_opt_C1_H31,0,30,118.4886161998503,aa191_plan_opt,1,6,"{'first layer': ['C', 'C'], 'second layer': ['N']}",667,1,1
Azulene_RH_Sub28_C3_H17,2,16,114.99959446503028,Azulene_RH_Sub28,4,7,"{'first layer': ['C', 'C'], 'second layer': []}",3450,1,1
aa99_plan_opt_C3_H8,2,7,117.67186659249688,aa99_plan_opt,1,5,"{'first layer': ['C', 'C'], 'second layer': []}",3450,1,1
aa337_opt_C19_H24,18,23,117.724634322538,aa337_opt,7,8,"{'first layer': ['C', 'C'], 'second layer': ['O']}",198,1,1
Naphtalene_2_RH_Sub15_C5_H7,4,6,118.39496747247352,Naphtalene_2_RH_Sub15,2,7,"{'first layer': ['C', 'C'], 'second layer': []}",3450,1,1
4Penten1amine_RH_Sub15_C7_H17,6,16,118.36599893499994,4Penten1amine_RH_Sub15,3,3,"{'first layer': ['C'], 'second layer': []}",656,1,1
2Phenylpyridine_RH_C5_H6,4,5,116.68979583501012,2Phenylpyridine_RH,3,9,"{'first layer': ['C', 'C'], 'second layer': []}",3450,1,1
Styrene_RH_Sub22_C8_H13,7,12,119.80557115750884,Styrene_RH_Sub22,2,7,"{'first layer': ['C', 'C'], 'second layer': ['F']}",84,1,1
aa85_opt_C17_H21,16,20,117.33154322245468,aa85_opt,3,8,"{'first layer': ['C', 'C'], 'second layer': ['N']}",667,1,1
aa98_opt_C3_H8,2,7,117.82821010001383,aa98_opt,2,9,"{'first layer': ['C', 'C'], 'second layer': []}",3450,1,1
2Ethen1ol_RH_Sub1_C3_H4,2,3,115.15063685250098,2Ethen1ol_RH_Sub1,1,2,"{'first layer': ['C', 'O'], 'second layer': []}",0,1,1
aa71_plan_opt_C11_H16,10,15,117.38538460498432,aa71_plan_opt,1,6,"{'first layer': ['C', 'C'], 'second layer': []}",3450,1,1
aa4_plan_opt_C9_H14,8,13,115.37191029499084,aa4_plan_opt,4,5,"{'first layer': ['C', 'C'], 'second layer': ['N']}",667,1,1
5Hexen1amine_RH_Sub14_C9_H10,8,9,120.32763735247812,5Hexen1amine_RH_Sub14,1,2,"{'first layer': ['C'], 'second layer': ['O']}",40,1,1
Cyclopentene_RH_Sub10_C3_H11,2,10,120.78735891249224,Cyclopentene_RH_Sub10,1,4,"{'first layer': ['C', 'C'], 'second layer': []}",3450,1,1
Styrene_RH_Sub14_C10_H14,9,13,117.1385725399881,Styrene_RH_Sub14,6,7,"{'first layer': ['C', 'C'], 'second layer': []}",3450,1,1
aa119_plan_opt_C5_H10,4,9,117.48934817749672,aa119_plan_opt,3,5,"{'first layer': ['C', 'C'], 'second layer': []}",3450,1,1
aa247_opt_C23_H24,22,23,117.10219071751196,aa247_opt,4,6,"{'first layer': ['C', 'C'], 'second layer': []}",3450,1,1
Thiobenzoicacid_RH_Sub39_C9_H13,8,12,116.75975392756244,Thiobenzoicacid_RH_Sub39,2,4,"{'first layer': ['C', 'C'], 'second layer': []}",3450,1,1
N4dimethyl1pentanamine_alpha_RH_Sub17_C29_H32,28,31,116.78586671248922,N4dimethyl1pentanamine_alpha_RH_Sub17,2,2,"{'first layer': ['C', 'C'], 'second layer': []}",3450,1,1
5Hexen1thiol_RH_Sub35_C8_H19,7,18,118.10984464999764,5Hexen1thiol_RH_Sub35,3,3,"{'first layer': ['C'], 'second layer': []}",656,1,1
Benzeneethanamine_o_RH_C16_H19,15,18,117.50566192250446,Benzeneethanamine_o_RH,5,5,"{'first layer': ['C', 'C'], 'second layer': []}",3450,1,1
Benzamide_o_N_RH_Sub37_C12_H15,11,14,117.45205020497151,Benzamide_o_N_RH_Sub37,1,4,"{'first layer': ['C', 'C'], 'second layer': []}",3450,1,1
Benzeneethaneamine_o_RH_Sub23_C13_H17,12,16,118.27188648496218,Benzeneethaneamine_o_RH_Sub23,2,4,"{'first layer': ['C', 'C'], 'second layer': []}",3450,1,1
aa103_plan_opt_C5_H10,4,9,117.26471698248986,aa103_plan_opt,1,8,"{'first layer': ['C', 'C'], 'second layer': []}",3450,1,1
Ethene_RH_Sub14_C1_H6,0,5,120.810910242488,Ethene_RH_Sub14,3,3,"{'first layer': ['C'], 'second layer': ['O']}",40,1,1
5Hexen1thiol_RH_Sub38_C8_H9,7,8,118.16501946997931,5Hexen1thiol_RH_Sub38,2,3,"{'first layer': ['C'], 'second layer': []}",656,1,1
2Ethen1thiol_RH_Sub20_C5_H7,4,6,121.25623946252404,2Ethen1thiol_RH_Sub20,2,2,"{'first layer': ['C'], 'second layer': ['N', 'S']}",6,1,1
aa224_plan_opt_C6_H10,5,9,119.09461805004526,aa224_plan_opt,6,10,"{'first layer': ['C', 'C'], 'second layer': ['Cl']}",92,1,1
aa295_opt_C9_H21,8,20,117.2385427025,aa295_opt,4,4,"{'first layer': ['C', 'C'], 'second layer': []}",3450,1,1
aa331_opt_C21_H26,20,25,119.26825169255268,aa331_opt,4,8,"{'first layer': ['C', 'C'], 'second layer': ['O']}",198,1,1
aa14_opt_C5_H10,4,9,116.95535320755256,aa14_opt,9,10,"{'first layer': ['C', 'C'], 'second layer': []}",3450,1,1
Benzoicacid_RH_Sub37_C8_H12,7,11,119.08138156498892,Benzoicacid_RH_Sub37,3,4,"{'first layer': ['C', 'C'], 'second layer': []}",3450,1,1
Cyclopentene_RH_Sub5_C3_H11,2,10,122.27701442000296,Cyclopentene_RH_Sub5,2,4,"{'first layer': ['C', 'C'], 'second layer': ['Cl']}",92,1,1
Azulene_RH_Sub4_C11_H15,10,14,123.38208333498528,Azulene_RH_Sub4,6,7,"{'first layer': ['C', 'C'], 'second layer': ['O']}",198,1,1
3Buten1thiol_RH_Sub7_C8_H13,7,12,115.63645613752982,3Buten1thiol_RH_Sub7,2,2,"{'first layer': ['N', 'C'], 'second layer': []}",64,1,1
Toluene_RH_Sub21_C4_H12,3,11,118.59395274250303,Toluene_RH_Sub21,1,4,"{'first layer': ['C', 'C'], 'second layer': []}",3450,1,1
5Hexen1amine_RH_Sub1_C9_H20,8,19,116.2778514974876,5Hexen1amine_RH_Sub1,2,2,"{'first layer': ['C', 'C'], 'second layer': ['N']}",667,1,1
Styrene_RH_C6_H9,5,8,117.6780995500333,Styrene_RH,8,8,"{'first layer': ['C', 'C'], 'second layer': []}",3450,1,1
aa250_opt_C8_H20,7,19,118.73498524996592,aa250_opt,2,4,"{'first layer': ['C', 'C'], 'second layer': []}",3450,1,1
3Buten1thiol_RH_Sub27_C8_H13,7,12,117.7046289950124,3Buten1thiol_RH_Sub27,1,3,"{'first layer': ['C'], 'second layer': []}",656,1,1
aa277_opt_C13_H15,12,14,119.79380992500992,aa277_opt,4,5,"{'first layer': ['C', 'C'], 'second layer': ['N']}",667,1,1
Benzeneethaneamine_o_RH_Sub11_C16_H19,15,18,119.3856500399862,Benzeneethaneamine_o_RH_Sub11,2,4,"{'first layer': ['C', 'C'], 'second layer': []}",3450,1,1
5Hexen1ol_RH_Sub32_C8_H9,7,8,117.98534425751598,5Hexen1ol_RH_Sub32,3,3,"{'first layer': ['C'], 'second layer': []}",656,1,1
3Buten1amine_gamma_RH_Sub8_C10_H14,9,13,117.54024909501936,3Buten1amine_gamma_RH_Sub8,2,2,"{'first layer': ['C', 'C'], 'second layer': ['N']}",667,1,1
aa301_plan_opt_C1_H17,0,16,117.14623933502054,aa301_plan_opt,1,4,"{'first layer': ['C', 'C'], 'second layer': []}",3450,1,1
Ethene_RH_Sub12_C1_H6,0,5,121.28860967749596,Ethene_RH_Sub12,2,3,"{'first layer': ['C'], 'second layer': ['F']}",26,1,1
aa304_opt_C11_H30,10,29,117.70634520748274,aa304_opt,3,4,"{'first layer': ['C', 'C'], 'second layer': []}",3450,1,1
aa69_plan_opt_C11_H16,10,15,117.1987535549961,aa69_plan_opt,1,7,"{'first layer': ['C', 'C'], 'second layer': []}",3450,1,1
3Buten1ol_RH_Sub40_C8_H9,7,8,117.60437332002368,3Buten1ol_RH_Sub40,1,3,"{'first layer': ['C'], 'second layer': []}",656,1,1
aa180_plan_opt_C7_H23,6,22,119.71469472506271,aa180_plan_opt,3,4,"{'first layer': ['C', 'C'], 'second layer': []}",3450,1,1
aa123_plan_opt_C5_H15,4,14,117.56209739003026,aa123_plan_opt,3,4,"{'first layer': ['C', 'C'], 'second layer': []}",3450,1,1
N4dimethyl1pentanamine_alpha_RH_Sub37_C25_H28,24,27,116.73472044249309,N4dimethyl1pentanamine_alpha_RH_Sub37,2,2,"{'first layer': ['C', 'C'], 'second layer': []}",3450,1,1
5Hexen1amine_RH_Sub43_C7_H8,6,7,115.54133027500852,5Hexen1amine_RH_Sub43,2,3,"{'first layer': ['C', 'C'], 'second layer': ['O']}",198,1,1
Benzamide_o_N_RH_Sub37_C7_H16,6,15,119.3438754824696,Benzamide_o_N_RH_Sub37,2,4,"{'first layer': ['C', 'C'], 'second layer': []}",3450,1,1
aa334_opt_C8_H13,7,12,117.48158411999412,aa334_opt,4,9,"{'first layer': ['C', 'C'], 'second layer': []}",3450,1,1
Benzeneethanamine_o_RH_Sub7_C16_H19,15,18,117.25331468001173,Benzeneethanamine_o_RH_Sub7,1,4,"{'first layer': ['C', 'C'], 'second layer': []}",3450,1,1
aa232_plan_opt_C14_H19,13,18,118.7458466475286,aa232_plan_opt,4,9,"{'first layer': ['C', 'C'], 'second layer': []}",3450,1,1
aa239_opt_C15_H28,14,27,117.06741278498129,aa239_opt,1,3,"{'first layer': ['C', 'C'], 'second layer': []}",3450,1,1
5Hexen1thiol_RH_Sub14_C8_H19,7,18,122.13854650499144,5Hexen1thiol_RH_Sub14,1,2,"{'first layer': ['C'], 'second layer': ['O']}",40,1,1
3Buten1amine_RH_Sub40_C9_H14,8,13,117.75069251497143,3Buten1amine_RH_Sub40,2,3,"{'first layer': ['C'], 'second layer': []}",656,1,1
5Hexen1ol_RH_Sub35_C8_H9,7,8,118.0021405500213,5Hexen1ol_RH_Sub35,2,3,"{'first layer': ['C'], 'second layer': []}",656,1,1
aa315_opt_C8_H18,7,17,118.64486432744854,aa315_opt,4,9,"{'first layer': ['C', 'C'], 'second layer': ['N']}",667,1,1
aa248_plan_opt_C10_H15,9,14,117.60653380250405,aa248_plan_opt,4,5,"{'first layer': ['C', 'C'], 'second layer': []}",3450,1,1
Thiobenzoicacid_RH_Sub13_C11_H14,10,13,119.19364382491436,Thiobenzoicacid_RH_Sub13,1,4,"{'first layer': ['C', 'C'], 'second layer': []}",3450,1,1
aa281_opt_C11_H26,10,25,117.2805858300299,aa281_opt,5,8,"{'first layer': ['C', 'C'], 'second layer': []}",3450,1,1
5Hexen1ol_RH_Sub42_C8_H9,7,8,117.3363825024984,5Hexen1ol_RH_Sub42,2,3,"{'first layer': ['C'], 'second layer': []}",656,1,1
4Penten1amine_RH_Sub20_C7_H8,6,7,118.33312734749768,4Penten1amine_RH_Sub20,1,3,"{'first layer': ['C'], 'second layer': []}",656,1,1
Styrene_RH_Sub23_C6_H9,5,8,118.26530401001946,Styrene_RH_Sub23,3,7,"{'first layer': ['C', 'C'], 'second layer': []}",3450,1,1
aa230_plan_opt_C1_H15,0,14,119.37144155747204,aa230_plan_opt,3,8,"{'first layer': ['C', 'C'], 'second layer': []}",3450,1,1
Naphtalene_2_RH_Sub24_C12_H13,11,12,117.8362784949725,Naphtalene_2_RH_Sub24,5,7,"{'first layer': ['C', 'C'], 'second layer': []}",3450,1,1
aa329_plan_opt_C17_H22,16,21,116.87921486747712,aa329_plan_opt,7,9,"{'first layer': ['C', 'C'], 'second layer': ['O']}",198,1,1
aa197_plan_opt_C8_H22,7,21,117.21255855499692,aa197_plan_opt,4,4,"{'first layer': ['C', 'C'], 'second layer': []}",3450,1,1
Azulene_RH_Sub25_C11_H15,10,14,122.05375305749128,Azulene_RH_Sub25,1,7,"{'first layer': ['C', 'C'], 'second layer': []}",3450,1,1
aa152_opt_C1_H7,0,6,117.3858269924429,aa152_opt,1,4,"{'first layer': ['C', 'C'], 'second layer': []}",3450,1,1
Benzeneethanamine_o_RH_Sub39_C13_H17,12,16,117.05843451501424,Benzeneethanamine_o_RH_Sub39,3,5,"{'first layer': ['C', 'C'], 'second layer': []}",3450,1,1
aa7_opt_C18_H23,17,22,117.73984617753484,aa7_opt,8,9,"{'first layer': ['C', 'C'], 'second layer': []}",3450,1,1
2Propen1ol_RH_Sub24_C8_H9,7,8,118.4234478149736,2Propen1ol_RH_Sub24,3,3,"{'first layer': ['C'], 'second layer': []}",656,1,1
aa330_plan2_opt_C20_H25,19,24,117.69954059746368,aa330_plan2_opt,6,9,"{'first layer': ['C', 'C'], 'second layer': []}",3450,1,1
Styrene_RH_Sub20_C3_H4,2,3,114.82138383752314,Styrene_RH_Sub20,5,8,"{'first layer': ['C', 'C'], 'second layer': []}",3450,1,1
2Ethen1amine_RH_Sub9_C6_H8,5,7,115.3599043375118,2Ethen1amine_RH_Sub9,1,2,"{'first layer': ['C', 'C'], 'second layer': ['N']}",667,1,1
3Buten1amine_gamma_RH_Sub39_C10_H14,9,13,111.7179627349944,3Buten1amine_gamma_RH_Sub39,1,3,"{'first layer': ['C', 'C'], 'second layer': []}",3450,1,1
3Buten1ol_RH_Sub23_C8_H9,7,8,118.09327111999067,3Buten1ol_RH_Sub23,2,3,"{'first layer': ['C'], 'second layer': []}",656,1,1
aa285_plan_opt_C23_H28,22,27,117.80624257997972,aa285_plan_opt,11,15,"{'first layer': ['C', 'C'], 'second layer': []}",3450,1,1
aa289_plan_opt_C1_H13,0,12,118.61329543000949,aa289_plan_opt,2,4,"{'first layer': ['C', 'C'], 'second layer': []}",3450,1,1
Styrene_RH_Sub23_C8_H13,7,12,118.85458423999012,Styrene_RH_Sub23,5,7,"{'first layer': ['C', 'C'], 'second layer': []}",3450,1,1
aa335_plan_opt_C7_H12,6,11,117.55253805503742,aa335_plan_opt,6,8,"{'first layer': ['C', 'C'], 'second layer': []}",3450,1,1
3Buten1thiol_RH_Sub11_C8_H9,7,8,119.8528940699896,3Buten1thiol_RH_Sub11,2,2,"{'first layer': ['C'], 'second layer': []}",656,1,1
Thiobenzoicacid_RH_Sub4_C11_H14,10,13,117.61114216249295,Thiobenzoicacid_RH_Sub4,2,4,"{'first layer': ['C', 'C'], 'second layer': []}",3450,1,1
aa121_opt_C3_H14,2,13,117.4714989399979,aa121_opt,2,5,"{'first layer': ['C', 'C'], 'second layer': []}",3450,1,1
2Propen1amine_RH_Sub22_C9_H11,8,10,118.57277336251629,2Propen1amine_RH_Sub22,2,3,"{'first layer': ['C'], 'second layer': []}",656,1,1
Ethene_RH_Sub16_C3_H5,2,4,113.60114357249952,Ethene_RH_Sub16,3,3,"{'first layer': ['C', 'C'], 'second layer': []}",3450,1,1
aa292_opt_C3_H7,2,6,117.77067650750864,aa292_opt,4,5,"{'first layer': ['C', 'C'], 'second layer': ['N']}",667,1,1
Styrene_RH_Sub15_C12_H15,11,14,119.6078565749886,Styrene_RH_Sub15,4,7,"{'first layer': ['C', 'C'], 'second layer': ['Cl']}",92,1,1
Azulene_RH_Sub29_C7_H13,6,12,121.87997822747889,Azulene_RH_Sub29,4,7,"{'first layer': ['C', 'C'], 'second layer': []}",3450,1,1
aa87_opt_C2_H7,1,6,117.8093072900282,aa87_opt,2,5,"{'first layer': ['C', 'C'], 'second layer': ['N']}",667,1,1
aa264_plan_opt_C7_H16,6,15,116.61368322255498,aa264_plan_opt,5,8,"{'first layer': ['C', 'C'], 'second layer': []}",3450,1,1
aa310_plan_opt_C15_H32,14,31,117.51923412004174,aa310_plan_opt,4,7,"{'first layer': ['C', 'C'], 'second layer': []}",3450,1,1
Toluene_RH_Sub6_C3_H7,2,6,117.10223401498212,Toluene_RH_Sub6,4,4,"{'first layer': ['C', 'C'], 'second layer': []}",3450,1,1
Benzamide_o_N_RH_Sub1_C9_H13,8,12,118.22741744251246,Benzamide_o_N_RH_Sub1,4,4,"{'first layer': ['C', 'C'], 'second layer': []}",3450,1,1
Naphtalene_2_RH_Sub15_C10_H11,9,10,118.15023494245764,Naphtalene_2_RH_Sub15,3,7,"{'first layer': ['C', 'C'], 'second layer': []}",3450,1,1
Benzoicacid_RH_Sub8_C8_H12,7,11,118.62158533251544,Benzoicacid_RH_Sub8,2,4,"{'first layer': ['C', 'C'], 'second layer': []}",3450,1,1
aa20_opt_C30_H35,29,34,117.78220242753493,aa20_opt,10,15,"{'first layer': ['C', 'C'], 'second layer': []}",3450,1,1
3Buten1amine_gamma_RH_Sub15_C11_H12,10,11,114.47052223253196,3Buten1amine_gamma_RH_Sub15,2,2,"{'first layer': ['Cl', 'C'], 'second layer': []}",14,1,1
Cyclopentene_RH_Sub29_C4_H6,3,5,119.4178571049892,Cyclopentene_RH_Sub29,2,3,"{'first layer': ['C', 'C'], 'second layer': []}",3450,1,1
Benzeneethaneamine_o_RH_Sub32_C11_H20,10,19,117.68964304001642,Benzeneethaneamine_o_RH_Sub32,5,5,"{'first layer': ['C', 'C'], 'second layer': []}",3450,1,1
3Buten1ol_RH_Sub39_C8_H13,7,12,117.776140777506,3Buten1ol_RH_Sub39,2,3,"{'first layer': ['C'], 'second layer': []}",656,1,1
5Hexen1thiol_RH_Sub7_C6_H7,5,6,115.6133967674856,5Hexen1thiol_RH_Sub7,1,2,"{'first layer': ['C', 'C'], 'second layer': ['N']}",667,1,1
3Buten1thiol_RH_Sub8_C6_H7,5,6,117.1306390574938,3Buten1thiol_RH_Sub8,2,2,"{'first layer': ['C', 'C'], 'second layer': ['N']}",667,1,1
5Hexen1ol_RH_Sub2_C8_H19,7,18,117.41732811999228,5Hexen1ol_RH_Sub2,1,2,"{'first layer': ['F', 'C'], 'second layer': []}",15,1,1
5Hexen1amine_RH_Sub23_C7_H8,6,7,113.61356116996802,5Hexen1amine_RH_Sub23,1,3,"{'first layer': ['C', 'C'], 'second layer': []}",3450,1,1
2Ethen1thiol_RH_Sub16_C5_H6,4,5,118.18572445995358,2Ethen1thiol_RH_Sub16,1,2,"{'first layer': ['C'], 'second layer': ['S']}",16,1,1
2Ethen1ol_RH_C5_H7,4,6,120.73329225749076,2Ethen1ol_RH,3,3,"{'first layer': ['C'], 'second layer': ['O']}",40,1,1
Ethene_RH_Sub22_C3_H4,2,3,116.11425283500792,Ethene_RH_Sub22,2,3,"{'first layer': ['F', 'C'], 'second layer': []}",15,1,1
2Ethen1thiol_RH_Sub3_C3_H4,2,3,114.31668872500865,2Ethen1thiol_RH_Sub3,2,2,"{'first layer': ['C', 'S'], 'second layer': []}",8,1,1
aa325_opt_C14_H26,13,25,118.02521372499086,aa325_opt,5,5,"{'first layer': ['C', 'C'], 'second layer': []}",3450,1,1
4Penten1amine_RH_Sub17_C7_H8,6,7,117.36251724997828,4Penten1amine_RH_Sub17,1,3,"{'first layer': ['C'], 'second layer': []}",656,1,1
Azulene_RH_Sub13_C2_H5,1,4,115.13151065248792,Azulene_RH_Sub13,5,7,"{'first layer': ['C', 'C'], 'second layer': []}",3450,1,1
aa104_plan_opt_C16_H21,15,20,117.26909818745554,aa104_plan_opt,6,7,"{'first layer': ['C', 'C'], 'second layer': []}",3450,1,1
aa268_plan_opt_C10_H22,9,21,120.03527506244497,aa268_plan_opt,4,8,"{'first layer': ['C', 'C'], 'second layer': ['N']}",667,1,1
aa225_plan_opt_C8_H19,7,18,118.61433331501956,aa225_plan_opt,4,5,"{'first layer': ['C', 'C'], 'second layer': []}",3450,1,1
Naphtalene_2_RH_Sub10_C4_H18,3,17,117.62438304000284,Naphtalene_2_RH_Sub10,6,8,"{'first layer': ['C', 'C'], 'second layer': []}",3450,1,1
aa195_opt_C11_H24,10,23,119.98118079752146,aa195_opt,3,4,"{'first layer': ['C', 'C'], 'second layer': ['N', 'F']}",0,1,1
aa110_plan_opt_C5_H10,4,9,117.07419480495388,aa110_plan_opt,2,4,"{'first layer': ['C', 'C'], 'second layer': []}",3450,1,1
Azulene_RH_Sub12_C11_H15,10,14,122.24659886749436,Azulene_RH_Sub12,3,7,"{'first layer': ['C', 'C'], 'second layer': []}",3450,1,1
3Buten1amine_RH_Sub25_C9_H10,8,9,117.64477804504509,3Buten1amine_RH_Sub25,2,3,"{'first layer': ['C'], 'second layer': []}",656,1,1
5Hexen1ol_RH_Sub43_C8_H19,7,18,118.90847519499488,5Hexen1ol_RH_Sub43,2,3,"{'first layer': ['C'], 'second layer': []}",656,1,1
aa106_opt_C2_H7,1,6,116.77207300747595,aa106_opt,1,5,"{'first layer': ['C', 'C'], 'second layer': ['N']}",667,1,1
2Phenylpyridine_RH_Sub3_C17_H20,16,19,117.47331053252964,2Phenylpyridine_RH_Sub3,8,8,"{'first layer': ['C', 'C'], 'second layer': []}",3450,1,1
aa330_opt_C9_H14,8,13,119.19802503002272,aa330_opt,5,9,"{'first layer': ['C', 'C'], 'second layer': ['N']}",667,1,1
Benzeneethaneamine_o_RH_Sub40_C16_H19,15,18,117.53494860250214,Benzeneethaneamine_o_RH_Sub40,1,5,"{'first layer': ['C', 'C'], 'second layer': []}",3450,1,1
aa191_opt_C7_H32,6,31,117.75388899983908,aa191_opt,1,6,"{'first layer': ['C', 'C'], 'second layer': ['N']}",667,1,1
Styrene_RH_Sub12_C7_H11,6,10,118.06042463250832,Styrene_RH_Sub12,4,7,"{'first layer': ['C', 'C'], 'second layer': []}",3450,1,1
Thiobenzoicacid_RH_Sub11_C6_H15,5,14,117.73913333751152,Thiobenzoicacid_RH_Sub11,2,4,"{'first layer': ['C', 'C'], 'second layer': []}",3450,1,1
Benzeneethaneamine_o_RH_Sub10_C16_H19,15,18,117.0839323500239,Benzeneethaneamine_o_RH_Sub10,1,4,"{'first layer': ['C', 'C'], 'second layer': []}",3450,1,1
5Hexen1amine_RH_Sub17_C9_H10,8,9,119.30285266999292,5Hexen1amine_RH_Sub17,2,2,"{'first layer': ['C'], 'second layer': ['N']}",76,1,1
aa232_opt_C14_H19,13,18,119.16350249000205,aa232_opt,5,9,"{'first layer': ['C', 'C'], 'second layer': []}",3450,1,1
3Buten1amine_RH_Sub35_C7_H8,6,7,114.64096064501577,3Buten1amine_RH_Sub35,2,3,"{'first layer': ['C', 'C'], 'second layer': ['Cl']}",92,1,1
aa277_opt_C8_H18,7,17,117.44647361252063,aa277_opt,1,5,"{'first layer': ['C', 'C'], 'second layer': []}",3450,1,1
aa121_opt_C2_H15,1,14,117.44637634997916,aa121_opt,4,5,"{'first layer': ['C', 'C'], 'second layer': ['N']}",667,1,1
aa328_plan_opt_C8_H13,7,12,117.74099889504328,aa328_plan_opt,6,8,"{'first layer': ['C', 'C'], 'second layer': []}",3450,1,1
aa315_opt_C9_H19,8,18,117.73954623249664,aa315_opt,1,9,"{'first layer': ['C', 'C'], 'second layer': []}",3450,1,1
Toluene_RH_Sub11_C6_H9,5,8,118.1086329475066,Toluene_RH_Sub11,3,5,"{'first layer': ['C', 'C'], 'second layer': []}",3450,1,1
aa226_plan_opt_C7_H17,6,16,116.38823564997836,aa226_plan_opt,1,8,"{'first layer': ['C', 'C'], 'second layer': []}",3450,1,1
5Hexen1amine_RH_Sub29_C7_H8,6,7,113.29892890499607,5Hexen1amine_RH_Sub29,1,3,"{'first layer': ['C', 'C'], 'second layer': []}",3450,1,1
2Ethen1ol_RH_Sub20_C5_H6,4,5,122.77109725249544,2Ethen1ol_RH_Sub20,2,2,"{'first layer': ['C'], 'second layer': ['N', 'O']}",0,1,1
aa294_plan_opt_C2_H18,1,17,117.272418290014,aa294_plan_opt,4,4,"{'first layer': ['C', 'C'], 'second layer': []}",3450,1,1
aa96_opt_C4_H9,3,8,117.60346532749536,aa96_opt,5,5,"{'first layer': ['C', 'C'], 'second layer': []}",3450,1,1
2Ethen1thiol_RH_Sub21_C5_H7,4,6,118.90226921999414,2Ethen1thiol_RH_Sub21,1,3,"{'first layer': ['C'], 'second layer': ['S']}",16,1,1
aa150_plan_opt_C1_H17,0,16,118.21037077747974,aa150_plan_opt,4,8,"{'first layer': ['C', 'C'], 'second layer': ['N']}",667,1,1
Cyclopentene_RH_Sub30_C1_H7,0,6,120.78736455998602,Cyclopentene_RH_Sub30,1,4,"{'first layer': ['C', 'C'], 'second layer': []}",3450,1,1
2Ethen1amine_RH_Sub14_C6_H8,5,7,122.12099532999724,2Ethen1amine_RH_Sub14,2,2,"{'first layer': ['C'], 'second layer': ['O', 'N']}",2,1,1
Naphtalene_2_RH_Sub20_C10_H11,9,10,117.76265768498943,Naphtalene_2_RH_Sub20,2,8,"{'first layer': ['C', 'C'], 'second layer': []}",3450,1,1
aa214_opt_C12_H18,11,17,117.39113250497836,aa214_opt,3,4,"{'first layer': ['C', 'C'], 'second layer': ['N']}",667,1,1
Cyclopentene_RH_Sub1_C3_H11,2,10,122.54292507501889,Cyclopentene_RH_Sub1,3,4,"{'first layer': ['C', 'C'], 'second layer': []}",3450,1,1
Naphtalene_2_RH_Sub10_C10_H11,9,10,117.7690180249985,Naphtalene_2_RH_Sub10,3,8,"{'first layer': ['C', 'C'], 'second layer': []}",3450,1,1
aa325_plan_opt_C5_H18,4,17,118.03053492493176,aa325_plan_opt,4,5,"{'first layer': ['C', 'C'], 'second layer': []}",3450,1,1
2Ethen1thiol_RH_Sub9_C5_H7,4,6,114.8871634074638,2Ethen1thiol_RH_Sub9,1,2,"{'first layer': ['C', 'C'], 'second layer': ['S']}",19,1,1
aa285_plan_opt_C1_H25,0,24,119.58088787998209,aa285_plan_opt,13,15,"{'first layer': ['C', 'C'], 'second layer': []}",3450,1,1
aa9_opt_C14_H18,13,17,111.42438497751002,aa9_opt,2,9,"{'first layer': ['C', 'N'], 'second layer': []}",0,1,1
5Hexen1amine_RH_Sub41_C7_H8,6,7,114.8217408849925,5Hexen1amine_RH_Sub41,2,3,"{'first layer': ['C', 'C'], 'second layer': []}",3450,1,1
Azulene_RH_Sub20_C11_H15,10,14,121.98407671252696,Azulene_RH_Sub20,5,8,"{'first layer': ['C', 'C'], 'second layer': []}",3450,1,1
aa326_plan_opt_C9_H14,8,13,118.00536590001172,aa326_plan_opt,6,9,"{'first layer': ['C', 'C'], 'second layer': ['N']}",667,1,1
Benzamide_o_N_RH_Sub29_C10_H14,9,13,116.98337735752602,Benzamide_o_N_RH_Sub29,2,4,"{'first layer': ['C', 'C'], 'second layer': []}",3450,1,1
aa215_plan_opt_C9_H24,8,23,119.38968674749248,aa215_plan_opt,1,3,"{'first layer': ['C', 'C'], 'second layer': ['O']}",198,1,1
aa85_opt_C16_H20,15,19,116.53091910999537,aa85_opt,4,8,"{'first layer': ['C', 'C'], 'second layer': []}",3450,1,1
2Propen1amine_RH_Sub25_C7_H8,6,7,117.0943934025044,2Propen1amine_RH_Sub25,3,3,"{'first layer': ['C', 'C'], 'second layer': ['Cl', 'N']}",2,1,1
aa261_plan_opt_C5_H12,4,11,111.0869161049922,aa261_plan_opt,4,8,"{'first layer': ['C', 'N'], 'second layer': []}",0,1,1
Toluene_RH_Sub6_C4_H15,3,14,117.10240030250702,Toluene_RH_Sub6,3,4,"{'first layer': ['C', 'C'], 'second layer': []}",3450,1,1
5Hexen1thiol_RH_Sub41_C6_H7,5,6,115.5404091049769,5Hexen1thiol_RH_Sub41,2,3,"{'first layer': ['C', 'C'], 'second layer': []}",3450,1,1
aa104_opt_C6_H11,5,10,118.50571431994524,aa104_opt,1,7,"{'first layer': ['C', 'C'], 'second layer': []}",3450,1,1
aa189_opt_C6_H14,5,13,120.2578549599582,aa189_opt,3,4,"{'first layer': ['C', 'C'], 'second layer': ['F']}",84,1,1
Benzamide_o_N_RH_Sub6_C12_H15,11,14,117.52693228999206,Benzamide_o_N_RH_Sub6,4,4,"{'first layer': ['C', 'C'], 'second layer': []}",3450,1,1
aa197_opt_C9_H23,8,22,117.8202138675411,aa197_opt,2,4,"{'first layer': ['C', 'C'], 'second layer': []}",3450,1,1
aa158_plan_opt_C6_H12,5,11,117.5750088299928,aa158_plan_opt,1,8,"{'first layer': ['C', 'C'], 'second layer': []}",3450,1,1
Benzeneethanamine_o_RH_Sub7_C14_H18,13,17,117.49861572500777,Benzeneethanamine_o_RH_Sub7,2,4,"{'first layer': ['C', 'C'], 'second layer': ['N']}",667,1,1
4Penten1amine_RH_Sub6_C7_H17,6,16,117.80230313497924,4Penten1amine_RH_Sub6,1,2,"{'first layer': ['C'], 'second layer': []}",656,1,1
aa212_plan_opt_C10_H15,9,14,117.55834243000491,aa212_plan_opt,4,5,"{'first layer': ['C', 'C'], 'second layer': []}",3450,1,1
2Propen1amine_RH_Sub10_C9_H10,8,9,118.27759046001056,2Propen1amine_RH_Sub10,1,3,"{'first layer': ['C'], 'second layer': []}",656,1,1
aa126_plan_opt_C7_H17,6,16,117.5578216050198,aa126_plan_opt,5,6,"{'first layer': ['C', 'C'], 'second layer': []}",3450,1,1
4Penten1amine_RH_Sub27_C7_H8,6,7,117.80212555250245,4Penten1amine_RH_Sub27,3,3,"{'first layer': ['C'], 'second layer': []}",656,1,1
aa138_opt_C12_H27,11,26,118.01909057997024,aa138_opt,3,5,"{'first layer': ['C', 'C'], 'second layer': []}",3450,1,1
aa336_plan_opt_C8_H13,7,12,117.41860320002644,aa336_plan_opt,4,9,"{'first layer': ['C', 'C'], 'second layer': []}",3450,1,1
Benzeneethaneamine_o_RH_Sub20_C14_H18,13,17,116.81117378751878,Benzeneethaneamine_o_RH_Sub20,1,4,"{'first layer': ['C', 'C'], 'second layer': []}",3450,1,1
Styrene_RH_Sub12_C6_H9,5,8,120.0218465625288,Styrene_RH_Sub12,1,7,"{'first layer': ['C', 'C'], 'second layer': ['F']}",84,1,1
3Buten1thiol_RH_Sub1_C8_H13,7,12,115.10783131250832,3Buten1thiol_RH_Sub1,1,2,"{'first layer': ['C', 'C'], 'second layer': ['N']}",667,1,1
aa246_opt_C1_H21,0,20,117.70264734999556,aa246_opt,3,4,"{'first layer': ['C', 'C'], 'second layer': []}",3450,1,1
Benzeneethaneamine_o_RH_Sub28_C14_H18,13,17,119.86772879747974,Benzeneethaneamine_o_RH_Sub28,1,4,"{'first layer': ['C', 'C'], 'second layer': ['N']}",667,1,1
Toluene_RH_Sub8_C3_H7,2,6,119.58933277498971,Toluene_RH_Sub8,1,4,"{'first layer': ['C', 'C'], 'second layer': ['N']}",667,1,1
3Buten1amine_gamma_RH_Sub37_C10_H14,9,13,115.23393684999348,3Buten1amine_gamma_RH_Sub37,3,3,"{'first layer': ['C', 'C'], 'second layer': ['N']}",667,1,1
3Buten1thiol_RH_Sub19_C8_H9,7,8,117.98301686001736,3Buten1thiol_RH_Sub19,1,2,"{'first layer': ['C'], 'second layer': []}",656,1,1
3Buten1ol_RH_Sub27_C6_H7,5,6,112.89504543251184,3Buten1ol_RH_Sub27,1,3,"{'first layer': ['C', 'C'], 'second layer': []}",3450,1,1
Benzeneethanamine_o_RH_Sub11_C14_H18,13,17,117.94542333497888,Benzeneethanamine_o_RH_Sub11,4,4,"{'first layer': ['C', 'C'], 'second layer': []}",3450,1,1
3Buten1thiol_RH_Sub25_C8_H9,7,8,117.94413445001936,3Buten1thiol_RH_Sub25,2,3,"{'first layer': ['C'], 'second layer': []}",656,1,1
5Hexen1amine_RH_Sub7_C9_H20,8,19,116.78583157250416,5Hexen1amine_RH_Sub7,1,2,"{'first layer': ['N', 'C'], 'second layer': []}",64,1,1
Azulene_RH_Sub4_C2_H5,1,4,114.67845126000114,Azulene_RH_Sub4,5,7,"{'first layer': ['C', 'C'], 'second layer': []}",3450,1,1
5Hexen1thiol_RH_Sub33_C8_H19,7,18,117.9228440025301,5Hexen1thiol_RH_Sub33,3,3,"{'first layer': ['C'], 'second layer': []}",656,1,1
Benzoicacid_RH_Sub22_C6_H15,5,14,118.7802374125161,Benzoicacid_RH_Sub22,3,4,"{'first layer': ['C', 'C'], 'second layer': []}",3450,1,1
Thiobenzoicacid_RH_Sub25_C7_H10,6,9,120.00254779991452,Thiobenzoicacid_RH_Sub25,4,4,"{'first layer': ['C', 'C'], 'second layer': []}",3450,1,1
aa182_plan_opt_C6_H13,5,12,119.64696614000984,aa182_plan_opt,3,4,"{'first layer': ['C', 'C'], 'second layer': ['Cl']}",92,1,1
3Buten1amine_gamma_RH_Sub18_C10_H14,9,13,115.14118105498326,3Buten1amine_gamma_RH_Sub18,2,2,"{'first layer': ['C', 'C'], 'second layer': ['N']}",667,1,1
3Buten1amine_RH_Sub31_C9_H14,8,13,118.47093011251658,3Buten1amine_RH_Sub31,3,3,"{'first layer': ['C'], 'second layer': []}",656,1,1
aa335_plan2_opt_C6_H11,5,10,117.17088188744384,aa335_plan2_opt,2,8,"{'first layer': ['C', 'C'], 'second layer': []}",3450,1,1
aa86_plan_opt_C15_H19,14,18,117.8282810075487,aa86_plan_opt,4,7,"{'first layer': ['C', 'C'], 'second layer': ['N']}",667,1,1
Benzeneethaneamine_o_RH_Sub5_C16_H19,15,18,117.8373496374519,Benzeneethaneamine_o_RH_Sub5,3,4,"{'first layer': ['C', 'C'], 'second layer': []}",3450,1,1
Styrene_RH_Sub11_C1_H2,0,1,117.6416160724908,Styrene_RH_Sub11,7,7,"{'first layer': ['C'], 'second layer': []}",656,1,1
Benzeneethaneamine_o_RH_Sub10_C13_H17,12,16,118.31472465500212,Benzeneethaneamine_o_RH_Sub10,4,4,"{'first layer': ['C', 'C'], 'second layer': []}",3450,1,1
2Ethen1amine_RH_Sub10_C6_H8,5,7,119.48879409749765,2Ethen1amine_RH_Sub10,3,3,"{'first layer': ['C'], 'second layer': ['N']}",76,1,1
Benzeneethanamine_o_RH_Sub35_C12_H15,11,14,117.4291119424663,Benzeneethanamine_o_RH_Sub35,4,5,"{'first layer': ['C', 'C'], 'second layer': []}",3450,1,1
Azulene_RH_Sub17_C12_H16,11,15,119.67457049249988,Azulene_RH_Sub17,6,7,"{'first layer': ['C', 'C'], 'second layer': []}",3450,1,1
3Buten1thiol_RH_Sub22_C6_H7,5,6,113.86466533501618,3Buten1thiol_RH_Sub22,2,3,"{'first layer': ['C', 'C'], 'second layer': []}",3450,1,1
aa296_opt_C1_H31,0,30,117.52261697243596,aa296_opt,1,2,"{'first layer': ['C', 'C'], 'second layer': []}",3450,1,1
5Hexen1thiol_RH_Sub37_C6_H7,5,6,113.4021005725009,5Hexen1thiol_RH_Sub37,1,3,"{'first layer': ['C', 'C'], 'second layer': []}",3450,1,1
aa98_opt_C6_H11,5,10,116.99942065000472,aa98_opt,3,9,"{'first layer': ['C', 'C'], 'second layer': []}",3450,1,1
aa280_plan_opt_C12_H26,11,25,117.40533094749168,aa280_plan_opt,7,9,"{'first layer': ['C', 'C'], 'second layer': ['N']}",667,1,1
Cyclopentene_RH_Sub8_C2_H5,1,4,120.55477164501596,Cyclopentene_RH_Sub8,1,4,"{'first layer': ['C', 'C'], 'second layer': []}",3450,1,1
Benzeneethaneamine_o_RH_Sub21_C13_H17,12,16,118.81532972250368,Benzeneethaneamine_o_RH_Sub21,3,4,"{'first layer': ['C', 'C'], 'second layer': []}",3450,1,1
aa79_plan_opt_C16_H20,15,19,110.41361676250077,aa79_plan_opt,7,8,"{'first layer': ['N', 'C'], 'second layer': []}",64,1,1
Naphtalene_2_RH_Sub3_C6_H8,5,7,117.94097687002562,Naphtalene_2_RH_Sub3,1,7,"{'first layer': ['C', 'C'], 'second layer': []}",3450,1,1
aa103_plan_opt_C17_H22,16,21,117.45949047250974,aa103_plan_opt,5,8,"{'first layer': ['C', 'C'], 'second layer': []}",3450,1,1
Naphtalene_2_RH_Sub19_C4_H18,3,17,116.90594009249024,Naphtalene_2_RH_Sub19,4,7,"{'first layer': ['C', 'C'], 'second layer': []}",3450,1,1
Ethene_RH_Sub3_C3_H4,2,3,119.21231383250785,Ethene_RH_Sub3,1,3,"{'first layer': ['C'], 'second layer': []}",656,1,1
Thiobenzoicacid_RH_Sub13_C8_H12,7,11,118.70192227491884,Thiobenzoicacid_RH_Sub13,3,4,"{'first layer': ['C', 'C'], 'second layer': []}",3450,1,1
aa168_opt_C24_H14,23,13,113.12298982750748,aa168_opt,4,10,"{'first layer': ['C', 'C'], 'second layer': []}",3450,1,1
aa7_opt_C17_H22,16,21,118.6444721400298,aa7_opt,5,9,"{'first layer': ['C', 'C'], 'second layer': ['N']}",667,1,1
aa241_plan_opt_C12_H17,11,16,114.43298580999596,aa241_plan_opt,4,5,"{'first layer': ['C', 'C'], 'second layer': []}",3450,1,1
aa291_opt_C3_H13,2,12,117.76704704751154,aa291_opt,5,5,"{'first layer': ['C', 'C'], 'second layer': []}",3450,1,1
Toluene_RH_Sub15_C5_H8,4,7,117.7397175400398,Toluene_RH_Sub15,4,5,"{'first layer': ['C', 'C'], 'second layer': []}",3450,1,1
Azulene_RH_Sub16_C1_H18,0,17,115.24691794250415,Azulene_RH_Sub16,3,7,"{'first layer': ['C', 'C'], 'second layer': []}",3450,1,1
5Hexen1thiol_RH_Sub33_C6_H7,5,6,114.07131300751756,5Hexen1thiol_RH_Sub33,2,3,"{'first layer': ['C', 'C'], 'second layer': []}",3450,1,1
3Buten1thiol_RH_Sub26_C8_H13,7,12,117.68154515244164,3Buten1thiol_RH_Sub26,1,3,"{'first layer': ['C'], 'second layer': []}",656,1,1
aa79_opt_C6_H11,5,10,118.5140487749794,aa79_opt,7,8,"{'first layer': ['C', 'C'], 'second layer': []}",3450,1,1
aa173_opt_C7_H29,6,28,119.95372139749662,aa173_opt,2,5,"{'first layer': ['C', 'C'], 'second layer': []}",3450,1,1
aa301_plan_opt_C4_H30,3,29,118.50478687497996,aa301_plan_opt,4,4,"{'first layer': ['C', 'C'], 'second layer': []}",3450,1,1
5Hexen1ol_RH_Sub44_C6_H7,5,6,113.49884412999998,5Hexen1ol_RH_Sub44,1,3,"{'first layer': ['C', 'C'], 'second layer': []}",3450,1,1
aa70_opt_C4_H7,3,6,123.74116205250316,aa70_opt,1,7,"{'first layer': ['C', 'N'], 'second layer': []}",0,1,1
5Hexen1amine_RH_Sub27_C7_H8,6,7,113.54408185998878,5Hexen1amine_RH_Sub27,3,3,"{'first layer': ['C', 'C'], 'second layer': []}",3450,1,1
5Hexen1amine_RH_Sub8_C7_H8,6,7,116.53512022251078,5Hexen1amine_RH_Sub8,1,2,"{'first layer': ['C', 'C'], 'second layer': ['N']}",667,1,1
Ethene_RH_Sub20_C3_H4,2,3,117.14726579949624,Ethene_RH_Sub20,1,4,"{'first layer': ['C'], 'second layer': []}",656,1,1
5Hexen1thiol_RH_Sub38_C8_H19,7,18,118.00636864503672,5Hexen1thiol_RH_Sub38,3,3,"{'first layer': ['C'], 'second layer': []}",656,1,1
5Hexen1amine_RH_Sub18_C9_H20,8,19,121.38072918751148,5Hexen1amine_RH_Sub18,1,2,"{'first layer': ['C'], 'second layer': ['N']}",76,1,1
aa296_opt_C29_H30,28,29,117.47516793243364,aa296_opt,2,2,"{'first layer': ['C', 'C'], 'second layer': []}",3450,1,1
aa70_opt_C10_H15,9,14,117.27293095751406,aa70_opt,4,7,"{'first layer': ['C', 'C'], 'second layer': []}",3450,1,1
2Propen1amine_RH_Sub30_C9_H11,8,10,118.38315604000611,2Propen1amine_RH_Sub30,3,3,"{'first layer': ['C'], 'second layer': []}",656,1,1
3Buten1amine_RH_Sub17_C9_H14,8,13,121.56964559251492,3Buten1amine_RH_Sub17,2,2,"{'first layer': ['C'], 'second layer': ['N']}",76,1,1
Benzoicacid_RH_Sub8_C6_H15,5,14,119.09833849750754,Benzoicacid_RH_Sub8,1,4,"{'first layer': ['C', 'C'], 'second layer': []}",3450,1,1
Ethene_RH_Sub18_C3_H5,2,4,121.48296776246808,Ethene_RH_Sub18,1,3,"{'first layer': ['N', 'C'], 'second layer': []}",64,1,1
3Buten1amine_gamma_RH_Sub38_C11_H13,10,12,117.89699288501126,3Buten1amine_gamma_RH_Sub38,1,3,"{'first layer': ['C'], 'second layer': []}",656,1,1
Benzamide_o_N_RH_Sub20_C9_H13,8,12,117.30085094248338,Benzamide_o_N_RH_Sub20,3,4,"{'first layer': ['C', 'C'], 'second layer': []}",3450,1,1
Benzamide_o_N_RH_Sub13_C7_H16,6,15,116.79569963751362,Benzamide_o_N_RH_Sub13,2,4,"{'first layer': ['C', 'C'], 'second layer': []}",3450,1,1
aa285_plan_opt_C13_H40,12,39,116.94252585252116,aa285_plan_opt,9,15,"{'first layer': ['C', 'C'], 'second layer': []}",3450,1,1
Benzeneethanamine_o_RH_Sub31_C14_H18,13,17,117.55880050497596,Benzeneethanamine_o_RH_Sub31,5,5,"{'first layer': ['C', 'C'], 'second layer': []}",3450,1,1
Naphtalene_2_RH_Sub24_C14_H15,13,14,117.45539666250096,Naphtalene_2_RH_Sub24,3,7,"{'first layer': ['C', 'C'], 'second layer': []}",3450,1,1
3Buten1amine_gamma_RH_Sub38_C11_H12,10,11,118.1039417575019,3Buten1amine_gamma_RH_Sub38,3,3,"{'first layer': ['C'], 'second layer': []}",656,1,1
aa271_plan_opt_C3_H14,2,13,118.5037527550014,aa271_plan_opt,5,8,"{'first layer': ['C', 'C'], 'second layer': ['Cl']}",92,1,1
aa299_plan_opt_C6_H18,5,17,117.38992958750146,aa299_plan_opt,5,5,"{'first layer': ['C', 'C'], 'second layer': []}",3450,1,1
aa216_plan_opt_C1_H21,0,20,119.01921012002134,aa216_plan_opt,1,3,"{'first layer': ['C', 'C'], 'second layer': ['N']}",667,1,1
aa149_plan_opt_C12_H23,11,22,117.77877313998972,aa149_plan_opt,5,9,"{'first layer': ['C', 'C'], 'second layer': []}",3450,1,1
aa98_plan_opt_C20_H25,19,24,120.13854587500704,aa98_plan_opt,3,9,"{'first layer': ['C', 'C'], 'second layer': ['S']}",19,1,1
Azulene_RH_Sub26_C12_H16,11,15,120.07779885499232,Azulene_RH_Sub26,7,7,"{'first layer': ['C', 'C'], 'second layer': []}",3450,1,1
aa6_plan_opt_C8_H21,7,20,118.19772728000146,aa6_plan_opt,1,4,"{'first layer': ['C', 'C'], 'second layer': []}",3450,1,1
aa224_plan_opt_C8_H12,7,11,118.03732447503876,aa224_plan_opt,7,10,"{'first layer': ['C', 'C'], 'second layer': []}",3450,1,1
4Penten1amine_RH_Sub9_C7_H17,6,16,117.04659861002028,4Penten1amine_RH_Sub9,2,2,"{'first layer': ['F', 'C'], 'second layer': []}",15,1,1
Ethene_RH_Sub11_C1_H6,0,5,119.93417351750216,Ethene_RH_Sub11,1,3,"{'first layer': ['C'], 'second layer': []}",656,1,1
aa221_plan_opt_C8_H14,7,13,119.29610641753442,aa221_plan_opt,3,4,"{'first layer': ['C', 'C'], 'second layer': ['Cl']}",92,1,1
aa9_plan_opt_C16_H20,15,19,116.62853489250864,aa9_plan_opt,8,9,"{'first layer': ['C', 'C'], 'second layer': []}",3450,1,1
Ethene_RH_Sub23_C1_H2,0,1,119.44290439501955,Ethene_RH_Sub23,1,3,"{'first layer': ['C'], 'second layer': []}",656,1,1
Thiobenzoicacid_RH_Sub29_C9_H13,8,12,117.12521369244172,Thiobenzoicacid_RH_Sub29,3,4,"{'first layer': ['C', 'C'], 'second layer': []}",3450,1,1
5Hexen1ol_RH_Sub18_C8_H19,7,18,121.14725651751768,5Hexen1ol_RH_Sub18,1,2,"{'first layer': ['C'], 'second layer': ['N']}",76,1,1
2Propen1thiol_RH_Sub25_C8_H10,7,9,118.30146306999724,2Propen1thiol_RH_Sub25,1,3,"{'first layer': ['C'], 'second layer': []}",656,1,1
aa20_opt_C16_H21,15,20,117.4690341200258,aa20_opt,12,15,"{'first layer': ['C', 'C'], 'second layer': []}",3450,1,1
Azulene_RH_Sub14_C8_H14,7,13,115.90252868751008,Azulene_RH_Sub14,1,7,"{'first layer': ['C', 'C'], 'second layer': ['O']}",198,1,1
aa102_opt_C3_H8,2,7,117.43211202005624,aa102_opt,7,9,"{'first layer': ['C', 'C'], 'second layer': []}",3450,1,1
aa63_plan_opt_C9_H14,8,13,116.5948055125179,aa63_plan_opt,2,5,"{'first layer': ['C', 'C'], 'second layer': []}",3450,1,1
2Propen1ol_RH_Sub28_C8_H10,7,9,119.54220878000982,2Propen1ol_RH_Sub28,3,3,"{'first layer': ['C'], 'second layer': []}",656,1,1
Styrene_RH_Sub13_C3_H4,2,3,115.25896029502633,Styrene_RH_Sub13,5,7,"{'first layer': ['C', 'C'], 'second layer': []}",3450,1,1
3Buten1amine_gamma_RH_Sub5_C11_H13,10,12,114.11203838500086,3Buten1amine_gamma_RH_Sub5,1,2,"{'first layer': ['Cl', 'C'], 'second layer': []}",14,1,1
aa223_plan_opt_C1_H17,0,16,119.21429986997822,aa223_plan_opt,3,10,"{'first layer': ['C', 'C'], 'second layer': []}",3450,1,1
aa183_plan_opt_C1_H14,0,13,118.48521954253071,aa183_plan_opt,1,4,"{'first layer': ['C', 'C'], 'second layer': ['N']}",667,1,1
Toluene_RH_Sub2_C6_H9,5,8,118.3014003200188,Toluene_RH_Sub2,1,4,"{'first layer': ['C', 'C'], 'second layer': []}",3450,1,1
aa263_opt_C14_H5,13,4,111.52396860000778,aa263_opt,6,8,"{'first layer': ['C', 'C'], 'second layer': []}",3450,1,1
aa284_opt_C16_H27,15,26,117.43193381001475,aa284_opt,2,9,"{'first layer': ['C', 'C'], 'second layer': []}",3450,1,1
aa263_plan_opt_C7_H24,6,23,116.462070437517,aa263_plan_opt,1,8,"{'first layer': ['C', 'C'], 'second layer': []}",3450,1,1
2Propen1amine_RH_Sub24_C9_H10,8,9,118.185585155,2Propen1amine_RH_Sub24,2,3,"{'first layer': ['C'], 'second layer': []}",656,1,1
aa241_opt_C13_H19,12,18,116.7410544274955,aa241_opt,4,5,"{'first layer': ['C', 'C'], 'second layer': []}",3450,1,1
Benzeneethanamine_o_RH_Sub29_C12_H15,11,14,116.8137264575249,Benzeneethanamine_o_RH_Sub29,1,4,"{'first layer': ['C', 'C'], 'second layer': []}",3450,1,1
4Penten1amine_RH_Sub14_C7_H8,6,7,118.460063695007,4Penten1amine_RH_Sub14,2,3,"{'first layer': ['C'], 'second layer': []}",656,1,1
Naphtalene_2_RH_Sub6_C14_H15,13,14,117.46757894747006,Naphtalene_2_RH_Sub6,4,7,"{'first layer': ['C', 'C'], 'second layer': []}",3450,1,1
2Propen1thiol_RH_Sub13_C8_H10,7,9,119.751672045019,2Propen1thiol_RH_Sub13,2,2,"{'first layer': ['C'], 'second layer': []}",656,1,1
Styrene_RH_Sub22_C10_H14,9,13,119.62227025000855,Styrene_RH_Sub22,3,7,"{'first layer': ['C', 'C'], 'second layer': ['F']}",84,1,1
aa186_opt_C8_H17,7,16,117.8682364424705,aa186_opt,7,7,"{'first layer': ['C', 'C'], 'second layer': []}",3450,1,1
aa22_plan_opt_C5_H10,4,9,117.67701711245934,aa22_plan_opt,1,3,"{'first layer': ['C', 'C'], 'second layer': []}",3450,1,1
aa268_opt_C9_H21,8,20,118.30667634000946,aa268_opt,3,8,"{'first layer': ['C', 'C'], 'second layer': []}",3450,1,1
aa146_plan_opt_C7_H16,6,15,117.48540308498464,aa146_plan_opt,5,5,"{'first layer': ['C', 'C'], 'second layer': []}",3450,1,1
aa121_opt_C6_H11,5,10,118.63240907997692,aa121_opt,1,5,"{'first layer': ['C', 'C'], 'second layer': ['N']}",667,1,1
Styrene_RH_Sub11_C6_H9,5,8,119.53846888000356,Styrene_RH_Sub11,1,7,"{'first layer': ['C', 'C'], 'second layer': []}",3450,1,1
2Propen1thiol_RH_Sub23_C6_H7,5,6,115.06436626996332,2Propen1thiol_RH_Sub23,2,3,"{'first layer': ['C', 'C'], 'second layer': ['S']}",19,1,1
5Hexen1ol_RH_Sub21_C6_H7,5,6,113.8570951749962,5Hexen1ol_RH_Sub21,2,3,"{'first layer': ['C', 'C'], 'second layer': []}",3450,1,1
Cyclopentene_RH_Sub23_C4_H6,3,5,121.42736561501124,Cyclopentene_RH_Sub23,3,3,"{'first layer': ['C', 'C'], 'second layer': []}",3450,1,1
Benzeneethanamine_o_RH_Sub30_C12_H15,11,14,116.99914015751048,Benzeneethanamine_o_RH_Sub30,2,5,"{'first layer': ['C', 'C'], 'second layer': []}",3450,1,1
Benzoicacid_RH_Sub26_C8_H12,7,11,117.73160145501478,Benzoicacid_RH_Sub26,1,4,"{'first layer': ['C', 'C'], 'second layer': []}",3450,1,1
Naphtalene_2_RH_Sub22_C10_H11,9,10,117.84148862748224,Naphtalene_2_RH_Sub22,3,7,"{'first layer': ['C', 'C'], 'second layer': []}",3450,1,1
Benzoicacid_RH_Sub38_C9_H13,8,12,120.43778431001611,Benzoicacid_RH_Sub38,2,4,"{'first layer': ['C', 'C'], 'second layer': ['N']}",667,1,1
aa102_plan_opt_C3_H8,2,7,117.43790949245408,aa102_plan_opt,3,9,"{'first layer': ['C', 'C'], 'second layer': []}",3450,1,1
2Propen1thiol_RH_Sub13_C8_H9,7,8,120.04095707499374,2Propen1thiol_RH_Sub13,1,2,"{'first layer': ['C'], 'second layer': []}",656,1,1
3Buten1amine_gamma_RH_Sub19_C11_H12,10,11,112.200372185022,3Buten1amine_gamma_RH_Sub19,1,2,"{'first layer': ['C', 'C'], 'second layer': []}",3450,1,1
aa70_plan_opt_C4_H7,3,6,123.75857768752184,aa70_plan_opt,3,7,"{'first layer': ['C', 'N'], 'second layer': []}",0,1,1
3Buten1thiol_RH_Sub25_C8_H13,7,12,117.56465382503222,3Buten1thiol_RH_Sub25,3,3,"{'first layer': ['C'], 'second layer': []}",656,1,1
aa287_opt_C2_H13,1,12,117.51387464243491,aa287_opt,5,5,"{'first layer': ['C', 'C'], 'second layer': []}",3450,1,1
aa6_plan_opt_C9_H20,8,19,118.0507046575022,aa6_plan_opt,3,4,"{'first layer': ['C', 'C'], 'second layer': []}",3450,1,1
Ethene_RH_Sub11_C3_H5,2,4,114.76478082750354,Ethene_RH_Sub11,3,3,"{'first layer': ['C', 'C'], 'second layer': ['N']}",667,1,1
aa324_opt_C15_H36,14,35,119.431567352529,aa324_opt,2,5,"{'first layer': ['C', 'C'], 'second layer': []}",3450,1,1
Cyclopentene_RH_Sub14_C2_H5,1,4,120.95172124249274,Cyclopentene_RH_Sub14,2,3,"{'first layer': ['C', 'C'], 'second layer': ['O']}",198,1,1
aa284_opt_C26_H40,25,39,117.36855756501882,aa284_opt,9,9,"{'first layer': ['C', 'C'], 'second layer': []}",3450,1,1
3Buten1thiol_RH_Sub5_C8_H13,7,12,114.35642830000177,3Buten1thiol_RH_Sub5,2,2,"{'first layer': ['Cl', 'C'], 'second layer': []}",14,1,1
Naphtalene_2_RH_Sub8_C14_H15,13,14,118.72022833250897,Naphtalene_2_RH_Sub8,6,7,"{'first layer': ['C', 'C'], 'second layer': []}",3450,1,1
3Buten1ol_RH_Sub40_C6_H7,5,6,112.84277217252054,3Buten1ol_RH_Sub40,3,3,"{'first layer': ['C', 'C'], 'second layer': []}",3450,1,1
Benzeneethaneamine_o_RH_Sub31_C16_H19,15,18,117.76789040747433,Benzeneethaneamine_o_RH_Sub31,2,5,"{'first layer': ['C', 'C'], 'second layer': []}",3450,1,1
aa126_plan_opt_C11_H20,10,19,114.03820485252028,aa126_plan_opt,2,6,"{'first layer': ['N', 'C'], 'second layer': []}",64,1,1
Azulene_RH_Sub29_C12_H16,11,15,120.04922438748892,Azulene_RH_Sub29,7,7,"{'first layer': ['C', 'C'], 'second layer': []}",3450,1,1
Benzamide_o_N_RH_Sub37_C9_H13,8,12,118.6298595474733,Benzamide_o_N_RH_Sub37,4,4,"{'first layer': ['C', 'C'], 'second layer': []}",3450,1,1
aa69_opt_C5_H6,4,5,123.35965585750004,aa69_opt,4,7,"{'first layer': ['N', 'C'], 'second layer': []}",64,1,1
aa64_opt_C3_H8,2,7,117.18904989499578,aa64_opt,4,4,"{'first layer': ['C', 'C'], 'second layer': []}",3450,1,1
3Buten1amine_gamma_RH_Sub25_C11_H13,10,12,117.75279087503804,3Buten1amine_gamma_RH_Sub25,1,3,"{'first layer': ['C'], 'second layer': []}",656,1,1
aa339_plan2_opt_C19_H24,18,23,117.78162261753153,aa339_plan2_opt,7,8,"{'first layer': ['C', 'C'], 'second layer': ['O']}",198,1,1
4Penten1amine_RH_Sub11_C9_H10,8,9,115.70110055999024,4Penten1amine_RH_Sub11,1,2,"{'first layer': ['C', 'C'], 'second layer': ['N']}",667,1,1
Benzeneethaneamine_o_RH_Sub21_C12_H15,11,14,117.73272656252983,Benzeneethaneamine_o_RH_Sub21,4,4,"{'first layer': ['C', 'C'], 'second layer': []}",3450,1,1
aa310_plan_opt_C13_H30,12,29,117.42013869248184,aa310_plan_opt,1,7,"{'first layer': ['C', 'C'], 'second layer': []}",3450,1,1
2Ethen1thiol_RH_Sub18_C5_H6,4,5,121.35248729502224,2Ethen1thiol_RH_Sub18,1,2,"{'first layer': ['C'], 'second layer': ['N', 'S']}",6,1,1
3Buten1amine_gamma_RH_Sub10_C11_H12,10,11,117.95434638499486,3Buten1amine_gamma_RH_Sub10,2,3,"{'first layer': ['C'], 'second layer': []}",656,1,1
5Hexen1amine_RH_Sub34_C9_H20,8,19,118.04120054249609,5Hexen1amine_RH_Sub34,1,3,"{'first layer': ['C'], 'second layer': []}",656,1,1
aa252_plan_opt_C10_H17,9,16,117.60605502000232,aa252_plan_opt,4,4,"{'first layer': ['C', 'C'], 'second layer': ['O']}",198,1,1
aa229_plan_opt_C14_H25,13,24,117.40642844494204,aa229_plan_opt,6,9,"{'first layer': ['C', 'C'], 'second layer': []}",3450,1,1
aa272_plan_opt_C6_H15,5,14,118.67909319750736,aa272_plan_opt,8,8,"{'first layer': ['C', 'C'], 'second layer': ['N']}",667,1,1
5Hexen1ol_RH_Sub9_C6_H7,5,6,113.86237872497858,5Hexen1ol_RH_Sub9,1,2,"{'first layer': ['C', 'C'], 'second layer': []}",3450,1,1
Thiobenzoicacid_RH_Sub3_C9_H13,8,12,118.75639554997178,Thiobenzoicacid_RH_Sub3,1,4,"{'first layer': ['C', 'C'], 'second layer': []}",3450,1,1
2Propen1amine_RH_C9_H11,8,10,118.4929384199939,2Propen1amine_RH,2,3,"{'first layer': ['C'], 'second layer': []}",656,1,1
aa79_plan_opt_C3_H8,2,7,117.39897374502078,aa79_plan_opt,6,8,"{'first layer': ['C', 'C'], 'second layer': []}",3450,1,1
aa193_plan_opt_C20_H56,19,55,117.58840469996868,aa193_plan_opt,6,14,"{'first layer': ['C', 'C'], 'second layer': []}",3450,1,1
Azulene_RH_Sub8_C11_H15,10,14,124.54634746252113,Azulene_RH_Sub8,7,7,"{'first layer': ['C', 'C'], 'second layer': ['N']}",667,1,1
Benzamide_o_N_RH_Sub29_C7_H16,6,15,116.06640721495496,Benzamide_o_N_RH_Sub29,4,4,"{'first layer': ['C', 'C'], 'second layer': []}",3450,1,1
aa57_plan_opt_C5_H10,4,9,115.35574024753288,aa57_plan_opt,3,4,"{'first layer': ['C', 'C'], 'second layer': []}",3450,1,1
aa149_plan_opt_C7_H19,6,18,117.81934854498957,aa149_plan_opt,3,9,"{'first layer': ['C', 'C'], 'second layer': []}",3450,1,1
aa315_opt_C17_H26,16,25,119.68650114995484,aa315_opt,2,9,"{'first layer': ['C', 'C'], 'second layer': []}",3450,1,1
aa123_opt_C7_H13,6,12,117.60252909755168,aa123_opt,2,4,"{'first layer': ['C', 'C'], 'second layer': []}",3450,1,1
Benzeneethanamine_o_RH_Sub18_C14_H18,13,17,118.1018961075199,Benzeneethanamine_o_RH_Sub18,2,4,"{'first layer': ['C', 'C'], 'second layer': []}",3450,1,1
aa197_plan_opt_C1_H21,0,20,118.7167852400384,aa197_plan_opt,1,4,"{'first layer': ['C', 'C'], 'second layer': ['N']}",667,1,1
Styrene_RH_Sub27_C3_H4,2,3,114.3746044650031,Styrene_RH_Sub27,7,7,"{'first layer': ['C', 'C'], 'second layer': []}",3450,1,1
5Hexen1ol_RH_Sub14_C8_H19,7,18,122.22691419250197,5Hexen1ol_RH_Sub14,2,2,"{'first layer': ['C'], 'second layer': ['O']}",40,1,1
Benzeneethaneamine_o_RH_Sub8_C13_H17,12,16,117.87771483003468,Benzeneethaneamine_o_RH_Sub8,4,4,"{'first layer': ['C', 'C'], 'second layer': []}",3450,1,1
Ethene_RH_Sub14_C1_H2,0,1,122.1031674274868,Ethene_RH_Sub14,1,3,"{'first layer': ['C'], 'second layer': ['O']}",40,1,1
aa9_plan_opt_C2_H7,1,6,118.27021419752668,aa9_plan_opt,3,9,"{'first layer': ['C', 'C'], 'second layer': []}",3450,1,1
Benzeneethanamine_o_RH_Sub33_C12_H15,11,14,117.3333246950196,Benzeneethanamine_o_RH_Sub33,2,5,"{'first layer': ['C', 'C'], 'second layer': []}",3450,1,1
5Hexen1thiol_RH_Sub43_C8_H9,7,8,118.37134774500556,5Hexen1thiol_RH_Sub43,1,3,"{'first layer': ['C'], 'second layer': []}",656,1,1
Benzeneethaneamine_o_RH_Sub35_C12_H15,11,14,117.4291119424663,Benzeneethaneamine_o_RH_Sub35,1,5,"{'first layer': ['C', 'C'], 'second layer': []}",3450,1,1
aa326_plan_opt_C21_H26,20,25,117.55225881749423,aa326_plan_opt,1,9,"{'first layer': ['C', 'C'], 'second layer': []}",3450,1,1
aa261_plan_opt_C19_H22,18,21,117.43680760247884,aa261_plan_opt,8,8,"{'first layer': ['C', 'C'], 'second layer': []}",3450,1,1
aa279_plan_opt_C9_H24,8,23,117.66774077996983,aa279_plan_opt,2,10,"{'first layer': ['C', 'C'], 'second layer': []}",3450,1,1
Toluene_RH_Sub14_C2_H11,1,10,119.31793337752126,Toluene_RH_Sub14,2,5,"{'first layer': ['C', 'C'], 'second layer': ['O']}",198,1,1
aa7_plan_opt_C7_H12,6,11,118.03444738743224,aa7_plan_opt,4,9,"{'first layer': ['C', 'C'], 'second layer': []}",3450,1,1
aa163_opt_C17_H24,16,23,117.44259001500026,aa163_opt,2,6,"{'first layer': ['C', 'C'], 'second layer': []}",3450,1,1
aa245_opt_C4_H23,3,22,118.03119379995508,aa245_opt,4,8,"{'first layer': ['C', 'C'], 'second layer': []}",3450,1,1
aa333_opt_C23_H28,22,27,117.46113828756135,aa333_opt,6,9,"{'first layer': ['C', 'C'], 'second layer': []}",3450,1,1
aa156_plan_opt_C14_H21,13,20,116.37407611248165,aa156_plan_opt,8,10,"{'first layer': ['C', 'C'], 'second layer': []}",3450,1,1
aa81_opt_C2_H7,1,6,117.6724896999704,aa81_opt,7,7,"{'first layer': ['C', 'C'], 'second layer': []}",3450,1,1
3Buten1amine_RH_Sub24_C9_H14,8,13,118.18621202750506,3Buten1amine_RH_Sub24,1,3,"{'first layer': ['C'], 'second layer': []}",656,1,1
Styrene_RH_Sub17_C10_H14,9,13,117.10712851501256,Styrene_RH_Sub17,7,7,"{'first layer': ['C', 'C'], 'second layer': []}",3450,1,1
aa336_plan_opt_C17_H22,16,21,117.93814370752528,aa336_plan_opt,8,9,"{'first layer': ['C', 'C'], 'second layer': []}",3450,1,1
5Hexen1thiol_RH_Sub28_C8_H19,7,18,117.95222794496226,5Hexen1thiol_RH_Sub28,2,3,"{'first layer': ['C'], 'second layer': []}",656,1,1
aa20_plan_opt_C11_H27,10,26,117.0743416399705,aa20_plan_opt,3,15,"{'first layer': ['C', 'C'], 'second layer': []}",3450,1,1
Azulene_RH_Sub3_C4_H9,3,8,115.92565457249292,Azulene_RH_Sub3,2,7,"{'first layer': ['C', 'C'], 'second layer': []}",3450,1,1
aa273_opt_C1_H15,0,14,118.9451287250938,aa273_opt,8,8,"{'first layer': ['C', 'C'], 'second layer': []}",3450,1,1
aa93_opt_C4_H9,3,8,117.71727186499731,aa93_opt,3,4,"{'first layer': ['C', 'C'], 'second layer': []}",3450,1,1
3Buten1ol_RH_Sub36_C8_H9,7,8,117.35066252000507,3Buten1ol_RH_Sub36,3,3,"{'first layer': ['C'], 'second layer': []}",656,1,1
5Hexen1ol_RH_Sub12_C8_H9,7,8,120.95530050252135,5Hexen1ol_RH_Sub12,1,2,"{'first layer': ['C'], 'second layer': ['F']}",26,1,1
aa146_opt_C6_H13,5,12,117.56723347750268,aa146_opt,4,5,"{'first layer': ['C', 'C'], 'second layer': []}",3450,1,1
aa140_plan_opt_C7_H17,6,16,117.24571314500253,aa140_plan_opt,3,5,"{'first layer': ['C', 'C'], 'second layer': []}",3450,1,1
4Penten1amine_RH_Sub21_C7_H8,6,7,117.75849045750805,4Penten1amine_RH_Sub21,1,3,"{'first layer': ['C'], 'second layer': []}",656,1,1
aa223_plan_opt_C5_H16,4,15,118.2376287499946,aa223_plan_opt,7,10,"{'first layer': ['C', 'C'], 'second layer': []}",3450,1,1
3Buten1amine_gamma_RH_Sub40_C10_H14,9,13,115.07543850750778,3Buten1amine_gamma_RH_Sub40,2,3,"{'first layer': ['C', 'C'], 'second layer': ['N']}",667,1,1
aa51_opt_C4_H16,3,15,119.60653631503988,aa51_opt,3,4,"{'first layer': ['C', 'C'], 'second layer': ['O']}",198,1,1
aa49_opt_C2_H7,1,6,119.06649349999212,aa49_opt,1,4,"{'first layer': ['C', 'C'], 'second layer': ['N']}",667,1,1
Styrene_RH_Sub4_C7_H11,6,10,117.06642823751352,Styrene_RH_Sub4,1,7,"{'first layer': ['C', 'C'], 'second layer': []}",3450,1,1
aa80_opt_C4_H9,3,8,117.21588806995584,aa80_opt,3,7,"{'first layer': ['C', 'C'], 'second layer': []}",3450,1,1
aa80_plan_opt_C15_H19,14,18,119.58031811001518,aa80_plan_opt,3,7,"{'first layer': ['C', 'C'], 'second layer': ['N', 'N']}",21,1,1
Azulene_RH_C1_H18,0,17,115.63796527501424,Azulene_RH,7,8,"{'first layer': ['C', 'C'], 'second layer': []}",3450,1,1
aa237_opt_C18_H33,17,32,118.83893062502808,aa237_opt,1,6,"{'first layer': ['C', 'C'], 'second layer': []}",3450,1,1
aa337_plan_opt_C21_H26,20,25,118.90710724505112,aa337_plan_opt,2,8,"{'first layer': ['C', 'C'], 'second layer': []}",3450,1,1
Benzeneethanamine_o_RH_Sub30_C11_H20,10,19,117.53511614501376,Benzeneethanamine_o_RH_Sub30,3,5,"{'first layer': ['C', 'C'], 'second layer': []}",3450,1,1
2Ethen1thiol_RH_Sub12_C5_H7,4,6,122.6544763775081,2Ethen1thiol_RH_Sub12,2,2,"{'first layer': ['C'], 'second layer': ['F', 'S']}",2,1,1
Benzeneethaneamine_o_RH_Sub25_C14_H18,13,17,118.91481733748236,Benzeneethaneamine_o_RH_Sub25,3,4,"{'first layer': ['C', 'C'], 'second layer': ['Cl']}",92,1,1
2Propen1ol_RH_C8_H10,7,9,119.12445379249696,2Propen1ol_RH,3,3,"{'first layer': ['C'], 'second layer': []}",656,1,1
aa336_opt_C5_H10,4,9,119.3808797850329,aa336_opt,3,9,"{'first layer': ['C', 'C'], 'second layer': ['O', 'N']}",0,1,1
aa82_plan_opt_C17_H22,16,21,117.6301754925251,aa82_plan_opt,10,10,"{'first layer': ['C', 'C'], 'second layer': []}",3450,1,1
3Buten1thiol_RH_Sub29_C6_H7,5,6,113.37487021005074,3Buten1thiol_RH_Sub29,3,3,"{'first layer': ['C', 'C'], 'second layer': []}",3450,1,1
Styrene_RH_Sub20_C10_H14,9,13,117.40317360251382,Styrene_RH_Sub20,8,8,"{'first layer': ['C', 'C'], 'second layer': []}",3450,1,1
aa338_opt_C24_H29,23,28,117.85075931253148,aa338_opt,6,9,"{'first layer': ['C', 'C'], 'second layer': []}",3450,1,1
Benzamide_o_N_RH_Sub6_C9_H13,8,12,117.96769205500226,Benzamide_o_N_RH_Sub6,1,4,"{'first layer': ['C', 'C'], 'second layer': []}",3450,1,1
Benzeneethanamine_o_RH_Sub4_C16_H19,15,18,117.306785210004,Benzeneethanamine_o_RH_Sub4,1,4,"{'first layer': ['C', 'C'], 'second layer': []}",3450,1,1
3Buten1amine_RH_Sub4_C7_H8,6,7,115.86498661749816,3Buten1amine_RH_Sub4,1,2,"{'first layer': ['C', 'C'], 'second layer': ['O']}",198,1,1
Benzeneethanamine_o_RH_Sub11_C11_H20,10,19,119.15748350998555,Benzeneethanamine_o_RH_Sub11,2,4,"{'first layer': ['C', 'C'], 'second layer': []}",3450,1,1
2Phenylpyridine_RH_Sub5_C12_H21,11,20,118.84724186252242,2Phenylpyridine_RH_Sub5,4,9,"{'first layer': ['C', 'C'], 'second layer': []}",3450,1,1
aa122_opt_C3_H8,2,7,117.2453335075224,aa122_opt,1,5,"{'first layer': ['C', 'C'], 'second layer': []}",3450,1,1
Cyclopentene_RH_Sub25_C1_H7,0,6,122.73769228999812,Cyclopentene_RH_Sub25,1,3,"{'first layer': ['C', 'C'], 'second layer': ['Cl']}",92,1,1
3Buten1amine_RH_Sub23_C9_H10,8,9,117.71273002001834,3Buten1amine_RH_Sub23,1,3,"{'first layer': ['C'], 'second layer': []}",656,1,1
Benzeneethaneamine_o_RH_Sub36_C12_H15,11,14,117.00652018497236,Benzeneethaneamine_o_RH_Sub36,1,5,"{'first layer': ['C', 'C'], 'second layer': []}",3450,1,1
aa326_opt_C22_H27,21,26,117.72107200497288,aa326_opt,4,9,"{'first layer': ['C', 'C'], 'second layer': []}",3450,1,1
aa164_opt_C6_H14,5,13,101.65293991751398,aa164_opt,7,7,"{'first layer': ['C', 'N'], 'second layer': []}",0,1,1
2Propen1amine_RH_Sub18_C9_H11,8,10,121.40869121499988,2Propen1amine_RH_Sub18,2,2,"{'first layer': ['C'], 'second layer': ['N']}",76,1,1
aa67_opt_C6_H11,5,10,117.27513473746455,aa67_opt,2,4,"{'first layer': ['C', 'C'], 'second layer': []}",3450,1,1
Styrene_RH_Sub25_C1_H2,0,1,117.6015351375051,Styrene_RH_Sub25,7,7,"{'first layer': ['C'], 'second layer': []}",656,1,1
Azulene_RH_Sub10_C7_H13,6,12,121.98409804747968,Azulene_RH_Sub10,3,8,"{'first layer': ['C', 'C'], 'second layer': []}",3450,1,1
aa279_opt_C14_H28,13,27,111.997157565026,aa279_opt,4,10,"{'first layer': ['N', 'C'], 'second layer': []}",64,1,1
aa23_opt_C13_H18,12,17,117.56063531501184,aa23_opt,1,5,"{'first layer': ['C', 'C'], 'second layer': []}",3450,1,1
Naphtalene_2_RH_Sub22_C16_H17,15,16,117.9795267049738,Naphtalene_2_RH_Sub22,4,7,"{'first layer': ['C', 'C'], 'second layer': []}",3450,1,1
3Buten1amine_gamma_RH_Sub35_C10_H14,9,13,114.10056893994806,3Buten1amine_gamma_RH_Sub35,3,3,"{'first layer': ['C', 'C'], 'second layer': ['Cl']}",92,1,1
Thiobenzoicacid_RH_Sub35_C11_H14,10,13,117.98504745001594,Thiobenzoicacid_RH_Sub35,1,4,"{'first layer': ['C', 'C'], 'second layer': []}",3450,1,1
Naphtalene_2_RH_Sub5_C14_H15,13,14,117.90869199495376,Naphtalene_2_RH_Sub5,5,7,"{'first layer': ['C', 'C'], 'second layer': []}",3450,1,1
aa20_plan_opt_C18_H33,17,32,117.594325789986,aa20_plan_opt,7,15,"{'first layer': ['C', 'C'], 'second layer': []}",3450,1,1
aa282_plan_opt_C1_H29,0,28,119.76551344002728,aa282_plan_opt,4,8,"{'first layer': ['C', 'C'], 'second layer': []}",3450,1,1
Thiobenzoicacid_RH_Sub20_C6_H15,5,14,118.33427943751276,Thiobenzoicacid_RH_Sub20,4,4,"{'first layer': ['C', 'C'], 'second layer': []}",3450,1,1
aa331_plan2_opt_C6_H11,5,10,117.21333728253684,aa331_plan2_opt,3,8,"{'first layer': ['C', 'C'], 'second layer': []}",3450,1,1
aa126_opt_C2_H6,1,5,117.22828433255188,aa126_opt,6,6,"{'first layer': ['C', 'C'], 'second layer': ['N']}",667,1,1
Toluene_RH_Sub12_C4_H12,3,11,117.758489829979,Toluene_RH_Sub12,1,5,"{'first layer': ['C', 'C'], 'second layer': []}",3450,1,1
Benzoicacid_RH_Sub16_C7_H10,6,9,119.45559683751526,Benzoicacid_RH_Sub16,2,4,"{'first layer': ['C', 'C'], 'second layer': []}",3450,1,1
aa20_plan_opt_C13_H29,12,28,116.8408928149742,aa20_plan_opt,2,15,"{'first layer': ['C', 'C'], 'second layer': []}",3450,1,1
2Ethen1amine_RH_Sub6_C6_H8,5,7,115.82971735250928,2Ethen1amine_RH_Sub6,1,2,"{'first layer': ['C', 'C'], 'second layer': ['N']}",667,1,1
3Buten1thiol_RH_Sub17_C8_H9,7,8,119.49914533753372,3Buten1thiol_RH_Sub17,1,2,"{'first layer': ['C'], 'second layer': ['N']}",76,1,1
Toluene_RH_Sub16_C3_H7,2,6,117.21995301498453,Toluene_RH_Sub16,1,5,"{'first layer': ['C', 'C'], 'second layer': []}",3450,1,1
Naphtalene_2_RH_Sub26_C3_H9,2,8,117.5784161550206,Naphtalene_2_RH_Sub26,5,7,"{'first layer': ['C', 'C'], 'second layer': []}",3450,1,1
aa292_opt_C1_H6,0,5,118.10302058747028,aa292_opt,5,5,"{'first layer': ['C', 'C'], 'second layer': []}",3450,1,1
aa289_plan_opt_C6_H16,5,15,117.27656480996473,aa289_plan_opt,1,4,"{'first layer': ['C', 'C'], 'second layer': []}",3450,1,1
aa69_plan_opt_C3_H8,2,7,121.30251319500717,aa69_plan_opt,2,7,"{'first layer': ['C', 'N'], 'second layer': []}",0,1,1
Benzamide_o_N_RH_Sub38_C9_H13,8,12,118.26257815002576,Benzamide_o_N_RH_Sub38,2,4,"{'first layer': ['C', 'C'], 'second layer': []}",3450,1,1
aa59_plan_opt_C6_H11,5,10,116.0588383100287,aa59_plan_opt,3,5,"{'first layer': ['C', 'C'], 'second layer': ['N']}",667,1,1
aa315_opt_C16_H25,15,24,117.9963581374642,aa315_opt,3,9,"{'first layer': ['C', 'C'], 'second layer': []}",3450,1,1
3Buten1amine_RH_Sub16_C9_H10,8,9,117.4896832624843,3Buten1amine_RH_Sub16,1,2,"{'first layer': ['C'], 'second layer': []}",656,1,1
3Buten1ol_RH_Sub17_C8_H9,7,8,119.3821523549866,3Buten1ol_RH_Sub17,2,2,"{'first layer': ['C'], 'second layer': ['N']}",76,1,1
2Propen1thiol_RH_Sub5_C8_H10,7,9,114.43648098498642,2Propen1thiol_RH_Sub5,1,2,"{'first layer': ['Cl', 'C'], 'second layer': []}",14,1,1
Naphtalene_2_RH_Sub13_C5_H7,4,6,118.03694170002046,Naphtalene_2_RH_Sub13,6,7,"{'first layer': ['C', 'C'], 'second layer': []}",3450,1,1
Naphtalene_2_RH_Sub23_C5_H7,4,6,119.06594757498708,Naphtalene_2_RH_Sub23,7,7,"{'first layer': ['C', 'C'], 'second layer': []}",3450,1,1
Cyclopentene_RH_Sub15_C1_H7,0,6,120.75804964251944,Cyclopentene_RH_Sub15,1,3,"{'first layer': ['C', 'C'], 'second layer': []}",3450,1,1
5Hexen1ol_RH_Sub29_C6_H7,5,6,113.5020456349929,5Hexen1ol_RH_Sub29,2,3,"{'first layer': ['C', 'C'], 'second layer': []}",3450,1,1
aa81_opt_C14_H18,13,17,110.50389267748416,aa81_opt,2,7,"{'first layer': ['C', 'N'], 'second layer': []}",0,1,1
aa185_plan_opt_C5_H14,4,13,117.5258379300442,aa185_plan_opt,4,5,"{'first layer': ['C', 'C'], 'second layer': []}",3450,1,1
Benzeneethaneamine_o_RH_Sub19_C16_H19,15,18,117.35401776251294,Benzeneethaneamine_o_RH_Sub19,3,4,"{'first layer': ['C', 'C'], 'second layer': []}",3450,1,1
aa303_opt_C29_H30,28,29,117.42585647250904,aa303_opt,4,4,"{'first layer': ['C', 'C'], 'second layer': []}",3450,1,1
aa198_opt_C12_H27,11,26,118.43539917999492,aa198_opt,1,8,"{'first layer': ['C', 'C'], 'second layer': ['N']}",667,1,1
5Hexen1thiol_RH_Sub10_C8_H19,7,18,118.1118043325327,5Hexen1thiol_RH_Sub10,1,3,"{'first layer': ['C'], 'second layer': []}",656,1,1
3Buten1thiol_RH_Sub35_C8_H13,7,12,118.07115299997974,3Buten1thiol_RH_Sub35,3,3,"{'first layer': ['C'], 'second layer': []}",656,1,1
3Buten1ol_RH_Sub4_C6_H7,5,6,116.26676294500868,3Buten1ol_RH_Sub4,2,2,"{'first layer': ['C', 'C'], 'second layer': ['O']}",198,1,1
aa88_plan_opt_C6_H11,5,10,117.35406858993912,aa88_plan_opt,3,5,"{'first layer': ['C', 'C'], 'second layer': ['N']}",667,1,1
Benzeneethaneamine_o_RH_Sub3_C14_H18,13,17,118.08611636496494,Benzeneethaneamine_o_RH_Sub3,1,4,"{'first layer': ['C', 'C'], 'second layer': []}",3450,1,1
aa16_plan_opt_C6_H11,5,10,119.02771274498916,aa16_plan_opt,5,11,"{'first layer': ['C', 'C'], 'second layer': ['N']}",667,1,1
Styrene_RH_Sub8_C1_H16,0,15,118.95079818748997,Styrene_RH_Sub8,3,7,"{'first layer': ['C'], 'second layer': []}",656,1,1
Thiobenzoicacid_RH_Sub30_C7_H10,6,9,119.7855281800247,Thiobenzoicacid_RH_Sub30,1,5,"{'first layer': ['C', 'C'], 'second layer': []}",3450,1,1
Naphtalene_2_RH_Sub18_C10_H11,9,10,117.63315423498398,Naphtalene_2_RH_Sub18,6,7,"{'first layer': ['C', 'C'], 'second layer': []}",3450,1,1
3Buten1amine_RH_Sub4_C9_H14,8,13,114.81251914499636,3Buten1amine_RH_Sub4,2,2,"{'first layer': ['O', 'C'], 'second layer': []}",17,1,1
5Hexen1thiol_RH_Sub36_C8_H9,7,8,117.77737444251444,5Hexen1thiol_RH_Sub36,1,3,"{'first layer': ['C'], 'second layer': []}",656,1,1
aa69_plan_opt_C12_H17,11,16,117.91903005752218,aa69_plan_opt,5,7,"{'first layer': ['C', 'C'], 'second layer': []}",3450,1,1
Azulene_RH_Sub10_C11_H15,10,14,121.98435657749216,Azulene_RH_Sub10,4,8,"{'first layer': ['C', 'C'], 'second layer': []}",3450,1,1
aa282_plan2_opt_C12_H25,11,24,118.68389168998306,aa282_plan2_opt,1,8,"{'first layer': ['C', 'C'], 'second layer': []}",3450,1,1
3Buten1amine_gamma_RH_Sub22_C10_H14,9,13,114.28115842001604,3Buten1amine_gamma_RH_Sub22,2,3,"{'first layer': ['C', 'C'], 'second layer': []}",3450,1,1
aa336_plan_opt_C21_H26,20,25,117.86462580748832,aa336_plan_opt,6,9,"{'first layer': ['C', 'C'], 'second layer': []}",3450,1,1
aa158_plan_opt_C10_H19,9,18,120.03207544000348,aa158_plan_opt,4,8,"{'first layer': ['C'], 'second layer': []}",656,1,1
3Buten1ol_RH_Sub31_C8_H9,7,8,118.11840814249948,3Buten1ol_RH_Sub31,1,3,"{'first layer': ['C'], 'second layer': []}",656,1,1
Benzeneethaneamine_o_RH_Sub13_C14_H18,13,17,117.76380287250618,Benzeneethaneamine_o_RH_Sub13,2,4,"{'first layer': ['C', 'C'], 'second layer': []}",3450,1,1
aa179_plan_opt_C8_H14,7,13,119.29069297499892,aa179_plan_opt,2,4,"{'first layer': ['C', 'C'], 'second layer': ['Cl']}",92,1,1
Naphtalene_2_RH_Sub20_C12_H13,11,12,117.62418161249286,Naphtalene_2_RH_Sub20,3,8,"{'first layer': ['C', 'C'], 'second layer': []}",3450,1,1
5Hexen1thiol_RH_Sub23_C8_H9,7,8,117.87111980493933,5Hexen1thiol_RH_Sub23,2,3,"{'first layer': ['C'], 'second layer': []}",656,1,1
aa149_opt_C18_H20,17,19,117.65568964250492,aa149_opt,3,5,"{'first layer': ['C', 'C'], 'second layer': []}",3450,1,1
Thiobenzoicacid_RH_Sub24_C9_H13,8,12,119.623120512434,Thiobenzoicacid_RH_Sub24,4,4,"{'first layer': ['C', 'C'], 'second layer': ['O']}",198,1,1
4Penten1amine_RH_Sub33_C7_H17,6,16,117.87181068251655,4Penten1amine_RH_Sub33,2,3,"{'first layer': ['C'], 'second layer': []}",656,1,1
Cyclopentene_RH_Sub11_C3_H11,2,10,122.42131118247286,Cyclopentene_RH_Sub11,1,3,"{'first layer': ['C', 'C'], 'second layer': []}",3450,1,1
aa20_plan_opt_C6_H23,5,22,117.50863187994923,aa20_plan_opt,5,15,"{'first layer': ['C', 'C'], 'second layer': []}",3450,1,1
aa285_plan_opt_C16_H30,15,29,117.43236490252144,aa285_plan_opt,8,15,"{'first layer': ['C', 'C'], 'second layer': []}",3450,1,1
aa106_opt_C5_H10,4,9,117.01219780499628,aa106_opt,2,5,"{'first layer': ['C', 'C'], 'second layer': []}",3450,1,1
Azulene_RH_Sub13_C3_H17,2,16,114.684719985016,Azulene_RH_Sub13,4,7,"{'first layer': ['C', 'C'], 'second layer': []}",3450,1,1
Naphtalene_2_RH_Sub2_C16_H17,15,16,118.65479639749452,Naphtalene_2_RH_Sub2,5,7,"{'first layer': ['C', 'C'], 'second layer': []}",3450,1,1
aa288_opt_C5_H16,4,15,117.3622813099766,aa288_opt,3,4,"{'first layer': ['C', 'C'], 'second layer': []}",3450,1,1
aa233_plan_opt_C24_H11,23,10,117.24318369250057,aa233_plan_opt,2,2,"{'first layer': ['O', 'C'], 'second layer': []}",17,1,1
aa211_opt_C11_H16,10,15,117.52586114751269,aa211_opt,5,5,"{'first layer': ['C', 'C'], 'second layer': ['N']}",667,1,1
aa96_plan_opt_C6_H11,5,10,115.08612357750906,aa96_plan_opt,1,5,"{'first layer': ['C', 'C'], 'second layer': []}",3450,1,1
aa283_opt_C13_H23,12,22,117.56443043496915,aa283_opt,3,6,"{'first layer': ['C', 'C'], 'second layer': []}",3450,1,1
5Hexen1thiol_RH_Sub35_C8_H9,7,8,117.98763274992666,5Hexen1thiol_RH_Sub35,1,3,"{'first layer': ['C'], 'second layer': []}",656,1,1
Benzeneethaneamine_o_RH_Sub35_C11_H20,10,19,117.343857909986,Benzeneethaneamine_o_RH_Sub35,5,5,"{'first layer': ['C', 'C'], 'second layer': []}",3450,1,1
aa76_opt_C14_H18,13,17,111.18932975248782,aa76_opt,3,9,"{'first layer': ['C', 'N'], 'second layer': []}",0,1,1
3Buten1amine_gamma_RH_Sub35_C11_H12,10,11,118.65726184495998,3Buten1amine_gamma_RH_Sub35,1,3,"{'first layer': ['C'], 'second layer': []}",656,1,1
Thiobenzoicacid_RH_Sub26_C6_H15,5,14,117.01799402255006,Thiobenzoicacid_RH_Sub26,4,4,"{'first layer': ['C', 'C'], 'second layer': []}",3450,1,1
aa257_plan_opt_C1_H23,0,22,119.31868010250724,aa257_plan_opt,2,5,"{'first layer': ['C', 'C'], 'second layer': []}",3450,1,1
Benzeneethanamine_o_RH_Sub13_C16_H19,15,18,118.8476378149727,Benzeneethanamine_o_RH_Sub13,4,4,"{'first layer': ['C', 'C'], 'second layer': []}",3450,1,1
aa287_plan_opt_C2_H13,1,12,118.8752271074793,aa287_plan_opt,4,5,"{'first layer': ['C', 'C'], 'second layer': []}",3450,1,1
aa103_opt_C3_H8,2,7,117.45405883252404,aa103_opt,1,8,"{'first layer': ['C', 'C'], 'second layer': []}",3450,1,1
aa328_plan_opt_C24_H29,23,28,118.65523815753107,aa328_plan_opt,8,8,"{'first layer': ['C', 'C'], 'second layer': []}",3450,1,1
aa327_opt_C20_H25,19,24,117.8715678400522,aa327_opt,4,9,"{'first layer': ['C', 'C'], 'second layer': []}",3450,1,1
Thiobenzoicacid_RH_Sub27_C9_H13,8,12,118.14354265503482,Thiobenzoicacid_RH_Sub27,3,4,"{'first layer': ['C', 'C'], 'second layer': ['N']}",667,1,1
Azulene_RH_Sub3_C1_H18,0,17,115.9252360299962,Azulene_RH_Sub3,1,7,"{'first layer': ['C', 'C'], 'second layer': []}",3450,1,1
aa314_plan_opt_C6_H15,5,14,117.70071213998705,aa314_plan_opt,3,4,"{'first layer': ['C', 'C'], 'second layer': []}",3450,1,1
aa308_plan_opt_C6_H20,5,19,117.22077315744316,aa308_plan_opt,3,4,"{'first layer': ['C', 'C'], 'second layer': []}",3450,1,1
aa335_plan_opt_C23_H28,22,27,117.65543676003972,aa335_plan_opt,5,8,"{'first layer': ['C', 'C'], 'second layer': []}",3450,1,1
aa198_plan_opt_C1_H19,0,18,118.22250286251602,aa198_plan_opt,4,8,"{'first layer': ['C', 'C'], 'second layer': ['N']}",667,1,1
aa140_plan_opt_C1_H14,0,13,116.18317053250536,aa140_plan_opt,1,5,"{'first layer': ['C', 'C'], 'second layer': ['N']}",667,1,1
aa98_opt_C5_H10,4,9,117.7922857249797,aa98_opt,1,9,"{'first layer': ['C', 'C'], 'second layer': []}",3450,1,1
Azulene_RH_Sub6_C7_H13,6,12,121.82605087750233,Azulene_RH_Sub6,1,7,"{'first layer': ['C', 'C'], 'second layer': []}",3450,1,1
aa330_plan_opt_C21_H26,20,25,119.5696462174459,aa330_plan_opt,9,9,"{'first layer': ['C', 'C'], 'second layer': []}",3450,1,1
Benzeneethaneamine_o_RH_Sub1_C13_H17,12,16,117.64733573499812,Benzeneethaneamine_o_RH_Sub1,1,4,"{'first layer': ['C', 'C'], 'second layer': []}",3450,1,1
aa149_opt_C17_H19,16,18,117.37173899004574,aa149_opt,4,5,"{'first layer': ['C', 'C'], 'second layer': []}",3450,1,1
aa7_opt_C6_H11,5,10,117.99641210253554,aa7_opt,6,9,"{'first layer': ['C', 'C'], 'second layer': []}",3450,1,1
Azulene_RH_Sub14_C3_H17,2,16,114.82103808500568,Azulene_RH_Sub14,2,7,"{'first layer': ['C', 'C'], 'second layer': []}",3450,1,1
Benzamide_o_N_RH_Sub6_C10_H14,9,13,117.48969267499176,Benzamide_o_N_RH_Sub6,3,4,"{'first layer': ['C', 'C'], 'second layer': []}",3450,1,1
2Propen1thiol_RH_Sub10_C8_H10,7,9,118.11918875255516,2Propen1thiol_RH_Sub10,1,3,"{'first layer': ['C'], 'second layer': []}",656,1,1
aa306_opt_C5_H27,4,26,117.37950994997531,aa306_opt,4,4,"{'first layer': ['C', 'C'], 'second layer': []}",3450,1,1
aa297_plan_opt_C5_H17,4,16,117.37941456998529,aa297_plan_opt,4,4,"{'first layer': ['C', 'C'], 'second layer': []}",3450,1,1
Benzeneethanamine_o_RH_Sub39_C11_H20,10,19,117.47273072252624,Benzeneethanamine_o_RH_Sub39,5,5,"{'first layer': ['C', 'C'], 'second layer': []}",3450,1,1
aa327_opt_C5_H10,4,9,117.6892157125056,aa327_opt,9,9,"{'first layer': ['C', 'C'], 'second layer': ['N']}",667,1,1
aa253_plan_opt_C1_H25,0,24,120.07239858999584,aa253_plan_opt,2,3,"{'first layer': ['C', 'C'], 'second layer': []}",3450,1,1
2Phenylpyridine_RH_Sub4_C17_H20,16,19,117.01068803998282,2Phenylpyridine_RH_Sub4,3,8,"{'first layer': ['C', 'C'], 'second layer': []}",3450,1,1
aa189_opt_C1_H16,0,15,119.000441594971,aa189_opt,4,4,"{'first layer': ['C', 'C'], 'second layer': ['N']}",667,1,1
Thiobenzoicacid_RH_Sub8_C6_H15,5,14,118.82102303000435,Thiobenzoicacid_RH_Sub8,2,4,"{'first layer': ['C', 'C'], 'second layer': []}",3450,1,1
Naphtalene_2_RH_Sub3_C14_H15,13,14,118.3383299500514,Naphtalene_2_RH_Sub3,4,7,"{'first layer': ['C', 'C'], 'second layer': []}",3450,1,1
aa16_opt_C19_H24,18,23,117.4221059050086,aa16_opt,8,11,"{'first layer': ['C', 'C'], 'second layer': []}",3450,1,1
Benzoicacid_RH_Sub7_C8_H12,7,11,119.16782659250087,Benzoicacid_RH_Sub7,2,4,"{'first layer': ['C', 'C'], 'second layer': []}",3450,1,1
aa86_opt_C15_H19,14,18,117.90715712999172,aa86_opt,4,7,"{'first layer': ['C', 'C'], 'second layer': ['N']}",667,1,1
aa224_plan_opt_C3_H14,2,13,104.14009452503734,aa224_plan_opt,3,10,"{'first layer': ['N', 'C'], 'second layer': []}",64,1,1
aa14_opt_C3_H8,2,7,116.97483708252832,aa14_opt,10,10,"{'first layer': ['C', 'C'], 'second layer': []}",3450,1,1
Toluene_RH_C3_H7,2,6,117.30246989248356,Toluene_RH,4,5,"{'first layer': ['C', 'C'], 'second layer': []}",3450,1,1
aa328_opt_C6_H11,5,10,117.2592840875174,aa328_opt,4,8,"{'first layer': ['C', 'C'], 'second layer': []}",3450,1,1
aa179_plan_opt_C1_H11,0,10,118.54056566998425,aa179_plan_opt,3,4,"{'first layer': ['C', 'C'], 'second layer': ['N']}",667,1,1
aa97_opt_C2_H7,1,6,119.59847607745928,aa97_opt,2,8,"{'first layer': ['C', 'C'], 'second layer': []}",3450,1,1
aa57_opt_C4_H9,3,8,117.52527631749103,aa57_opt,3,4,"{'first layer': ['C', 'C'], 'second layer': []}",3450,1,1
Styrene_RH_Sub11_C1_H16,0,15,118.92337769248172,Styrene_RH_Sub11,4,7,"{'first layer': ['C'], 'second layer': []}",656,1,1
Azulene_RH_Sub23_C7_H13,6,12,122.2585270150472,Azulene_RH_Sub23,1,7,"{'first layer': ['C', 'C'], 'second layer': []}",3450,1,1
5Hexen1ol_RH_Sub22_C6_H7,5,6,113.7320036775236,5Hexen1ol_RH_Sub22,2,3,"{'first layer': ['C', 'C'], 'second layer': []}",3450,1,1
4Penten1amine_RH_Sub18_C9_H10,8,9,113.36940280251524,4Penten1amine_RH_Sub18,1,3,"{'first layer': ['C', 'C'], 'second layer': []}",3450,1,1
aa153_opt_C2_H31,1,30,117.43246593002311,aa153_opt,1,1,"{'first layer': ['C', 'C'], 'second layer': []}",3450,1,1
aa146_opt_C5_H12,4,11,118.34068307499194,aa146_opt,2,5,"{'first layer': ['C', 'C'], 'second layer': ['N']}",667,1,1
aa248_plan_opt_C11_H16,10,15,117.50585017247543,aa248_plan_opt,1,5,"{'first layer': ['C', 'C'], 'second layer': []}",3450,1,1
aa168_opt_C21_H12,20,11,113.39928560752212,aa168_opt,3,10,"{'first layer': ['C', 'C'], 'second layer': []}",3450,1,1
Azulene_RH_Sub8_C8_H14,7,13,114.94242168499028,Azulene_RH_Sub8,6,7,"{'first layer': ['C', 'C'], 'second layer': []}",3450,1,1
aa7_opt_C20_H25,19,24,117.73974138500164,aa7_opt,3,9,"{'first layer': ['C', 'C'], 'second layer': []}",3450,1,1
5Hexen1ol_RH_Sub34_C6_H7,5,6,113.83700325249464,5Hexen1ol_RH_Sub34,2,3,"{'first layer': ['C', 'C'], 'second layer': []}",3450,1,1
aa96_opt_C3_H8,2,7,117.54091800993648,aa96_opt,1,5,"{'first layer': ['C', 'C'], 'second layer': []}",3450,1,1
aa62_opt_C4_H9,3,8,117.9706933875076,aa62_opt,2,5,"{'first layer': ['C', 'C'], 'second layer': []}",3450,1,1
Benzamide_o_N_RH_Sub14_C12_H15,11,14,117.92977097496788,Benzamide_o_N_RH_Sub14,1,4,"{'first layer': ['C', 'C'], 'second layer': ['O']}",198,1,1
aa60_plan_opt_C4_H9,3,8,117.88756155998442,aa60_plan_opt,1,5,"{'first layer': ['C', 'C'], 'second layer': []}",3450,1,1
2Propen1thiol_RH_C6_H7,5,6,113.63628106246408,2Propen1thiol_RH,3,3,"{'first layer': ['C', 'C'], 'second layer': ['S']}",19,1,1
2Propen1amine_RH_Sub13_C9_H10,8,9,120.03933687000682,2Propen1amine_RH_Sub13,2,2,"{'first layer': ['C'], 'second layer': []}",656,1,1
Naphtalene_2_RH_Sub7_C6_H8,5,7,117.5753470524829,Naphtalene_2_RH_Sub7,2,7,"{'first layer': ['C', 'C'], 'second layer': []}",3450,1,1
aa158_opt_C8_H14,7,13,117.58798929501012,aa158_opt,6,8,"{'first layer': ['C', 'C'], 'second layer': []}",3450,1,1
Benzoicacid_RH_Sub21_C6_H15,5,14,119.25275432500769,Benzoicacid_RH_Sub21,2,4,"{'first layer': ['C', 'C'], 'second layer': []}",3450,1,1
3Buten1amine_RH_Sub38_C7_H8,6,7,115.05010633249398,3Buten1amine_RH_Sub38,3,3,"{'first layer': ['C', 'C'], 'second layer': ['N']}",667,1,1
3Buten1amine_gamma_RH_Sub21_C10_H14,9,13,114.64173372500838,3Buten1amine_gamma_RH_Sub21,2,3,"{'first layer': ['C', 'C'], 'second layer': []}",3450,1,1
Toluene_RH_Sub3_C5_H8,4,7,118.40810794997508,Toluene_RH_Sub3,1,4,"{'first layer': ['C', 'C'], 'second layer': []}",3450,1,1
aa113_plan_opt_C2_H7,1,6,117.77897080250384,aa113_plan_opt,3,4,"{'first layer': ['C', 'C'], 'second layer': []}",3450,1,1
aa281_plan_opt_C9_H28,8,27,117.65218882000283,aa281_plan_opt,4,8,"{'first layer': ['C', 'C'], 'second layer': []}",3450,1,1
2Ethen1ol_RH_Sub4_C3_H4,2,3,114.80266488501924,2Ethen1ol_RH_Sub4,2,2,"{'first layer': ['C', 'O'], 'second layer': ['O']}",0,1,1
Benzamide_o_N_RH_Sub8_C10_H14,9,13,120.25409372499922,Benzamide_o_N_RH_Sub8,4,4,"{'first layer': ['C', 'C'], 'second layer': ['N']}",667,1,1
aa107_plan_opt_C3_H8,2,7,117.35670095249418,aa107_plan_opt,3,4,"{'first layer': ['C', 'C'], 'second layer': []}",3450,1,1
aa329_plan_opt_C5_H10,4,9,117.5849565874799,aa329_plan_opt,5,9,"{'first layer': ['C', 'C'], 'second layer': ['N']}",667,1,1
3Buten1thiol_RH_Sub3_C8_H13,7,12,118.98534394505047,3Buten1thiol_RH_Sub3,2,2,"{'first layer': ['C', 'C'], 'second layer': ['F', 'F', 'F']}",14,1,1
Benzeneethanamine_o_RH_Sub32_C11_H20,10,19,117.68964304001642,Benzeneethanamine_o_RH_Sub32,1,5,"{'first layer': ['C', 'C'], 'second layer': []}",3450,1,1
aa62_opt_C6_H11,5,10,117.38886471999136,aa62_opt,1,5,"{'first layer': ['C', 'C'], 'second layer': ['N']}",667,1,1
aa76_opt_C11_H23,10,22,117.7424408899887,aa76_opt,2,9,"{'first layer': ['C', 'C'], 'second layer': []}",3450,1,1
aa213_opt_C8_H24,7,23,117.66411320252416,aa213_opt,1,5,"{'first layer': ['C', 'C'], 'second layer': []}",3450,1,1
aa191_opt_C14_H38,13,37,123.51868757480248,aa191_opt,4,6,"{'first layer': ['C', 'C'], 'second layer': ['N']}",667,1,1
Naphtalene_2_RH_Sub11_C16_H17,15,16,118.23122260250628,Naphtalene_2_RH_Sub11,7,7,"{'first layer': ['C', 'C'], 'second layer': []}",3450,1,1
Styrene_RH_Sub26_C6_H9,5,8,117.51766725249011,Styrene_RH_Sub26,2,7,"{'first layer': ['C', 'C'], 'second layer': []}",3450,1,1
aa320_opt_C11_H27,10,26,117.21124959000008,aa320_opt,2,4,"{'first layer': ['C', 'C'], 'second layer': []}",3450,1,1
aa33_opt_C5_H10,4,9,117.23882068498511,aa33_opt,3,4,"{'first layer': ['C', 'C'], 'second layer': []}",3450,1,1
aa333_opt_C22_H27,21,26,117.64429487001848,aa333_opt,7,9,"{'first layer': ['C', 'C'], 'second layer': []}",3450,1,1
aa222_plan_opt_C20_H25,19,24,116.89452021998392,aa222_plan_opt,10,10,"{'first layer': ['C', 'C'], 'second layer': []}",3450,1,1
aa257_plan_opt_C8_H24,7,23,117.60669130497917,aa257_plan_opt,3,5,"{'first layer': ['C', 'C'], 'second layer': []}",3450,1,1
Benzoicacid_RH_Sub35_C11_H14,10,13,117.8747354600111,Benzoicacid_RH_Sub35,1,4,"{'first layer': ['C', 'C'], 'second layer': []}",3450,1,1
aa328_plan_opt_C6_H11,5,10,117.25566153001864,aa328_plan_opt,2,8,"{'first layer': ['C', 'C'], 'second layer': []}",3450,1,1
aa225_plan_opt_C6_H17,5,16,117.51558206999816,aa225_plan_opt,3,5,"{'first layer': ['C', 'C'], 'second layer': []}",3450,1,1
Ethene_RH_Sub18_C1_H2,0,1,120.81516469249225,Ethene_RH_Sub18,3,3,"{'first layer': ['C'], 'second layer': ['N']}",76,1,1
3Buten1amine_gamma_RH_Sub42_C11_H12,10,11,117.936970282504,3Buten1amine_gamma_RH_Sub42,3,3,"{'first layer': ['C'], 'second layer': []}",656,1,1
aa235_opt_C4_H23,3,22,118.29736800500172,aa235_opt,1,9,"{'first layer': ['C', 'C'], 'second layer': []}",3450,1,1
aa336_plan_opt_C7_H12,6,11,117.96969817254563,aa336_plan_opt,5,9,"{'first layer': ['C', 'C'], 'second layer': ['O']}",198,1,1
2Propen1thiol_RH_Sub3_C8_H10,7,9,119.4110656725448,2Propen1thiol_RH_Sub3,2,2,"{'first layer': ['C', 'C'], 'second layer': ['F', 'F', 'F']}",14,1,1
4Penten1amine_RH_Sub23_C7_H8,6,7,117.34208522250654,4Penten1amine_RH_Sub23,2,3,"{'first layer': ['C'], 'second layer': []}",656,1,1
aa298_plan_opt_C8_H14,7,13,116.5994414825002,aa298_plan_opt,5,5,"{'first layer': ['C', 'C'], 'second layer': []}",3450,1,1
Ethene_RH_Sub21_C1_H6,0,5,119.76774483000682,Ethene_RH_Sub21,1,3,"{'first layer': ['C'], 'second layer': []}",656,1,1
2Phenylpyridine_RH_C13_H16,12,15,116.17736490251544,2Phenylpyridine_RH,9,9,"{'first layer': ['C', 'C'], 'second layer': []}",3450,1,1
4Penten1amine_RH_Sub2_C7_H17,6,16,122.33245027997056,4Penten1amine_RH_Sub2,2,2,"{'first layer': ['C'], 'second layer': ['F']}",26,1,1
Benzeneethanamine_o_RH_Sub40_C12_H15,11,14,117.2056642124994,Benzeneethanamine_o_RH_Sub40,1,5,"{'first layer': ['C', 'C'], 'second layer': []}",3450,1,1
aa105_opt_C5_H10,4,9,117.17436325747327,aa105_opt,1,5,"{'first layer': ['C', 'C'], 'second layer': []}",3450,1,1
Cyclopentene_RH_Sub9_C3_H11,2,10,120.14680502998146,Cyclopentene_RH_Sub9,3,4,"{'first layer': ['C', 'C'], 'second layer': []}",3450,1,1
aa232_plan_opt_C1_H15,0,14,115.06951428002368,aa232_plan_opt,9,9,"{'first layer': ['C', 'C'], 'second layer': []}",3450,1,1
Benzeneethanamine_o_RH_Sub27_C13_H17,12,16,117.34186559751066,Benzeneethanamine_o_RH_Sub27,4,4,"{'first layer': ['C', 'C'], 'second layer': ['N']}",667,1,1
Ethene_RH_Sub21_C1_H2,0,1,119.95517280500302,Ethene_RH_Sub21,2,3,"{'first layer': ['C'], 'second layer': []}",656,1,1
Thiobenzoicacid_RH_Sub4_C6_H15,5,14,117.05139522001588,Thiobenzoicacid_RH_Sub4,1,4,"{'first layer': ['C', 'C'], 'second layer': []}",3450,1,1
Cyclopentene_RH_Sub10_C1_H7,0,6,120.78737334500012,Cyclopentene_RH_Sub10,3,4,"{'first layer': ['C', 'C'], 'second layer': []}",3450,1,1
Styrene_RH_Sub16_C1_H2,0,1,117.54214665499802,Styrene_RH_Sub16,3,7,"{'first layer': ['C'], 'second layer': []}",656,1,1
aa20_opt_C4_H9,3,8,117.8597915475342,aa20_opt,5,15,"{'first layer': ['C', 'C'], 'second layer': []}",3450,1,1
aa264_opt_C5_H18,4,17,111.38285200747106,aa264_opt,7,8,"{'first layer': ['C', 'N'], 'second layer': []}",0,1,1
aa91_opt_C4_H9,3,8,117.77299135499732,aa91_opt,1,5,"{'first layer': ['C', 'C'], 'second layer': []}",3450,1,1
2Ethen1amine_RH_Sub22_C6_H7,5,6,121.23694007250556,2Ethen1amine_RH_Sub22,3,3,"{'first layer': ['C'], 'second layer': ['N']}",76,1,1
aa281_plan2_opt_C8_H29,7,28,118.5533509825322,aa281_plan2_opt,2,8,"{'first layer': ['C', 'C'], 'second layer': ['N']}",667,1,1
5Hexen1thiol_RH_Sub39_C8_H19,7,18,117.85119605247844,5Hexen1thiol_RH_Sub39,2,3,"{'first layer': ['C'], 'second layer': []}",656,1,1
Benzeneethanamine_o_RH_Sub24_C13_H17,12,16,118.79661328000893,Benzeneethanamine_o_RH_Sub24,3,4,"{'first layer': ['C', 'C'], 'second layer': ['O']}",198,1,1
3Buten1thiol_RH_Sub18_C8_H9,7,8,120.79666348250412,3Buten1thiol_RH_Sub18,2,2,"{'first layer': ['C'], 'second layer': ['N']}",76,1,1
aa74_plan_opt_C2_H7,1,6,119.3320941700047,aa74_plan_opt,2,5,"{'first layer': ['C', 'C'], 'second layer': []}",3450,1,1
3Buten1ol_RH_Sub11_C8_H13,7,12,119.9009153900036,3Buten1ol_RH_Sub11,1,2,"{'first layer': ['C'], 'second layer': []}",656,1,1
aa20_opt_C6_H11,5,10,118.81496828254512,aa20_opt,11,15,"{'first layer': ['C', 'C'], 'second layer': ['N']}",667,1,1
aa71_opt_C4_H7,3,6,123.4396282225137,aa71_opt,5,6,"{'first layer': ['C', 'N'], 'second layer': []}",0,1,1
aa281_plan_opt_C10_H27,9,26,117.61703187748536,aa281_plan_opt,3,8,"{'first layer': ['C', 'C'], 'second layer': []}",3450,1,1
Toluene_RH_Sub12_C6_H9,5,8,118.59189705248454,Toluene_RH_Sub12,3,5,"{'first layer': ['C', 'C'], 'second layer': []}",3450,1,1
aa314_opt_C10_H21,9,20,117.6120633325246,aa314_opt,2,4,"{'first layer': ['C', 'C'], 'second layer': ['N']}",667,1,1
Benzeneethaneamine_o_RH_Sub12_C11_H20,10,19,119.66076611999242,Benzeneethaneamine_o_RH_Sub12,4,4,"{'first layer': ['C', 'C'], 'second layer': ['F']}",84,1,1
aa232_plan_opt_C12_H17,11,16,117.19867135254503,aa232_plan_opt,3,9,"{'first layer': ['C', 'C'], 'second layer': []}",3450,1,1
3Buten1ol_RH_Sub24_C8_H13,7,12,117.88428977502136,3Buten1ol_RH_Sub24,2,3,"{'first layer': ['C'], 'second layer': []}",656,1,1
aa223_opt_C22_H29,21,28,104.24459586499836,aa223_opt,7,7,"{'first layer': ['N', 'C'], 'second layer': []}",64,1,1
aa67_opt_C7_H12,6,11,117.31282552500886,aa67_opt,4,4,"{'first layer': ['C', 'C'], 'second layer': []}",3450,1,1
aa293_opt_C8_H24,7,23,117.59841395248316,aa293_opt,3,4,"{'first layer': ['C', 'C'], 'second layer': []}",3450,1,1
Styrene_RH_Sub13_C6_H9,5,8,118.9900552150212,Styrene_RH_Sub13,3,7,"{'first layer': ['C', 'C'], 'second layer': []}",3450,1,1
2Phenylpyridine_RH_Sub5_C13_H16,12,15,116.52565313004118,2Phenylpyridine_RH_Sub5,3,9,"{'first layer': ['C', 'C'], 'second layer': []}",3450,1,1
5Hexen1thiol_RH_Sub13_C8_H19,7,18,119.85117346499436,5Hexen1thiol_RH_Sub13,1,2,"{'first layer': ['C'], 'second layer': []}",656,1,1
aa104_opt_C15_H20,14,19,117.37452948249796,aa104_opt,7,7,"{'first layer': ['C', 'C'], 'second layer': []}",3450,1,1
2Propen1thiol_RH_Sub6_C8_H10,7,9,114.27918179501744,2Propen1thiol_RH_Sub6,1,2,"{'first layer': ['C', 'C'], 'second layer': []}",3450,1,1
aa156_plan_opt_C12_H23,11,22,117.73660388500956,aa156_plan_opt,10,10,"{'first layer': ['C', 'C'], 'second layer': []}",3450,1,1
Benzoicacid_RH_Sub1_C11_H14,10,13,118.5008882174762,Benzoicacid_RH_Sub1,3,4,"{'first layer': ['C', 'C'], 'second layer': []}",3450,1,1
aa293_plan_opt_C7_H23,6,22,117.73360067002416,aa293_plan_opt,3,4,"{'first layer': ['C', 'C'], 'second layer': []}",3450,1,1
aa194_plan_opt_C1_H19,0,18,119.16626411747416,aa194_plan_opt,1,3,"{'first layer': ['C', 'C'], 'second layer': ['N']}",667,1,1
2Propen1thiol_RH_Sub20_C8_H10,7,9,121.56370065746444,2Propen1thiol_RH_Sub20,1,2,"{'first layer': ['C'], 'second layer': ['N']}",76,1,1
Naphtalene_2_RH_Sub2_C5_H7,4,6,118.05269069497255,Naphtalene_2_RH_Sub2,1,7,"{'first layer': ['C', 'C'], 'second layer': []}",3450,1,1
aa4_opt_C7_H12,6,11,117.85816067501742,aa4_opt,2,5,"{'first layer': ['C', 'C'], 'second layer': []}",3450,1,1
aa329_plan2_opt_C19_H24,18,23,117.79683510002172,aa329_plan2_opt,7,9,"{'first layer': ['C', 'C'], 'second layer': ['O']}",198,1,1
Cyclopentene_RH_Sub17_C3_H11,2,10,121.77312062500349,Cyclopentene_RH_Sub17,3,3,"{'first layer': ['C', 'C'], 'second layer': ['N']}",667,1,1
aa72_plan_opt_C4_H9,3,8,117.48953077999175,aa72_plan_opt,2,6,"{'first layer': ['C', 'C'], 'second layer': []}",3450,1,1
4Penten1amine_RH_Sub31_C7_H17,6,16,118.06789188251088,4Penten1amine_RH_Sub31,3,3,"{'first layer': ['C'], 'second layer': []}",656,1,1
Naphtalene_2_RH_Sub21_C14_H15,13,14,118.0561212375045,Naphtalene_2_RH_Sub21,1,7,"{'first layer': ['C', 'C'], 'second layer': []}",3450,1,1
aa101_opt_C16_H21,15,20,117.66091609002046,aa101_opt,6,10,"{'first layer': ['C', 'C'], 'second layer': []}",3450,1,1
aa103_opt_C15_H20,14,19,117.46071158750824,aa103_opt,8,8,"{'first layer': ['C', 'C'], 'second layer': []}",3450,1,1
Benzeneethaneamine_o_RH_Sub35_C16_H19,15,18,117.73949289499,Benzeneethaneamine_o_RH_Sub35,4,5,"{'first layer': ['C', 'C'], 'second layer': []}",3450,1,1
2Phenylpyridine_RH_Sub4_C3_H4,2,3,116.95147776751725,2Phenylpyridine_RH_Sub4,8,8,"{'first layer': ['C', 'C'], 'second layer': ['N']}",667,1,1
Benzoicacid_RH_Sub7_C6_H15,5,14,118.93638639498576,Benzoicacid_RH_Sub7,1,4,"{'first layer': ['C', 'C'], 'second layer': []}",3450,1,1
aa239_plan_opt_C15_H28,14,27,117.02332149749594,aa239_plan_opt,1,3,"{'first layer': ['C', 'C'], 'second layer': []}",3450,1,1
Ethene_RH_Sub8_C1_H6,0,5,121.48670264249176,Ethene_RH_Sub8,1,3,"{'first layer': ['N', 'C'], 'second layer': []}",64,1,1
5Hexen1amine_RH_Sub29_C9_H20,8,19,118.48876366246728,5Hexen1amine_RH_Sub29,3,3,"{'first layer': ['C'], 'second layer': []}",656,1,1
Styrene_RH_Sub17_C3_H4,2,3,114.60436672749978,Styrene_RH_Sub17,6,7,"{'first layer': ['C', 'C'], 'second layer': []}",3450,1,1
aa68_plan_opt_C11_H16,10,15,117.76957775500024,aa68_plan_opt,4,8,"{'first layer': ['C', 'C'], 'second layer': []}",3450,1,1
aa256_plan_opt_C10_H16,9,15,119.28299355002622,aa256_plan_opt,2,4,"{'first layer': ['C', 'C'], 'second layer': ['Cl']}",92,1,1
2Phenylpyridine_RH_Sub2_C17_H20,16,19,117.68784525251704,2Phenylpyridine_RH_Sub2,1,8,"{'first layer': ['C', 'C'], 'second layer': []}",3450,1,1
2Ethen1thiol_RH_Sub14_C5_H7,4,6,121.9112572199876,2Ethen1thiol_RH_Sub14,2,2,"{'first layer': ['C'], 'second layer': ['O', 'S']}",2,1,1
3Buten1ol_RH_Sub29_C6_H7,5,6,112.96152027251892,3Buten1ol_RH_Sub29,1,3,"{'first layer': ['C', 'C'], 'second layer': []}",3450,1,1
5Hexen1thiol_RH_Sub20_C8_H9,7,8,119.79275509750067,5Hexen1thiol_RH_Sub20,1,2,"{'first layer': ['C'], 'second layer': ['N']}",76,1,1
aa326_plan_opt_C8_H13,7,12,117.74642676999748,aa326_plan_opt,7,9,"{'first layer': ['C', 'C'], 'second layer': []}",3450,1,1
Cyclopentene_RH_Sub12_C3_H11,2,10,123.26136363000656,Cyclopentene_RH_Sub12,1,3,"{'first layer': ['C', 'C'], 'second layer': ['F']}",84,1,1
3Buten1amine_RH_Sub24_C7_H8,6,7,112.86205022749712,3Buten1amine_RH_Sub24,2,3,"{'first layer': ['C', 'C'], 'second layer': []}",3450,1,1
aa66_plan_opt_C1_H19,0,18,119.17952507505704,aa66_plan_opt,1,5,"{'first layer': ['C', 'C'], 'second layer': []}",3450,1,1
aa126_opt_C3_H8,2,7,117.73874240500815,aa126_opt,2,6,"{'first layer': ['C', 'C'], 'second layer': []}",3450,1,1
Thiobenzoicacid_RH_C8_H12,7,11,118.13078244250676,Thiobenzoicacid_RH,2,5,"{'first layer': ['C', 'C'], 'second layer': []}",3450,1,1
aa275_opt_C9_H12,8,11,118.33905784991543,aa275_opt,6,6,"{'first layer': ['C', 'C'], 'second layer': ['N']}",667,1,1
aa329_plan2_opt_C8_H13,7,12,117.54351146747496,aa329_plan2_opt,4,9,"{'first layer': ['C', 'C'], 'second layer': []}",3450,1,1
3Buten1amine_RH_Sub21_C7_H8,6,7,113.5696989200217,3Buten1amine_RH_Sub21,3,3,"{'first layer': ['C', 'C'], 'second layer': []}",3450,1,1
aa67_opt_C8_H13,7,12,117.7859555050088,aa67_opt,3,4,"{'first layer': ['C', 'C'], 'second layer': []}",3450,1,1
Azulene_RH_Sub16_C8_H14,7,13,113.67944051249496,Azulene_RH_Sub16,1,7,"{'first layer': ['C', 'C'], 'second layer': []}",3450,1,1
5Hexen1thiol_RH_Sub10_C8_H9,7,8,117.73879637000816,5Hexen1thiol_RH_Sub10,2,3,"{'first layer': ['C'], 'second layer': []}",656,1,1
Benzoicacid_RH_Sub10_C9_H13,8,12,118.11334045248144,Benzoicacid_RH_Sub10,4,4,"{'first layer': ['C', 'C'], 'second layer': ['N']}",667,1,1
3Buten1ol_RH_Sub13_C8_H9,7,8,119.21527814247668,3Buten1ol_RH_Sub13,1,2,"{'first layer': ['C'], 'second layer': []}",656,1,1
aa320_opt_C8_H24,7,23,117.88924890747468,aa320_opt,3,4,"{'first layer': ['C', 'C'], 'second layer': ['N']}",667,1,1
Thiobenzoicacid_RH_Sub5_C6_H15,5,14,117.50533624984598,Thiobenzoicacid_RH_Sub5,1,4,"{'first layer': ['C', 'C'], 'second layer': []}",3450,1,1
Toluene_RH_Sub12_C2_H11,1,10,119.78465909251298,Toluene_RH_Sub12,2,5,"{'first layer': ['C', 'C'], 'second layer': ['F']}",84,1,1
aa266_plan_opt_C7_H14,6,13,117.40596032997018,aa266_plan_opt,5,7,"{'first layer': ['C', 'C'], 'second layer': ['O']}",198,1,1
aa80_opt_C2_H7,1,6,117.70230598996731,aa80_opt,1,7,"{'first layer': ['C', 'C'], 'second layer': []}",3450,1,1
aa81_opt_C3_H8,2,7,117.73962529751655,aa81_opt,3,7,"{'first layer': ['C', 'C'], 'second layer': []}",3450,1,1
Benzoicacid_RH_Sub20_C11_H14,10,13,117.827937137547,Benzoicacid_RH_Sub20,1,4,"{'first layer': ['C', 'C'], 'second layer': ['N']}",667,1,1
3Buten1ol_RH_Sub41_C8_H9,7,8,117.6719619725226,3Buten1ol_RH_Sub41,1,3,"{'first layer': ['C'], 'second layer': []}",656,1,1
Toluene_RH_Sub6_C6_H9,5,8,117.57227481247838,Toluene_RH_Sub6,1,4,"{'first layer': ['C', 'C'], 'second layer': []}",3450,1,1
aa82_opt_C2_H7,1,6,118.78624196000686,aa82_opt,8,10,"{'first layer': ['C', 'C'], 'second layer': ['N']}",667,1,1
Azulene_RH_Sub1_C8_H14,7,13,114.83895383747878,Azulene_RH_Sub1,1,7,"{'first layer': ['C', 'C'], 'second layer': []}",3450,1,1
Benzeneethaneamine_o_RH_Sub37_C16_H19,15,18,117.56214633497636,Benzeneethaneamine_o_RH_Sub37,2,5,"{'first layer': ['C', 'C'], 'second layer': []}",3450,1,1
Azulene_RH_Sub7_C2_H5,1,4,114.77507872997948,Azulene_RH_Sub7,2,7,"{'first layer': ['C', 'C'], 'second layer': []}",3450,1,1
3Buten1amine_gamma_RH_Sub28_C11_H12,10,11,118.52071094247108,3Buten1amine_gamma_RH_Sub28,2,3,"{'first layer': ['C'], 'second layer': []}",656,1,1
Thiobenzoicacid_RH_Sub32_C11_H14,10,13,118.01942754754492,Thiobenzoicacid_RH_Sub32,1,4,"{'first layer': ['C', 'C'], 'second layer': []}",3450,1,1
aa82_opt_C19_H24,18,23,118.78683808505173,aa82_opt,6,10,"{'first layer': ['C', 'C'], 'second layer': ['N']}",667,1,1
aa219_plan_opt_C3_H17,2,16,117.88004160003992,aa219_plan_opt,4,4,"{'first layer': ['C', 'C'], 'second layer': ['N']}",667,1,1
aa336_plan_opt_C19_H24,18,23,117.65165544500776,aa336_plan_opt,7,9,"{'first layer': ['C', 'C'], 'second layer': []}",3450,1,1
2Ethen1thiol_RH_Sub5_C5_H7,4,6,115.29030078252674,2Ethen1thiol_RH_Sub5,2,2,"{'first layer': ['Cl', 'C'], 'second layer': ['S']}",1,1,1
5Hexen1thiol_RH_Sub13_C8_H9,7,8,119.15954610246672,5Hexen1thiol_RH_Sub13,2,2,"{'first layer': ['C'], 'second layer': []}",656,1,1
aa156_plan_opt_C11_H24,10,23,117.71770107502392,aa156_plan_opt,6,10,"{'first layer': ['C', 'C'], 'second layer': []}",3450,1,1
2Propen1amine_RH_Sub29_C9_H11,8,10,118.21635461751114,2Propen1amine_RH_Sub29,3,3,"{'first layer': ['C'], 'second layer': []}",656,1,1
aa7_opt_C8_H13,7,12,119.68630160499627,aa7_opt,4,9,"{'first layer': ['C', 'C'], 'second layer': []}",3450,1,1
aa95_plan_opt_C5_H10,4,9,117.53976215503258,aa95_plan_opt,4,4,"{'first layer': ['C', 'C'], 'second layer': []}",3450,1,1
Naphtalene_2_RH_C5_H7,4,6,117.7614208825142,Naphtalene_2_RH,6,8,"{'first layer': ['C', 'C'], 'second layer': []}",3450,1,1
aa223_plan_opt_C6_H15,5,14,117.3503123749984,aa223_plan_opt,4,10,"{'first layer': ['C', 'C'], 'second layer': []}",3450,1,1
aa192_plan_opt_C1_H36,0,35,118.51488962493306,aa192_plan_opt,6,6,"{'first layer': ['C', 'C'], 'second layer': ['N']}",667,1,1
aa208_plan_opt_C1_H20,0,19,118.49931444749755,aa208_plan_opt,3,5,"{'first layer': ['C', 'C'], 'second layer': ['N']}",667,1,1
Benzeneethanamine_o_RH_Sub6_C14_H18,13,17,116.94926896747717,Benzeneethanamine_o_RH_Sub6,1,4,"{'first layer': ['C', 'C'], 'second layer': []}",3450,1,1
Naphtalene_2_RH_Sub24_C3_H9,2,8,117.8087550899825,Naphtalene_2_RH_Sub24,1,7,"{'first layer': ['C', 'C'], 'second layer': []}",3450,1,1
Thiobenzoicacid_RH_Sub20_C7_H10,6,9,120.02349374998003,Thiobenzoicacid_RH_Sub20,2,4,"{'first layer': ['C', 'C'], 'second layer': ['N']}",667,1,1
aa230_plan_opt_C13_H17,12,16,117.73111576997906,aa230_plan_opt,2,8,"{'first layer': ['C', 'C'], 'second layer': []}",3450,1,1
4Penten1amine_RH_Sub12_C9_H10,8,9,113.81908875500828,4Penten1amine_RH_Sub12,2,2,"{'first layer': ['C', 'C'], 'second layer': []}",3450,1,1
5Hexen1thiol_RH_Sub10_C6_H7,5,6,113.45244929001352,5Hexen1thiol_RH_Sub10,3,3,"{'first layer': ['C', 'C'], 'second layer': []}",3450,1,1
Benzeneethaneamine_o_RH_Sub36_C16_H19,15,18,117.51779149749596,Benzeneethaneamine_o_RH_Sub36,3,5,"{'first layer': ['C', 'C'], 'second layer': []}",3450,1,1
2Propen1thiol_RH_Sub23_C8_H10,7,9,118.37382762496104,2Propen1thiol_RH_Sub23,3,3,"{'first layer': ['C'], 'second layer': []}",656,1,1
2Propen1ol_RH_Sub16_C8_H10,7,9,119.7748669550031,2Propen1ol_RH_Sub16,2,2,"{'first layer': ['C'], 'second layer': []}",656,1,1
2Ethen1thiol_RH_C3_H4,2,3,112.6286453275,2Ethen1thiol_RH,1,3,"{'first layer': ['C', 'S'], 'second layer': []}",8,1,1
3Buten1thiol_RH_Sub30_C8_H13,7,12,117.2210718474946,3Buten1thiol_RH_Sub30,2,3,"{'first layer': ['C'], 'second layer': []}",656,1,1
3Buten1amine_gamma_RH_Sub32_C11_H13,10,12,118.87621918501011,3Buten1amine_gamma_RH_Sub32,1,3,"{'first layer': ['C'], 'second layer': []}",656,1,1
4Penten1amine_RH_Sub9_C9_H10,8,9,116.49263345249992,4Penten1amine_RH_Sub9,1,2,"{'first layer': ['C', 'C'], 'second layer': ['F']}",84,1,1
Azulene_RH_Sub29_C8_H14,7,13,113.83080104248975,Azulene_RH_Sub29,1,7,"{'first layer': ['C', 'C'], 'second layer': []}",3450,1,1
Benzoicacid_RH_Sub21_C8_H12,7,11,119.7531347475308,Benzoicacid_RH_Sub21,3,4,"{'first layer': ['C', 'C'], 'second layer': []}",3450,1,1
Benzamide_o_N_RH_Sub12_C9_H13,8,12,118.01483550249046,Benzamide_o_N_RH_Sub12,1,4,"{'first layer': ['C', 'C'], 'second layer': []}",3450,1,1
aa160_plan_opt_C8_H12,7,11,116.732168400016,aa160_plan_opt,1,4,"{'first layer': ['C', 'C'], 'second layer': []}",3450,1,1
Thiobenzoicacid_RH_Sub11_C8_H12,7,11,118.8601583225389,Thiobenzoicacid_RH_Sub11,3,4,"{'first layer': ['C', 'C'], 'second layer': []}",3450,1,1
Naphtalene_2_RH_Sub25_C10_H11,9,10,117.93586839247524,Naphtalene_2_RH_Sub25,2,7,"{'first layer': ['C', 'C'], 'second layer': []}",3450,1,1
Cyclopentene_RH_Sub16_C2_H5,1,4,119.63659105501192,Cyclopentene_RH_Sub16,1,3,"{'first layer': ['C', 'C'], 'second layer': []}",3450,1,1
aa326_plan2_opt_C7_H12,6,11,117.77626439498276,aa326_plan2_opt,7,9,"{'first layer': ['C', 'C'], 'second layer': []}",3450,1,1
aa221_plan_opt_C1_H13,0,12,119.09012389506132,aa221_plan_opt,4,4,"{'first layer': ['C', 'C'], 'second layer': ['N']}",667,1,1
3Buten1ol_RH_Sub28_C8_H9,7,8,118.2315614525254,3Buten1ol_RH_Sub28,3,3,"{'first layer': ['C'], 'second layer': []}",656,1,1
Benzeneethaneamine_o_RH_Sub28_C13_H17,12,16,119.63349999002816,Benzeneethaneamine_o_RH_Sub28,3,4,"{'first layer': ['C', 'C'], 'second layer': ['N']}",667,1,1
aa263_opt_C1_H19,0,18,118.86667553745838,aa263_opt,4,8,"{'first layer': ['C', 'C'], 'second layer': ['O']}",198,1,1
aa191_plan_opt_C8_H34,7,33,118.73202972483284,aa191_plan_opt,6,6,"{'first layer': ['C', 'C'], 'second layer': []}",3450,1,1
Toluene_RH_Sub22_C5_H8,4,7,117.62814051000164,Toluene_RH_Sub22,4,4,"{'first layer': ['C', 'C'], 'second layer': []}",3450,1,1
Thiobenzoicacid_RH_Sub5_C9_H13,8,12,119.35599689994037,Thiobenzoicacid_RH_Sub5,3,4,"{'first layer': ['C', 'C'], 'second layer': ['Cl']}",92,1,1
Naphtalene_2_RH_C16_H17,15,16,117.76350355499702,Naphtalene_2_RH,4,8,"{'first layer': ['C', 'C'], 'second layer': []}",3450,1,1
Ethene_RH_Sub8_C3_H5,2,4,121.68651056498902,Ethene_RH_Sub8,2,3,"{'first layer': ['C'], 'second layer': ['N']}",76,1,1
5Hexen1thiol_RH_Sub17_C8_H9,7,8,119.3869276299938,5Hexen1thiol_RH_Sub17,1,2,"{'first layer': ['C'], 'second layer': ['N']}",76,1,1
2Ethen1ol_RH_Sub17_C5_H6,4,5,122.22119013750545,2Ethen1ol_RH_Sub17,1,2,"{'first layer': ['C'], 'second layer': ['N', 'O']}",0,1,1
Benzeneethaneamine_o_RH_Sub24_C13_H17,12,16,118.79661328000893,Benzeneethaneamine_o_RH_Sub24,1,4,"{'first layer': ['C', 'C'], 'second layer': ['O']}",198,1,1
aa100_opt_C2_H7,1,6,118.54992546001851,aa100_opt,5,5,"{'first layer': ['C', 'C'], 'second layer': []}",3450,1,1
Toluene_RH_Sub29_C5_H8,4,7,116.92323022751636,Toluene_RH_Sub29,3,4,"{'first layer': ['C', 'C'], 'second layer': []}",3450,1,1
5Hexen1amine_RH_Sub31_C9_H10,8,9,118.01640550747322,5Hexen1amine_RH_Sub31,2,3,"{'first layer': ['C'], 'second layer': []}",656,1,1
Toluene_RH_Sub19_C6_H9,5,8,117.73777982002215,Toluene_RH_Sub19,5,5,"{'first layer': ['C', 'C'], 'second layer': []}",3450,1,1
Benzamide_o_N_RH_Sub35_C7_H16,6,15,117.24766341499446,Benzamide_o_N_RH_Sub35,1,4,"{'first layer': ['C', 'C'], 'second layer': []}",3450,1,1
aa299_plan_opt_C4_H16,3,15,117.4141987774496,aa299_plan_opt,4,5,"{'first layer': ['C', 'C'], 'second layer': []}",3450,1,1
aa277_plan_opt_C8_H18,7,17,117.4485449900159,aa277_plan_opt,1,5,"{'first layer': ['C', 'C'], 'second layer': []}",3450,1,1
aa68_plan_opt_C10_H15,9,14,117.32900184750748,aa68_plan_opt,6,8,"{'first layer': ['C', 'C'], 'second layer': ['N']}",667,1,1
aa149_plan_opt_C5_H17,4,16,117.68343518249992,aa149_plan_opt,2,9,"{'first layer': ['C', 'C'], 'second layer': []}",3450,1,1
aa222_plan_opt_C21_H26,20,25,117.87423973497454,aa222_plan_opt,5,10,"{'first layer': ['C', 'C'], 'second layer': []}",3450,1,1
aa285_opt_C16_H27,15,26,116.98120871748928,aa285_opt,5,9,"{'first layer': ['C', 'C'], 'second layer': []}",3450,1,1
aa160_plan_opt_C1_H16,0,15,119.8789930499197,aa160_plan_opt,3,4,"{'first layer': ['C', 'C'], 'second layer': []}",3450,1,1
Styrene_RH_Sub30_C1_H16,0,15,118.5865934225005,Styrene_RH_Sub30,6,8,"{'first layer': ['C'], 'second layer': []}",656,1,1
aa69_opt_C12_H17,11,16,117.75134386000305,aa69_opt,2,7,"{'first layer': ['C', 'C'], 'second layer': []}",3450,1,1
Naphtalene_2_RH_Sub11_C12_H13,11,12,118.02258450000964,Naphtalene_2_RH_Sub11,2,7,"{'first layer': ['C', 'C'], 'second layer': []}",3450,1,1
Benzoicacid_RH_Sub15_C6_H15,5,14,119.28405339744673,Benzoicacid_RH_Sub15,3,4,"{'first layer': ['C', 'C'], 'second layer': []}",3450,1,1
aa247_opt_C13_H18,12,17,117.27657924252613,aa247_opt,3,6,"{'first layer': ['C', 'C'], 'second layer': []}",3450,1,1
Ethene_RH_Sub25_C1_H2,0,1,120.15343519506187,Ethene_RH_Sub25,1,3,"{'first layer': ['C'], 'second layer': ['Cl']}",24,1,1
aa280_opt_C16_H30,15,29,118.2294154025351,aa280_opt,2,9,"{'first layer': ['C', 'C'], 'second layer': ['O']}",198,1,1
3Buten1thiol_RH_Sub38_C6_H7,5,6,115.89202747499058,3Buten1thiol_RH_Sub38,3,3,"{'first layer': ['C', 'C'], 'second layer': ['N']}",667,1,1
aa79_plan_opt_C5_H10,4,9,117.39889844499672,aa79_plan_opt,8,8,"{'first layer': ['C', 'C'], 'second layer': []}",3450,1,1
aa97_opt_C19_H24,18,23,118.82116986494964,aa97_opt,1,8,"{'first layer': ['C', 'C'], 'second layer': []}",3450,1,1
Naphtalene_2_RH_Sub14_C6_H8,5,7,117.2768308699689,Naphtalene_2_RH_Sub14,6,7,"{'first layer': ['C', 'C'], 'second layer': []}",3450,1,1
aa60_plan_opt_C3_H8,2,7,117.40924215500542,aa60_plan_opt,3,5,"{'first layer': ['C', 'C'], 'second layer': []}",3450,1,1
Benzamide_o_N_RH_Sub28_C9_H13,8,12,120.37441434002515,Benzamide_o_N_RH_Sub28,2,4,"{'first layer': ['C', 'C'], 'second layer': ['N']}",667,1,1
4Penten1amine_RH_Sub1_C7_H17,6,16,119.40450516001248,4Penten1amine_RH_Sub1,2,2,"{'first layer': ['C'], 'second layer': []}",656,1,1
aa315_opt_C11_H21,10,20,117.73962717999666,aa315_opt,8,9,"{'first layer': ['C', 'C'], 'second layer': []}",3450,1,1
3Buten1thiol_RH_Sub12_C8_H13,7,12,122.3832507975206,3Buten1thiol_RH_Sub12,1,2,"{'first layer': ['C'], 'second layer': ['F']}",26,1,1
aa300_plan_opt_C3_H32,2,31,117.47278092249474,aa300_plan_opt,4,4,"{'first layer': ['C', 'C'], 'second layer': []}",3450,1,1
2Propen1amine_RH_Sub4_C9_H11,8,10,114.83534445748332,2Propen1amine_RH_Sub4,1,2,"{'first layer': ['O', 'C'], 'second layer': []}",17,1,1
2Phenylpyridine_RH_Sub5_C5_H6,4,5,116.95636662003608,2Phenylpyridine_RH_Sub5,1,9,"{'first layer': ['C', 'C'], 'second layer': []}",3450,1,1
aa321_opt_C12_H29,11,28,117.70961071754785,aa321_opt,1,5,"{'first layer': ['C', 'C'], 'second layer': []}",3450,1,1
Thiobenzoicacid_RH_Sub12_C7_H10,6,9,122.18549166247216,Thiobenzoicacid_RH_Sub12,4,4,"{'first layer': ['C', 'C'], 'second layer': ['F']}",84,1,1
aa281_plan2_opt_C14_H31,13,30,117.47480147252816,aa281_plan2_opt,3,8,"{'first layer': ['C', 'C'], 'second layer': []}",3450,1,1
aa298_plan_opt_C4_H17,3,16,117.56814335251109,aa298_plan_opt,1,5,"{'first layer': ['C', 'C'], 'second layer': []}",3450,1,1
aa72_plan_opt_C3_H8,2,7,117.43091914250884,aa72_plan_opt,3,6,"{'first layer': ['C', 'C'], 'second layer': []}",3450,1,1
2Propen1amine_RH_Sub2_C9_H11,8,10,116.95153236001062,2Propen1amine_RH_Sub2,2,2,"{'first layer': ['F', 'C'], 'second layer': []}",15,1,1
5Hexen1amine_RH_Sub19_C9_H10,8,9,117.31973241748064,5Hexen1amine_RH_Sub19,2,2,"{'first layer': ['C'], 'second layer': []}",656,1,1
aa193_plan_opt_C24_H53,23,52,118.76148457494251,aa193_plan_opt,5,14,"{'first layer': ['C', 'C'], 'second layer': []}",3450,1,1
Cyclopentene_RH_Sub30_C3_H11,2,10,120.78679918249053,Cyclopentene_RH_Sub30,4,4,"{'first layer': ['C', 'C'], 'second layer': []}",3450,1,1
3Buten1thiol_RH_Sub23_C8_H13,7,12,117.66919030497831,3Buten1thiol_RH_Sub23,1,3,"{'first layer': ['C'], 'second layer': []}",656,1,1
Toluene_RH_Sub20_C6_H9,5,8,117.47630621750552,Toluene_RH_Sub20,4,6,"{'first layer': ['C', 'C'], 'second layer': []}",3450,1,1
Benzeneethaneamine_o_RH_Sub3_C13_H17,12,16,117.35424491750052,Benzeneethaneamine_o_RH_Sub3,3,4,"{'first layer': ['C', 'C'], 'second layer': []}",3450,1,1
5Hexen1ol_RH_Sub15_C8_H19,7,18,119.60727864753665,5Hexen1ol_RH_Sub15,2,2,"{'first layer': ['C'], 'second layer': ['Cl']}",24,1,1
2Propen1thiol_RH_Sub10_C6_H7,5,6,113.63628294501552,2Propen1thiol_RH_Sub10,3,3,"{'first layer': ['C', 'C'], 'second layer': ['S']}",19,1,1
aa102_plan_opt_C5_H10,4,9,117.2833825974871,aa102_plan_opt,8,9,"{'first layer': ['C', 'C'], 'second layer': []}",3450,1,1
aa105_plan_opt_C6_H11,5,10,117.94865935249916,aa105_plan_opt,1,5,"{'first layer': ['C', 'C'], 'second layer': ['N']}",667,1,1
Azulene_RH_Sub22_C7_H13,6,12,121.9418378049987,Azulene_RH_Sub22,5,7,"{'first layer': ['C', 'C'], 'second layer': []}",3450,1,1
aa270_plan_opt_C8_H16,7,15,116.53158927997056,aa270_plan_opt,6,8,"{'first layer': ['C', 'C'], 'second layer': ['N']}",667,1,1
Ethene_RH_Sub24_C1_H6,0,5,122.10490309250112,Ethene_RH_Sub24,2,3,"{'first layer': ['C'], 'second layer': ['O']}",40,1,1
Benzeneethaneamine_o_RH_Sub16_C11_H20,10,19,117.31013041251104,Benzeneethaneamine_o_RH_Sub16,1,4,"{'first layer': ['C', 'C'], 'second layer': []}",3450,1,1
aa70_opt_C11_H16,10,15,117.5495712350238,aa70_opt,6,7,"{'first layer': ['C', 'C'], 'second layer': []}",3450,1,1
5Hexen1amine_RH_Sub24_C7_H8,6,7,113.5671431125131,5Hexen1amine_RH_Sub24,3,3,"{'first layer': ['C', 'C'], 'second layer': []}",3450,1,1
3Buten1thiol_RH_Sub34_C8_H13,7,12,117.53188075498684,3Buten1thiol_RH_Sub34,2,3,"{'first layer': ['C'], 'second layer': []}",656,1,1
Benzeneethanamine_o_RH_Sub3_C14_H18,13,17,118.08611636496494,Benzeneethanamine_o_RH_Sub3,3,4,"{'first layer': ['C', 'C'], 'second layer': []}",3450,1,1
Benzamide_o_N_RH_Sub31_C7_H16,6,15,117.40040695498776,Benzamide_o_N_RH_Sub31,3,4,"{'first layer': ['C', 'C'], 'second layer': []}",3450,1,1
aa266_plan_opt_C8_H13,7,12,118.39314897744345,aa266_plan_opt,6,7,"{'first layer': ['C', 'C'], 'second layer': []}",3450,1,1
3Buten1thiol_RH_Sub10_C8_H13,7,12,117.82589211498704,3Buten1thiol_RH_Sub10,1,3,"{'first layer': ['C'], 'second layer': []}",656,1,1
5Hexen1amine_RH_Sub43_C9_H20,8,19,118.79702931249652,5Hexen1amine_RH_Sub43,3,3,"{'first layer': ['C'], 'second layer': []}",656,1,1
3Buten1amine_gamma_RH_Sub32_C11_H12,10,11,118.54044142501408,3Buten1amine_gamma_RH_Sub32,3,3,"{'first layer': ['C'], 'second layer': []}",656,1,1
aa89_opt_C3_H8,2,7,117.8002235999989,aa89_opt,4,5,"{'first layer': ['C', 'C'], 'second layer': []}",3450,1,1
aa329_plan_opt_C19_H24,18,23,117.87601430496976,aa329_plan_opt,1,9,"{'first layer': ['C', 'C'], 'second layer': ['O']}",198,1,1
Benzamide_o_N_RH_Sub30_C9_H13,8,12,117.74070961749928,Benzamide_o_N_RH_Sub30,2,5,"{'first layer': ['C', 'C'], 'second layer': []}",3450,1,1
Naphtalene_2_RH_Sub3_C16_H17,15,16,118.03727113753212,Naphtalene_2_RH_Sub3,2,7,"{'first layer': ['C', 'C'], 'second layer': []}",3450,1,1
aa70_opt_C9_H14,8,13,117.12463137250056,aa70_opt,2,7,"{'first layer': ['C', 'C'], 'second layer': []}",3450,1,1
aa267_opt_C18_H23,17,22,117.81367531749056,aa267_opt,2,4,"{'first layer': ['C', 'C'], 'second layer': ['N']}",667,1,1
3Buten1thiol_RH_Sub41_C6_H7,5,6,113.61397155497968,3Buten1thiol_RH_Sub41,1,3,"{'first layer': ['C', 'C'], 'second layer': []}",3450,1,1
Benzoicacid_RH_Sub30_C7_H10,6,9,119.6836027275026,Benzoicacid_RH_Sub30,4,5,"{'first layer': ['C', 'C'], 'second layer': []}",3450,1,1
Benzeneethaneamine_o_RH_Sub14_C14_H18,13,17,116.91306786498032,Benzeneethaneamine_o_RH_Sub14,3,4,"{'first layer': ['C', 'C'], 'second layer': []}",3450,1,1
2Ethen1ol_RH_C3_H4,2,3,113.07178206248396,2Ethen1ol_RH,1,3,"{'first layer': ['C', 'O'], 'second layer': []}",0,1,1
aa168_opt_C24_H4,23,3,113.1844923574866,aa168_opt,5,10,"{'first layer': ['C', 'C'], 'second layer': []}",3450,1,1
Benzeneethaneamine_o_RH_Sub34_C13_H17,12,16,117.12859968248112,Benzeneethaneamine_o_RH_Sub34,5,5,"{'first layer': ['C', 'C'], 'second layer': []}",3450,1,1
Thiobenzoicacid_RH_Sub39_C8_H12,7,11,118.19277881504236,Thiobenzoicacid_RH_Sub39,1,4,"{'first layer': ['C', 'C'], 'second layer': []}",3450,1,1
aa88_opt_C5_H10,4,9,117.38110191747552,aa88_opt,4,5,"{'first layer': ['C', 'C'], 'second layer': []}",3450,1,1
aa279_plan_opt_C13_H27,12,26,118.6425457149997,aa279_plan_opt,8,10,"{'first layer': ['C', 'C'], 'second layer': ['N']}",667,1,1
Benzeneethaneamine_o_RH_Sub24_C14_H18,13,17,117.41926207501407,Benzeneethaneamine_o_RH_Sub24,2,4,"{'first layer': ['C', 'C'], 'second layer': ['O']}",198,1,1
Benzeneethaneamine_o_RH_Sub17_C12_H15,11,14,118.15827949249012,Benzeneethaneamine_o_RH_Sub17,2,4,"{'first layer': ['C', 'C'], 'second layer': []}",3450,1,1
aa284_opt_C22_H29,21,28,117.31438046997256,aa284_opt,3,9,"{'first layer': ['C', 'C'], 'second layer': []}",3450,1,1
aa92_opt_C4_H9,3,8,117.5643507425272,aa92_opt,4,4,"{'first layer': ['C', 'C'], 'second layer': []}",3450,1,1
aa126_opt_C14_H21,13,20,114.08404372750084,aa126_opt,5,6,"{'first layer': ['C', 'N'], 'second layer': []}",0,1,1
aa193_opt_C20_H56,19,55,117.59314232494604,aa193_opt,4,14,"{'first layer': ['C', 'C'], 'second layer': []}",3450,1,1
aa61_opt_C2_H7,1,6,117.8615397625228,aa61_opt,3,4,"{'first layer': ['C', 'C'], 'second layer': ['N']}",667,1,1
aa327_plan_opt_C20_H25,19,24,117.9386375500104,aa327_plan_opt,6,9,"{'first layer': ['C', 'C'], 'second layer': []}",3450,1,1
aa98_plan_opt_C6_H11,5,10,116.66558437491516,aa98_plan_opt,5,9,"{'first layer': ['C', 'C'], 'second layer': []}",3450,1,1
aa102_opt_C17_H22,16,21,117.637562422521,aa102_opt,4,9,"{'first layer': ['C', 'C'], 'second layer': []}",3450,1,1
aa191_plan_opt_C14_H38,13,37,123.51703724984873,aa191_plan_opt,4,6,"{'first layer': ['C', 'C'], 'second layer': ['N']}",667,1,1
Cyclopentene_RH_Sub28_C1_H7,0,6,123.61550831498406,Cyclopentene_RH_Sub28,2,3,"{'first layer': ['C', 'C'], 'second layer': ['N']}",667,1,1
aa248_plan_opt_C13_H18,12,17,118.59715612997604,aa248_plan_opt,2,5,"{'first layer': ['C', 'C'], 'second layer': []}",3450,1,1
aa257_opt_C6_H4,5,3,113.87780455745968,aa257_opt,5,5,"{'first layer': ['C', 'C'], 'second layer': ['O']}",198,1,1
aa65_plan_opt_C6_H11,5,10,117.64357763747029,aa65_plan_opt,3,5,"{'first layer': ['C', 'C'], 'second layer': []}",3450,1,1
aa91_opt_C6_H11,5,10,118.82469641503631,aa91_opt,3,5,"{'first layer': ['C', 'C'], 'second layer': ['N']}",667,1,1
aa205_opt_C7_H14,6,13,117.76810313000752,aa205_opt,3,4,"{'first layer': ['C', 'C'], 'second layer': []}",3450,1,1
5Hexen1thiol_RH_Sub39_C8_H9,7,8,117.800945852494,5Hexen1thiol_RH_Sub39,3,3,"{'first layer': ['C'], 'second layer': []}",656,1,1
Styrene_RH_Sub23_C10_H14,9,13,118.68147895253088,Styrene_RH_Sub23,2,7,"{'first layer': ['C', 'C'], 'second layer': []}",3450,1,1
Styrene_RH_Sub6_C1_H16,0,15,118.37930193499488,Styrene_RH_Sub6,2,7,"{'first layer': ['C'], 'second layer': []}",656,1,1
aa50_opt_C3_H8,2,7,118.27857312501608,aa50_opt,2,4,"{'first layer': ['C', 'C'], 'second layer': []}",3450,1,1
aa107_plan_opt_C5_H10,4,9,117.06915660751632,aa107_plan_opt,2,4,"{'first layer': ['C', 'C'], 'second layer': []}",3450,1,1
2Phenylpyridine_RH_Sub3_C7_H8,6,7,118.56778222750904,2Phenylpyridine_RH_Sub3,2,8,"{'first layer': ['C', 'C'], 'second layer': ['N']}",667,1,1
aa321_plan_opt_C14_H31,13,30,114.86190527748732,aa321_plan_opt,2,5,"{'first layer': ['C', 'C'], 'second layer': ['N']}",667,1,1
Styrene_RH_Sub3_C1_H16,0,15,118.75180099497952,Styrene_RH_Sub3,7,7,"{'first layer': ['C'], 'second layer': []}",656,1,1
aa330_plan2_opt_C5_H10,4,9,119.64818035251,aa330_plan2_opt,8,9,"{'first layer': ['C', 'C'], 'second layer': ['O', 'N']}",0,1,1
aa104_plan_opt_C3_H8,2,7,117.05021112748256,aa104_plan_opt,3,7,"{'first layer': ['C', 'C'], 'second layer': []}",3450,1,1
5Hexen1ol_RH_Sub4_C8_H19,7,18,114.7658739325182,5Hexen1ol_RH_Sub4,2,2,"{'first layer': ['O', 'C'], 'second layer': []}",17,1,1
Benzamide_o_N_RH_Sub30_C12_H15,11,14,117.78112877501071,Benzamide_o_N_RH_Sub30,5,5,"{'first layer': ['C', 'C'], 'second layer': []}",3450,1,1
3Buten1amine_gamma_RH_Sub23_C11_H13,10,12,117.78872152500584,3Buten1amine_gamma_RH_Sub23,1,3,"{'first layer': ['C'], 'second layer': []}",656,1,1
aa282_opt_C7_H15,6,14,117.74428887749224,aa282_opt,3,4,"{'first layer': ['C', 'C'], 'second layer': ['N']}",667,1,1
Naphtalene_2_RH_Sub27_C14_H15,13,14,117.29043130499292,Naphtalene_2_RH_Sub27,2,7,"{'first layer': ['C', 'C'], 'second layer': []}",3450,1,1
Benzamide_o_N_RH_Sub6_C7_H16,6,15,116.4743054324994,Benzamide_o_N_RH_Sub6,2,4,"{'first layer': ['C', 'C'], 'second layer': []}",3450,1,1
aa288_plan_opt_C5_H16,4,15,117.38081452251862,aa288_plan_opt,4,4,"{'first layer': ['C', 'C'], 'second layer': []}",3450,1,1
Azulene_RH_Sub16_C7_H13,6,12,122.01389551249731,Azulene_RH_Sub16,6,7,"{'first layer': ['C', 'C'], 'second layer': []}",3450,1,1
aa139_opt_C12_H18,11,17,117.82155860001636,aa139_opt,1,2,"{'first layer': ['C', 'C'], 'second layer': []}",3450,1,1
2Phenylpyridine_RH_Sub5_C7_H8,6,7,118.73930496001122,2Phenylpyridine_RH_Sub5,2,9,"{'first layer': ['C', 'C'], 'second layer': ['N']}",667,1,1
3Buten1amine_gamma_RH_Sub31_C10_H14,9,13,115.77203755253436,3Buten1amine_gamma_RH_Sub31,2,3,"{'first layer': ['C', 'C'], 'second layer': []}",3450,1,1
aa213_opt_C6_H22,5,21,117.630853192492,aa213_opt,3,5,"{'first layer': ['C', 'C'], 'second layer': []}",3450,1,1
aa291_opt_C4_H19,3,18,118.41958868997978,aa291_opt,1,5,"{'first layer': ['C', 'C'], 'second layer': []}",3450,1,1
aa261_opt_C11_H20,10,19,117.44187717494128,aa261_opt,4,8,"{'first layer': ['C', 'C'], 'second layer': []}",3450,1,1
Toluene_RH_Sub11_C3_H7,2,6,119.42010418251684,Toluene_RH_Sub11,1,5,"{'first layer': ['C', 'C'], 'second layer': []}",3450,1,1
Benzamide_o_N_RH_Sub11_C9_H13,8,12,118.49405223250358,Benzamide_o_N_RH_Sub11,4,4,"{'first layer': ['C', 'C'], 'second layer': []}",3450,1,1
aa298_opt_C2_H28,1,27,117.59608467250445,aa298_opt,3,5,"{'first layer': ['C', 'C'], 'second layer': []}",3450,1,1
aa330_plan_opt_C20_H25,19,24,117.70358546249072,aa330_plan_opt,5,9,"{'first layer': ['C', 'C'], 'second layer': []}",3450,1,1
Azulene_RH_Sub11_C3_H17,2,16,114.82389132750768,Azulene_RH_Sub11,4,7,"{'first layer': ['C', 'C'], 'second layer': []}",3450,1,1
aa198_opt_C14_H30,13,29,117.40501217750987,aa198_opt,5,8,"{'first layer': ['C', 'C'], 'second layer': []}",3450,1,1
Toluene_RH_Sub19_C4_H12,3,11,117.1961914725182,Toluene_RH_Sub19,4,5,"{'first layer': ['C', 'C'], 'second layer': []}",3450,1,1
aa331_plan2_opt_C24_H29,23,28,119.40272933503051,aa331_plan2_opt,2,8,"{'first layer': ['C', 'C'], 'second layer': []}",3450,1,1
Thiobenzoicacid_RH_Sub27_C6_H15,5,14,116.93082109503138,Thiobenzoicacid_RH_Sub27,1,4,"{'first layer': ['C', 'C'], 'second layer': []}",3450,1,1
2Propen1amine_RH_Sub27_C9_H11,8,10,118.20892627250736,2Propen1amine_RH_Sub27,1,3,"{'first layer': ['C'], 'second layer': []}",656,1,1
aa243_plan_opt_C19_H26,18,25,114.01450229500084,aa243_plan_opt,1,4,"{'first layer': ['C', 'C'], 'second layer': []}",3450,1,1
aa47_opt_C2_H7,1,6,118.54557186497487,aa47_opt,3,4,"{'first layer': ['C', 'C'], 'second layer': ['N']}",667,1,1
aa181_opt_C8_H14,7,13,117.57700616252208,aa181_opt,4,4,"{'first layer': ['C', 'C'], 'second layer': ['N']}",667,1,1
Thiobenzoicacid_RH_Sub33_C11_H14,10,13,118.38633369989452,Thiobenzoicacid_RH_Sub33,2,4,"{'first layer': ['C', 'C'], 'second layer': []}",3450,1,1
aa270_opt_C10_H19,9,18,117.89611250251198,aa270_opt,3,8,"{'first layer': ['C', 'C'], 'second layer': []}",3450,1,1
5Hexen1ol_RH_Sub19_C8_H9,7,8,117.5415781399822,5Hexen1ol_RH_Sub19,1,2,"{'first layer': ['C'], 'second layer': []}",656,1,1
aa323_plan2_opt_C16_H21,15,20,117.44558444504293,aa323_plan2_opt,3,10,"{'first layer': ['C', 'C'], 'second layer': []}",3450,1,1
aa7_plan_opt_C17_H22,16,21,116.36223393244704,aa7_plan_opt,7,9,"{'first layer': ['C', 'C'], 'second layer': ['N']}",667,1,1
aa66_plan_opt_C14_H18,13,17,117.5902225675054,aa66_plan_opt,2,5,"{'first layer': ['C', 'C'], 'second layer': []}",3450,1,1
aa284_plan_opt_C18_H34,17,33,117.62794347501654,aa284_plan_opt,15,15,"{'first layer': ['C', 'C'], 'second layer': []}",3450,1,1
aa92_plan_opt_C2_H7,1,6,118.55196985494246,aa92_plan_opt,1,4,"{'first layer': ['C', 'C'], 'second layer': ['N']}",667,1,1
Benzeneethanamine_o_RH_Sub16_C12_H15,11,14,117.31473626249084,Benzeneethanamine_o_RH_Sub16,4,4,"{'first layer': ['C', 'C'], 'second layer': []}",3450,1,1
2Phenylpyridine_RH_Sub1_C17_H20,16,19,117.75062913749964,2Phenylpyridine_RH_Sub1,3,9,"{'first layer': ['C', 'C'], 'second layer': []}",3450,1,1
aa101_opt_C14_H19,13,18,118.0244544500306,aa101_opt,2,10,"{'first layer': ['C', 'C'], 'second layer': []}",3450,1,1
5Hexen1thiol_RH_Sub20_C8_H19,7,18,121.6911477900294,5Hexen1thiol_RH_Sub20,2,2,"{'first layer': ['C'], 'second layer': ['N']}",76,1,1
Azulene_RH_Sub20_C7_H13,6,12,121.98411185251204,Azulene_RH_Sub20,8,8,"{'first layer': ['C', 'C'], 'second layer': []}",3450,1,1
aa193_plan_opt_C32_H60,31,59,119.97006839997368,aa193_plan_opt,7,14,"{'first layer': ['C', 'C'], 'second layer': ['O', 'O']}",7,1,1
Styrene_RH_Sub22_C1_H16,0,15,118.71381340000652,Styrene_RH_Sub22,6,7,"{'first layer': ['C'], 'second layer': []}",656,1,1
5Hexen1ol_RH_Sub29_C8_H19,7,18,118.15521603749971,5Hexen1ol_RH_Sub29,1,3,"{'first layer': ['C'], 'second layer': []}",656,1,1
Thiobenzoicacid_RH_Sub12_C11_H14,10,13,120.11483516000254,Thiobenzoicacid_RH_Sub12,1,4,"{'first layer': ['C', 'C'], 'second layer': ['F']}",84,1,1
Benzeneethanamine_o_RH_Sub25_C11_H20,10,19,117.7399258699768,Benzeneethanamine_o_RH_Sub25,3,4,"{'first layer': ['C', 'C'], 'second layer': []}",3450,1,1
Azulene_RH_Sub16_C3_H17,2,16,114.47281762751231,Azulene_RH_Sub16,4,7,"{'first layer': ['C', 'C'], 'second layer': []}",3450,1,1
5Hexen1ol_RH_Sub40_C8_H9,7,8,117.80676089502704,5Hexen1ol_RH_Sub40,3,3,"{'first layer': ['C'], 'second layer': []}",656,1,1
2Propen1ol_RH_Sub6_C8_H10,7,9,115.48235406001103,2Propen1ol_RH_Sub6,1,2,"{'first layer': ['C', 'C'], 'second layer': []}",3450,1,1
2Ethen1ol_RH_Sub21_C5_H7,4,6,120.80951217250607,2Ethen1ol_RH_Sub21,3,3,"{'first layer': ['C'], 'second layer': ['O']}",40,1,1
aa284_opt_C13_H21,12,20,117.27314744500744,aa284_opt,1,9,"{'first layer': ['C', 'C'], 'second layer': []}",3450,1,1
aa208_opt_C8_H21,7,20,117.3719284949678,aa208_opt,5,5,"{'first layer': ['C', 'C'], 'second layer': []}",3450,1,1
aa329_opt_C9_H14,8,13,118.38906395248443,aa329_opt,8,9,"{'first layer': ['C', 'C'], 'second layer': ['N']}",667,1,1
3Buten1thiol_RH_Sub29_C8_H13,7,12,117.4573030075294,3Buten1thiol_RH_Sub29,2,3,"{'first layer': ['C'], 'second layer': []}",656,1,1
Naphtalene_2_RH_Sub18_C4_H18,3,17,119.6682101524908,Naphtalene_2_RH_Sub18,2,7,"{'first layer': ['C', 'C'], 'second layer': ['N']}",667,1,1
aa323_plan2_opt_C7_H20,6,19,117.40167889751945,aa323_plan2_opt,6,10,"{'first layer': ['C', 'C'], 'second layer': []}",3450,1,1
aa7_opt_C21_H26,20,25,118.644711845063,aa7_opt,9,9,"{'first layer': ['C', 'C'], 'second layer': ['N']}",667,1,1
3Buten1thiol_RH_Sub8_C8_H13,7,12,121.66229345748944,3Buten1thiol_RH_Sub8,1,2,"{'first layer': ['N', 'C'], 'second layer': []}",64,1,1
aa110_opt_C5_H10,4,9,117.1115128575164,aa110_opt,1,4,"{'first layer': ['C', 'C'], 'second layer': []}",3450,1,1
aa290_opt_C5_H22,4,21,117.6236149799928,aa290_opt,1,5,"{'first layer': ['C', 'C'], 'second layer': []}",3450,1,1
2Propen1amine_RH_Sub28_C9_H10,8,9,118.831291439989,2Propen1amine_RH_Sub28,1,3,"{'first layer': ['C'], 'second layer': []}",656,1,1
Ethene_RH_Sub28_C1_H6,0,5,120.81064920248424,Ethene_RH_Sub28,2,3,"{'first layer': ['C'], 'second layer': ['N']}",76,1,1
2Propen1ol_RH_Sub26_C6_H7,5,6,115.85743465499974,2Propen1ol_RH_Sub26,1,3,"{'first layer': ['C', 'C'], 'second layer': ['O']}",198,1,1
Styrene_RH_Sub19_C1_H16,0,15,118.54437020252035,Styrene_RH_Sub19,1,7,"{'first layer': ['C'], 'second layer': []}",656,1,1
aa326_plan2_opt_C9_H14,8,13,118.0397478800208,aa326_plan2_opt,3,9,"{'first layer': ['C', 'C'], 'second layer': ['N']}",667,1,1
Toluene_RH_Sub20_C4_H12,3,11,117.47348058499688,Toluene_RH_Sub20,5,6,"{'first layer': ['C', 'C'], 'second layer': []}",3450,1,1
2Propen1ol_RH_Sub18_C8_H9,7,8,121.8416718625241,2Propen1ol_RH_Sub18,1,2,"{'first layer': ['C'], 'second layer': ['N']}",76,1,1
Benzamide_o_N_RH_Sub5_C12_H15,11,14,117.96491724995548,Benzamide_o_N_RH_Sub5,2,4,"{'first layer': ['C', 'C'], 'second layer': []}",3450,1,1
aa68_opt_C12_H17,11,16,118.09490262000082,aa68_opt,6,8,"{'first layer': ['C', 'C'], 'second layer': []}",3450,1,1
aa146_plan_opt_C8_H17,7,16,116.9816297700308,aa146_plan_opt,3,5,"{'first layer': ['C', 'C'], 'second layer': ['N']}",667,1,1
2Propen1amine_RH_Sub9_C9_H11,8,10,114.74454395251897,2Propen1amine_RH_Sub9,2,2,"{'first layer': ['C', 'C'], 'second layer': []}",3450,1,1
Naphtalene_2_RH_Sub29_C4_H18,3,17,116.87507399500234,Naphtalene_2_RH_Sub29,7,7,"{'first layer': ['C', 'C'], 'second layer': []}",3450,1,1
aa332_opt_C9_H14,8,13,118.12654117005934,aa332_opt,1,8,"{'first layer': ['C', 'C'], 'second layer': ['N']}",667,1,1
aa116_plan_opt_C2_H7,1,6,118.92058280750462,aa116_plan_opt,2,4,"{'first layer': ['C', 'C'], 'second layer': []}",3450,1,1
5Hexen1ol_RH_Sub35_C6_H7,5,6,113.91233525496546,5Hexen1ol_RH_Sub35,1,3,"{'first layer': ['C', 'C'], 'second layer': []}",3450,1,1
aa165_plan_opt_C8_H18,7,17,116.27252966994632,aa165_plan_opt,2,5,"{'first layer': ['C', 'C'], 'second layer': []}",3450,1,1
Benzeneethanamine_o_RH_Sub37_C16_H19,15,18,117.56214633497636,Benzeneethanamine_o_RH_Sub37,5,5,"{'first layer': ['C', 'C'], 'second layer': []}",3450,1,1
2Propen1ol_RH_Sub5_C8_H10,7,9,115.61393516249892,2Propen1ol_RH_Sub5,2,2,"{'first layer': ['Cl', 'C'], 'second layer': []}",14,1,1
Thiobenzoicacid_RH_Sub19_C8_H12,7,11,117.8657810349702,Thiobenzoicacid_RH_Sub19,1,4,"{'first layer': ['C', 'C'], 'second layer': []}",3450,1,1
Styrene_RH_Sub20_C6_H9,5,8,117.67822944251506,Styrene_RH_Sub20,6,8,"{'first layer': ['C', 'C'], 'second layer': []}",3450,1,1
aa230_plan_opt_C6_H20,5,19,119.17323250497331,aa230_plan_opt,4,8,"{'first layer': ['C', 'C'], 'second layer': ['N']}",667,1,1
Benzoicacid_RH_Sub36_C9_H13,8,12,117.62805328749664,Benzoicacid_RH_Sub36,1,4,"{'first layer': ['C', 'C'], 'second layer': []}",3450,1,1
2Propen1ol_RH_Sub30_C8_H9,7,8,117.91517030499932,2Propen1ol_RH_Sub30,3,3,"{'first layer': ['C'], 'second layer': []}",656,1,1
aa275_opt_C5_H8,4,7,118.73061157484926,aa275_opt,2,6,"{'first layer': ['C', 'C'], 'second layer': []}",3450,1,1
aa7_plan_opt_C8_H13,7,12,119.8052297974806,aa7_plan_opt,5,9,"{'first layer': ['C', 'C'], 'second layer': []}",3450,1,1
aa211_opt_C10_H15,9,14,117.64053363498816,aa211_opt,3,5,"{'first layer': ['C', 'C'], 'second layer': []}",3450,1,1
Azulene_RH_Sub22_C1_H18,0,17,117.94731336500148,Azulene_RH_Sub22,6,7,"{'first layer': ['C', 'C'], 'second layer': ['F']}",84,1,1
3Buten1amine_gamma_RH_Sub31_C11_H12,10,11,118.6730886500166,3Buten1amine_gamma_RH_Sub31,1,3,"{'first layer': ['C'], 'second layer': []}",656,1,1
Thiobenzoicacid_RH_Sub11_C11_H14,10,13,119.78116893754076,Thiobenzoicacid_RH_Sub11,1,4,"{'first layer': ['C', 'C'], 'second layer': []}",3450,1,1
5Hexen1thiol_RH_Sub9_C6_H7,5,6,113.73325240251546,5Hexen1thiol_RH_Sub9,1,2,"{'first layer': ['C', 'C'], 'second layer': []}",3450,1,1
aa52_opt_C6_H17,5,16,117.40263144250464,aa52_opt,2,4,"{'first layer': ['C', 'C'], 'second layer': ['N']}",667,1,1
aa141_plan_opt_C5_H18,4,17,117.57880081251898,aa141_plan_opt,3,4,"{'first layer': ['C', 'C'], 'second layer': []}",3450,1,1
aa283_opt_C17_H1,16,0,106.85753849497615,aa283_opt,4,6,"{'first layer': ['C', 'C'], 'second layer': ['O']}",198,1,1
Benzoicacid_RH_Sub37_C11_H14,10,13,117.15586330247191,Benzoicacid_RH_Sub37,1,4,"{'first layer': ['C', 'C'], 'second layer': []}",3450,1,1
aa124_opt_C22_H50,21,49,118.21775205996404,aa124_opt,4,5,"{'first layer': ['C', 'C'], 'second layer': ['N']}",667,1,1
Cyclopentene_RH_Sub1_C2_H5,1,4,120.64066823751376,Cyclopentene_RH_Sub1,4,4,"{'first layer': ['C', 'C'], 'second layer': []}",3450,1,1
aa326_opt_C21_H26,20,25,117.53422132998878,aa326_opt,7,9,"{'first layer': ['C', 'C'], 'second layer': []}",3450,1,1
aa97_plan_opt_C6_H11,5,10,116.79134165001642,aa97_plan_opt,6,8,"{'first layer': ['C', 'C'], 'second layer': []}",3450,1,1
Naphtalene_2_RH_Sub17_C6_H8,5,7,117.24834362500616,Naphtalene_2_RH_Sub17,1,7,"{'first layer': ['C', 'C'], 'second layer': []}",3450,1,1
aa327_plan2_opt_C20_H25,19,24,117.8742014574513,aa327_plan2_opt,7,9,"{'first layer': ['C', 'C'], 'second layer': []}",3450,1,1
3Buten1amine_RH_Sub24_C9_H10,8,9,117.52828078749886,3Buten1amine_RH_Sub24,3,3,"{'first layer': ['C'], 'second layer': []}",656,1,1
Benzeneethaneamine_o_RH_Sub13_C11_H20,10,19,118.66411226249396,Benzeneethaneamine_o_RH_Sub13,4,4,"{'first layer': ['C', 'C'], 'second layer': []}",3450,1,1
aa283_opt_C11_H21,10,20,119.36997383494202,aa283_opt,2,6,"{'first layer': ['C', 'C'], 'second layer': []}",3450,1,1
Benzamide_o_N_RH_Sub19_C12_H15,11,14,117.53874748749098,Benzamide_o_N_RH_Sub19,3,4,"{'first layer': ['C', 'C'], 'second layer': []}",3450,1,1
Azulene_RH_Sub29_C1_H18,0,17,114.89367811248115,Azulene_RH_Sub29,3,7,"{'first layer': ['C', 'C'], 'second layer': []}",3450,1,1
aa86_opt_C14_H18,13,17,111.89886972998607,aa86_opt,1,7,"{'first layer': ['C', 'N'], 'second layer': []}",0,1,1
5Hexen1amine_RH_Sub29_C9_H10,8,9,117.42759841249269,5Hexen1amine_RH_Sub29,2,3,"{'first layer': ['C'], 'second layer': []}",656,1,1
5Hexen1ol_RH_Sub38_C8_H19,7,18,118.01502751749295,5Hexen1ol_RH_Sub38,2,3,"{'first layer': ['C'], 'second layer': []}",656,1,1
aa152_plan_opt_C1_H7,0,6,117.38624051506406,aa152_plan_opt,4,4,"{'first layer': ['C', 'C'], 'second layer': []}",3450,1,1
Styrene_RH_Sub15_C7_H11,6,10,117.83613605251644,Styrene_RH_Sub15,5,7,"{'first layer': ['C', 'C'], 'second layer': []}",3450,1,1
aa299_opt_C3_H29,2,28,117.81020022250176,aa299_opt,4,5,"{'first layer': ['C', 'C'], 'second layer': []}",3450,1,1
aa118_plan_opt_C2_H7,1,6,118.77588758250396,aa118_plan_opt,2,4,"{'first layer': ['C', 'C'], 'second layer': []}",3450,1,1
3Buten1amine_RH_Sub27_C9_H14,8,13,118.31687886251316,3Buten1amine_RH_Sub27,3,3,"{'first layer': ['C'], 'second layer': []}",656,1,1
3Buten1amine_gamma_RH_Sub28_C10_H14,9,13,114.755823264978,3Buten1amine_gamma_RH_Sub28,3,3,"{'first layer': ['C', 'C'], 'second layer': []}",3450,1,1
aa92_opt_C3_H8,2,7,117.88337927255526,aa92_opt,1,4,"{'first layer': ['C', 'C'], 'second layer': []}",3450,1,1
Styrene_RH_Sub19_C1_H2,0,1,117.54134847502117,Styrene_RH_Sub19,5,7,"{'first layer': ['C'], 'second layer': []}",656,1,1
Benzeneethanamine_o_RH_Sub38_C11_H20,10,19,117.61127895747308,Benzeneethanamine_o_RH_Sub38,3,5,"{'first layer': ['C', 'C'], 'second layer': []}",3450,1,1
Azulene_RH_Sub9_C7_H13,6,12,121.7254745499804,Azulene_RH_Sub9,6,7,"{'first layer': ['C', 'C'], 'second layer': []}",3450,1,1
aa106_plan_opt_C3_H8,2,7,117.02287158001,aa106_plan_opt,2,5,"{'first layer': ['C', 'C'], 'second layer': []}",3450,1,1
Benzamide_o_N_RH_Sub23_C9_H13,8,12,119.02814885751413,Benzamide_o_N_RH_Sub23,3,4,"{'first layer': ['C', 'C'], 'second layer': []}",3450,1,1
aa226_plan_opt_C12_H22,11,21,117.55098436498912,aa226_plan_opt,7,8,"{'first layer': ['C', 'C'], 'second layer': []}",3450,1,1
aa61_plan_opt_C5_H10,4,9,116.25854708750438,aa61_plan_opt,3,4,"{'first layer': ['C', 'C'], 'second layer': []}",3450,1,1
5Hexen1ol_RH_Sub37_C8_H9,7,8,117.82672292501118,5Hexen1ol_RH_Sub37,2,3,"{'first layer': ['C'], 'second layer': []}",656,1,1
5Hexen1amine_RH_Sub3_C9_H20,8,19,119.98416581498532,5Hexen1amine_RH_Sub3,1,2,"{'first layer': ['C', 'C'], 'second layer': ['F', 'F', 'F']}",14,1,1
aa70_plan_opt_C13_H18,12,17,118.58230195001326,aa70_plan_opt,7,7,"{'first layer': ['C', 'C'], 'second layer': []}",3450,1,1
2Ethen1ol_RH_Sub10_C5_H6,4,5,122.11252784499663,2Ethen1ol_RH_Sub10,2,3,"{'first layer': ['C'], 'second layer': ['O']}",40,1,1
aa285_plan_opt_C12_H41,11,40,117.02260677499254,aa285_plan_opt,5,15,"{'first layer': ['C', 'C'], 'second layer': []}",3450,1,1
Benzoicacid_RH_Sub17_C6_H15,5,14,119.57809425002736,Benzoicacid_RH_Sub17,2,4,"{'first layer': ['C', 'C'], 'second layer': []}",3450,1,1
2Ethen1amine_RH_Sub2_C4_H5,3,4,107.86590715000088,2Ethen1amine_RH_Sub2,2,2,"{'first layer': ['C', 'N'], 'second layer': ['F']}",1,1,1
Styrene_RH_Sub3_C8_H13,7,12,118.4812518599722,Styrene_RH_Sub3,3,7,"{'first layer': ['C', 'C'], 'second layer': []}",3450,1,1
3Buten1amine_gamma_RH_Sub31_C11_H13,10,12,119.1925877425254,3Buten1amine_gamma_RH_Sub31,3,3,"{'first layer': ['C'], 'second layer': []}",656,1,1
aa280_plan2_opt_C16_H25,15,24,118.83884779504795,aa280_plan2_opt,7,9,"{'first layer': ['C', 'C'], 'second layer': []}",3450,1,1
aa302_plan_opt_C5_H10,4,9,119.73556286502372,aa302_plan_opt,2,4,"{'first layer': ['C', 'C'], 'second layer': []}",3450,1,1
4Penten1amine_RH_Sub26_C9_H10,8,9,113.6798916850033,4Penten1amine_RH_Sub26,1,3,"{'first layer': ['C', 'C'], 'second layer': []}",3450,1,1
Thiobenzoicacid_RH_Sub8_C11_H14,10,13,118.81018296750142,Thiobenzoicacid_RH_Sub8,3,4,"{'first layer': ['C', 'C'], 'second layer': []}",3450,1,1
aa76_opt_C16_H20,15,19,117.0446508500018,aa76_opt,9,9,"{'first layer': ['C', 'C'], 'second layer': []}",3450,1,1
3Buten1ol_RH_Sub1_C6_H7,5,6,115.21987959498516,3Buten1ol_RH_Sub1,2,2,"{'first layer': ['C', 'C'], 'second layer': []}",3450,1,1
3Buten1ol_RH_Sub21_C8_H9,7,8,118.12715800249222,3Buten1ol_RH_Sub21,1,3,"{'first layer': ['C'], 'second layer': []}",656,1,1
aa280_plan2_opt_C1_H33,0,32,117.87550979502612,aa280_plan2_opt,3,9,"{'first layer': ['C', 'C'], 'second layer': ['N']}",667,1,1
3Buten1amine_RH_Sub27_C9_H10,8,9,117.27013042498967,3Buten1amine_RH_Sub27,2,3,"{'first layer': ['C'], 'second layer': []}",656,1,1
Benzamide_o_N_RH_Sub39_C12_H15,11,14,117.37344955500448,Benzamide_o_N_RH_Sub39,2,4,"{'first layer': ['C', 'C'], 'second layer': []}",3450,1,1
aa14_opt_C2_H7,1,6,118.61435653255938,aa14_opt,2,10,"{'first layer': ['C', 'C'], 'second layer': ['N']}",667,1,1
3Buten1amine_gamma_RH_Sub17_C10_H14,9,13,118.5540512725099,3Buten1amine_gamma_RH_Sub17,2,2,"{'first layer': ['C', 'C'], 'second layer': ['N']}",667,1,1
Benzamide_o_N_RH_Sub24_C8_H11,7,10,119.75632432997143,Benzamide_o_N_RH_Sub24,2,4,"{'first layer': ['C', 'C'], 'second layer': []}",3450,1,1
5Hexen1ol_RH_Sub6_C6_H7,5,6,114.12803084998204,5Hexen1ol_RH_Sub6,2,2,"{'first layer': ['C', 'C'], 'second layer': []}",3450,1,1
aa63_plan_opt_C5_H10,4,9,119.56287486500317,aa63_plan_opt,4,5,"{'first layer': ['C', 'C'], 'second layer': []}",3450,1,1
Thiobenzoicacid_RH_Sub14_C11_H14,10,13,117.96878829746588,Thiobenzoicacid_RH_Sub14,3,4,"{'first layer': ['C', 'C'], 'second layer': ['O']}",198,1,1
5Hexen1thiol_RH_Sub44_C8_H9,7,8,117.75611286000526,5Hexen1thiol_RH_Sub44,3,3,"{'first layer': ['C'], 'second layer': []}",656,1,1
Naphtalene_2_RH_Sub30_C4_H18,3,17,117.62071593001151,Naphtalene_2_RH_Sub30,3,8,"{'first layer': ['C', 'C'], 'second layer': []}",3450,1,1
Azulene_RH_Sub11_C12_H16,11,15,120.64263105751564,Azulene_RH_Sub11,7,7,"{'first layer': ['C', 'C'], 'second layer': []}",3450,1,1
3Buten1amine_RH_Sub40_C7_H8,6,7,112.55528555746722,3Buten1amine_RH_Sub40,1,3,"{'first layer': ['C', 'C'], 'second layer': []}",3450,1,1
aa280_opt_C9_H23,8,22,117.43827532500887,aa280_opt,8,9,"{'first layer': ['C', 'C'], 'second layer': []}",3450,1,1
aa235_opt_C2_H22,1,21,117.69859746502163,aa235_opt,6,9,"{'first layer': ['C', 'C'], 'second layer': []}",3450,1,1
Styrene_RH_Sub2_C1_H16,0,15,118.68206190000107,Styrene_RH_Sub2,4,7,"{'first layer': ['C'], 'second layer': []}",656,1,1
Thiobenzoicacid_RH_Sub37_C9_H13,8,12,117.9727660199896,Thiobenzoicacid_RH_Sub37,3,4,"{'first layer': ['C', 'C'], 'second layer': ['N']}",667,1,1
Naphtalene_2_RH_Sub17_C5_H7,4,6,118.7723999375052,Naphtalene_2_RH_Sub17,2,7,"{'first layer': ['C', 'C'], 'second layer': []}",3450,1,1
aa289_opt_C6_H18,5,17,117.8729558699976,aa289_opt,3,4,"{'first layer': ['C', 'C'], 'second layer': []}",3450,1,1
Thiobenzoicacid_RH_Sub15_C6_H15,5,14,117.9823868499028,Thiobenzoicacid_RH_Sub15,1,4,"{'first layer': ['C', 'C'], 'second layer': []}",3450,1,1
Benzoicacid_RH_C7_H10,6,9,119.6836027275026,Benzoicacid_RH,5,5,"{'first layer': ['C', 'C'], 'second layer': []}",3450,1,1
2Propen1ol_RH_Sub28_C8_H9,7,8,119.15649080499703,2Propen1ol_RH_Sub28,2,3,"{'first layer': ['C'], 'second layer': []}",656,1,1
Azulene_RH_Sub29_C4_H9,3,8,114.46590069500402,Azulene_RH_Sub29,6,7,"{'first layer': ['C', 'C'], 'second layer': []}",3450,1,1
aa102_opt_C4_H9,3,8,117.46778727751403,aa102_opt,8,9,"{'first layer': ['C', 'C'], 'second layer': []}",3450,1,1
5Hexen1amine_RH_Sub8_C9_H20,8,19,122.67555598497992,5Hexen1amine_RH_Sub8,2,2,"{'first layer': ['N', 'C'], 'second layer': []}",64,1,1
aa169_opt_C12_H30,11,29,117.17622191254236,aa169_opt,3,5,"{'first layer': ['C', 'C'], 'second layer': ['O']}",198,1,1
3Buten1thiol_RH_Sub37_C6_H7,5,6,113.58008780998064,3Buten1thiol_RH_Sub37,3,3,"{'first layer': ['C', 'C'], 'second layer': ['N']}",667,1,1
5Hexen1thiol_RH_Sub41_C8_H19,7,18,119.15620717496466,5Hexen1thiol_RH_Sub41,3,3,"{'first layer': ['C'], 'second layer': []}",656,1,1
Toluene_RH_Sub20_C5_H8,4,7,117.47541704999216,Toluene_RH_Sub20,3,6,"{'first layer': ['C', 'C'], 'second layer': []}",3450,1,1
aa295_opt_C6_H16,5,15,117.2683502075185,aa295_opt,1,4,"{'first layer': ['C', 'C'], 'second layer': []}",3450,1,1
2Ethen1thiol_RH_Sub16_C5_H7,4,6,118.82014076498932,2Ethen1thiol_RH_Sub16,2,2,"{'first layer': ['C'], 'second layer': ['S']}",16,1,1
Benzeneethanamine_o_RH_Sub36_C12_H15,11,14,117.00652018497236,Benzeneethanamine_o_RH_Sub36,2,5,"{'first layer': ['C', 'C'], 'second layer': []}",3450,1,1
aa205_plan_opt_C9_H24,8,23,117.53126894250089,aa205_plan_opt,5,5,"{'first layer': ['C', 'C'], 'second layer': []}",3450,1,1
Toluene_RH_Sub16_C6_H9,5,8,117.77752755250036,Toluene_RH_Sub16,5,5,"{'first layer': ['C', 'C'], 'second layer': []}",3450,1,1
3Buten1amine_RH_Sub13_C9_H14,8,13,119.60646980002991,3Buten1amine_RH_Sub13,1,2,"{'first layer': ['C'], 'second layer': []}",656,1,1
4Penten1amine_RH_Sub3_C7_H8,6,7,119.55657539249243,4Penten1amine_RH_Sub3,2,2,"{'first layer': ['C'], 'second layer': ['O']}",40,1,1
Benzeneethanamine_o_RH_Sub30_C16_H19,15,18,117.50563431251108,Benzeneethanamine_o_RH_Sub30,1,5,"{'first layer': ['C', 'C'], 'second layer': []}",3450,1,1
Benzeneethanamine_o_RH_Sub38_C12_H15,11,14,117.64199884747342,Benzeneethanamine_o_RH_Sub38,5,5,"{'first layer': ['C', 'C'], 'second layer': []}",3450,1,1
Styrene_RH_Sub29_C7_H11,6,10,116.86733880251552,Styrene_RH_Sub29,1,7,"{'first layer': ['C', 'C'], 'second layer': []}",3450,1,1
aa101_plan_opt_C4_H9,3,8,117.4615392600299,aa101_plan_opt,8,10,"{'first layer': ['C', 'C'], 'second layer': []}",3450,1,1
3Buten1thiol_RH_Sub31_C8_H9,7,8,118.30189604505534,3Buten1thiol_RH_Sub31,3,3,"{'first layer': ['C'], 'second layer': []}",656,1,1
aa35_opt_C14_H19,13,18,118.59963601000288,aa35_opt,2,4,"{'first layer': ['C', 'C'], 'second layer': ['N']}",667,1,1
Ethene_RH_Sub1_C3_H4,2,3,119.7679883000002,Ethene_RH_Sub1,3,3,"{'first layer': ['C'], 'second layer': []}",656,1,1
5Hexen1ol_RH_Sub40_C8_H19,7,18,118.17452421251446,5Hexen1ol_RH_Sub40,2,3,"{'first layer': ['C'], 'second layer': []}",656,1,1
Ethene_RH_Sub2_C3_H5,2,4,121.29628651249357,Ethene_RH_Sub2,3,3,"{'first layer': ['C'], 'second layer': ['F']}",26,1,1
5Hexen1ol_RH_Sub36_C6_H7,5,6,113.58765106750226,5Hexen1ol_RH_Sub36,2,3,"{'first layer': ['C', 'C'], 'second layer': []}",3450,1,1
2Propen1amine_RH_Sub28_C7_H8,6,7,117.63304379501052,2Propen1amine_RH_Sub28,3,3,"{'first layer': ['C', 'C'], 'second layer': ['N', 'N']}",21,1,1
Thiobenzoicacid_RH_Sub28_C6_H15,5,14,117.97438497006112,Thiobenzoicacid_RH_Sub28,4,4,"{'first layer': ['C', 'C'], 'second layer': []}",3450,1,1
2Propen1ol_RH_Sub26_C8_H9,7,8,118.19645533750544,2Propen1ol_RH_Sub26,3,3,"{'first layer': ['C'], 'second layer': []}",656,1,1
2Ethen1thiol_RH_Sub12_C5_H6,4,5,120.80808774753535,2Ethen1thiol_RH_Sub12,1,2,"{'first layer': ['C'], 'second layer': ['F', 'S']}",2,1,1
3Buten1amine_RH_Sub7_C7_H8,6,7,115.05402632498615,3Buten1amine_RH_Sub7,1,2,"{'first layer': ['C', 'C'], 'second layer': ['N']}",667,1,1
3Buten1amine_gamma_RH_Sub5_C10_H14,9,13,116.48542222246505,3Buten1amine_gamma_RH_Sub5,2,2,"{'first layer': ['C', 'C'], 'second layer': ['Cl']}",92,1,1
Toluene_RH_Sub3_C3_H7,2,6,118.35522538750696,Toluene_RH_Sub3,2,4,"{'first layer': ['C', 'C'], 'second layer': []}",3450,1,1
4Penten1amine_RH_Sub10_C9_H10,8,9,116.4972436950046,4Penten1amine_RH_Sub10,2,2,"{'first layer': ['C', 'C'], 'second layer': ['O']}",198,1,1
aa281_plan2_opt_C11_H26,10,25,117.16196699498424,aa281_plan2_opt,5,8,"{'first layer': ['C', 'C'], 'second layer': []}",3450,1,1
Benzeneethaneamine_o_RH_Sub33_C13_H17,12,16,117.34258910506384,Benzeneethaneamine_o_RH_Sub33,1,5,"{'first layer': ['C', 'C'], 'second layer': []}",3450,1,1
aa82_plan_opt_C4_H9,3,8,117.6300845049886,aa82_plan_opt,7,10,"{'first layer': ['C', 'C'], 'second layer': []}",3450,1,1
aa117_opt_C6_H11,5,10,119.42210151497476,aa117_opt,3,5,"{'first layer': ['C', 'C'], 'second layer': []}",3450,1,1
2Ethen1amine_RH_Sub4_C6_H8,5,7,112.35136123498606,2Ethen1amine_RH_Sub4,1,2,"{'first layer': ['O', 'C'], 'second layer': ['N']}",0,1,1
aa86_plan_opt_C16_H20,15,19,116.32927575000453,aa86_plan_opt,5,7,"{'first layer': ['C', 'C'], 'second layer': []}",3450,1,1
Azulene_RH_Sub5_C1_H18,0,17,115.63920897995216,Azulene_RH_Sub5,4,7,"{'first layer': ['C', 'C'], 'second layer': []}",3450,1,1
aa79_plan_opt_C14_H18,13,17,110.41328858001152,aa79_plan_opt,2,8,"{'first layer': ['C', 'N'], 'second layer': []}",0,1,1
aa337_opt_C21_H26,20,25,118.89785664000355,aa337_opt,3,8,"{'first layer': ['C', 'C'], 'second layer': []}",3450,1,1
Azulene_RH_Sub21_C3_H17,2,16,114.97401254498244,Azulene_RH_Sub21,2,7,"{'first layer': ['C', 'C'], 'second layer': []}",3450,1,1
aa82_plan_opt_C2_H7,1,6,118.79290789249438,aa82_plan_opt,2,10,"{'first layer': ['C', 'C'], 'second layer': ['N']}",667,1,1
aa253_opt_C14_H21,13,20,120.06850620749702,aa253_opt,1,5,"{'first layer': ['C', 'C'], 'second layer': []}",3450,1,1
aa302_opt_C4_H19,3,18,117.34499368503094,aa302_opt,2,4,"{'first layer': ['C', 'C'], 'second layer': []}",3450,1,1
aa323_plan2_opt_C10_H25,9,24,118.48741955752104,aa323_plan2_opt,8,10,"{'first layer': ['C', 'C'], 'second layer': ['N']}",667,1,1
Benzoicacid_RH_Sub27_C6_H15,5,14,118.1770498999849,Benzoicacid_RH_Sub27,3,4,"{'first layer': ['C', 'C'], 'second layer': []}",3450,1,1
5Hexen1amine_RH_Sub12_C9_H20,8,19,122.45124481501291,5Hexen1amine_RH_Sub12,2,2,"{'first layer': ['C'], 'second layer': ['F']}",26,1,1
aa103_opt_C5_H10,4,9,117.26032260002086,aa103_opt,4,8,"{'first layer': ['C', 'C'], 'second layer': []}",3450,1,1
Benzeneethaneamine_o_RH_Sub31_C11_H20,10,19,117.56054432747533,Benzeneethaneamine_o_RH_Sub31,4,5,"{'first layer': ['C', 'C'], 'second layer': []}",3450,1,1
Ethene_RH_Sub6_C3_H5,2,4,117.6624760550024,Ethene_RH_Sub6,1,3,"{'first layer': ['C'], 'second layer': []}",656,1,1
Benzeneethaneamine_o_RH_Sub39_C11_H20,10,19,117.47273072252624,Benzeneethaneamine_o_RH_Sub39,1,5,"{'first layer': ['C', 'C'], 'second layer': []}",3450,1,1
Toluene_RH_Sub4_C4_H15,3,14,117.28854817746864,Toluene_RH_Sub4,2,4,"{'first layer': ['C', 'C'], 'second layer': []}",3450,1,1
aa57_plan_opt_C2_H7,1,6,117.28142228753,aa57_plan_opt,4,4,"{'first layer': ['C', 'C'], 'second layer': ['N']}",667,1,1
3Buten1ol_RH_Sub34_C6_H7,5,6,114.04717684748236,3Buten1ol_RH_Sub34,2,3,"{'first layer': ['C', 'C'], 'second layer': ['O']}",198,1,1
aa335_plan2_opt_C9_H14,8,13,118.47380845500282,aa335_plan2_opt,3,8,"{'first layer': ['C', 'C'], 'second layer': ['N']}",667,1,1
Ethene_RH_Sub30_C1_H6,0,5,117.15685268174916,Ethene_RH_Sub30,4,4,"{'first layer': ['C'], 'second layer': []}",656,1,1
2Phenylpyridine_RH_C7_H8,6,7,118.60190693252804,2Phenylpyridine_RH,1,9,"{'first layer': ['C', 'C'], 'second layer': ['N']}",667,1,1
aa156_opt_C11_H25,10,24,118.44519445498946,aa156_opt,1,4,"{'first layer': ['C', 'C'], 'second layer': ['N']}",667,1,1
aa98_plan_opt_C24_H29,23,28,118.90771717495,aa98_plan_opt,7,9,"{'first layer': ['C', 'C'], 'second layer': ['S']}",19,1,1
2Ethen1ol_RH_Sub9_C5_H7,4,6,116.44520135499675,2Ethen1ol_RH_Sub9,2,2,"{'first layer': ['C', 'C'], 'second layer': ['O']}",198,1,1
3Buten1thiol_RH_Sub27_C6_H7,5,6,113.04120022255744,3Buten1thiol_RH_Sub27,2,3,"{'first layer': ['C', 'C'], 'second layer': []}",3450,1,1
5Hexen1ol_RH_Sub10_C6_H7,5,6,113.56955522250756,5Hexen1ol_RH_Sub10,2,3,"{'first layer': ['C', 'C'], 'second layer': []}",3450,1,1
3Buten1amine_RH_Sub10_C9_H14,8,13,118.00907881750014,3Buten1amine_RH_Sub10,2,3,"{'first layer': ['C'], 'second layer': []}",656,1,1
Benzeneethaneamine_o_RH_Sub34_C14_H18,13,17,117.28573321248987,Benzeneethaneamine_o_RH_Sub34,1,5,"{'first layer': ['C', 'C'], 'second layer': []}",3450,1,1
Naphtalene_2_RH_Sub1_C14_H15,13,14,118.4999657924935,Naphtalene_2_RH_Sub1,5,7,"{'first layer': ['C', 'C'], 'second layer': []}",3450,1,1
3Buten1thiol_RH_Sub28_C6_H7,5,6,114.38551104248036,3Buten1thiol_RH_Sub28,1,3,"{'first layer': ['C', 'C'], 'second layer': []}",3450,1,1
Styrene_RH_Sub5_C3_H4,2,3,114.76012666005316,Styrene_RH_Sub5,4,7,"{'first layer': ['C', 'C'], 'second layer': []}",3450,1,1
aa224_plan_opt_C16_H25,15,24,119.04407920004589,aa224_plan_opt,10,10,"{'first layer': ['C', 'C'], 'second layer': ['N']}",667,1,1
5Hexen1ol_RH_Sub2_C6_H7,5,6,116.78761994749608,5Hexen1ol_RH_Sub2,2,2,"{'first layer': ['C', 'C'], 'second layer': ['F']}",84,1,1
aa82_plan_opt_C5_H10,4,9,117.65291797499629,aa82_plan_opt,5,10,"{'first layer': ['C', 'C'], 'second layer': []}",3450,1,1
Naphtalene_2_RH_Sub17_C4_H18,3,17,118.02149264999954,Naphtalene_2_RH_Sub17,4,7,"{'first layer': ['C', 'C'], 'second layer': ['N']}",667,1,1
aa193_plan_opt_C25_H52,24,51,118.7602546749656,aa193_plan_opt,8,14,"{'first layer': ['C', 'C'], 'second layer': ['O']}",198,1,1
5Hexen1ol_RH_Sub41_C8_H19,7,18,119.42539275251748,5Hexen1ol_RH_Sub41,1,3,"{'first layer': ['C'], 'second layer': []}",656,1,1
Benzoicacid_RH_Sub38_C8_H12,7,11,118.50483268249492,Benzoicacid_RH_Sub38,4,4,"{'first layer': ['C', 'C'], 'second layer': []}",3450,1,1
5Hexen1ol_RH_Sub41_C6_H7,5,6,115.459200565017,5Hexen1ol_RH_Sub41,2,3,"{'first layer': ['C', 'C'], 'second layer': []}",3450,1,1
aa234_opt_C14_H18,13,17,117.63663435006237,aa234_opt,4,5,"{'first layer': ['C', 'C'], 'second layer': []}",3450,1,1
Benzeneethanamine_o_RH_Sub25_C13_H17,12,16,118.70819664748096,Benzeneethanamine_o_RH_Sub25,2,4,"{'first layer': ['C', 'C'], 'second layer': ['Cl']}",92,1,1
aa284_plan_opt_C19_H35,18,34,119.57568590499308,aa284_plan_opt,11,15,"{'first layer': ['C', 'C'], 'second layer': []}",3450,1,1
Benzeneethanamine_o_RH_Sub25_C14_H18,13,17,118.91481733748236,Benzeneethanamine_o_RH_Sub25,1,4,"{'first layer': ['C', 'C'], 'second layer': ['Cl']}",92,1,1
Styrene_RH_Sub24_C7_H11,6,10,116.83677767001272,Styrene_RH_Sub24,7,7,"{'first layer': ['C', 'C'], 'second layer': []}",3450,1,1
aa279_opt_C17_H30,16,29,117.54565312501173,aa279_opt,6,10,"{'first layer': ['C', 'C'], 'second layer': []}",3450,1,1
aa315_plan_opt_C10_H20,9,19,117.80566590751448,aa315_plan_opt,9,9,"{'first layer': ['C', 'C'], 'second layer': []}",3450,1,1
aa279_plan_opt_C20_H32,19,31,119.61832264745168,aa279_plan_opt,3,10,"{'first layer': ['C', 'C'], 'second layer': ['O']}",198,1,1
Styrene_RH_Sub29_C10_H14,9,13,117.18660076250046,Styrene_RH_Sub29,7,7,"{'first layer': ['C', 'C'], 'second layer': []}",3450,1,1
Benzamide_o_N_RH_Sub3_C12_H15,11,14,118.36448226748814,Benzamide_o_N_RH_Sub3,2,4,"{'first layer': ['C', 'C'], 'second layer': []}",3450,1,1
Azulene_RH_Sub17_C7_H13,6,12,122.1372463250087,Azulene_RH_Sub17,3,7,"{'first layer': ['C', 'C'], 'second layer': []}",3450,1,1
Toluene_RH_Sub9_C5_H8,4,7,117.42808974500434,Toluene_RH_Sub9,1,4,"{'first layer': ['C', 'C'], 'second layer': []}",3450,1,1
aa229_opt_C1_H17,0,16,117.49487017752556,aa229_opt,3,6,"{'first layer': ['C', 'C'], 'second layer': []}",3450,1,1
aa183_plan_opt_C5_H15,4,14,117.79240118504276,aa183_plan_opt,4,4,"{'first layer': ['C', 'C'], 'second layer': []}",3450,1,1
Cyclopentene_RH_Sub17_C2_H5,1,4,119.64323314250194,Cyclopentene_RH_Sub17,1,3,"{'first layer': ['C', 'C'], 'second layer': ['N']}",667,1,1
aa150_opt_C4_H9,3,8,117.19351895003116,aa150_opt,1,5,"{'first layer': ['C', 'C'], 'second layer': []}",3450,1,1
aa277_plan_opt_C14_H16,13,15,118.09373045001976,aa277_plan_opt,5,5,"{'first layer': ['C', 'C'], 'second layer': []}",3450,1,1
aa146_plan_opt_C6_H15,5,14,118.10570252250044,aa146_plan_opt,4,5,"{'first layer': ['C', 'C'], 'second layer': []}",3450,1,1
aa94_opt_C5_H10,4,9,117.1938847825146,aa94_opt,4,4,"{'first layer': ['C', 'C'], 'second layer': []}",3450,1,1
aa338_plan_opt_C2_H7,1,6,118.47503270746812,aa338_plan_opt,4,9,"{'first layer': ['C', 'C'], 'second layer': ['N']}",667,1,1
aa315_plan_opt_C12_H22,11,21,116.36253074001844,aa315_plan_opt,7,9,"{'first layer': ['C', 'C'], 'second layer': ['N']}",667,1,1
aa149_plan_opt_C1_H16,0,15,118.19669880753452,aa149_plan_opt,6,9,"{'first layer': ['C', 'C'], 'second layer': ['N']}",667,1,1
aa158_plan_opt_C9_H17,8,16,114.66062272999736,aa158_plan_opt,2,8,"{'first layer': ['C', 'C'], 'second layer': ['O', 'N']}",0,1,1
Benzamide_o_N_RH_Sub11_C12_H15,11,14,119.71548160998069,Benzamide_o_N_RH_Sub11,1,4,"{'first layer': ['C', 'C'], 'second layer': []}",3450,1,1
Styrene_RH_Sub24_C1_H2,0,1,117.4934043375113,Styrene_RH_Sub24,6,7,"{'first layer': ['C'], 'second layer': []}",656,1,1
Azulene_RH_Sub10_C4_H9,3,8,115.63729510500336,Azulene_RH_Sub10,1,8,"{'first layer': ['C', 'C'], 'second layer': []}",3450,1,1
aa186_opt_C9_H18,8,17,117.81003393497684,aa186_opt,1,7,"{'first layer': ['C', 'C'], 'second layer': []}",3450,1,1
aa280_plan_opt_C1_H27,0,26,118.6430132024782,aa280_plan_opt,9,9,"{'first layer': ['C', 'C'], 'second layer': []}",3450,1,1
aa327_plan_opt_C19_H24,18,23,117.62997218253504,aa327_plan_opt,7,9,"{'first layer': ['C', 'C'], 'second layer': []}",3450,1,1
5Hexen1ol_RH_Sub13_C8_H19,7,18,120.2549540275325,5Hexen1ol_RH_Sub13,1,2,"{'first layer': ['C'], 'second layer': []}",656,1,1
2Phenylpyridine_RH_Sub5_C15_H19,14,18,118.26073392755376,2Phenylpyridine_RH_Sub5,7,9,"{'first layer': ['C', 'C'], 'second layer': []}",3450,1,1
Benzoicacid_RH_Sub36_C6_H15,5,14,117.68097789251954,Benzoicacid_RH_Sub36,4,4,"{'first layer': ['C', 'C'], 'second layer': []}",3450,1,1
5Hexen1thiol_RH_Sub42_C8_H9,7,8,117.9227467399886,5Hexen1thiol_RH_Sub42,2,3,"{'first layer': ['C'], 'second layer': []}",656,1,1
3Buten1amine_gamma_RH_Sub1_C11_H13,10,12,114.91431344997864,3Buten1amine_gamma_RH_Sub1,1,2,"{'first layer': ['C', 'C'], 'second layer': ['N']}",667,1,1
aa232_plan_opt_C7_H23,6,22,111.79578214748376,aa232_plan_opt,2,9,"{'first layer': ['C', 'N'], 'second layer': []}",0,1,1
aa98_opt_C4_H9,3,8,117.83092090002413,aa98_opt,6,9,"{'first layer': ['C', 'C'], 'second layer': []}",3450,1,1
aa65_plan_opt_C5_H10,4,9,119.23500925247735,aa65_plan_opt,1,5,"{'first layer': ['C', 'C'], 'second layer': []}",3450,1,1
Toluene_RH_Sub19_C3_H7,2,6,117.26401167249392,Toluene_RH_Sub19,2,5,"{'first layer': ['C', 'C'], 'second layer': []}",3450,1,1
5Hexen1ol_RH_Sub8_C6_H7,5,6,116.37401147995178,5Hexen1ol_RH_Sub8,1,2,"{'first layer': ['C', 'C'], 'second layer': ['N']}",667,1,1
aa334_opt_C5_H10,4,9,117.50404171748188,aa334_opt,1,9,"{'first layer': ['C', 'C'], 'second layer': ['N']}",667,1,1
5Hexen1amine_RH_Sub34_C7_H8,6,7,113.71091402997962,5Hexen1amine_RH_Sub34,2,3,"{'first layer': ['C', 'C'], 'second layer': []}",3450,1,1
Styrene_RH_Sub4_C12_H15,11,14,117.4976569050176,Styrene_RH_Sub4,2,7,"{'first layer': ['C', 'C'], 'second layer': []}",3450,1,1
aa65_opt_C5_H10,4,9,119.172492055028,aa65_opt,5,5,"{'first layer': ['C', 'C'], 'second layer': []}",3450,1,1
aa285_plan_opt_C21_H26,20,25,117.61569279252171,aa285_plan_opt,7,15,"{'first layer': ['C', 'C'], 'second layer': []}",3450,1,1
aa326_plan_opt_C20_H25,19,24,114.99466106005455,aa326_plan_opt,8,9,"{'first layer': ['C', 'C'], 'second layer': []}",3450,1,1
aa166_opt_C5_H14,4,13,116.59453945254938,aa166_opt,1,5,"{'first layer': ['C', 'C'], 'second layer': ['O']}",198,1,1
3Buten1amine_RH_Sub15_C9_H10,8,9,119.42055849252768,3Buten1amine_RH_Sub15,1,2,"{'first layer': ['C'], 'second layer': ['Cl']}",24,1,1
Styrene_RH_Sub25_C6_H9,5,8,117.89046688500632,Styrene_RH_Sub25,3,7,"{'first layer': ['C', 'C'], 'second layer': []}",3450,1,1
5Hexen1ol_RH_Sub20_C8_H9,7,8,119.84862518747748,5Hexen1ol_RH_Sub20,2,2,"{'first layer': ['C'], 'second layer': ['N']}",76,1,1
aa284_opt_C5_H31,4,30,117.62898700746688,aa284_opt,6,9,"{'first layer': ['C', 'C'], 'second layer': []}",3450,1,1
5Hexen1thiol_RH_Sub31_C8_H19,7,18,118.05637663001448,5Hexen1thiol_RH_Sub31,1,3,"{'first layer': ['C'], 'second layer': []}",656,1,1
aa184_opt_C7_H16,6,15,118.14235918999486,aa184_opt,2,2,"{'first layer': ['C', 'C'], 'second layer': []}",3450,1,1
aa230_plan_opt_C9_H23,8,22,117.7423210374721,aa230_plan_opt,5,8,"{'first layer': ['C', 'C'], 'second layer': ['S']}",19,1,1
2Propen1thiol_RH_Sub21_C8_H10,7,9,118.46882673253872,2Propen1thiol_RH_Sub21,3,3,"{'first layer': ['C'], 'second layer': []}",656,1,1
3Buten1ol_RH_Sub14_C8_H9,7,8,119.70776712502456,3Buten1ol_RH_Sub14,2,2,"{'first layer': ['C'], 'second layer': ['O']}",40,1,1
Styrene_RH_Sub26_C8_H13,7,12,117.39499163000788,Styrene_RH_Sub26,4,7,"{'first layer': ['C', 'C'], 'second layer': []}",3450,1,1
2Propen1ol_RH_Sub9_C8_H10,7,9,115.35035880751563,2Propen1ol_RH_Sub9,1,2,"{'first layer': ['C', 'C'], 'second layer': []}",3450,1,1
aa235_opt_C15_H30,14,29,118.47819467998676,aa235_opt,8,9,"{'first layer': ['C', 'C'], 'second layer': []}",3450,1,1
Benzeneethanamine_o_RH_Sub5_C16_H19,15,18,117.8373496374519,Benzeneethanamine_o_RH_Sub5,4,4,"{'first layer': ['C', 'C'], 'second layer': []}",3450,1,1
Benzamide_o_N_RH_Sub7_C9_H13,8,12,118.72562859750543,Benzamide_o_N_RH_Sub7,3,4,"{'first layer': ['C', 'C'], 'second layer': []}",3450,1,1
2Ethen1thiol_RH_Sub8_C3_H4,2,3,118.50858199500864,2Ethen1thiol_RH_Sub8,2,2,"{'first layer': ['C', 'S'], 'second layer': ['N']}",2,1,1
Benzamide_o_N_RH_Sub24_C10_H14,9,13,119.47058906748056,Benzamide_o_N_RH_Sub24,4,4,"{'first layer': ['C', 'C'], 'second layer': ['O']}",198,1,1
Benzamide_o_N_RH_Sub27_C10_H14,9,13,117.99569361500062,Benzamide_o_N_RH_Sub27,3,4,"{'first layer': ['C', 'C'], 'second layer': ['N']}",667,1,1
2Ethen1ol_RH_Sub15_C5_H7,4,6,121.28310399249074,2Ethen1ol_RH_Sub15,1,2,"{'first layer': ['C'], 'second layer': ['Cl', 'O']}",2,1,1
2Ethen1amine_RH_Sub8_C4_H5,3,4,119.23754247001084,2Ethen1amine_RH_Sub8,2,2,"{'first layer': ['C', 'N'], 'second layer': ['N']}",0,1,1
aa9_opt_C16_H20,15,19,116.61092033998912,aa9_opt,3,9,"{'first layer': ['C', 'C'], 'second layer': []}",3450,1,1
aa58_opt_C2_H7,1,6,117.81594937748253,aa58_opt,3,5,"{'first layer': ['C', 'C'], 'second layer': ['N']}",667,1,1
Toluene_RH_Sub23_C5_H8,4,7,117.8035173474794,Toluene_RH_Sub23,2,4,"{'first layer': ['C', 'C'], 'second layer': []}",3450,1,1
3Buten1amine_gamma_RH_Sub7_C11_H13,10,12,115.49419937749462,3Buten1amine_gamma_RH_Sub7,2,2,"{'first layer': ['N', 'C'], 'second layer': []}",64,1,1
2Propen1amine_RH_Sub11_C9_H10,8,9,120.52469306001072,2Propen1amine_RH_Sub11,2,2,"{'first layer': ['C'], 'second layer': []}",656,1,1
aa89_plan_opt_C5_H10,4,9,117.51291958754764,aa89_plan_opt,5,5,"{'first layer': ['C', 'C'], 'second layer': []}",3450,1,1
Benzeneethaneamine_o_RH_Sub40_C13_H17,12,16,117.07618523502047,Benzeneethaneamine_o_RH_Sub40,3,5,"{'first layer': ['C', 'C'], 'second layer': []}",3450,1,1
Cyclopentene_RH_C3_H11,2,10,120.78857187000564,Cyclopentene_RH,3,4,"{'first layer': ['C', 'C'], 'second layer': []}",3450,1,1
aa111_plan_opt_C4_H9,3,8,117.59277649249825,aa111_plan_opt,4,5,"{'first layer': ['C', 'C'], 'second layer': []}",3450,1,1
aa263_opt_C6_H20,5,19,117.42932905745306,aa263_opt,2,8,"{'first layer': ['C', 'C'], 'second layer': []}",3450,1,1
aa270_plan_opt_C6_H18,5,17,118.83029810750712,aa270_plan_opt,8,8,"{'first layer': ['C', 'C'], 'second layer': ['N']}",667,1,1
2Propen1thiol_RH_Sub9_C6_H7,5,6,113.84423330750876,2Propen1thiol_RH_Sub9,1,2,"{'first layer': ['C', 'C'], 'second layer': ['S']}",19,1,1
aa96_opt_C2_H7,1,6,119.43894361499504,aa96_opt,2,5,"{'first layer': ['C', 'C'], 'second layer': []}",3450,1,1
aa198_plan_opt_C13_H20,12,19,117.06904616754288,aa198_plan_opt,6,8,"{'first layer': ['C', 'C'], 'second layer': []}",3450,1,1
aa215_plan_opt_C12_H25,11,24,117.38209650501544,aa215_plan_opt,2,3,"{'first layer': ['C', 'C'], 'second layer': ['N', 'O']}",9,1,1
aa111_plan_opt_C3_H8,2,7,117.72274931249795,aa111_plan_opt,5,5,"{'first layer': ['C', 'C'], 'second layer': []}",3450,1,1
Naphtalene_2_RH_Sub21_C5_H7,4,6,119.48255988501018,Naphtalene_2_RH_Sub21,3,7,"{'first layer': ['C', 'C'], 'second layer': []}",3450,1,1
aa104_opt_C3_H8,2,7,117.1562730599902,aa104_opt,4,7,"{'first layer': ['C', 'C'], 'second layer': []}",3450,1,1
aa296_plan_opt_C4_H16,3,15,117.21819476003076,aa296_plan_opt,4,4,"{'first layer': ['C', 'C'], 'second layer': []}",3450,1,1
Benzeneethaneamine_o_RH_Sub2_C11_H20,10,19,117.66516677501102,Benzeneethaneamine_o_RH_Sub2,2,4,"{'first layer': ['C', 'C'], 'second layer': []}",3450,1,1
Benzamide_o_N_RH_Sub2_C7_H16,6,15,117.35318130497716,Benzamide_o_N_RH_Sub2,1,4,"{'first layer': ['C', 'C'], 'second layer': []}",3450,1,1
aa314_plan_opt_C1_H14,0,13,118.44906236496172,aa314_plan_opt,1,4,"{'first layer': ['C', 'C'], 'second layer': ['N']}",667,1,1
2Propen1ol_RH_Sub16_C8_H9,7,8,118.66913665498836,2Propen1ol_RH_Sub16,1,2,"{'first layer': ['C'], 'second layer': []}",656,1,1
aa225_opt_C5_H13,4,12,119.24647179503182,aa225_opt,2,2,"{'first layer': ['C', 'C'], 'second layer': []}",3450,1,1
aa71_plan_opt_C13_H18,12,17,117.62195963498512,aa71_plan_opt,3,6,"{'first layer': ['C', 'C'], 'second layer': []}",3450,1,1
aa275_plan_opt_C9_H19,8,18,117.77151547505356,aa275_plan_opt,1,8,"{'first layer': ['C', 'C'], 'second layer': []}",3450,1,1
2Propen1ol_RH_Sub17_C8_H10,7,9,122.21678571499992,2Propen1ol_RH_Sub17,1,2,"{'first layer': ['C'], 'second layer': ['N']}",76,1,1
Cyclopentene_RH_Sub2_C2_H5,1,4,119.80651240750646,Cyclopentene_RH_Sub2,2,4,"{'first layer': ['C', 'C'], 'second layer': []}",3450,1,1
Toluene_RH_Sub26_C4_H12,3,11,117.57194349248664,Toluene_RH_Sub26,4,4,"{'first layer': ['C', 'C'], 'second layer': []}",3450,1,1
aa182_plan_opt_C7_H12,6,11,117.85908686499596,aa182_plan_opt,1,4,"{'first layer': ['C', 'C'], 'second layer': []}",3450,1,1
2Propen1thiol_RH_Sub30_C8_H10,7,9,118.00015890500448,2Propen1thiol_RH_Sub30,2,3,"{'first layer': ['C'], 'second layer': []}",656,1,1
Azulene_RH_Sub3_C3_H17,2,16,114.68690180248473,Azulene_RH_Sub3,5,7,"{'first layer': ['C', 'C'], 'second layer': []}",3450,1,1
Benzoicacid_RH_Sub13_C6_H15,5,14,118.96760640251188,Benzoicacid_RH_Sub13,4,4,"{'first layer': ['C', 'C'], 'second layer': []}",3450,1,1
Ethene_RH_Sub30_C1_H2,0,1,117.14560687774608,Ethene_RH_Sub30,1,4,"{'first layer': ['C'], 'second layer': []}",656,1,1
aa152_plan_opt_C5_H17,4,16,117.88338241002208,aa152_plan_opt,3,4,"{'first layer': ['C', 'C'], 'second layer': []}",3450,1,1
Styrene_RH_Sub4_C3_H4,2,3,114.92939478500034,Styrene_RH_Sub4,4,7,"{'first layer': ['C', 'C'], 'second layer': []}",3450,1,1
Thiobenzoicacid_RH_Sub28_C8_H12,7,11,120.72717099505724,Thiobenzoicacid_RH_Sub28,3,4,"{'first layer': ['C', 'C'], 'second layer': ['N']}",667,1,1
aa20_plan_opt_C19_H34,18,33,117.31286191998066,aa20_plan_opt,8,15,"{'first layer': ['C', 'C'], 'second layer': []}",3450,1,1
aa243_opt_C19_H21,18,20,117.3662759749638,aa243_opt,2,4,"{'first layer': ['C', 'C'], 'second layer': []}",3450,1,1
Styrene_RH_Sub16_C6_H9,5,8,117.46096823500494,Styrene_RH_Sub16,1,7,"{'first layer': ['C', 'C'], 'second layer': []}",3450,1,1
aa327_plan2_opt_C8_H13,7,12,117.56786725250606,aa327_plan2_opt,6,9,"{'first layer': ['C', 'C'], 'second layer': []}",3450,1,1
3Buten1ol_RH_Sub14_C8_H13,7,12,121.61863075250167,3Buten1ol_RH_Sub14,1,2,"{'first layer': ['C'], 'second layer': ['O']}",40,1,1
Thiobenzoicacid_RH_Sub24_C8_H12,7,11,118.19368429745452,Thiobenzoicacid_RH_Sub24,2,4,"{'first layer': ['C', 'C'], 'second layer': ['O']}",198,1,1
Thiobenzoicacid_RH_Sub14_C6_H15,5,14,118.24346826501852,Thiobenzoicacid_RH_Sub14,4,4,"{'first layer': ['C', 'C'], 'second layer': []}",3450,1,1
Thiobenzoicacid_RH_Sub20_C11_H14,10,13,117.94914817500172,Thiobenzoicacid_RH_Sub20,3,4,"{'first layer': ['C', 'C'], 'second layer': ['N']}",667,1,1
aa301_opt_C4_H30,3,29,118.21861173500396,aa301_opt,2,4,"{'first layer': ['C', 'C'], 'second layer': []}",3450,1,1
aa218_opt_C9_H15,8,14,117.90503241498982,aa218_opt,3,4,"{'first layer': ['C', 'C'], 'second layer': []}",3450,1,1
aa253_opt_C2_H9,1,8,118.18608338993867,aa253_opt,3,5,"{'first layer': ['C', 'C'], 'second layer': ['O']}",198,1,1
aa158_opt_C5_H11,4,10,117.5740926800151,aa158_opt,1,8,"{'first layer': ['C', 'C'], 'second layer': ['N']}",667,1,1
2Phenylpyridine_RH_Sub2_C9_H10,8,9,112.05559538502796,2Phenylpyridine_RH_Sub2,4,8,"{'first layer': ['N', 'C'], 'second layer': []}",64,1,1
aa194_plan_opt_C6_H18,5,17,120.05067014750152,aa194_plan_opt,2,3,"{'first layer': ['C', 'C'], 'second layer': ['F']}",84,1,1
2Phenylpyridine_RH_Sub5_C20_H23,19,22,94.82970885499668,2Phenylpyridine_RH_Sub5,6,9,"{'first layer': ['O', 'C'], 'second layer': []}",17,1,1
Naphtalene_2_RH_C6_H8,5,7,117.62536193999466,Naphtalene_2_RH,2,8,"{'first layer': ['C', 'C'], 'second layer': []}",3450,1,1
2Ethen1thiol_RH_Sub13_C5_H6,4,5,119.57374818501108,2Ethen1thiol_RH_Sub13,1,2,"{'first layer': ['C'], 'second layer': ['S']}",16,1,1
Benzeneethaneamine_o_RH_Sub13_C12_H15,11,14,117.4045346499949,Benzeneethaneamine_o_RH_Sub13,1,4,"{'first layer': ['C', 'C'], 'second layer': []}",3450,1,1
3Buten1thiol_RH_Sub10_C8_H9,7,8,117.77451994495436,3Buten1thiol_RH_Sub10,3,3,"{'first layer': ['C'], 'second layer': []}",656,1,1
4Penten1amine_RH_Sub32_C9_H10,8,9,113.24254928498604,4Penten1amine_RH_Sub32,1,3,"{'first layer': ['C', 'C'], 'second layer': []}",3450,1,1
Azulene_RH_Sub30_C1_H18,0,17,115.63796527501424,Azulene_RH_Sub30,4,8,"{'first layer': ['C', 'C'], 'second layer': []}",3450,1,1
Benzeneethaneamine_o_RH_Sub34_C12_H15,11,14,117.21289928749611,Benzeneethaneamine_o_RH_Sub34,4,5,"{'first layer': ['C', 'C'], 'second layer': []}",3450,1,1
aa281_plan_opt_C1_H30,0,29,119.30602970245928,aa281_plan_opt,1,8,"{'first layer': ['C', 'C'], 'second layer': []}",3450,1,1
Benzamide_o_N_RH_Sub11_C7_H16,6,15,116.90027439498294,Benzamide_o_N_RH_Sub11,3,4,"{'first layer': ['C', 'C'], 'second layer': []}",3450,1,1
2Phenylpyridine_RH_Sub4_C13_H16,12,15,118.12151238502224,2Phenylpyridine_RH_Sub4,5,8,"{'first layer': ['C', 'C'], 'second layer': []}",3450,1,1
aa245_opt_C6_H18,5,17,118.70414362496888,aa245_opt,7,8,"{'first layer': ['C', 'C'], 'second layer': ['Cl']}",92,1,1
Benzeneethaneamine_o_RH_Sub37_C12_H15,11,14,116.92821696999872,Benzeneethaneamine_o_RH_Sub37,5,5,"{'first layer': ['C', 'C'], 'second layer': []}",3450,1,1
Toluene_RH_Sub7_C3_H7,2,6,117.651714430026,Toluene_RH_Sub7,1,4,"{'first layer': ['C', 'C'], 'second layer': ['N']}",667,1,1
aa16_opt_C17_H22,16,21,117.59154847503709,aa16_opt,6,11,"{'first layer': ['C', 'C'], 'second layer': []}",3450,1,1
aa118_opt_C3_H8,2,7,117.9213116474702,aa118_opt,3,4,"{'first layer': ['C', 'C'], 'second layer': []}",3450,1,1
aa107_plan_opt_C2_H7,1,6,117.55277336751008,aa107_plan_opt,1,4,"{'first layer': ['C', 'C'], 'second layer': ['N']}",667,1,1
2Propen1ol_RH_Sub19_C8_H9,7,8,118.29825466250595,2Propen1ol_RH_Sub19,1,2,"{'first layer': ['C'], 'second layer': []}",656,1,1
aa268_plan_opt_C8_H19,7,18,116.91169928750752,aa268_plan_opt,1,8,"{'first layer': ['C', 'C'], 'second layer': ['N']}",667,1,1
aa233_opt_C5_H6,4,5,117.84673390001274,aa233_opt,1,2,"{'first layer': ['C', 'C'], 'second layer': []}",3450,1,1
aa286_plan_opt_C12_H27,11,26,117.5156002674484,aa286_plan_opt,5,5,"{'first layer': ['C', 'C'], 'second layer': []}",3450,1,1
aa80_opt_C15_H19,14,18,119.55812406245116,aa80_opt,4,7,"{'first layer': ['C', 'C'], 'second layer': ['N', 'N']}",21,1,1
Azulene_RH_Sub19_C7_H13,6,12,121.98659235999656,Azulene_RH_Sub19,7,7,"{'first layer': ['C', 'C'], 'second layer': []}",3450,1,1
Styrene_RH_Sub7_C1_H2,0,1,117.95777818247784,Styrene_RH_Sub7,6,7,"{'first layer': ['C'], 'second layer': []}",656,1,1
aa123_plan_opt_C4_H14,3,13,117.5274480949946,aa123_plan_opt,4,4,"{'first layer': ['C', 'C'], 'second layer': []}",3450,1,1
Benzoicacid_RH_Sub1_C9_H13,8,12,119.83073390749524,Benzoicacid_RH_Sub1,2,4,"{'first layer': ['C', 'C'], 'second layer': []}",3450,1,1
aa286_opt_C24_H1,23,0,100.62185450753134,aa286_opt,1,2,"{'first layer': ['C', 'C'], 'second layer': ['O']}",198,1,1
aa106_opt_C6_H11,5,10,116.49585880249036,aa106_opt,5,5,"{'first layer': ['C', 'C'], 'second layer': ['N']}",667,1,1
Naphtalene_2_RH_Sub28_C4_H18,3,17,120.29540518749089,Naphtalene_2_RH_Sub28,6,7,"{'first layer': ['C', 'C'], 'second layer': ['N']}",667,1,1
aa7_plan_opt_C18_H23,17,22,117.49008486248188,aa7_plan_opt,9,9,"{'first layer': ['C', 'C'], 'second layer': []}",3450,1,1
Thiobenzoicacid_RH_Sub31_C8_H12,7,11,118.46803984751377,Thiobenzoicacid_RH_Sub31,4,4,"{'first layer': ['C', 'C'], 'second layer': []}",3450,1,1
aa65_plan_opt_C7_H12,6,11,117.50639735246722,aa65_plan_opt,5,5,"{'first layer': ['C', 'C'], 'second layer': []}",3450,1,1
Benzeneethaneamine_o_RH_Sub2_C13_H17,12,16,117.9974211224942,Benzeneethaneamine_o_RH_Sub2,4,4,"{'first layer': ['C', 'C'], 'second layer': []}",3450,1,1
aa326_opt_C9_H14,8,13,118.04958205996058,aa326_opt,2,9,"{'first layer': ['C', 'C'], 'second layer': ['N']}",667,1,1
aa295_opt_C7_H17,6,16,117.4505918950203,aa295_opt,3,4,"{'first layer': ['C', 'C'], 'second layer': []}",3450,1,1
aa273_plan_opt_C1_H15,0,14,118.48558537480017,aa273_plan_opt,4,8,"{'first layer': ['C', 'C'], 'second layer': []}",3450,1,1
aa91_opt_C3_H8,2,7,117.66942812753145,aa91_opt,4,5,"{'first layer': ['C', 'C'], 'second layer': []}",3450,1,1
5Hexen1ol_RH_Sub26_C6_H7,5,6,113.4681129449764,5Hexen1ol_RH_Sub26,1,3,"{'first layer': ['C', 'C'], 'second layer': []}",3450,1,1
Benzeneethaneamine_o_RH_Sub20_C11_H20,10,19,117.84118052499466,Benzeneethaneamine_o_RH_Sub20,2,4,"{'first layer': ['C', 'C'], 'second layer': ['N']}",667,1,1
Naphtalene_2_RH_Sub7_C4_H18,3,17,117.69377952000198,Naphtalene_2_RH_Sub7,5,7,"{'first layer': ['C', 'C'], 'second layer': []}",3450,1,1
Benzamide_o_N_RH_Sub21_C8_H11,7,10,120.61244391498136,Benzamide_o_N_RH_Sub21,1,4,"{'first layer': ['C', 'C'], 'second layer': []}",3450,1,1
aa211_plan_opt_C11_H16,10,15,117.5260280624596,aa211_plan_opt,1,5,"{'first layer': ['C', 'C'], 'second layer': ['N']}",667,1,1
Benzamide_o_N_RH_Sub25_C8_H11,7,10,120.05451295752522,Benzamide_o_N_RH_Sub25,1,4,"{'first layer': ['C', 'C'], 'second layer': []}",3450,1,1
aa113_plan_opt_C5_H10,4,9,117.72614910749836,aa113_plan_opt,1,4,"{'first layer': ['C', 'C'], 'second layer': []}",3450,1,1
5Hexen1ol_RH_Sub30_C6_H7,5,6,113.5072457275018,5Hexen1ol_RH_Sub30,2,3,"{'first layer': ['C', 'C'], 'second layer': []}",3450,1,1
aa91_plan_opt_C6_H11,5,10,118.58837238498496,aa91_plan_opt,4,5,"{'first layer': ['C', 'C'], 'second layer': ['N']}",667,1,1
aa102_opt_C5_H10,4,9,117.2953540425101,aa102_opt,5,9,"{'first layer': ['C', 'C'], 'second layer': []}",3450,1,1
Azulene_RH_Sub27_C4_H9,3,8,118.47098909749916,Azulene_RH_Sub27,3,6,"{'first layer': ['C', 'C'], 'second layer': ['N']}",667,1,1
aa22_plan_opt_C6_H11,5,10,117.84028571000532,aa22_plan_opt,3,3,"{'first layer': ['C', 'C'], 'second layer': ['N']}",667,1,1
2Propen1thiol_RH_Sub15_C8_H9,7,8,120.68496346255388,2Propen1thiol_RH_Sub15,2,2,"{'first layer': ['C'], 'second layer': ['Cl']}",24,1,1
aa306_opt_C4_H26,3,25,117.74079558498188,aa306_opt,1,4,"{'first layer': ['C', 'C'], 'second layer': []}",3450,1,1
3Buten1ol_RH_Sub38_C8_H13,7,12,118.4219443250008,3Buten1ol_RH_Sub38,1,3,"{'first layer': ['C'], 'second layer': []}",656,1,1
aa305_plan_opt_C6_H19,5,18,117.22083527999956,aa305_plan_opt,3,4,"{'first layer': ['C', 'C'], 'second layer': []}",3450,1,1
2Phenylpyridine_RH_Sub3_C13_H16,12,15,116.06444314003768,2Phenylpyridine_RH_Sub3,5,8,"{'first layer': ['C', 'C'], 'second layer': []}",3450,1,1
Styrene_RH_Sub13_C1_H16,0,15,118.8222221825211,Styrene_RH_Sub13,1,7,"{'first layer': ['C'], 'second layer': []}",656,1,1
3Buten1ol_RH_Sub40_C8_H13,7,12,117.2468966100068,3Buten1ol_RH_Sub40,2,3,"{'first layer': ['C'], 'second layer': []}",656,1,1
aa338_plan_opt_C5_H10,4,9,117.72796697496376,aa338_plan_opt,3,9,"{'first layer': ['C', 'C'], 'second layer': []}",3450,1,1
aa169_opt_C14_H24,13,23,101.46837836254092,aa169_opt,5,5,"{'first layer': ['C', 'N'], 'second layer': []}",0,1,1
aa61_plan_opt_C2_H7,1,6,117.805736814978,aa61_plan_opt,1,4,"{'first layer': ['C', 'C'], 'second layer': ['N']}",667,1,1
Benzeneethaneamine_o_RH_Sub32_C16_H19,15,18,117.67463449500966,Benzeneethaneamine_o_RH_Sub32,1,5,"{'first layer': ['C', 'C'], 'second layer': []}",3450,1,1
2Propen1amine_RH_Sub25_C9_H11,8,10,118.62416937751078,2Propen1amine_RH_Sub25,2,3,"{'first layer': ['C'], 'second layer': []}",656,1,1
Azulene_RH_Sub2_C7_H13,6,12,123.87072511502026,Azulene_RH_Sub2,1,7,"{'first layer': ['C', 'C'], 'second layer': ['F']}",84,1,1
2Propen1amine_RH_Sub3_C9_H11,8,10,119.903540849989,2Propen1amine_RH_Sub3,1,2,"{'first layer': ['C', 'C'], 'second layer': ['F', 'F', 'F']}",14,1,1
Benzeneethanamine_o_RH_Sub40_C16_H19,15,18,117.53494860250214,Benzeneethanamine_o_RH_Sub40,3,5,"{'first layer': ['C', 'C'], 'second layer': []}",3450,1,1
Styrene_RH_Sub5_C8_H13,7,12,119.040663090004,Styrene_RH_Sub5,1,7,"{'first layer': ['C', 'C'], 'second layer': ['Cl']}",92,1,1
aa92_plan_opt_C3_H8,2,7,117.892727767495,aa92_plan_opt,3,4,"{'first layer': ['C', 'C'], 'second layer': []}",3450,1,1
aa156_plan_opt_C1_H15,0,14,118.42950695502908,aa156_plan_opt,5,10,"{'first layer': ['C', 'C'], 'second layer': ['N']}",667,1,1
Benzeneethanamine_o_RH_Sub36_C14_H18,13,17,117.18421626249936,Benzeneethanamine_o_RH_Sub36,3,5,"{'first layer': ['C', 'C'], 'second layer': []}",3450,1,1
Benzoicacid_RH_Sub33_C11_H14,10,13,118.2980187224686,Benzoicacid_RH_Sub33,2,4,"{'first layer': ['C', 'C'], 'second layer': []}",3450,1,1
aa211_opt_C1_H12,0,11,118.8781945549863,aa211_opt,1,5,"{'first layer': ['C', 'C'], 'second layer': ['N']}",667,1,1
Benzoicacid_RH_Sub31_C8_H12,7,11,118.36619785246512,Benzoicacid_RH_Sub31,2,4,"{'first layer': ['C', 'C'], 'second layer': []}",3450,1,1
aa180_opt_C9_H15,8,14,119.7173735224834,aa180_opt,2,4,"{'first layer': ['C', 'C'], 'second layer': []}",3450,1,1
aa232_opt_C12_H23,11,22,119.45425775248026,aa232_opt,1,9,"{'first layer': ['C', 'C'], 'second layer': ['N']}",667,1,1
Naphtalene_2_RH_Sub20_C14_H15,13,14,117.62517619999711,Naphtalene_2_RH_Sub20,8,8,"{'first layer': ['C', 'C'], 'second layer': []}",3450,1,1
Benzeneethaneamine_o_RH_C14_H18,13,17,117.15207884997312,Benzeneethaneamine_o_RH,2,5,"{'first layer': ['C', 'C'], 'second layer': []}",3450,1,1
Benzeneethaneamine_o_RH_Sub23_C14_H18,13,17,118.49204360498676,Benzeneethaneamine_o_RH_Sub23,3,4,"{'first layer': ['C', 'C'], 'second layer': []}",3450,1,1
2Ethen1ol_RH_Sub6_C3_H4,2,3,113.58473695750192,2Ethen1ol_RH_Sub6,1,2,"{'first layer': ['C', 'O'], 'second layer': []}",0,1,1
2Ethen1ol_RH_Sub18_C5_H6,4,5,123.98184407001608,2Ethen1ol_RH_Sub18,2,2,"{'first layer': ['C'], 'second layer': ['N', 'O']}",0,1,1
aa261_plan_opt_C1_H24,0,23,118.49270373499678,aa261_plan_opt,5,8,"{'first layer': ['C', 'C'], 'second layer': []}",3450,1,1
Naphtalene_2_RH_Sub1_C5_H7,4,6,118.23077833249629,Naphtalene_2_RH_Sub1,4,7,"{'first layer': ['C', 'C'], 'second layer': []}",3450,1,1
aa270_opt_C4_H18,3,17,119.75949822500668,aa270_opt,7,8,"{'first layer': ['C', 'C'], 'second layer': ['N']}",667,1,1
3Buten1ol_RH_Sub10_C6_H7,5,6,113.19162075750567,3Buten1ol_RH_Sub10,2,3,"{'first layer': ['C', 'C'], 'second layer': []}",3450,1,1
5Hexen1ol_RH_Sub41_C8_H9,7,8,118.52401473002374,5Hexen1ol_RH_Sub41,3,3,"{'first layer': ['C'], 'second layer': []}",656,1,1
Naphtalene_2_RH_Sub14_C4_H18,3,17,117.97840849999275,Naphtalene_2_RH_Sub14,5,7,"{'first layer': ['C', 'C'], 'second layer': ['O']}",198,1,1
aa103_plan_opt_C15_H20,14,19,117.45804032000792,aa103_plan_opt,8,8,"{'first layer': ['C', 'C'], 'second layer': []}",3450,1,1
5Hexen1ol_RH_Sub23_C8_H9,7,8,117.90278533749785,5Hexen1ol_RH_Sub23,3,3,"{'first layer': ['C'], 'second layer': []}",656,1,1
3Buten1amine_RH_Sub11_C9_H14,8,13,119.74951595502787,3Buten1amine_RH_Sub11,2,2,"{'first layer': ['C'], 'second layer': []}",656,1,1
aa168_opt_C1_H5,0,4,101.73370544248628,aa168_opt,8,10,"{'first layer': ['C', 'N'], 'second layer': []}",0,1,1
aa96_plan_opt_C5_H10,4,9,117.40520356498337,aa96_plan_opt,4,5,"{'first layer': ['C', 'C'], 'second layer': []}",3450,1,1
aa335_opt_C6_H11,5,10,117.32395047249526,aa335_opt,7,8,"{'first layer': ['C', 'C'], 'second layer': []}",3450,1,1
5Hexen1thiol_RH_Sub6_C6_H7,5,6,113.99862089745083,5Hexen1thiol_RH_Sub6,1,2,"{'first layer': ['C', 'C'], 'second layer': []}",3450,1,1
2Ethen1amine_RH_Sub5_C4_H5,3,4,117.26794735249854,2Ethen1amine_RH_Sub5,2,2,"{'first layer': ['C', 'N'], 'second layer': ['Cl']}",1,1,1
aa125_opt_C2_H6,1,5,117.61514498503658,aa125_opt,5,6,"{'first layer': ['C', 'C'], 'second layer': ['N']}",667,1,1
Benzeneethanamine_o_RH_Sub34_C12_H15,11,14,117.21289928749611,Benzeneethanamine_o_RH_Sub34,5,5,"{'first layer': ['C', 'C'], 'second layer': []}",3450,1,1
aa306_plan_opt_C5_H27,4,26,117.37064902251576,aa306_plan_opt,4,4,"{'first layer': ['C', 'C'], 'second layer': []}",3450,1,1
aa70_plan_opt_C10_H15,9,14,117.2717951825048,aa70_plan_opt,5,7,"{'first layer': ['C', 'C'], 'second layer': []}",3450,1,1
aa125_plan_opt_C7_H21,6,20,117.77686177501435,aa125_plan_opt,1,6,"{'first layer': ['C', 'C'], 'second layer': []}",3450,1,1
3Buten1amine_gamma_RH_Sub35_C11_H13,10,12,118.74174593495012,3Buten1amine_gamma_RH_Sub35,2,3,"{'first layer': ['C'], 'second layer': []}",656,1,1
Benzoicacid_RH_Sub37_C6_H15,5,14,118.85931998248736,Benzoicacid_RH_Sub37,4,4,"{'first layer': ['C', 'C'], 'second layer': []}",3450,1,1
Styrene_RH_Sub20_C12_H15,11,14,117.86275585750305,Styrene_RH_Sub20,3,8,"{'first layer': ['C', 'C'], 'second layer': []}",3450,1,1
aa275_plan_opt_C10_H20,9,19,117.9734951749117,aa275_plan_opt,4,8,"{'first layer': ['C', 'C'], 'second layer': []}",3450,1,1
aa8_opt_C6_H11,5,10,117.88877702747128,aa8_opt,1,4,"{'first layer': ['C', 'C'], 'second layer': []}",3450,1,1
3Buten1thiol_RH_Sub19_C8_H13,7,12,117.92344954004676,3Buten1thiol_RH_Sub19,2,2,"{'first layer': ['C'], 'second layer': []}",656,1,1
aa245_opt_C3_H17,2,16,117.61708772496549,aa245_opt,3,8,"{'first layer': ['C', 'C'], 'second layer': []}",3450,1,1
2Phenylpyridine_RH_Sub3_C12_H21,11,20,118.9447396749992,2Phenylpyridine_RH_Sub3,1,8,"{'first layer': ['C', 'C'], 'second layer': []}",3450,1,1
Naphtalene_2_RH_Sub27_C10_H11,9,10,117.47097497751028,Naphtalene_2_RH_Sub27,3,7,"{'first layer': ['C', 'C'], 'second layer': []}",3450,1,1
aa163_opt_C5_H25,4,24,117.50343492501416,aa163_opt,6,6,"{'first layer': ['C', 'C'], 'second layer': []}",3450,1,1
Benzeneethaneamine_o_RH_Sub24_C12_H15,11,14,116.74096720499053,Benzeneethaneamine_o_RH_Sub24,3,4,"{'first layer': ['C', 'C'], 'second layer': []}",3450,1,1
aa7_plan_opt_C5_H10,4,9,119.80557868750054,aa7_plan_opt,3,9,"{'first layer': ['C', 'C'], 'second layer': []}",3450,1,1
aa327_opt_C19_H24,18,23,117.47508259255142,aa327_opt,6,9,"{'first layer': ['C', 'C'], 'second layer': []}",3450,1,1
Naphtalene_2_RH_Sub26_C16_H17,15,16,117.71803114002893,Naphtalene_2_RH_Sub26,4,7,"{'first layer': ['C', 'C'], 'second layer': []}",3450,1,1
Thiobenzoicacid_RH_Sub27_C7_H10,6,9,119.47126551253206,Thiobenzoicacid_RH_Sub27,4,4,"{'first layer': ['C', 'C'], 'second layer': []}",3450,1,1
Styrene_RH_Sub14_C12_H15,11,14,118.06058087999672,Styrene_RH_Sub14,1,7,"{'first layer': ['C', 'C'], 'second layer': ['O']}",198,1,1
aa285_plan_opt_C22_H27,21,26,117.66466916749437,aa285_plan_opt,14,15,"{'first layer': ['C', 'C'], 'second layer': []}",3450,1,1
aa257_opt_C3_H10,2,9,117.50489197997864,aa257_opt,4,5,"{'first layer': ['C', 'C'], 'second layer': []}",3450,1,1
3Buten1ol_RH_Sub36_C8_H13,7,12,117.78416650248786,3Buten1ol_RH_Sub36,2,3,"{'first layer': ['C'], 'second layer': []}",656,1,1
Benzamide_o_N_RH_Sub3_C9_H13,8,12,118.0659711049924,Benzamide_o_N_RH_Sub3,3,4,"{'first layer': ['C', 'C'], 'second layer': []}",3450,1,1
aa267_opt_C8_H16,7,15,117.9459416500262,aa267_opt,3,4,"{'first layer': ['C', 'C'], 'second layer': []}",3450,1,1
Cyclopentene_RH_Sub18_C3_H11,2,10,123.61595446747415,Cyclopentene_RH_Sub18,1,3,"{'first layer': ['C', 'C'], 'second layer': ['N']}",667,1,1
Benzoicacid_RH_Sub3_C8_H12,7,11,118.36936735497544,Benzoicacid_RH_Sub3,3,4,"{'first layer': ['C', 'C'], 'second layer': []}",3450,1,1
5Hexen1ol_RH_Sub5_C6_H7,5,6,115.87024255745148,5Hexen1ol_RH_Sub5,2,2,"{'first layer': ['C', 'C'], 'second layer': ['Cl']}",92,1,1
Benzeneethanamine_o_RH_Sub33_C14_H18,13,17,117.44269857252932,Benzeneethanamine_o_RH_Sub33,3,5,"{'first layer': ['C', 'C'], 'second layer': []}",3450,1,1
aa193_plan_opt_C35_H58,34,57,120.08161280000024,aa193_plan_opt,3,14,"{'first layer': ['C', 'C'], 'second layer': ['O']}",198,1,1
aa325_plan_opt_C1_H17,0,16,119.83502412492442,aa325_plan_opt,1,5,"{'first layer': ['C', 'C'], 'second layer': []}",3450,1,1
5Hexen1ol_RH_Sub40_C6_H7,5,6,113.74481597250023,5Hexen1ol_RH_Sub40,1,3,"{'first layer': ['C', 'C'], 'second layer': []}",3450,1,1
aa126_opt_C4_H9,3,8,117.71582108500212,aa126_opt,4,6,"{'first layer': ['C', 'C'], 'second layer': []}",3450,1,1
aa22_opt_C5_H10,4,9,118.34567797495936,aa22_opt,1,3,"{'first layer': ['C', 'C'], 'second layer': ['O']}",198,1,1
aa150_plan_opt_C12_H23,11,22,117.63218600252202,aa150_plan_opt,5,8,"{'first layer': ['C', 'C'], 'second layer': []}",3450,1,1
aa115_opt_C2_H7,1,6,118.26031852252385,aa115_opt,4,5,"{'first layer': ['C', 'C'], 'second layer': []}",3450,1,1
Toluene_RH_Sub15_C4_H12,3,11,117.73869471501314,Toluene_RH_Sub15,1,5,"{'first layer': ['C', 'C'], 'second layer': []}",3450,1,1
Azulene_RH_Sub24_C1_H18,0,17,115.23748473499722,Azulene_RH_Sub24,4,7,"{'first layer': ['C', 'C'], 'second layer': ['O']}",198,1,1
Thiobenzoicacid_RH_Sub38_C6_H15,5,14,118.7430862750432,Thiobenzoicacid_RH_Sub38,3,4,"{'first layer': ['C', 'C'], 'second layer': []}",3450,1,1
Azulene_RH_Sub14_C1_H18,0,17,115.08605329750324,Azulene_RH_Sub14,3,7,"{'first layer': ['C', 'C'], 'second layer': []}",3450,1,1
3Buten1thiol_RH_Sub30_C8_H9,7,8,117.59331112251571,3Buten1thiol_RH_Sub30,3,3,"{'first layer': ['C'], 'second layer': []}",656,1,1
aa299_plan_opt_C5_H17,4,16,117.60858133496612,aa299_plan_opt,2,5,"{'first layer': ['C', 'C'], 'second layer': []}",3450,1,1
aa323_plan2_opt_C5_H18,4,17,117.54539271248348,aa323_plan2_opt,9,10,"{'first layer': ['C', 'C'], 'second layer': []}",3450,1,1
Styrene_RH_Sub22_C3_H4,2,3,114.86386809748922,Styrene_RH_Sub22,1,7,"{'first layer': ['C', 'C'], 'second layer': []}",3450,1,1
aa185_plan_opt_C6_H15,5,14,117.94887709501496,aa185_plan_opt,1,5,"{'first layer': ['C', 'C'], 'second layer': []}",3450,1,1
Styrene_RH_Sub24_C3_H4,2,3,114.58220029000046,Styrene_RH_Sub24,5,7,"{'first layer': ['C', 'C'], 'second layer': []}",3450,1,1
aa326_opt_C6_H11,5,10,117.26063885995784,aa326_opt,6,9,"{'first layer': ['C', 'C'], 'second layer': []}",3450,1,1
5Hexen1amine_RH_Sub47_C7_H8,6,7,113.08758565000076,5Hexen1amine_RH_Sub47,2,3,"{'first layer': ['C', 'C'], 'second layer': []}",3450,1,1
aa339_opt_C8_H13,7,12,117.48102564497913,aa339_opt,7,8,"{'first layer': ['C', 'C'], 'second layer': []}",3450,1,1
3Buten1thiol_RH_Sub32_C6_H7,5,6,115.5281082225136,3Buten1thiol_RH_Sub32,1,3,"{'first layer': ['C', 'C'], 'second layer': ['F']}",84,1,1
Toluene_RH_Sub13_C4_H12,3,11,118.14444750995364,Toluene_RH_Sub13,4,5,"{'first layer': ['C', 'C'], 'second layer': []}",3450,1,1
aa329_plan_opt_C21_H26,20,25,120.324431454996,aa329_plan_opt,4,9,"{'first layer': ['C', 'C'], 'second layer': []}",3450,1,1
Ethene_RH_Sub5_C1_H6,0,5,113.79943984752998,Ethene_RH_Sub5,1,3,"{'first layer': ['Cl', 'C'], 'second layer': []}",14,1,1
2Propen1ol_RH_Sub13_C8_H9,7,8,120.16870979996582,2Propen1ol_RH_Sub13,2,2,"{'first layer': ['C'], 'second layer': []}",656,1,1
aa91_opt_C2_H7,1,6,118.81226124749504,aa91_opt,5,5,"{'first layer': ['C', 'C'], 'second layer': ['N']}",667,1,1
Benzamide_o_N_RH_Sub7_C10_H14,9,13,117.7913319250078,Benzamide_o_N_RH_Sub7,4,4,"{'first layer': ['C', 'C'], 'second layer': ['N']}",667,1,1
4Penten1amine_RH_Sub7_C9_H10,8,9,113.17916739249632,4Penten1amine_RH_Sub7,2,3,"{'first layer': ['C', 'C'], 'second layer': []}",3450,1,1
aa101_opt_C2_H7,1,6,117.30809668500996,aa101_opt,7,10,"{'first layer': ['C', 'C'], 'second layer': []}",3450,1,1
Ethene_RH_Sub6_C3_H4,2,3,118.10373029000002,Ethene_RH_Sub6,3,3,"{'first layer': ['C'], 'second layer': []}",656,1,1
Toluene_RH_Sub26_C6_H9,5,8,117.57265382250084,Toluene_RH_Sub26,1,4,"{'first layer': ['C', 'C'], 'second layer': []}",3450,1,1
3Buten1ol_RH_Sub2_C6_H7,5,6,116.33579924000033,3Buten1ol_RH_Sub2,2,2,"{'first layer': ['C', 'C'], 'second layer': ['F']}",84,1,1
3Buten1amine_gamma_RH_Sub18_C11_H12,10,11,120.07680301250132,3Buten1amine_gamma_RH_Sub18,1,2,"{'first layer': ['N', 'C'], 'second layer': []}",64,1,1
aa150_plan_opt_C7_H20,6,19,117.76477737997313,aa150_plan_opt,6,8,"{'first layer': ['C', 'C'], 'second layer': []}",3450,1,1
aa251_opt_C14_H24,13,23,118.50972781001872,aa251_opt,1,4,"{'first layer': ['C', 'C'], 'second layer': []}",3450,1,1
aa94_plan_opt_C3_H8,2,7,117.62017125995754,aa94_plan_opt,3,4,"{'first layer': ['C', 'C'], 'second layer': []}",3450,1,1
Styrene_RH_Sub1_C7_H11,6,10,117.56754283501266,Styrene_RH_Sub1,3,7,"{'first layer': ['C', 'C'], 'second layer': []}",3450,1,1
aa316_opt_C1_H16,0,15,118.45656538251404,aa316_opt,3,4,"{'first layer': ['C', 'C'], 'second layer': ['N']}",667,1,1
aa217_plan_opt_C11_H19,10,18,117.31334133004708,aa217_plan_opt,4,4,"{'first layer': ['C', 'C'], 'second layer': ['N']}",667,1,1
aa334_plan_opt_C18_H23,17,22,117.36495759749516,aa334_plan_opt,3,9,"{'first layer': ['C', 'C'], 'second layer': []}",3450,1,1
aa88_plan_opt_C2_H7,1,6,117.91123713500384,aa88_plan_opt,4,5,"{'first layer': ['C', 'C'], 'second layer': ['N']}",667,1,1
3Buten1amine_gamma_RH_Sub33_C11_H13,10,12,117.92642075251392,3Buten1amine_gamma_RH_Sub33,2,3,"{'first layer': ['C'], 'second layer': []}",656,1,1
aa331_plan2_opt_C21_H26,20,25,119.26961336749144,aa331_plan2_opt,8,8,"{'first layer': ['C', 'C'], 'second layer': ['O']}",198,1,1
Benzoicacid_RH_Sub16_C8_H12,7,11,117.7137503350002,Benzoicacid_RH_Sub16,1,4,"{'first layer': ['C', 'C'], 'second layer': []}",3450,1,1
aa327_opt_C8_H13,7,12,117.56432125005377,aa327_opt,2,9,"{'first layer': ['C', 'C'], 'second layer': []}",3450,1,1
aa329_plan_opt_C9_H14,8,13,118.32163970499464,aa329_plan_opt,3,9,"{'first layer': ['C', 'C'], 'second layer': ['N']}",667,1,1
5Hexen1ol_RH_Sub17_C8_H9,7,8,119.42486941748754,5Hexen1ol_RH_Sub17,2,2,"{'first layer': ['C'], 'second layer': ['N']}",76,1,1
Styrene_RH_Sub24_C1_H16,0,15,118.62806929000128,Styrene_RH_Sub24,3,7,"{'first layer': ['C'], 'second layer': []}",656,1,1
5Hexen1thiol_RH_Sub18_C8_H19,7,18,120.8536743675441,5Hexen1thiol_RH_Sub18,1,2,"{'first layer': ['C'], 'second layer': ['N']}",76,1,1
aa81_opt_C5_H10,4,9,115.76504281002856,aa81_opt,6,7,"{'first layer': ['C', 'C'], 'second layer': []}",3450,1,1
aa197_plan_opt_C9_H23,8,22,117.8148725875272,aa197_plan_opt,2,4,"{'first layer': ['C', 'C'], 'second layer': []}",3450,1,1
aa92_plan_opt_C5_H10,4,9,117.52125027747894,aa92_plan_opt,2,4,"{'first layer': ['C', 'C'], 'second layer': []}",3450,1,1
Styrene_RH_Sub27_C1_H16,0,15,118.6081718924757,Styrene_RH_Sub27,3,7,"{'first layer': ['C'], 'second layer': []}",656,1,1
aa310_plan_opt_C1_H25,0,24,118.43098785499107,aa310_plan_opt,5,7,"{'first layer': ['C', 'C'], 'second layer': []}",3450,1,1
aa70_opt_C12_H17,11,16,117.19447651503458,aa70_opt,5,7,"{'first layer': ['C', 'C'], 'second layer': []}",3450,1,1
Benzamide_o_N_RH_Sub34_C10_H14,9,13,119.35769679751188,Benzamide_o_N_RH_Sub34,2,4,"{'first layer': ['C', 'C'], 'second layer': ['O']}",198,1,1
aa183_opt_C5_H15,4,14,117.78800617500906,aa183_opt,1,4,"{'first layer': ['C', 'C'], 'second layer': []}",3450,1,1
aa330_plan_opt_C8_H13,7,12,117.49791418000768,aa330_plan_opt,7,9,"{'first layer': ['C', 'C'], 'second layer': []}",3450,1,1
Styrene_RH_Sub11_C10_H14,9,13,118.19588368498714,Styrene_RH_Sub11,6,7,"{'first layer': ['C', 'C'], 'second layer': []}",3450,1,1
aa81_opt_C15_H19,14,18,119.37456713501888,aa81_opt,5,7,"{'first layer': ['C', 'C'], 'second layer': ['N', 'N']}",21,1,1
Thiobenzoicacid_RH_Sub18_C6_H15,5,14,117.90568250496337,Thiobenzoicacid_RH_Sub18,4,4,"{'first layer': ['C', 'C'], 'second layer': []}",3450,1,1
aa149_opt_C10_H21,9,20,117.82139168506944,aa149_opt,5,5,"{'first layer': ['C', 'C'], 'second layer': []}",3450,1,1
aa144_plan_opt_C2_H19,1,18,109.89666657496656,aa144_plan_opt,4,5,"{'first layer': ['C', 'C'], 'second layer': ['N']}",667,1,1
aa87_opt_C3_H8,2,7,117.40370133003296,aa87_opt,1,5,"{'first layer': ['C', 'C'], 'second layer': []}",3450,1,1
aa309_plan_opt_C15_H33,14,32,117.48797395247664,aa309_plan_opt,3,7,"{'first layer': ['C', 'C'], 'second layer': []}",3450,1,1
aa280_plan_opt_C14_H29,13,28,119.39798857251505,aa280_plan_opt,2,9,"{'first layer': ['C', 'C'], 'second layer': ['O']}",198,1,1
aa103_plan_opt_C4_H9,3,8,117.46034826499825,aa103_plan_opt,4,8,"{'first layer': ['C', 'C'], 'second layer': []}",3450,1,1
Benzeneethaneamine_o_RH_Sub21_C14_H18,13,17,119.00904273750272,Benzeneethaneamine_o_RH_Sub21,1,4,"{'first layer': ['C', 'C'], 'second layer': []}",3450,1,1
Toluene_RH_Sub8_C6_H9,5,8,118.02474498248998,Toluene_RH_Sub8,3,4,"{'first layer': ['C', 'C'], 'second layer': []}",3450,1,1
Ethene_RH_Sub1_C1_H6,0,5,114.77355641500957,Ethene_RH_Sub1,2,3,"{'first layer': ['C', 'C'], 'second layer': ['N']}",667,1,1
Azulene_RH_Sub7_C3_H17,2,16,114.37408803247152,Azulene_RH_Sub7,6,7,"{'first layer': ['C', 'C'], 'second layer': []}",3450,1,1
aa273_plan_opt_C10_H19,9,18,116.78910774995644,aa273_plan_opt,8,8,"{'first layer': ['C', 'C'], 'second layer': []}",3450,1,1
aa282_opt_C32_H2,31,1,118.03282467247186,aa282_opt,4,4,"{'first layer': ['C', 'C'], 'second layer': []}",3450,1,1
Benzeneethanamine_o_RH_Sub18_C16_H19,15,18,120.19427101251864,Benzeneethanamine_o_RH_Sub18,3,4,"{'first layer': ['C', 'C'], 'second layer': ['N']}",667,1,1
aa7_plan_opt_C21_H26,20,25,116.36248618749022,aa7_plan_opt,1,9,"{'first layer': ['C', 'C'], 'second layer': ['N']}",667,1,1
aa213_plan_opt_C7_H23,6,22,118.06391165001372,aa213_plan_opt,5,5,"{'first layer': ['C', 'C'], 'second layer': []}",3450,1,1
Styrene_RH_Sub3_C7_H11,6,10,117.83581037996498,Styrene_RH_Sub3,1,7,"{'first layer': ['C', 'C'], 'second layer': []}",3450,1,1
2Propen1amine_RH_Sub23_C9_H11,8,10,118.872085214998,2Propen1amine_RH_Sub23,3,3,"{'first layer': ['C'], 'second layer': []}",656,1,1
Benzeneethanamine_o_RH_Sub20_C14_H18,13,17,116.81117378751878,Benzeneethanamine_o_RH_Sub20,1,4,"{'first layer': ['C', 'C'], 'second layer': []}",3450,1,1
Benzeneethanamine_o_RH_Sub16_C16_H19,15,18,117.32392662749774,Benzeneethanamine_o_RH_Sub16,2,4,"{'first layer': ['C', 'C'], 'second layer': []}",3450,1,1
Benzamide_o_N_RH_Sub18_C12_H15,11,14,120.54279768998384,Benzamide_o_N_RH_Sub18,4,4,"{'first layer': ['C', 'C'], 'second layer': ['N']}",667,1,1
aa337_opt_C9_H14,8,13,118.60891485253715,aa337_opt,1,8,"{'first layer': ['C', 'C'], 'second layer': ['N']}",667,1,1
3Buten1ol_RH_Sub2_C8_H13,7,12,116.9025578674824,3Buten1ol_RH_Sub2,1,2,"{'first layer': ['F', 'C'], 'second layer': []}",15,1,1
Azulene_RH_Sub29_C3_H17,2,16,113.88552970998134,Azulene_RH_Sub29,5,7,"{'first layer': ['C', 'C'], 'second layer': []}",3450,1,1
aa327_plan2_opt_C7_H12,6,11,117.97747038746196,aa327_plan2_opt,3,9,"{'first layer': ['C', 'C'], 'second layer': []}",3450,1,1
Benzeneethanamine_o_RH_Sub26_C12_H15,11,14,116.8539623849766,Benzeneethanamine_o_RH_Sub26,4,4,"{'first layer': ['C', 'C'], 'second layer': []}",3450,1,1
aa158_plan_opt_C1_H15,0,14,118.47735257497504,aa158_plan_opt,5,8,"{'first layer': ['C', 'C'], 'second layer': ['N']}",667,1,1
aa193_plan_opt_C9_H43,8,42,117.55216030003736,aa193_plan_opt,14,14,"{'first layer': ['C', 'C'], 'second layer': ['N']}",667,1,1
2Propen1thiol_RH_Sub20_C8_H9,7,8,120.30589385000042,2Propen1thiol_RH_Sub20,2,2,"{'first layer': ['C'], 'second layer': ['N']}",76,1,1
Naphtalene_2_RH_Sub28_C14_H15,13,14,118.124696947516,Naphtalene_2_RH_Sub28,5,7,"{'first layer': ['C', 'C'], 'second layer': []}",3450,1,1
aa193_plan_opt_C8_H44,7,43,119.4013839749192,aa193_plan_opt,10,14,"{'first layer': ['C', 'C'], 'second layer': ['O']}",198,1,1
aa250_opt_C9_H23,8,22,117.84840869749304,aa250_opt,1,4,"{'first layer': ['C', 'C'], 'second layer': []}",3450,1,1
2Propen1amine_RH_Sub9_C7_H8,6,7,115.239337742519,2Propen1amine_RH_Sub9,1,2,"{'first layer': ['C', 'C'], 'second layer': ['N']}",667,1,1
2Ethen1ol_RH_Sub1_C5_H7,4,6,117.34125692249152,2Ethen1ol_RH_Sub1,2,2,"{'first layer': ['C', 'C'], 'second layer': ['N', 'O']}",9,1,1
aa63_opt_C7_H12,6,11,117.65099155000186,aa63_opt,2,5,"{'first layer': ['C', 'C'], 'second layer': []}",3450,1,1
aa94_opt_C4_H9,3,8,117.59300553003726,aa94_opt,2,4,"{'first layer': ['C', 'C'], 'second layer': []}",3450,1,1
Benzoicacid_RH_Sub24_C6_H15,5,14,118.16908629755945,Benzoicacid_RH_Sub24,3,4,"{'first layer': ['C', 'C'], 'second layer': []}",3450,1,1
2Propen1thiol_RH_Sub2_C8_H10,7,9,116.57930249753264,2Propen1thiol_RH_Sub2,1,2,"{'first layer': ['F', 'C'], 'second layer': []}",15,1,1
aa297_plan_opt_C6_H18,5,17,117.28164693250848,aa297_plan_opt,2,4,"{'first layer': ['C', 'C'], 'second layer': []}",3450,1,1
Benzeneethanamine_o_RH_Sub22_C13_H17,12,16,119.16322450748126,Benzeneethanamine_o_RH_Sub22,1,4,"{'first layer': ['C', 'C'], 'second layer': ['F']}",84,1,1
Naphtalene_2_RH_Sub5_C6_H8,5,7,117.82139796000308,Naphtalene_2_RH_Sub5,1,7,"{'first layer': ['C', 'C'], 'second layer': []}",3450,1,1
2Phenylpyridine_RH_C12_H21,11,20,118.67225282000987,2Phenylpyridine_RH,7,9,"{'first layer': ['C', 'C'], 'second layer': []}",3450,1,1
aa270_opt_C3_H23,2,22,111.95810196500474,aa270_opt,1,8,"{'first layer': ['C', 'N'], 'second layer': []}",0,1,1
Benzoicacid_RH_Sub12_C11_H14,10,13,119.97068899747376,Benzoicacid_RH_Sub12,4,4,"{'first layer': ['C', 'C'], 'second layer': ['F']}",84,1,1
Naphtalene_2_RH_Sub25_C16_H17,15,16,118.04694656001004,Naphtalene_2_RH_Sub25,4,7,"{'first layer': ['C', 'C'], 'second layer': []}",3450,1,1
5Hexen1thiol_RH_Sub4_C6_H7,5,6,116.66988463245218,5Hexen1thiol_RH_Sub4,1,2,"{'first layer': ['C', 'C'], 'second layer': ['O']}",198,1,1
aa118_plan_opt_C5_H10,4,9,117.235070117556,aa118_plan_opt,4,4,"{'first layer': ['C', 'C'], 'second layer': []}",3450,1,1
3Buten1amine_gamma_RH_Sub12_C10_H14,9,13,118.2531022725064,3Buten1amine_gamma_RH_Sub12,1,2,"{'first layer': ['C', 'C'], 'second layer': ['F']}",84,1,1
5Hexen1amine_RH_Sub37_C9_H10,8,9,117.68963362750895,5Hexen1amine_RH_Sub37,1,3,"{'first layer': ['C'], 'second layer': []}",656,1,1
aa213_plan_opt_C6_H22,5,21,117.63058838751022,aa213_plan_opt,4,5,"{'first layer': ['C', 'C'], 'second layer': []}",3450,1,1
Benzamide_o_N_RH_Sub28_C10_H14,9,13,120.38760062504169,Benzamide_o_N_RH_Sub28,4,4,"{'first layer': ['C', 'C'], 'second layer': ['N']}",667,1,1
aa72_plan_opt_C6_H11,5,10,119.13253222750996,aa72_plan_opt,5,6,"{'first layer': ['C', 'C'], 'second layer': []}",3450,1,1
aa122_opt_C2_H7,1,6,117.41773474000809,aa122_opt,5,5,"{'first layer': ['C', 'C'], 'second layer': ['N']}",667,1,1
Benzoicacid_RH_Sub17_C7_H10,6,9,120.0354024450246,Benzoicacid_RH_Sub17,3,4,"{'first layer': ['C', 'C'], 'second layer': ['N']}",667,1,1
3Buten1amine_gamma_RH_Sub34_C11_H13,10,12,117.0794080750018,3Buten1amine_gamma_RH_Sub34,3,3,"{'first layer': ['C'], 'second layer': []}",656,1,1
aa81_plan_opt_C16_H20,15,19,109.76666112499088,aa81_plan_opt,6,7,"{'first layer': ['N', 'C'], 'second layer': []}",64,1,1
Benzoicacid_RH_Sub16_C6_H15,5,14,118.76346747501742,Benzoicacid_RH_Sub16,4,4,"{'first layer': ['C', 'C'], 'second layer': []}",3450,1,1
aa267_opt_C4_H12,3,11,117.12062415746772,aa267_opt,1,4,"{'first layer': ['C', 'C'], 'second layer': []}",3450,1,1
aa335_opt_C8_H13,7,12,117.6409597074766,aa335_opt,3,8,"{'first layer': ['C', 'C'], 'second layer': []}",3450,1,1
aa246_opt_C9_H10,8,9,117.66163583254212,aa246_opt,1,4,"{'first layer': ['C', 'C'], 'second layer': []}",3450,1,1
Benzamide_o_N_RH_Sub21_C10_H14,9,13,119.5717088099984,Benzamide_o_N_RH_Sub21,3,4,"{'first layer': ['C', 'C'], 'second layer': []}",3450,1,1
5Hexen1amine_RH_Sub46_C9_H20,8,19,118.35743920749394,5Hexen1amine_RH_Sub46,1,3,"{'first layer': ['C'], 'second layer': []}",656,1,1
5Hexen1ol_RH_Sub13_C8_H9,7,8,119.14698480754652,5Hexen1ol_RH_Sub13,2,2,"{'first layer': ['C'], 'second layer': []}",656,1,1
aa124_plan_opt_C5_H24,4,23,117.30831317250336,aa124_plan_opt,4,5,"{'first layer': ['C', 'C'], 'second layer': []}",3450,1,1
Naphtalene_2_RH_Sub11_C5_H7,4,6,118.11771036253091,Naphtalene_2_RH_Sub11,4,7,"{'first layer': ['C', 'C'], 'second layer': []}",3450,1,1
aa284_opt_C6_H33,5,32,117.655772472485,aa284_opt,8,9,"{'first layer': ['C', 'C'], 'second layer': []}",3450,1,1
Azulene_RH_Sub20_C2_H5,1,4,114.30359154501288,Azulene_RH_Sub20,7,8,"{'first layer': ['C', 'C'], 'second layer': []}",3450,1,1
2Propen1amine_RH_Sub24_C7_H8,6,7,116.50859893501676,2Propen1amine_RH_Sub24,3,3,"{'first layer': ['C', 'C'], 'second layer': ['O', 'N']}",0,1,1
Ethene_RH_Sub26_C3_H4,2,3,113.5973547275026,Ethene_RH_Sub26,2,3,"{'first layer': ['C', 'C'], 'second layer': []}",3450,1,1
Azulene_RH_Sub12_C2_H5,1,4,116.65167207247904,Azulene_RH_Sub12,5,7,"{'first layer': ['C', 'C'], 'second layer': ['F']}",84,1,1
aa317_opt_C2_H19,1,18,118.15202018005408,aa317_opt,2,3,"{'first layer': ['C', 'C'], 'second layer': []}",3450,1,1
Benzoicacid_RH_Sub39_C9_H13,8,12,116.78345397503703,Benzoicacid_RH_Sub39,3,4,"{'first layer': ['C', 'C'], 'second layer': []}",3450,1,1
aa149_opt_C14_H23,13,22,118.16093005256675,aa149_opt,2,5,"{'first layer': ['C', 'C'], 'second layer': []}",3450,1,1
Toluene_RH_Sub4_C3_H7,2,6,117.49005285999928,Toluene_RH_Sub4,4,4,"{'first layer': ['C', 'C'], 'second layer': ['O']}",198,1,1
aa230_plan_opt_C14_H19,13,18,117.31704483497452,aa230_plan_opt,8,8,"{'first layer': ['C', 'C'], 'second layer': []}",3450,1,1
3Buten1amine_gamma_RH_Sub39_C11_H12,10,11,116.67437000249336,3Buten1amine_gamma_RH_Sub39,2,3,"{'first layer': ['C'], 'second layer': []}",656,1,1
aa331_opt_C24_H29,23,28,119.40088574005188,aa331_opt,8,8,"{'first layer': ['C', 'C'], 'second layer': []}",3450,1,1
3Buten1amine_RH_Sub37_C7_H8,6,7,112.76412634249624,3Buten1amine_RH_Sub37,1,3,"{'first layer': ['C', 'C'], 'second layer': ['N']}",667,1,1
Styrene_RH_Sub29_C6_H9,5,8,117.3919545300241,Styrene_RH_Sub29,4,7,"{'first layer': ['C', 'C'], 'second layer': []}",3450,1,1
Benzeneethaneamine_o_RH_Sub8_C16_H19,15,18,118.51586852499622,Benzeneethaneamine_o_RH_Sub8,2,4,"{'first layer': ['C', 'C'], 'second layer': []}",3450,1,1
4Penten1amine_RH_Sub18_C7_H17,6,16,118.05696271498718,4Penten1amine_RH_Sub18,3,3,"{'first layer': ['C'], 'second layer': []}",656,1,1
aa23_opt_C10_H15,9,14,117.53293181750024,aa23_opt,4,5,"{'first layer': ['C', 'C'], 'second layer': ['N']}",667,1,1
Ethene_RH_Sub13_C1_H6,0,5,119.43929250501498,Ethene_RH_Sub13,1,3,"{'first layer': ['C'], 'second layer': []}",656,1,1
Benzeneethaneamine_o_RH_Sub6_C16_H19,15,18,117.39344295997782,Benzeneethaneamine_o_RH_Sub6,2,4,"{'first layer': ['C', 'C'], 'second layer': []}",3450,1,1
Benzoicacid_RH_Sub25_C9_H13,8,12,119.65605798745288,Benzoicacid_RH_Sub25,1,4,"{'first layer': ['C', 'C'], 'second layer': ['Cl']}",92,1,1
aa261_plan_opt_C7_H10,6,9,116.5726723324522,aa261_plan_opt,6,8,"{'first layer': ['C', 'C'], 'second layer': []}",3450,1,1
aa89_plan_opt_C3_H8,2,7,117.51248535750278,aa89_plan_opt,1,5,"{'first layer': ['C', 'C'], 'second layer': []}",3450,1,1
aa111_opt_C6_H11,5,10,119.5865127899927,aa111_opt,2,5,"{'first layer': ['C', 'C'], 'second layer': []}",3450,1,1
aa314_opt_C11_H22,10,21,117.31098004747878,aa314_opt,3,4,"{'first layer': ['C', 'C'], 'second layer': []}",3450,1,1
aa49_opt_C6_H10,5,9,118.41538506749087,aa49_opt,2,4,"{'first layer': ['C', 'C'], 'second layer': ['N']}",667,1,1
aa66_opt_C7_H12,6,11,117.46279990753834,aa66_opt,5,5,"{'first layer': ['C', 'C'], 'second layer': []}",3450,1,1
aa329_opt_C19_H24,18,23,117.79352817496658,aa329_opt,5,9,"{'first layer': ['C', 'C'], 'second layer': ['O']}",198,1,1
Toluene_RH_Sub22_C6_H9,5,8,118.30169273499394,Toluene_RH_Sub22,2,4,"{'first layer': ['C', 'C'], 'second layer': []}",3450,1,1
Naphtalene_2_RH_Sub12_C10_H11,9,10,118.69877661747736,Naphtalene_2_RH_Sub12,3,7,"{'first layer': ['C', 'C'], 'second layer': []}",3450,1,1
aa116_plan_opt_C5_H10,4,9,117.34956376749663,aa116_plan_opt,1,4,"{'first layer': ['C', 'C'], 'second layer': []}",3450,1,1
Styrene_RH_C8_H13,7,12,117.53612140001223,Styrene_RH,1,8,"{'first layer': ['C', 'C'], 'second layer': []}",3450,1,1
Azulene_RH_Sub19_C12_H16,11,15,119.97076555248456,Azulene_RH_Sub19,4,7,"{'first layer': ['C', 'C'], 'second layer': []}",3450,1,1
Azulene_RH_Sub26_C1_H18,0,17,115.08781970997774,Azulene_RH_Sub26,4,7,"{'first layer': ['C', 'C'], 'second layer': []}",3450,1,1
aa138_opt_C11_H26,10,25,117.5448919675,aa138_opt,4,5,"{'first layer': ['C', 'C'], 'second layer': []}",3450,1,1
Thiobenzoicacid_RH_Sub31_C11_H14,10,13,118.55752699502771,Thiobenzoicacid_RH_Sub31,1,4,"{'first layer': ['C', 'C'], 'second layer': []}",3450,1,1
Azulene_RH_Sub5_C7_H13,6,12,123.6517018874892,Azulene_RH_Sub5,1,7,"{'first layer': ['C', 'C'], 'second layer': ['Cl']}",92,1,1
Cyclopentene_RH_Sub27_C4_H6,3,5,119.6406327825008,Cyclopentene_RH_Sub27,3,3,"{'first layer': ['C', 'C'], 'second layer': ['N']}",667,1,1
3Buten1amine_RH_Sub36_C9_H14,8,13,117.79812963249285,3Buten1amine_RH_Sub36,1,3,"{'first layer': ['C'], 'second layer': []}",656,1,1
Benzeneethanamine_o_RH_Sub1_C13_H17,12,16,117.64733573499812,Benzeneethanamine_o_RH_Sub1,4,4,"{'first layer': ['C', 'C'], 'second layer': []}",3450,1,1
3Buten1amine_gamma_RH_C11_H12,10,11,117.95414746751185,3Buten1amine_gamma_RH,2,3,"{'first layer': ['C'], 'second layer': []}",656,1,1
aa121_plan_opt_C1_H11,0,10,118.65164007248752,aa121_plan_opt,2,5,"{'first layer': ['C', 'C'], 'second layer': ['N']}",667,1,1
aa65_opt_C6_H11,5,10,117.65073490254082,aa65_opt,2,5,"{'first layer': ['C', 'C'], 'second layer': []}",3450,1,1
3Buten1ol_RH_Sub41_C6_H7,5,6,113.31496655003448,3Buten1ol_RH_Sub41,2,3,"{'first layer': ['C', 'C'], 'second layer': []}",3450,1,1
2Propen1amine_RH_Sub29_C9_H10,8,9,117.82607032499286,2Propen1amine_RH_Sub29,2,3,"{'first layer': ['C'], 'second layer': []}",656,1,1
Benzeneethanamine_o_RH_Sub19_C16_H19,15,18,117.35401776251294,Benzeneethanamine_o_RH_Sub19,1,4,"{'first layer': ['C', 'C'], 'second layer': []}",3450,1,1
aa4_plan_opt_C5_H10,4,9,115.42400848251448,aa4_plan_opt,2,5,"{'first layer': ['C', 'C'], 'second layer': ['N']}",667,1,1
3Buten1amine_RH_Sub41_C7_H8,6,7,112.86423330000608,3Buten1amine_RH_Sub41,3,3,"{'first layer': ['C', 'C'], 'second layer': []}",3450,1,1
5Hexen1ol_RH_Sub33_C6_H7,5,6,114.0718827775558,5Hexen1ol_RH_Sub33,3,3,"{'first layer': ['C', 'C'], 'second layer': []}",3450,1,1
Benzamide_o_N_RH_Sub14_C7_H16,6,15,117.46030935998164,Benzamide_o_N_RH_Sub14,2,4,"{'first layer': ['C', 'C'], 'second layer': []}",3450,1,1
Styrene_RH_Sub15_C1_H2,0,1,117.61860878500217,Styrene_RH_Sub15,2,7,"{'first layer': ['C'], 'second layer': []}",656,1,1
5Hexen1thiol_RH_Sub16_C8_H9,7,8,117.93512292251164,5Hexen1thiol_RH_Sub16,1,2,"{'first layer': ['C'], 'second layer': []}",656,1,1
Benzeneethaneamine_o_RH_Sub7_C16_H19,15,18,117.25331468001173,Benzeneethaneamine_o_RH_Sub7,3,4,"{'first layer': ['C', 'C'], 'second layer': []}",3450,1,1
aa190_opt_C7_H15,6,14,122.6915007600374,aa190_opt,3,3,"{'first layer': ['C', 'C'], 'second layer': ['F', 'F']}",2,1,1
aa282_plan2_opt_C13_H24,12,23,119.21369872498644,aa282_plan2_opt,5,8,"{'first layer': ['C', 'C'], 'second layer': ['O']}",198,1,1
2Phenylpyridine_RH_Sub2_C5_H6,4,5,116.41991059500867,2Phenylpyridine_RH_Sub2,3,8,"{'first layer': ['C', 'C'], 'second layer': []}",3450,1,1
aa145_plan_opt_C1_H15,0,14,118.1730640200118,aa145_plan_opt,3,4,"{'first layer': ['C', 'C'], 'second layer': ['N']}",667,1,1
3Buten1amine_gamma_RH_Sub26_C11_H12,10,11,117.97691755999423,3Buten1amine_gamma_RH_Sub26,2,3,"{'first layer': ['C'], 'second layer': []}",656,1,1
aa145_plan_opt_C4_H25,3,24,117.38403736246426,aa145_plan_opt,4,4,"{'first layer': ['C', 'C'], 'second layer': []}",3450,1,1
Thiobenzoicacid_RH_Sub30_C6_H15,5,14,117.18244608499332,Thiobenzoicacid_RH_Sub30,2,5,"{'first layer': ['C', 'C'], 'second layer': []}",3450,1,1
Benzeneethaneamine_o_RH_Sub39_C16_H19,15,18,117.51587762251148,Benzeneethaneamine_o_RH_Sub39,4,5,"{'first layer': ['C', 'C'], 'second layer': []}",3450,1,1
Styrene_RH_Sub17_C1_H2,0,1,117.58162895500108,Styrene_RH_Sub17,3,7,"{'first layer': ['C'], 'second layer': []}",656,1,1
aa219_plan_opt_C1_H18,0,17,119.20395176755164,aa219_plan_opt,2,4,"{'first layer': ['C', 'C'], 'second layer': ['N']}",667,1,1
Naphtalene_2_RH_Sub1_C6_H8,5,7,118.01730032249822,Naphtalene_2_RH_Sub1,1,7,"{'first layer': ['C', 'C'], 'second layer': []}",3450,1,1
Toluene_RH_Sub27_C2_H11,1,10,117.65376698250634,Toluene_RH_Sub27,2,4,"{'first layer': ['C', 'C'], 'second layer': ['N']}",667,1,1
aa5_plan_opt_C7_H12,6,11,117.9760058025414,aa5_plan_opt,5,8,"{'first layer': ['C', 'C'], 'second layer': []}",3450,1,1
aa22_opt_C6_H11,5,10,118.56680018997906,aa22_opt,2,3,"{'first layer': ['C', 'C'], 'second layer': ['N']}",667,1,1
Naphtalene_2_RH_Sub5_C5_H7,4,6,117.97867016747205,Naphtalene_2_RH_Sub5,7,7,"{'first layer': ['C', 'C'], 'second layer': []}",3450,1,1
aa214_plan_opt_C9_H20,8,19,119.28474929500652,aa214_plan_opt,4,4,"{'first layer': ['C', 'C'], 'second layer': ['O']}",198,1,1
Benzeneethanamine_o_RH_Sub8_C11_H20,10,19,117.93860178253198,Benzeneethanamine_o_RH_Sub8,2,4,"{'first layer': ['C', 'C'], 'second layer': []}",3450,1,1
aa188_opt_C9_H19,8,18,119.1976598249613,aa188_opt,2,3,"{'first layer': ['C', 'C'], 'second layer': ['N', 'Cl']}",0,1,1
aa2_opt_C9_H14,8,13,117.23863808249008,aa2_opt,1,4,"{'first layer': ['C', 'C'], 'second layer': ['N']}",667,1,1
Benzamide_o_N_RH_Sub34_C12_H15,11,14,117.55373344252264,Benzamide_o_N_RH_Sub34,1,4,"{'first layer': ['C', 'C'], 'second layer': []}",3450,1,1
Ethene_RH_Sub10_C3_H5,2,4,117.14323618275056,Ethene_RH_Sub10,4,4,"{'first layer': ['C'], 'second layer': []}",656,1,1
Styrene_RH_Sub4_C1_H2,0,1,117.33421135248818,Styrene_RH_Sub4,3,7,"{'first layer': ['C'], 'second layer': []}",656,1,1
Azulene_RH_Sub29_C11_H15,10,14,121.91573443250805,Azulene_RH_Sub29,2,7,"{'first layer': ['C', 'C'], 'second layer': []}",3450,1,1
3Buten1amine_gamma_RH_Sub37_C11_H12,10,11,118.099158952503,3Buten1amine_gamma_RH_Sub37,2,3,"{'first layer': ['C'], 'second layer': []}",656,1,1
2Propen1thiol_RH_Sub21_C8_H9,7,8,118.89038186000931,2Propen1thiol_RH_Sub21,1,3,"{'first layer': ['C'], 'second layer': []}",656,1,1
4Penten1amine_RH_Sub11_C7_H17,6,16,116.52760653749992,4Penten1amine_RH_Sub11,2,2,"{'first layer': ['N', 'C'], 'second layer': []}",64,1,1
4Penten1amine_RH_Sub32_C7_H8,6,7,117.62257332998686,4Penten1amine_RH_Sub32,2,3,"{'first layer': ['C'], 'second layer': []}",656,1,1
Naphtalene_2_RH_Sub16_C5_H7,4,6,117.96767950502796,Naphtalene_2_RH_Sub16,5,7,"{'first layer': ['C', 'C'], 'second layer': []}",3450,1,1
5Hexen1amine_RH_Sub4_C7_H8,6,7,116.61541700501786,5Hexen1amine_RH_Sub4,1,2,"{'first layer': ['C', 'C'], 'second layer': ['O']}",198,1,1
aa124_opt_C20_H48,19,47,117.93620096745371,aa124_opt,3,5,"{'first layer': ['C', 'C'], 'second layer': []}",3450,1,1
aa68_plan_opt_C13_H18,12,17,117.75040198251205,aa68_plan_opt,8,8,"{'first layer': ['C', 'C'], 'second layer': []}",3450,1,1
Benzeneethaneamine_o_RH_Sub25_C13_H17,12,16,118.70819664748096,Benzeneethaneamine_o_RH_Sub25,1,4,"{'first layer': ['C', 'C'], 'second layer': ['Cl']}",92,1,1
aa238_plan_opt_C15_H30,14,29,116.40216615004306,aa238_plan_opt,2,4,"{'first layer': ['C', 'C'], 'second layer': []}",3450,1,1
Toluene_RH_Sub18_C3_H7,2,6,120.25714023752612,Toluene_RH_Sub18,1,5,"{'first layer': ['C', 'C'], 'second layer': ['N']}",667,1,1
Naphtalene_2_RH_Sub17_C14_H15,13,14,117.57476159500357,Naphtalene_2_RH_Sub17,5,7,"{'first layer': ['C', 'C'], 'second layer': []}",3450,1,1
2Phenylpyridine_RH_Sub1_C15_H19,14,18,117.557327762499,2Phenylpyridine_RH_Sub1,2,9,"{'first layer': ['C', 'C'], 'second layer': []}",3450,1,1
Benzoicacid_RH_Sub25_C7_H10,6,9,119.91060273499812,Benzoicacid_RH_Sub25,4,4,"{'first layer': ['C', 'C'], 'second layer': []}",3450,1,1
aa251_opt_C3_H23,2,22,119.19861487999128,aa251_opt,2,4,"{'first layer': ['C', 'C'], 'second layer': []}",3450,1,1
aa324_plan_opt_C17_H39,16,38,117.38523525999426,aa324_plan_opt,5,5,"{'first layer': ['C', 'C'], 'second layer': []}",3450,1,1
aa65_opt_C9_H14,8,13,117.0164127225084,aa65_opt,3,5,"{'first layer': ['C', 'C'], 'second layer': []}",3450,1,1
aa280_plan2_opt_C14_H22,13,21,119.39634264001484,aa280_plan2_opt,6,9,"{'first layer': ['C', 'C'], 'second layer': ['O']}",198,1,1
aa97_opt_C18_H23,17,22,120.38426106997493,aa97_opt,5,8,"{'first layer': ['C', 'C'], 'second layer': ['F']}",84,1,1
aa223_plan_opt_C3_H18,2,17,104.27375139749188,aa223_plan_opt,6,10,"{'first layer': ['N', 'C'], 'second layer': []}",64,1,1
Cyclopentene_RH_Sub21_C1_H7,0,6,122.4213023975301,Cyclopentene_RH_Sub21,1,3,"{'first layer': ['C', 'C'], 'second layer': []}",3450,1,1
Toluene_RH_Sub3_C6_H9,5,8,117.74573338248246,Toluene_RH_Sub3,3,4,"{'first layer': ['C', 'C'], 'second layer': []}",3450,1,1
2Propen1ol_RH_Sub14_C8_H9,7,8,121.15976259248684,2Propen1ol_RH_Sub14,1,2,"{'first layer': ['C'], 'second layer': ['O']}",40,1,1
aa5_opt_C6_H11,5,10,117.96211420756464,aa5_opt,8,8,"{'first layer': ['C', 'C'], 'second layer': []}",3450,1,1
Benzeneethaneamine_o_RH_Sub5_C11_H20,10,19,117.40886063497383,Benzeneethaneamine_o_RH_Sub5,1,4,"{'first layer': ['C', 'C'], 'second layer': []}",3450,1,1
Benzoicacid_RH_Sub19_C11_H14,10,13,117.43688792248548,Benzoicacid_RH_Sub19,1,4,"{'first layer': ['C', 'C'], 'second layer': []}",3450,1,1
2Ethen1thiol_RH_Sub22_C5_H6,4,5,118.2561581975051,2Ethen1thiol_RH_Sub22,1,3,"{'first layer': ['C'], 'second layer': ['S']}",16,1,1
Toluene_RH_Sub8_C4_H15,3,14,117.9795612175012,Toluene_RH_Sub8,4,4,"{'first layer': ['C', 'C'], 'second layer': []}",3450,1,1
Thiobenzoicacid_RH_Sub22_C9_H13,8,12,120.07662291997974,Thiobenzoicacid_RH_Sub22,4,4,"{'first layer': ['C', 'C'], 'second layer': ['F']}",84,1,1
Azulene_RH_Sub26_C11_H15,10,14,121.91481828249464,Azulene_RH_Sub26,1,7,"{'first layer': ['C', 'C'], 'second layer': []}",3450,1,1
aa328_opt_C21_H26,20,25,117.20827963251963,aa328_opt,8,8,"{'first layer': ['C', 'C'], 'second layer': []}",3450,1,1
Ethene_RH_Sub24_C1_H2,0,1,120.81023316999662,Ethene_RH_Sub24,1,3,"{'first layer': ['C'], 'second layer': ['O']}",40,1,1
Benzamide_o_N_RH_Sub8_C9_H13,8,12,118.3113091724536,Benzamide_o_N_RH_Sub8,3,4,"{'first layer': ['C', 'C'], 'second layer': []}",3450,1,1
Styrene_RH_Sub15_C3_H4,2,3,115.13889946503524,Styrene_RH_Sub15,3,7,"{'first layer': ['C', 'C'], 'second layer': []}",3450,1,1
aa158_plan_opt_C5_H11,4,10,117.57471390497288,aa158_plan_opt,7,8,"{'first layer': ['C', 'C'], 'second layer': ['N']}",667,1,1
aa299_plan_opt_C1_H15,0,14,117.80113159245587,aa299_plan_opt,3,5,"{'first layer': ['C', 'C'], 'second layer': []}",3450,1,1
5Hexen1amine_RH_Sub32_C9_H10,8,9,117.87034233249317,5Hexen1amine_RH_Sub32,1,3,"{'first layer': ['C'], 'second layer': []}",656,1,1
2Propen1ol_RH_C6_H7,5,6,115.9123760450067,2Propen1ol_RH,2,3,"{'first layer': ['C', 'C'], 'second layer': ['O']}",198,1,1
Thiobenzoicacid_RH_Sub13_C6_H15,5,14,117.64059387492182,Thiobenzoicacid_RH_Sub13,4,4,"{'first layer': ['C', 'C'], 'second layer': []}",3450,1,1
Styrene_RH_Sub2_C1_H2,0,1,117.49835091999032,Styrene_RH_Sub2,7,7,"{'first layer': ['C'], 'second layer': []}",656,1,1
2Propen1amine_RH_Sub11_C9_H11,8,10,120.59411840502564,2Propen1amine_RH_Sub11,1,2,"{'first layer': ['C'], 'second layer': []}",656,1,1
aa330_plan_opt_C17_H22,16,21,115.01533592999068,aa330_plan_opt,6,9,"{'first layer': ['C', 'C'], 'second layer': []}",3450,1,1
5Hexen1thiol_RH_Sub32_C6_H7,5,6,113.81819017498742,5Hexen1thiol_RH_Sub32,2,3,"{'first layer': ['C', 'C'], 'second layer': []}",3450,1,1
Benzamide_o_N_RH_Sub38_C12_H15,11,14,118.68119595002752,Benzamide_o_N_RH_Sub38,1,4,"{'first layer': ['C', 'C'], 'second layer': []}",3450,1,1
aa123_plan_opt_C6_H16,5,15,118.50079534753093,aa123_plan_opt,2,4,"{'first layer': ['C', 'C'], 'second layer': ['N']}",667,1,1
aa250_plan_opt_C11_H17,10,16,117.3182609300261,aa250_plan_opt,2,4,"{'first layer': ['C', 'C'], 'second layer': []}",3450,1,1
aa9_opt_C15_H19,14,18,118.45360546499876,aa9_opt,9,9,"{'first layer': ['C', 'C'], 'second layer': ['N']}",667,1,1
aa232_plan_opt_C13_H18,12,17,117.32778700751396,aa232_plan_opt,5,9,"{'first layer': ['C', 'C'], 'second layer': []}",3450,1,1
aa292_opt_C19_H27,18,26,117.07622853249065,aa292_opt,1,5,"{'first layer': ['C', 'C'], 'second layer': ['N']}",667,1,1
aa277_opt_C6_H19,5,18,119.3181624150246,aa277_opt,5,5,"{'first layer': ['C', 'C'], 'second layer': ['N']}",667,1,1
2Phenylpyridine_RH_Sub4_C5_H6,4,5,116.90486581250838,2Phenylpyridine_RH_Sub4,2,8,"{'first layer': ['C', 'C'], 'second layer': []}",3450,1,1
aa105_plan_opt_C3_H8,2,7,117.30834643000831,aa105_plan_opt,4,5,"{'first layer': ['C', 'C'], 'second layer': []}",3450,1,1
5Hexen1ol_RH_Sub11_C8_H19,7,18,120.36660635748774,5Hexen1ol_RH_Sub11,1,2,"{'first layer': ['C'], 'second layer': []}",656,1,1
aa327_opt_C9_H14,8,13,118.46850545251216,aa327_opt,8,9,"{'first layer': ['C', 'C'], 'second layer': ['N']}",667,1,1
aa179_plan_opt_C6_H12,5,11,119.23899826995296,aa179_plan_opt,4,4,"{'first layer': ['C', 'C'], 'second layer': ['Cl']}",92,1,1
3Buten1amine_RH_Sub37_C9_H10,8,9,116.93417947500606,3Buten1amine_RH_Sub37,3,3,"{'first layer': ['C'], 'second layer': []}",656,1,1
aa332_opt_C21_H26,20,25,119.91078282751972,aa332_opt,4,8,"{'first layer': ['C', 'C'], 'second layer': ['N']}",667,1,1
2Propen1ol_RH_Sub21_C6_H7,5,6,117.80742541749063,2Propen1ol_RH_Sub21,3,3,"{'first layer': ['C', 'C'], 'second layer': ['O']}",198,1,1
aa186_opt_C1_H14,0,13,118.13764038996112,aa186_opt,4,7,"{'first layer': ['C', 'C'], 'second layer': ['N']}",667,1,1
Naphtalene_2_RH_Sub13_C16_H17,15,16,118.0425471575228,Naphtalene_2_RH_Sub13,1,7,"{'first layer': ['C', 'C'], 'second layer': []}",3450,1,1
Toluene_RH_Sub19_C2_H11,1,10,116.78937506501867,Toluene_RH_Sub19,1,5,"{'first layer': ['C', 'C'], 'second layer': []}",3450,1,1
aa148_opt_C6_H19,5,18,119.90203735998053,aa148_opt,2,2,"{'first layer': ['C', 'C'], 'second layer': ['O']}",198,1,1
aa335_opt_C7_H12,6,11,117.5889073275036,aa335_opt,1,8,"{'first layer': ['C', 'C'], 'second layer': []}",3450,1,1
Benzamide_o_N_RH_Sub12_C7_H16,6,15,117.4106213999724,Benzamide_o_N_RH_Sub12,2,4,"{'first layer': ['C', 'C'], 'second layer': []}",3450,1,1
Benzeneethaneamine_o_RH_Sub29_C13_H17,12,16,116.34732076750169,Benzeneethaneamine_o_RH_Sub29,1,4,"{'first layer': ['C', 'C'], 'second layer': []}",3450,1,1
Naphtalene_2_RH_C14_H15,13,14,117.62522075248968,Naphtalene_2_RH,8,8,"{'first layer': ['C', 'C'], 'second layer': []}",3450,1,1
aa90_plan_opt_C5_H10,4,9,117.68209609746492,aa90_plan_opt,2,5,"{'first layer': ['C', 'C'], 'second layer': []}",3450,1,1
Azulene_RH_Sub8_C2_H5,1,4,114.54255232996589,Azulene_RH_Sub8,3,7,"{'first layer': ['C', 'C'], 'second layer': []}",3450,1,1
aa237_opt_C5_H6,4,5,117.64511563997048,aa237_opt,5,6,"{'first layer': ['C', 'C'], 'second layer': []}",3450,1,1
aa290_opt_C1_H24,0,23,117.8617110699946,aa290_opt,3,5,"{'first layer': ['C', 'C'], 'second layer': ['N']}",667,1,1
aa95_opt_C4_H9,3,8,117.30690569004965,aa95_opt,1,4,"{'first layer': ['C', 'C'], 'second layer': []}",3450,1,1
5Hexen1thiol_RH_Sub3_C6_H7,5,6,115.01159853999354,5Hexen1thiol_RH_Sub3,1,2,"{'first layer': ['C', 'C'], 'second layer': []}",3450,1,1
Styrene_RH_C1_H16,0,15,118.5867973600196,Styrene_RH,4,8,"{'first layer': ['C'], 'second layer': []}",656,1,1
aa229_plan_opt_C6_H17,5,16,119.13579459996556,aa229_plan_opt,3,9,"{'first layer': ['C', 'C'], 'second layer': ['N']}",667,1,1
aa102_plan_opt_C16_H21,15,20,117.42356358750214,aa102_plan_opt,9,9,"{'first layer': ['C', 'C'], 'second layer': []}",3450,1,1
5Hexen1thiol_RH_Sub21_C8_H19,7,18,118.00878451995573,5Hexen1thiol_RH_Sub21,1,3,"{'first layer': ['C'], 'second layer': []}",656,1,1
aa63_plan_opt_C7_H12,6,11,117.64830334000236,aa63_plan_opt,5,5,"{'first layer': ['C', 'C'], 'second layer': []}",3450,1,1
aa88_opt_C3_H8,2,7,117.29436572997514,aa88_opt,5,5,"{'first layer': ['C', 'C'], 'second layer': []}",3450,1,1
3Buten1thiol_RH_C8_H9,7,8,117.77451994495436,3Buten1thiol_RH,3,3,"{'first layer': ['C'], 'second layer': []}",656,1,1
Styrene_RH_Sub24_C6_H9,5,8,117.60259122000107,Styrene_RH_Sub24,1,7,"{'first layer': ['C', 'C'], 'second layer': []}",3450,1,1
aa280_plan2_opt_C12_H24,11,23,117.90390605255936,aa280_plan2_opt,1,9,"{'first layer': ['C', 'C'], 'second layer': ['O']}",198,1,1
aa338_opt_C3_H8,2,7,117.68720520250866,aa338_opt,3,9,"{'first layer': ['C', 'C'], 'second layer': []}",3450,1,1
aa331_opt_C9_H14,8,13,118.00922126004536,aa331_opt,7,8,"{'first layer': ['C', 'C'], 'second layer': ['N']}",667,1,1
5Hexen1ol_RH_Sub28_C6_H7,5,6,113.45807984753576,5Hexen1ol_RH_Sub28,2,3,"{'first layer': ['C', 'C'], 'second layer': []}",3450,1,1
aa92_opt_C5_H10,4,9,117.54156872754606,aa92_opt,2,4,"{'first layer': ['C', 'C'], 'second layer': []}",3450,1,1
aa8_opt_C7_H12,6,11,118.1457972625185,aa8_opt,4,4,"{'first layer': ['C', 'C'], 'second layer': []}",3450,1,1
Toluene_RH_Sub17_C2_H11,1,10,117.83553867248486,Toluene_RH_Sub17,3,5,"{'first layer': ['C', 'C'], 'second layer': ['N']}",667,1,1
aa88_plan_opt_C3_H8,2,7,117.3815599924822,aa88_plan_opt,1,5,"{'first layer': ['C', 'C'], 'second layer': []}",3450,1,1
aa212_plan_opt_C12_H17,11,16,117.58506388998654,aa212_plan_opt,3,5,"{'first layer': ['C', 'C'], 'second layer': []}",3450,1,1
3Buten1amine_RH_Sub32_C9_H14,8,13,118.0610634274943,3Buten1amine_RH_Sub32,3,3,"{'first layer': ['C'], 'second layer': []}",656,1,1
5Hexen1thiol_RH_Sub11_C8_H19,7,18,120.1452557325294,5Hexen1thiol_RH_Sub11,2,2,"{'first layer': ['C'], 'second layer': []}",656,1,1
Naphtalene_2_RH_Sub24_C16_H17,15,16,117.65274729498216,Naphtalene_2_RH_Sub24,6,7,"{'first layer': ['C', 'C'], 'second layer': []}",3450,1,1
aa115_plan_opt_C6_H11,5,10,119.49858184250049,aa115_plan_opt,5,5,"{'first layer': ['C', 'C'], 'second layer': []}",3450,1,1
Toluene_RH_Sub5_C5_H8,4,7,118.00112462749296,Toluene_RH_Sub5,2,4,"{'first layer': ['C', 'C'], 'second layer': []}",3450,1,1
2Propen1ol_RH_C8_H9,7,8,118.43746679249436,2Propen1ol_RH,1,3,"{'first layer': ['C'], 'second layer': []}",656,1,1
aa198_opt_C16_H28,15,27,118.43444098749814,aa198_opt,4,8,"{'first layer': ['C', 'C'], 'second layer': ['N']}",667,1,1
Benzeneethanamine_o_RH_Sub31_C13_H17,12,16,117.46522268499136,Benzeneethanamine_o_RH_Sub31,3,5,"{'first layer': ['C', 'C'], 'second layer': []}",3450,1,1
aa127_plan_opt_C6_H17,5,16,117.56431874000896,aa127_plan_opt,3,4,"{'first layer': ['C', 'C'], 'second layer': []}",3450,1,1
Azulene_RH_Sub4_C1_H18,0,17,115.27605527751176,Azulene_RH_Sub4,7,7,"{'first layer': ['C', 'C'], 'second layer': []}",3450,1,1
aa9_opt_C17_H21,16,20,117.09557247501948,aa9_opt,1,9,"{'first layer': ['C', 'C'], 'second layer': ['N']}",667,1,1
aa225_opt_C21_H1,20,0,104.8913463100024,aa225_opt,1,2,"{'first layer': ['C', 'C'], 'second layer': ['N']}",667,1,1
3Buten1ol_RH_Sub25_C8_H9,7,8,117.95611844498096,3Buten1ol_RH_Sub25,3,3,"{'first layer': ['C'], 'second layer': []}",656,1,1
Azulene_RH_Sub28_C11_H15,10,14,122.4527395200073,Azulene_RH_Sub28,6,7,"{'first layer': ['C', 'C'], 'second layer': []}",3450,1,1
5Hexen1ol_RH_Sub17_C8_H19,7,18,121.8099379325112,5Hexen1ol_RH_Sub17,1,2,"{'first layer': ['C'], 'second layer': ['N']}",76,1,1
5Hexen1amine_RH_Sub31_C7_H8,6,7,113.94929374997815,5Hexen1amine_RH_Sub31,1,3,"{'first layer': ['C', 'C'], 'second layer': []}",3450,1,1
aa263_opt_C7_H21,6,20,117.85797367999749,aa263_opt,7,8,"{'first layer': ['C', 'C'], 'second layer': []}",3450,1,1
aa120_opt_C6_H11,5,10,118.48606980499184,aa120_opt,3,4,"{'first layer': ['C', 'C'], 'second layer': []}",3450,1,1
Azulene_RH_Sub11_C2_H5,1,4,115.89212850252792,Azulene_RH_Sub11,5,7,"{'first layer': ['C', 'C'], 'second layer': []}",3450,1,1
aa82_plan_opt_C16_H21,15,20,117.65273474500788,aa82_plan_opt,3,10,"{'first layer': ['C', 'C'], 'second layer': []}",3450,1,1
Benzamide_o_N_RH_Sub26_C7_H16,6,15,116.12610442751432,Benzamide_o_N_RH_Sub26,3,4,"{'first layer': ['C', 'C'], 'second layer': []}",3450,1,1
Benzamide_o_N_RH_Sub22_C9_H13,8,12,119.97964216749224,Benzamide_o_N_RH_Sub22,1,4,"{'first layer': ['C', 'C'], 'second layer': ['F']}",84,1,1
aa9_plan_opt_C17_H21,16,20,116.33380190750673,aa9_plan_opt,2,9,"{'first layer': ['C', 'C'], 'second layer': ['N']}",667,1,1
Thiobenzoicacid_RH_Sub39_C6_H15,5,14,117.00534676004024,Thiobenzoicacid_RH_Sub39,4,4,"{'first layer': ['C', 'C'], 'second layer': []}",3450,1,1
Benzeneethaneamine_o_RH_Sub7_C13_H17,12,16,118.27181871500116,Benzeneethaneamine_o_RH_Sub7,4,4,"{'first layer': ['C', 'C'], 'second layer': []}",3450,1,1
Ethene_RH_Sub28_C1_H2,0,1,121.68870493250338,Ethene_RH_Sub28,1,3,"{'first layer': ['C'], 'second layer': ['N']}",76,1,1
Styrene_RH_Sub1_C8_H13,7,12,119.29923136751654,Styrene_RH_Sub1,4,7,"{'first layer': ['C', 'C'], 'second layer': []}",3450,1,1
aa232_plan_opt_C11_H16,10,15,117.26150669248284,aa232_plan_opt,8,9,"{'first layer': ['C', 'C'], 'second layer': []}",3450,1,1
aa277_plan_opt_C1_H17,0,16,117.89020521749136,aa277_plan_opt,3,5,"{'first layer': ['C', 'C'], 'second layer': []}",3450,1,1
Naphtalene_2_RH_Sub24_C10_H11,9,10,117.6453760524987,Naphtalene_2_RH_Sub24,7,7,"{'first layer': ['C', 'C'], 'second layer': []}",3450,1,1
3Buten1ol_RH_Sub37_C8_H13,7,12,117.90759261498764,3Buten1ol_RH_Sub37,1,3,"{'first layer': ['C'], 'second layer': []}",656,1,1
Benzamide_o_N_RH_Sub22_C10_H14,9,13,119.91485530250444,Benzamide_o_N_RH_Sub22,2,4,"{'first layer': ['C', 'C'], 'second layer': ['F']}",84,1,1
3Buten1ol_RH_Sub22_C8_H13,7,12,117.7567899324788,3Buten1ol_RH_Sub22,2,3,"{'first layer': ['C'], 'second layer': []}",656,1,1
5Hexen1thiol_RH_Sub34_C6_H7,5,6,113.75265282001776,5Hexen1thiol_RH_Sub34,1,3,"{'first layer': ['C', 'C'], 'second layer': []}",3450,1,1
aa181_opt_C5_H16,4,15,119.53332400755272,aa181_opt,3,4,"{'first layer': ['C', 'C'], 'second layer': []}",3450,1,1
Benzoicacid_RH_Sub11_C6_H15,5,14,119.0849752575076,Benzoicacid_RH_Sub11,3,4,"{'first layer': ['C', 'C'], 'second layer': []}",3450,1,1
aa229_plan_opt_C12_H27,11,26,117.46313122745876,aa229_plan_opt,9,9,"{'first layer': ['C', 'C'], 'second layer': []}",3450,1,1
aa9_plan_opt_C6_H11,5,10,116.16890181002192,aa9_plan_opt,5,9,"{'first layer': ['C', 'C'], 'second layer': []}",3450,1,1
aa173_opt_C14_H25,13,24,102.26440540996322,aa173_opt,3,5,"{'first layer': ['C', 'N'], 'second layer': []}",0,1,1
aa322_opt_C8_H21,7,20,118.4193853799897,aa322_opt,1,1,"{'first layer': ['C', 'C'], 'second layer': ['N']}",667,1,1
aa325_plan_opt_C8_H21,7,20,116.7687328248445,aa325_plan_opt,5,5,"{'first layer': ['C', 'C'], 'second layer': []}",3450,1,1
Thiobenzoicacid_RH_Sub23_C9_H13,8,12,119.13777749989777,Thiobenzoicacid_RH_Sub23,1,4,"{'first layer': ['C', 'C'], 'second layer': []}",3450,1,1
3Buten1ol_RH_Sub6_C6_H7,5,6,113.71609592500263,3Buten1ol_RH_Sub6,1,2,"{'first layer': ['C', 'C'], 'second layer': []}",3450,1,1
Benzamide_o_N_RH_Sub8_C12_H15,11,14,118.71427900500493,Benzamide_o_N_RH_Sub8,2,4,"{'first layer': ['C', 'C'], 'second layer': []}",3450,1,1
3Buten1amine_gamma_RH_Sub36_C10_H14,9,13,113.70016118999948,3Buten1amine_gamma_RH_Sub36,3,3,"{'first layer': ['C', 'C'], 'second layer': []}",3450,1,1
aa330_opt_C5_H10,4,9,119.6603720500579,aa330_opt,2,9,"{'first layer': ['C', 'C'], 'second layer': ['O', 'N']}",0,1,1
Benzamide_o_N_RH_Sub24_C9_H13,8,12,117.87846343746509,Benzamide_o_N_RH_Sub24,1,4,"{'first layer': ['C', 'C'], 'second layer': ['O']}",198,1,1
Benzeneethanamine_o_RH_Sub1_C11_H20,10,19,117.97174947000356,Benzeneethanamine_o_RH_Sub1,3,4,"{'first layer': ['C', 'C'], 'second layer': []}",3450,1,1
aa219_opt_C3_H17,2,16,117.8798489575084,aa219_opt,4,4,"{'first layer': ['C', 'C'], 'second layer': ['N']}",667,1,1
5Hexen1thiol_RH_Sub1_C8_H19,7,18,115.76604053496396,5Hexen1thiol_RH_Sub1,1,2,"{'first layer': ['C', 'C'], 'second layer': ['N']}",667,1,1
4Penten1amine_RH_Sub26_C7_H17,6,16,118.0812538674884,4Penten1amine_RH_Sub26,3,3,"{'first layer': ['C'], 'second layer': []}",656,1,1
aa98_opt_C23_H28,22,27,118.107604475004,aa98_opt,4,9,"{'first layer': ['C', 'C'], 'second layer': []}",3450,1,1
aa150_opt_C12_H17,11,16,118.21114071996988,aa150_opt,4,5,"{'first layer': ['C', 'C'], 'second layer': ['N']}",667,1,1
aa323_plan2_opt_C6_H19,5,18,117.63748524005253,aa323_plan2_opt,5,10,"{'first layer': ['C', 'C'], 'second layer': []}",3450,1,1
5Hexen1thiol_RH_Sub24_C6_H7,5,6,113.82913001000531,5Hexen1thiol_RH_Sub24,2,3,"{'first layer': ['C', 'C'], 'second layer': []}",3450,1,1
aa208_opt_C10_H23,9,22,117.39138601500828,aa208_opt,2,5,"{'first layer': ['C', 'C'], 'second layer': []}",3450,1,1
Benzoicacid_RH_Sub5_C11_H14,10,13,117.90153159248774,Benzoicacid_RH_Sub5,4,4,"{'first layer': ['C', 'C'], 'second layer': []}",3450,1,1
Azulene_RH_Sub7_C7_H13,6,12,122.34533097247294,Azulene_RH_Sub7,1,7,"{'first layer': ['C', 'C'], 'second layer': ['N']}",667,1,1
3Buten1amine_gamma_RH_Sub2_C11_H13,10,12,116.28599644749272,3Buten1amine_gamma_RH_Sub2,1,2,"{'first layer': ['F', 'C'], 'second layer': []}",15,1,1
aa247_opt_C4_H16,3,15,117.02106563502554,aa247_opt,2,6,"{'first layer': ['C', 'C'], 'second layer': []}",3450,1,1
2Propen1thiol_RH_Sub9_C8_H10,7,9,114.04866151251156,2Propen1thiol_RH_Sub9,2,2,"{'first layer': ['C', 'C'], 'second layer': []}",3450,1,1
2Ethen1amine_RH_Sub7_C6_H8,5,7,116.93016535749273,2Ethen1amine_RH_Sub7,1,2,"{'first layer': ['N', 'C'], 'second layer': ['N']}",2,1,1
Toluene_RH_Sub23_C2_H11,1,10,118.35559874998212,Toluene_RH_Sub23,3,4,"{'first layer': ['C', 'C'], 'second layer': []}",3450,1,1
3Buten1thiol_RH_Sub16_C8_H9,7,8,118.08629206503298,3Buten1thiol_RH_Sub16,2,2,"{'first layer': ['C'], 'second layer': []}",656,1,1
Azulene_RH_Sub8_C1_H18,0,17,116.12065521746472,Azulene_RH_Sub8,2,7,"{'first layer': ['C', 'C'], 'second layer': []}",3450,1,1
Cyclopentene_RH_Sub29_C3_H11,2,10,120.3852487550165,Cyclopentene_RH_Sub29,3,3,"{'first layer': ['C', 'C'], 'second layer': []}",3450,1,1
Thiobenzoicacid_RH_Sub21_C8_H12,7,11,119.92363214496152,Thiobenzoicacid_RH_Sub21,4,4,"{'first layer': ['C', 'C'], 'second layer': []}",3450,1,1
aa101_plan_opt_C15_H20,14,19,117.4821438500672,aa101_plan_opt,9,10,"{'first layer': ['C', 'C'], 'second layer': []}",3450,1,1
Benzeneethaneamine_o_RH_Sub15_C11_H20,10,19,119.10136242005932,Benzeneethaneamine_o_RH_Sub15,4,4,"{'first layer': ['C', 'C'], 'second layer': ['Cl']}",92,1,1
aa335_plan_opt_C8_H13,7,12,117.66528411755417,aa335_plan_opt,7,8,"{'first layer': ['C', 'C'], 'second layer': []}",3450,1,1
2Propen1ol_RH_Sub5_C6_H7,5,6,118.56958252501757,2Propen1ol_RH_Sub5,1,2,"{'first layer': ['C', 'C'], 'second layer': ['Cl', 'O']}",2,1,1
aa104_opt_C5_H10,4,9,117.51235985747456,aa104_opt,5,7,"{'first layer': ['C', 'C'], 'second layer': []}",3450,1,1
aa293_opt_C1_H21,0,20,119.00122283248436,aa293_opt,2,4,"{'first layer': ['C', 'C'], 'second layer': ['N']}",667,1,1
3Buten1amine_RH_Sub28_C9_H14,8,13,118.16872046500464,3Buten1amine_RH_Sub28,1,3,"{'first layer': ['C'], 'second layer': []}",656,1,1
aa79_opt_C5_H10,4,9,117.39564548497724,aa79_opt,8,8,"{'first layer': ['C', 'C'], 'second layer': []}",3450,1,1
aa264_plan_opt_C1_H20,0,19,119.07237003755256,aa264_plan_opt,3,8,"{'first layer': ['C', 'C'], 'second layer': []}",3450,1,1
aa61_plan_opt_C3_H8,2,7,117.59485665500762,aa61_plan_opt,4,4,"{'first layer': ['C', 'C'], 'second layer': []}",3450,1,1
Ethene_RH_Sub25_C1_H6,0,5,119.22745917256606,Ethene_RH_Sub25,2,3,"{'first layer': ['C'], 'second layer': ['Cl']}",24,1,1
Styrene_RH_Sub20_C1_H2,0,1,117.53561688999724,Styrene_RH_Sub20,7,8,"{'first layer': ['C'], 'second layer': []}",656,1,1
4Penten1amine_RH_C7_H17,6,16,118.06974175251234,4Penten1amine_RH,3,3,"{'first layer': ['C'], 'second layer': []}",656,1,1
5Hexen1thiol_RH_Sub32_C8_H19,7,18,118.08551584746652,5Hexen1thiol_RH_Sub32,3,3,"{'first layer': ['C'], 'second layer': []}",656,1,1
aa161_opt_C6_H11,5,10,119.09936571502342,aa161_opt,2,3,"{'first layer': ['C', 'C'], 'second layer': []}",3450,1,1
Azulene_RH_Sub12_C12_H16,11,15,120.10111549999095,Azulene_RH_Sub12,2,7,"{'first layer': ['C', 'C'], 'second layer': []}",3450,1,1
aa125_opt_C13_H21,12,20,116.19633171750196,aa125_opt,3,6,"{'first layer': ['C', 'C'], 'second layer': ['N']}",667,1,1
Benzamide_o_N_RH_Sub17_C8_H11,7,10,120.15970454749876,Benzamide_o_N_RH_Sub17,2,4,"{'first layer': ['C', 'C'], 'second layer': ['N']}",667,1,1
aa329_plan2_opt_C7_H12,6,11,117.95201710498048,aa329_plan2_opt,3,9,"{'first layer': ['C', 'C'], 'second layer': []}",3450,1,1
aa296_plan_opt_C9_H21,8,20,117.57863954501232,aa296_plan_opt,1,4,"{'first layer': ['C', 'C'], 'second layer': []}",3450,1,1
2Propen1ol_RH_Sub1_C8_H10,7,9,116.61057772500982,2Propen1ol_RH_Sub1,1,2,"{'first layer': ['C', 'C'], 'second layer': ['N']}",667,1,1
5Hexen1thiol_RH_Sub17_C8_H19,7,18,121.66635463748662,5Hexen1thiol_RH_Sub17,2,2,"{'first layer': ['C'], 'second layer': ['N']}",76,1,1
aa65_opt_C7_H12,6,11,117.567300620006,aa65_opt,4,5,"{'first layer': ['C', 'C'], 'second layer': []}",3450,1,1
aa329_opt_C7_H12,6,11,117.95309389493582,aa329_opt,2,9,"{'first layer': ['C', 'C'], 'second layer': []}",3450,1,1
aa101_opt_C15_H20,14,19,117.48542504753772,aa101_opt,10,10,"{'first layer': ['C', 'C'], 'second layer': []}",3450,1,1
Toluene_RH_Sub7_C6_H9,5,8,118.4057541975055,Toluene_RH_Sub7,2,4,"{'first layer': ['C', 'C'], 'second layer': []}",3450,1,1
aa118_opt_C2_H7,1,6,118.85287367496004,aa118_opt,1,4,"{'first layer': ['C', 'C'], 'second layer': []}",3450,1,1
Benzamide_o_N_RH_Sub4_C12_H15,11,14,117.56144416251855,Benzamide_o_N_RH_Sub4,3,4,"{'first layer': ['C', 'C'], 'second layer': []}",3450,1,1
3Buten1amine_RH_Sub30_C7_H8,6,7,112.55528555746722,3Buten1amine_RH_Sub30,3,3,"{'first layer': ['C', 'C'], 'second layer': []}",3450,1,1
aa339_plan_opt_C19_H24,18,23,117.86346305001472,aa339_plan_opt,8,8,"{'first layer': ['C', 'C'], 'second layer': ['O']}",198,1,1
aa234_opt_C13_H19,12,18,117.69166672755232,aa234_opt,5,5,"{'first layer': ['C', 'C'], 'second layer': []}",3450,1,1
Benzamide_o_N_RH_Sub39_C7_H16,6,15,116.49345610496766,Benzamide_o_N_RH_Sub39,3,4,"{'first layer': ['C', 'C'], 'second layer': []}",3450,1,1
Styrene_RH_Sub11_C7_H11,6,10,117.55520116498133,Styrene_RH_Sub11,2,7,"{'first layer': ['C', 'C'], 'second layer': []}",3450,1,1
aa273_opt_C12_H21,11,20,111.63506747496626,aa273_opt,4,8,"{'first layer': ['N', 'C'], 'second layer': []}",64,1,1
aa163_opt_C11_H27,10,26,119.0896890375231,aa163_opt,4,6,"{'first layer': ['C', 'C'], 'second layer': []}",3450,1,1
aa144_plan_opt_C5_H17,4,16,117.29938384748236,aa144_plan_opt,2,5,"{'first layer': ['C', 'C'], 'second layer': []}",3450,1,1
2Propen1thiol_RH_Sub1_C8_H10,7,9,115.723315942507,2Propen1thiol_RH_Sub1,2,2,"{'first layer': ['C', 'C'], 'second layer': ['N']}",667,1,1
Styrene_RH_Sub17_C12_H15,11,14,118.20247243500616,Styrene_RH_Sub17,4,7,"{'first layer': ['C', 'C'], 'second layer': ['N']}",667,1,1
3Buten1amine_gamma_RH_Sub12_C11_H12,10,11,116.85151262498792,3Buten1amine_gamma_RH_Sub12,2,2,"{'first layer': ['F', 'C'], 'second layer': []}",15,1,1
aa327_plan_opt_C18_H23,17,22,116.77874647002652,aa327_plan_opt,1,9,"{'first layer': ['C', 'C'], 'second layer': []}",3450,1,1
aa288_plan_opt_C3_H14,2,13,117.7268042175615,aa288_plan_opt,1,4,"{'first layer': ['C', 'C'], 'second layer': []}",3450,1,1
Azulene_RH_Sub2_C8_H14,7,13,114.590030862513,Azulene_RH_Sub2,2,7,"{'first layer': ['C', 'C'], 'second layer': []}",3450,1,1
Azulene_RH_Sub24_C4_H9,3,8,117.34104419999396,Azulene_RH_Sub24,6,7,"{'first layer': ['C', 'C'], 'second layer': ['O']}",198,1,1
aa62_opt_C2_H7,1,6,118.58957781250666,aa62_opt,5,5,"{'first layer': ['C', 'C'], 'second layer': ['N']}",667,1,1
Benzamide_o_N_RH_Sub16_C9_H13,8,12,117.54092742247964,Benzamide_o_N_RH_Sub16,3,4,"{'first layer': ['C', 'C'], 'second layer': []}",3450,1,1
aa14_opt_C20_H25,19,24,118.58406648000766,aa14_opt,7,10,"{'first layer': ['C', 'C'], 'second layer': []}",3450,1,1
aa124_plan_opt_C1_H23,0,22,118.25256952500467,aa124_plan_opt,5,5,"{'first layer': ['C', 'C'], 'second layer': ['N']}",667,1,1
Naphtalene_2_RH_C3_H9,2,8,117.76219333501344,Naphtalene_2_RH,3,8,"{'first layer': ['C', 'C'], 'second layer': []}",3450,1,1
aa128_opt_C12_H29,11,28,117.250015912513,aa128_opt,3,4,"{'first layer': ['C', 'C'], 'second layer': ['N']}",667,1,1
Benzeneethaneamine_o_RH_Sub26_C14_H18,13,17,117.04248785747666,Benzeneethaneamine_o_RH_Sub26,3,4,"{'first layer': ['C', 'C'], 'second layer': []}",3450,1,1
aa144_plan_opt_C4_H18,3,17,114.50087942744432,aa144_plan_opt,3,5,"{'first layer': ['C', 'C'], 'second layer': ['N']}",667,1,1
Naphtalene_2_RH_Sub1_C3_H9,2,8,119.07954110751275,Naphtalene_2_RH_Sub1,3,7,"{'first layer': ['C', 'C'], 'second layer': []}",3450,1,1
Naphtalene_2_RH_Sub5_C3_H9,2,8,118.15020168495266,Naphtalene_2_RH_Sub5,4,7,"{'first layer': ['C', 'C'], 'second layer': []}",3450,1,1
Thiobenzoicacid_RH_Sub40_C11_H14,10,13,116.99653226751764,Thiobenzoicacid_RH_Sub40,4,4,"{'first layer': ['C', 'C'], 'second layer': []}",3450,1,1
aa285_opt_C15_H19,14,18,117.03522642750896,aa285_opt,6,9,"{'first layer': ['C', 'C'], 'second layer': []}",3450,1,1
aa76_opt_C3_H8,2,7,117.45386869996594,aa76_opt,8,9,"{'first layer': ['C', 'C'], 'second layer': []}",3450,1,1
aa256_opt_C9_H20,8,19,119.28180130000784,aa256_opt,2,4,"{'first layer': ['C', 'C'], 'second layer': ['Cl']}",92,1,1
aa299_opt_C5_H30,4,29,117.84984880995836,aa299_opt,5,5,"{'first layer': ['C', 'C'], 'second layer': []}",3450,1,1
aa116_opt_C5_H10,4,9,117.35691995003236,aa116_opt,3,4,"{'first layer': ['C', 'C'], 'second layer': []}",3450,1,1
aa9_plan_opt_C15_H19,14,18,118.56623230252794,aa9_plan_opt,4,9,"{'first layer': ['C', 'C'], 'second layer': ['N']}",667,1,1
aa323_plan_opt_C8_H18,7,17,117.44410605498302,aa323_plan_opt,1,10,"{'first layer': ['C', 'C'], 'second layer': []}",3450,1,1
5Hexen1ol_RH_Sub36_C8_H9,7,8,117.77458583250665,5Hexen1ol_RH_Sub36,3,3,"{'first layer': ['C'], 'second layer': []}",656,1,1
Azulene_RH_Sub21_C7_H13,6,12,122.3726730299903,Azulene_RH_Sub21,3,7,"{'first layer': ['C', 'C'], 'second layer': []}",3450,1,1
3Buten1amine_RH_Sub14_C9_H14,8,13,121.7522211100176,3Buten1amine_RH_Sub14,2,2,"{'first layer': ['C'], 'second layer': ['O']}",40,1,1
aa336_plan2_opt_C20_H25,19,24,117.46750678498417,aa336_plan2_opt,3,9,"{'first layer': ['C', 'C'], 'second layer': []}",3450,1,1
Styrene_RH_Sub23_C1_H16,0,15,118.78642832753344,Styrene_RH_Sub23,7,7,"{'first layer': ['C'], 'second layer': []}",656,1,1
5Hexen1amine_RH_Sub33_C9_H20,8,19,117.99649618750236,5Hexen1amine_RH_Sub33,2,3,"{'first layer': ['C'], 'second layer': []}",656,1,1
Azulene_RH_Sub19_C8_H14,7,13,113.14510480998024,Azulene_RH_Sub19,2,7,"{'first layer': ['C', 'C'], 'second layer': []}",3450,1,1
aa327_plan_opt_C5_H10,4,9,117.49737390251424,aa327_plan_opt,4,9,"{'first layer': ['C', 'C'], 'second layer': ['N']}",667,1,1
Naphtalene_2_RH_Sub3_C3_H9,2,8,117.79784035502018,Naphtalene_2_RH_Sub3,6,7,"{'first layer': ['C', 'C'], 'second layer': []}",3450,1,1
aa144_plan_opt_C6_H16,5,15,117.92326128996876,aa144_plan_opt,5,5,"{'first layer': ['C', 'C'], 'second layer': []}",3450,1,1
2Propen1amine_RH_Sub12_C9_H10,8,9,121.68385624002354,2Propen1amine_RH_Sub12,2,2,"{'first layer': ['C'], 'second layer': ['F']}",26,1,1
aa20_opt_C26_H31,25,30,117.77730980998456,aa20_opt,3,15,"{'first layer': ['C', 'C'], 'second layer': []}",3450,1,1
Toluene_RH_Sub20_C2_H11,1,10,117.4761656574939,Toluene_RH_Sub20,1,6,"{'first layer': ['C', 'C'], 'second layer': []}",3450,1,1
aa74_plan_opt_C4_H9,3,8,117.51214148750108,aa74_plan_opt,4,5,"{'first layer': ['C', 'C'], 'second layer': []}",3450,1,1
aa336_plan2_opt_C5_H10,4,9,119.3127150874551,aa336_plan2_opt,1,9,"{'first layer': ['C', 'C'], 'second layer': ['O', 'N']}",0,1,1
aa246_opt_C11_H22,10,21,117.39509704999875,aa246_opt,2,4,"{'first layer': ['C', 'C'], 'second layer': []}",3450,1,1
Thiobenzoicacid_RH_Sub18_C7_H10,6,9,122.6119889799682,Thiobenzoicacid_RH_Sub18,3,4,"{'first layer': ['C', 'C'], 'second layer': ['N']}",667,1,1
