Int1_Name,TS_Name,Int2_Name,Sub_Name,Int1_DeltaG,TS_DeltaG,Int2_DeltaG,Sub_DeltaG,Int1_kcalmol,TS_kcalmol,Int2_kcalmol,fw_td_kcalmol,fw_b_kcalmol,rv_b_kcalmol,Im freq_x,Sub_Smiles,Sub_Smiles_minusH,Class,Type,Connectivity,Int1_E,TS_E,Int2_E,Sub_E,Int1_E_kcalmol,TS_E_kcalmol,Int2_E_kcalmol,fw_td_E_kcalmol,fw_b_E_kcalmol,rv_b_E_kcalmol,Im freq_y
comp100_5_QRCR,comp100_5,comp100_5_QRCF,comp100_5_,-4745.249319,-4745.223041,-4745.256049,-2913.484959,6.846025000264717,23.33546999986652,2.622950000226183,-4.223075000038534,16.4894449996018,20.71251999964033,-660.64,[H]c1nc(C#N)c([H])c([H])c1Br,[H][C+]1C[C-](C[N-2])[N-][C+]([H])[C+]1Br,,,,-4745.965228,-4745.934595,-4745.970651,-2913.529676,-10.243310000105339,8.978897500087442,-13.646242499860364,-3.4029324997550248,19.22220750019278,22.625139999947805,-660.64
comp102_0_QRCF_v2,comp102_0,comp102_0_QRCR,comp102_0_,-2103.015417,-2102.978157,-2103.001723,-271.249797,6.055375000013754,29.43602500005156,14.64836000014813,8.592985000134377,23.380650000037804,14.787664999903429,-672.92,[H]c1c([H])c([H])c(C([H])([H])[H])c([H])c1[H],[H][C+]1C[C-](C([H])([H])[H])[C-]([H])[C+]([H])[C+]1[H],,,,-2103.783158,-2103.742741,-2103.76899,-271.349363,-9.140792500142396,16.220874999958852,-0.25037250004558587,8.89042000009681,25.361667500101248,16.471247500004438,-672.92
comp102_3_QRCR_v2,comp102_3,comp102_3_QRCF,comp102_3_,-2103.01455,-2102.98474,-2103.00273,-271.249792,6.5962800001462085,25.302055000144748,14.013329999967963,7.4170499998217565,18.70577499999854,11.288725000176782,-709.0,[H]c1c([H])c([H])c(C([H])([H])[H])c([H])c1[H],[H][C+]1C[C-]([H])[C-](C([H])([H])[H])[C+]([H])[C+]1[H],,,,-2103.782693,-2103.748766,-2103.769199,-271.34936,-8.850887500089613,12.438304999878227,-0.3834024999237329,8.46748500016588,21.28919249996784,12.82170749980196,-709.0
comp102_4_QRCF,comp102_4,comp102_4_QRCR,comp102_4_,-2103.015394,-2102.978158,-2103.001723,-271.249797,6.069807500048654,29.43539750012448,14.64836000014813,8.578552500099477,23.365590000075827,14.78703749997635,-672.52,[H]c1c([H])c([H])c(C([H])([H])[H])c([H])c1[H],[H][C+]1C[C-](C([H])([H])[H])[C-]([H])[C+]([H])[C+]1[H],,,,-2103.78314,-2103.742742,-2103.768989,-271.349364,-9.12887000002982,16.22087500003019,-0.24911750012009293,8.879752499909728,25.34974500006001,16.469992500150283,-672.52
comp104_6_QRCF_v2,comp104_6,comp104_6_QRCR,comp104_6_,-2173.173991,-2173.146864,-2173.166923,-341.408785,6.315159999999906,23.33735250018279,10.750329999930983,4.435169999931077,17.022192500182882,12.587022500251804,-617.38,[H]c1c([H])c(C([H])([H])[H])n([H])c1C#N,[H]C1=C(C([H])([H])[H])[N+]([H])=C(C#N)C1,,,,-2173.922532,-2173.891121,-2173.914003,-341.487367,-10.000467500040742,9.709934999918204,-4.6485199999274585,5.351947500113283,19.710402499958946,14.358454999845662,-617.38
comp104_7_QRCR,comp104_7,comp104_7_QRCF,comp104_7_,-2173.17511,-2173.141922,-2173.160416,-341.408784,5.612359999990844,26.43783000020207,14.832844999967705,9.22048499997686,20.825470000211222,11.604985000234365,-675.19,[H]c1c([H])c(C([H])([H])[H])n([H])c1C#N,[H]C1=C(C#N)[N+]([H])=C(C([H])([H])[H])C1,,,,-2173.92291,-2173.886806,-2173.908127,-341.487366,-10.238289999868329,12.416970000003431,-0.9619575001038072,9.276332499764521,22.65525999987176,13.378927500107238,-675.19
comp1_0_QRCR,comp1_0,comp1_0_QRCF,comp1_0_,-2270.398248,-2270.368325,-2270.388287,-438.630396,4.654795000089962,23.43147750012349,10.905322499932026,6.250527499842065,18.77668250003353,12.526155000191466,-682.17,[H]c1c([H])c([H])c2oc(C([H])([H])[H])nc2c1[H],[H][C+]1[C+]([H])C23[N-]C2(C([H])([H])[H])O[C+]3C[C-]1[H],,,,-2271.170462,-2271.137107,-2271.159786,-438.73289,-11.510860000043976,9.419402499974012,-4.8116700001219215,6.699189999922055,20.93026250001799,14.231072500095934,-682.17
comp11_3_QRCR,comp11_3,comp11_3_QRCF_v2,comp11_3_,-2289.795308,-2289.765394,-2289.792148,-458.037068,10.686324999914234,29.45736000003336,12.669225000044264,1.98290000013003,18.771035000119127,16.788134999989097,-663.0,[H]C1=C(C([H])([H])[H])C2=[N+]([H])C3(C([H])([H])[H])[N-]C23C([H])=C1[H],[H][C+]1CC23[N-]C2(C([H])([H])[H])N([H])[C+]3[C+](C([H])([H])[H])[C-]1[H],,,,-2290.605835,-2290.571733,-2290.600945,-458.177239,-5.878419999925484,15.520584999836444,-2.8099450001107584,3.0684749998147254,21.399004999761928,18.330529999947203,-663.0
comp12_0_QRCR_v2,comp12_0,comp12_0_QRCF_v2,comp12_0_,-2349.748729,-2349.711091,-2349.741545,-517.977028,2.239547500124104,25.85739249999108,6.7475075001567575,4.507960000032654,23.61784499986697,19.10988499983432,-715.89,[H]C1=C(F)C([H])=C([H])C23[N-]C2(C([H])([H])[H])[N+]([H])=C13,[H][C+]1[C+]([H])C23[N-]C2(C([H])([H])[H])N([H])[C+]3C[C-]1F,,,,-2350.524985,-2350.483088,-2350.517327,-518.082532,-14.573687500015637,11.7166800000237,-9.76829250002055,4.805394999995087,26.290367500039338,21.48497250004425,-715.89
comp122_3_QRCR,comp122_3,comp122_3_QRCF,comp122_3_,-3035.738705,-3035.714989,-3035.73604,-1203.974617,7.016704999976469,21.898495000070284,8.688992500248673,1.6722875002722049,14.881790000093815,13.20950249982161,-590.67,[H]C1=C(Cl)[S+]2C(=C([O-])C([H])([H])C([H])([H])[H])C12[H],[H]C1=C(C(=O)C([H])([H])C([H])([H])[H])[S+]=C(Cl)C1,,,,-3036.499277,-3036.471303,-3036.495282,-1204.063529,-10.366299999937496,7.187385000116251,-7.85943749991759,2.5068625000199063,17.553685000053747,15.04682250003384,-590.67
comp126_3_QRCF_v2,comp126_3,comp126_3_QRCR,comp126_3_,-2253.364186,-2253.332977,-2253.352742,-421.59837,5.932385000181597,25.516032500032537,13.113495000028337,7.18110999984674,19.58364749985094,12.4025375000042,-693.17,[H]c1c(C(=O)C([H])([H])[H])oc(C([H])([H])[H])c1[H],[H][C+]1CC2(C([H])([H])[H])OC12[C-]([O-])C([H])([H])[H],,,,-2254.137258,-2254.101635,-2254.124172,-421.700211,-11.181422500126672,11.17201000000776,-2.969957499885112,8.21146500024156,22.35343250013443,14.141967499892871,-693.17
comp126_4_QRCR_v2,comp126_4,comp126_4_QRCF_v2,comp126_4_,-2253.358677,-2253.331273,-2253.358978,-421.59837,9.38928249994305,26.58529250018645,9.20040499992055,-0.1888775000224996,17.196010000243405,17.384887500265904,-722.37,[H]c1c(C(=O)C([H])([H])[H])oc(C([H])([H])[H])c1[H],[H][C+]1CC2([C-]([O-])C([H])([H])[H])OC12C([H])([H])[H],,,,-2254.131793,-2254.09945,-2254.12981,-421.700212,-7.751507500011741,12.543724999897421,-6.507174999943146,1.2443325000685945,20.29523249990916,19.050899999840567,-722.37
comp12_7_QRCF,comp12_7,comp12_7_QRCR,comp12_7_,-2349.74323,-2349.710797,-2349.729678,-517.977028,5.690170000044077,26.04187749995333,14.194049999975393,8.503879999931314,20.351707499909253,11.84782749997794,-666.27,[H]C1=C(F)C([H])=C([H])C23[N-]C2(C([H])([H])[H])[N+]([H])=C13,[H][C+]1CC23[N-]C2(C([H])([H])[H])N([H])[C-]3[C+]([H])[C+]1F,,,,-2350.519027,-2350.482764,-2350.50424,-518.082531,-10.835669999893867,11.919362500082684,-1.5568275001356824,9.278842499758184,22.75503249997655,13.476190000218367,-666.27
comp140_0_QRCR,comp140_0,comp140_0_QRCF,comp140_0_,-2234.467616,-2234.432459,-2234.453209,-402.701081,5.481212500107944,27.54222999998192,14.521605000182802,9.04039250007486,22.06101749987397,13.02062499979911,-662.36,[H]c1c([H])c([H])c2c(c1[H])c([H])c([H])n2C([H])([H])[H],[H][C+]1C[c-]2[c+]([H])[c+]([H])n(C([H])([H])[H])[c-]2[C-]([H])[C+]1[H],,,,-2235.264153,-2235.224996,-2235.248252,-402.827537,-10.910970000060445,13.660047500039525,-0.9330924999269996,9.977877500133445,24.57101750009997,14.593139999966525,-662.36
comp140_2_QRCF_v2,comp140_2,comp140_2_QRCR,comp140_2_,-2234.46608,-2234.433763,-2234.450901,-402.701082,6.445679999955729,26.72459750004876,15.970502499948935,9.524822499993206,20.27891750009303,10.754095000099824,-714.88,[H]c1c([H])c([H])c2c(c1[H])c([H])c([H])n2C([H])([H])[H],[H]C1=C([H])C2=C([H])C([H])=[N+](C([H])([H])[H])C2=C([H])C1,,,,-2235.263363,-2235.22638,-2235.245857,-402.827537,-10.415245000027937,12.791587499949344,0.5697700000595773,10.985015000087515,23.20683249997728,12.221817499889767,-714.88
comp140_3_QRCR_v2,comp140_3,comp140_3_QRCF,comp140_3_,-2234.4646,-2234.42585,-2234.444586,-402.701081,7.373752500180757,31.68937749999813,19.93253750000449,12.558784999823729,24.315624999817373,11.756839999993645,-730.89,[H]c1c([H])c([H])c2c(c1[H])c([H])c([H])n2C([H])([H])[H],[H][C+]1C[C-]2[C-]([C+]([H])[C+]1[H])[C+]([H])[C-]([H])N2C([H])([H])[H],,,,-2235.262301,-2235.220065,-2235.241621,-402.827537,-9.748840000141001,16.75425000000331,3.2278599999116864,12.976700000052688,26.50309000014431,13.526390000091624,-730.89
comp140_7_QRCR_v2,comp140_7,comp140_7_QRCF,comp140_7_,-2234.472897,-2234.434779,-2234.452663,-402.701082,2.168012499983689,26.08705749994627,14.864847500029583,12.696835000045894,23.91904499996258,11.222209999916686,-623.13,[H]c1c([H])c([H])c2c(c1[H])c([H])c([H])n2C([H])([H])[H],[H]C1=c2c([H])c([H])c([H])c([H])c2=[N+](C([H])([H])[H])C1,,,,-2235.269504,-2235.227851,-2235.248895,-402.827537,-14.268722499929538,11.868534999925657,-1.3365750001210586,12.93214749980848,26.137257499855195,13.205110000046716,-623.13
comp140_8_QRCR_v2,comp140_8,comp140_8_QRCF,comp140_8_,-2234.46668,-2234.435561,-2234.456911,-402.701082,6.069180000050238,25.59635250018644,12.199227499911132,6.130047499860893,19.527172500136203,13.39712500027531,-689.74,[H]c1c([H])c([H])c2c(c1[H])c([H])c([H])n2C([H])([H])[H],[H]C1=[N+](C([H])([H])[H])c2c([H])c([H])c([H])c([H])c2C1,,,,-2235.26289,-2235.228005,-2235.25175,-402.827537,-10.11843749999258,11.77190000002696,-3.1280874999495722,6.9903500000430085,21.89033750001954,14.899987499976532,-689.74
comp14_1_QRCF,comp14_1,comp14_1_QRCR,comp14_1_,-2135.111639,-2135.083393,-2135.10444,-303.344072,4.8336324999237945,22.557997500117324,9.351005000004022,4.517372500080228,17.72436500019353,13.206992500113302,-724.59,[H]c1nc(C([H])([H])[H])nc([H])c1[H],[H][C+]1CC2([H])[N-]C2(C([H])([H])[H])[N-]1,,,,-2135.855578,-2135.823992,-2135.847629,-303.419373,-10.653067500105209,9.16714749993318,-5.665069999929102,4.987997500176107,19.820215000038388,14.832217499862281,-724.59
comp15_0_QRCF,comp15_0,comp15_0_QRCR_v2,comp15_0_,-2188.021548,-2187.995474,-2188.019448,-356.250422,2.600359999962194,18.961795000172543,3.918110000059442,1.3177500000972486,16.36143500021035,15.0436850001131,-593.44,[H][C+]1[C-]([H])[N-]C2(C[N-2])[N-]C12[H],[H][C+]1C[N-]C2(C[N-2])[N-]C12[H],,,,-2188.737646,-2188.706625,-2188.734092,-356.296686,-13.636830000026805,5.828847500121981,-11.406695000092952,2.2301349999338527,19.465677500148786,17.235542500214933,-593.44
comp15_1_QRCF_v3,comp15_1,comp15_1_QRCR,comp15_1_,-2188.020095,-2187.996667,-2188.013452,-356.250423,3.5127450001554905,18.213815000134872,7.681227499975165,4.168482499819675,14.70106999997938,10.532587500159709,-761.39,[H][C+]1[N-]C2(C[N-2])[N-]C2([H])[C-]1[H],[H][C+]1C[C-]([H])[N-][C+](C[N-2])[N-]1,,,,-2188.73646,-2188.708855,-2188.728697,-356.296686,-12.892615000050967,4.429522500088012,-8.021332500008214,4.871282500042753,17.32213750013898,12.450855000096226,-761.39
comp152_10_QRCR_v2,comp152_10,comp152_10_QRCF,comp152_10_,-2311.814313,-2311.778836,-2311.800053,-480.044098,3.1720125001596955,25.4338300000974,12.120162500110752,8.948149999951056,22.261817499937703,13.31366749998665,-649.33,[H]c1c(C([H])([H])[H])nc2c([H])c(C([H])([H])[H])c([H])c([H])c2c1[H],[H][C+]1C[c-]2[c+]([c-]([H])[c+](C([H])([H])[H])[c+]([H])[c-]2[H])[N-][C+]1C([H])([H])[H],,,,-2312.642412,-2312.602042,-2312.625825,-480.200106,-14.48144500010585,10.85072999999852,-4.073102500060486,10.408342500045364,25.33217500010437,14.923832500059007,-649.33
comp152_9_QRCF_v2,comp152_9,comp152_9_QRCR_v2,comp152_9_,-2311.815139,-2311.770696,-2311.787496,-480.044098,2.6536975001842222,30.54168000004225,19.99968000012032,17.3459824999361,27.887982499858023,10.541999999921927,-621.89,[H]c1c(C([H])([H])[H])nc2c([H])c(C([H])([H])[H])c([H])c([H])c2c1[H],[H][C+]1[C+]2[N-][C+](C([H])([H])[H])C[C-]([H])[C+]2[C-]([H])[C-]([H])[C+]1C([H])([H])[H],,,,-2312.643114,-2312.594716,-2312.614487,-480.200106,-14.921949999992421,15.447794999948883,3.041492500096865,17.963442500089286,30.369744999941304,12.406302499852018,-621.89
comp15_2_QRCF,comp15_2,comp15_2_QRCR_v2_error,comp15_2_,-2188.021548,-2187.995473,-2188.019448,-356.250422,2.600359999962194,18.96242250009962,3.918110000059442,1.3177500000972486,16.362062500137426,15.044312500040178,-593.61,[H][C+]1[C-]([H])[N-]C2(C[N-2])[N-]C12[H],[H][C+]1C[N-]C2(C[N-2])[N-]C12[H],,,,-2188.737645,-2188.706625,-2188.734091,-356.296686,-13.636202500099728,5.828847500121981,-11.406067499880521,2.2301350002192066,19.46505000022171,17.234915000002502,-593.61
comp159_0_QRCR,comp159_0,comp159_0_QRCF,comp159_0_,-2594.58409,-2594.560295,-2594.576765,-762.817776,5.619890000150178,20.55125249990482,10.216327500173463,4.596437500023285,14.93136249975464,10.334924999731356,-748.18,[H]C1=[N+]=C(C([H])([H])[H])C2(Cl)[N-]C12[H],[H][C+]1C[N-][C+](Cl)[C+](C([H])([H])[H])[N-]1,,,,-2595.318433,-2595.29007,-2595.309651,-762.881654,-11.013252499944883,6.784529999991946,-5.502547500018409,5.510704999926475,17.79778249993683,12.287077500010355,-748.18
comp159_7_QRCF,comp159_7,comp159_7_QRCR_v3,comp159_7_,-2594.585866,-2594.558601,-2594.581138,-762.817776,4.505450000110329,21.614237499931903,7.472270000039032,2.9668199999287026,17.108787499821574,14.141967499892871,-683.01,[H]C1=[N+]=C(C([H])([H])[H])C2(Cl)[N-]C12[H],[H]C([H])([H])[C+]1[N-]CC2([H])[N-]C12Cl,,,,-2595.319398,-2595.287695,-2595.31343,-762.881654,-11.618790000056833,8.274842500010209,-7.873870000095167,3.7449199999616667,19.893632500067042,16.148712500105376,-683.01
comp16_1_QRCF_v2,comp16_1,comp16_1_QRCR,comp16_1_,-2057.765725,-2057.744518,-2057.75959,-225.998396,4.982977499939096,18.290370000084263,8.83268999999288,3.849712500053784,13.30739250014517,9.457680000091386,-721.42,[H]C1=C([H])[N+]2([H])[N-]C12[H],[H][C-]1C[N+]2([H])[N-]C12[H],,,,-2058.479184,-2058.454622,-2058.472852,-226.04448,-9.7111899998972,5.701464999855048,-5.737859999941506,3.973329999955695,15.412654999752249,11.439324999796554,-721.42
comp163_0_QRCF_v3,comp163_0,comp163_0_QRCR,comp163_0_,-2622.438149,-2622.411566,-2622.431602,-790.673792,6.847907500045949,23.528739999949263,10.956150000017717,4.108242499971766,16.680832499903318,12.572589999931552,-722.26,[H]c1c([H])c(F)c([H])c(Cl)c1[H],[H][C+]1C[C-]([H])[C-](Cl)[C+]([H])[C+]1F,,,,-2623.160641,-2623.130437,-2623.153032,-790.726462,-9.38175249999773,9.571257500089985,-4.607105000139029,4.774647499858702,18.953010000087716,14.178362500229014,-722.26
comp163_4_QRCR,comp163_4,comp163_4_QRCF,comp163_4_,-2622.436776,-2622.403437,-2622.427479,-790.673798,7.713230000072713,28.63345250011605,13.54709750011068,5.833867500037968,20.920222500043337,15.08635500000537,-678.54,[H]c1c([H])c(F)c([H])c(Cl)c1[H],[H][C+]1[C+](F)C[C-](Cl)[C-]([H])[C+]1[H],,,,-2623.158843,-2623.122186,-2623.149188,-790.726468,-8.249742500144919,14.752524999920809,-2.19122999996074,6.058512500184179,23.002267500065727,16.94375499988155,-678.54
comp163_7_QRCF_v2,comp163_7,comp163_7_QRCR,comp163_7_,-2622.438152,-2622.40368,-2622.427984,-790.673792,6.846024999979363,28.477205000153845,13.226445000135527,6.380420000156164,21.63118000017448,15.250760000018316,-695.15,[H]c1c([H])c(F)c([H])c(Cl)c1[H],[H][C+]1C[C-](Cl)[C-]([H])[C+](F)[C+]1[H],,,,-2623.160644,-2623.12217,-2623.149352,-790.726462,-9.383635000064317,14.758799999904966,-2.2979049999767653,7.085730000087551,24.142434999969282,17.05670499988173,-695.15
comp16_3_QRCR,comp16_3,comp16_3_QRCF,comp16_3_,-2057.782638,-2057.736004,-2057.756103,-225.998392,-5.63244000002932,23.63039500013848,11.018272499950044,16.650712499979363,29.2628350001678,12.612122500188434,-690.49,[H]C1=C([H])[N+]2([H])[N-]C12[H],[H]C12C3([H])C14[N-][N+2]234[H],,,,-2058.496496,-2058.445358,-2058.468366,-226.044477,-20.576352500144637,11.512742500021389,-2.9247775000526843,17.651575000091952,32.089095000166026,14.437520000074073,-690.49
comp165_4_QRCR_v2,comp165_4,comp165_4_QRCF,comp165_4_,-4736.231199,-4736.198021,-4736.222509,-2904.470592,9.20103250023999,30.020227500039027,14.654007500026864,5.452974999786875,20.81919499979904,15.366220000012165,-701.22,[H]c1c([H])c(F)c([H])c(Br)c1[H],[H][C+]1[C+](F)C[C-](Br)[C-]([H])[C+]1[H],,,,-4736.952182,-4736.915681,-4736.94297,-2904.521613,-7.116477500223937,15.787899999518231,-1.3359475002653198,5.780529999958617,22.904377499742168,17.12384749978355,-701.22
comp167_0_QRCF_v2,comp167_0,comp167_0_QRCR,comp167_0_,-2460.097796,-2460.070373,-2460.089835,-628.330402,4.942190000077744,22.150122500077032,9.937717499949486,4.995527499871741,17.207932499999288,12.212405000127546,-786.15,[H]c1c([H])c(F)c([H])c(I)c1[H],[H][C+]1C[C-]([H])[C-](I)[C+]([H])[C+]1F,,,,-2460.818477,-2460.787167,-2460.809129,-628.38015,-11.984622499917919,7.662402499987024,-6.1187525001747645,5.865869999743154,19.647024999904943,13.781155000161789,-786.15
comp167_7_QRCR_v2,comp167_7,comp167_7_QRCF,comp167_7_,-2460.09457,-2460.058882,-2460.087458,-628.330402,6.966504999960534,29.360725000206003,11.429285000107257,4.462780000146722,22.39422000024547,17.931440000098746,-737.83,[H]c1c([H])c(F)c([H])c(I)c1[H],[H][C+]1C[C-](I)[C-]([H])[C+](F)[C+]1[H],,,,-2460.815144,-2460.775381,-2460.807,-628.380149,-9.893792500131724,15.057490000006908,-4.78343249990786,5.110360000223864,24.951282500138632,19.840922499914768,-737.83
comp169_0_QRCF_v2,comp169_0,comp169_0_QRCR,comp169_0_,-2638.491709,-2638.46856,-2638.490517,-806.726707,6.443170000140412,20.96916750020512,7.191149999964068,0.7479799998236558,14.525997500064705,13.778017500241049,-684.82,[H][C+]1[C-]([H])[C-]([H])C2(Cl)[N-]C12F,[H][C+]1C[C-]([H])C2(Cl)[N-]C12F,,,,-2639.202742,-2639.176002,-2639.200616,-806.767874,-9.814099999976236,6.9652499998923645,-8.480035000062855,1.3340649999133802,16.7793499998686,15.44528499995522,-684.82
comp169_1_QRCF,comp169_1,comp169_1_QRCR,comp169_1_,-2638.493901,-2638.468003,-2638.4889,-806.726716,5.07333750017466,21.32433250009313,8.211465000170222,3.138127499995562,16.250994999918476,13.112867499922912,-725.72,[H][C+]1[C-]([H])C2(F)[N-]C2(Cl)[C-]1[H],[H][C+]1CC2(F)[N-]C2(Cl)[C-]1[H],,,,-2639.204926,-2639.174663,-2639.198845,-806.767883,-11.178912499954663,7.811120000110918,-7.363084999958005,3.815827499996658,18.99003250006558,15.174205000068923,-725.72
comp169_6_QRCF,comp169_6,comp169_6_QRCR,comp169_6_,-2638.487293,-2638.459293,-2638.484824,-806.726716,9.219857499978446,26.78985750013368,10.769154999990462,1.5492975000120168,17.570000000155233,16.020702500143216,-692.84,[H][C+]1[C-]([H])C2(F)[N-]C2(Cl)[C-]1[H],[H][C+]1CC2(Cl)[N-]C2(F)[C-]1[H],,,,-2639.198141,-2639.166268,-2639.194771,-806.767883,-6.921324999931926,13.078982500008465,-4.806649999991919,2.114674999940007,20.00030749994039,17.885632500000384,-692.84
comp171_1_QRCF_v2,comp171_1,comp171_1_QRCR,comp171_1_,-2248.117997,-2248.084857,-2248.116749,-416.349165,4.039845000180122,24.83519500018204,4.822965000200412,0.7831200000202898,20.79535000000192,20.012229999981628,-670.43,[H]c1c([H])c(C#N)c([H])c(C#N)c1[H],[H][C+]1C[C-](C[N-2])[C+]([H])[C-](C[N-2])[C+]1[H],,,,-2248.855067,-2248.817324,-2248.852159,-416.414963,-13.099689999991853,10.584042499922788,-11.27492000003329,1.824769999958562,23.68373249991464,21.85896249995608,-670.43
comp171_5_QRCF,comp171_5,comp171_5_QRCR_v2,comp171_5_,-2248.1126,-2248.082534,-2248.114897,-416.349163,7.425207500086515,26.29162249996483,5.983840000087355,-1.44136749999916,18.86641499987832,20.30778249987748,-780.68,[H]c1c([H])c(C#N)c([H])c(C#N)c1[H],[H][C+]1[C+](C[N-2])C[C-](C[N-2])[C+]([H])[C+]1[H],,,,-2248.849068,-2248.815792,-2248.850595,-416.41496,-9.337200000003207,11.543490000068601,-10.295392499938174,-0.9581924999349667,20.88069000007181,21.838882500006775,-780.68
comp171_9_QRCF_v2,comp171_9,comp171_9_QRCR_v2,comp171_9_,-2248.117992,-2248.084857,-2248.116751,-416.349165,4.042982500100862,24.83519500018204,4.821710000060904,0.7787274999600413,20.792212500081177,20.013485000121136,-670.33,[H]c1c([H])c(C#N)c([H])c(C#N)c1[H],[H][C+]1C[C-](C[N-2])[C-]([H])[C+](C[N-2])[C+]1[H],,,,-2248.855064,-2248.817324,-2248.852159,-416.414963,-13.097807499925267,10.584042499922788,-11.27492000003329,1.8228874998919764,23.681849999848055,21.85896249995608,-670.33
comp173_0_QRCF_v2,comp173_0,comp173_0_QRCR,comp173_0_,-2622.435903,-2622.404789,-2622.43012,-790.673643,8.163775000005273,27.687809999935386,11.792607500046016,3.628832500040744,19.52403499993011,15.895202499889365,-679.57,[H]c1c([H])c(Cl)c([H])c([H])c1F,[H][C+]1C[C-](Cl)[C-]([H])[C+]([H])[C+]1F,,,,-2623.158193,-2623.123313,-2623.151403,-790.72629,-7.953562500179316,13.933637499919485,-3.6928374999504854,4.260725000228831,21.8872000000988,17.62647499986997,-679.57
comp173_1_QRCR_v2,comp173_1,comp173_1_QRCF,comp173_1_,-2622.439187,-2622.41508,-2622.429531,-790.673644,6.10369250007011,21.230834999901163,12.162832499896012,6.059139999825902,15.127142499831052,9.06800250000515,-703.49,[H]c1c([H])c(Cl)c([H])c([H])c1F,[H][C+]1C[C-](F)[C-]([H])[C+]([H])[C+]1Cl,,,,-2623.161689,-2623.133745,-2623.151754,-790.726292,-10.14604750006555,7.388812499893049,-3.9118350000396163,6.234212500025933,17.5348599999586,11.300647499932666,-703.49
comp173_4_QRCR,comp173_4,comp173_4_QRCF,comp173_4_,-2622.438929,-2622.410816,-2622.431431,-790.673644,6.265587500089396,23.906494999994266,10.970582500052616,4.704994999963219,17.64090749990487,12.93591249994165,-669.72,[H]c1c([H])c(Cl)c([H])c([H])c1F,[H][C+]1[C+](F)C[C-]([H])[C-](Cl)[C+]1[H],,,,-2623.1615,-2623.129628,-2623.153075,-790.726292,-10.027450000150964,9.97222999986235,-4.740762500158269,5.286687499992695,19.999680000013313,14.712992500020619,-669.72
comp173_5_QRCF,comp173_5,comp173_5_QRCR,comp173_5_,-2622.435903,-2622.40479,-2622.43012,-790.673643,8.163775000005273,27.687182500008305,11.792607500046016,3.628832500040744,19.52340750000303,15.894574999962288,-679.55,[H]c1c([H])c(Cl)c([H])c([H])c1F,[H][C+]1C[C-](Cl)[C-]([H])[C+]([H])[C+]1F,,,,-2623.158193,-2623.123314,-2623.151403,-790.72629,-7.953562500179316,13.933009999992407,-3.6928374999504854,4.260725000228831,21.886572500171724,17.625847499942893,-679.55
comp175_1_QRCR_v3,comp175_1,comp175_1_QRCF_v2,comp175_1_,-2615.416756,-2615.387571,-2615.418656,-783.652972,7.207464999994215,25.52105249991285,6.015215000150818,-1.1922499998433975,18.31358749991864,19.50583749976204,-670.62,[H]c1c([H])c(C#N)c([H])c([H])c1Cl,[H][C+]1C[C-](C[N-2])[C+]([H])[C-]([H])[C+]1Cl,,,,-2616.144922,-2616.112048,-2616.146201,-783.711134,-9.13639999997514,11.492035000020167,-9.938972500017655,-0.8025725000425155,20.628434999995306,21.431007500037822,-670.62
comp175_5_QRCR_v2,comp175_5,comp175_5_QRCF,comp175_5_,-2615.419327,-2615.389373,-2615.409079,-783.652974,5.59541749999795,24.391552500053702,12.026037500027371,6.430620000029421,18.79613500005576,12.365515000026337,-642.57,[H]c1c([H])c(C#N)c([H])c([H])c1Cl,[H][C+]1[C+](C[N-2])C[C-]([H])[C+](Cl)[C-]1[H],,,,-2616.147839,-2616.114285,-2616.13699,-783.711135,-10.966190000135043,10.088944999924365,-4.1584424999877,6.807747500147343,21.05513500005941,14.247387499912065,-642.57
comp177_0_QRCF_v2,comp177_0,comp177_0_QRCR_v2,comp177_0_,-4745.248817,-4745.221889,-4745.254662,-2913.48496,7.161657500109868,24.058977499680623,3.493919999739319,-3.667737500370549,16.897319999570755,20.565057499941304,-638.02,[H]c1nc(C#N)c([H])c([H])c1Br,[H][C+]1C[C-](Br)C2([H])[N-]C12C[N-2],,,,-4745.964205,-4745.933473,-4745.969194,-2913.529677,-9.600750000300877,9.683579999806398,-12.73134750031545,-3.1305975000145736,19.284330000107275,22.41492750012185,-638.02
comp177_1_QRCR,comp177_1,comp177_1_QRCF_v2,comp177_1_,-4745.249318,-4745.223043,-4745.256044,-2913.484959,6.84665249990644,23.334215000012364,2.626087500146923,-4.220564999759517,16.487562500105923,20.70812749986544,-660.68,[H]c1nc(C#N)c([H])c([H])c1Br,[H][C+]1C[C-](C[N-2])[N-][C+]([H])[C+]1Br,,,,-4745.965228,-4745.934597,-4745.970649,-2913.529676,-10.243310000105339,8.97764249966258,-13.64498750000621,-3.4016774999008703,19.220952499767918,22.62262999966879,-660.68
comp177_6_QRCF_v2,comp177_6,comp177_6_QRCR,comp177_6_,-4745.246553,-4745.219583,-4745.247053,-2913.484961,8.582945000159725,25.50662000009197,8.269195000095806,-0.3137500000639193,16.923674999932246,17.237424999996165,-651.37,[H]c1nc(C#N)c([H])c([H])c1Br,[H][C+]1[C+](C[N-2])[N-]C[C+](Br)[C-]1[H],,,,-4745.961168,-4745.930852,-4745.961108,-2913.529678,-7.694405000120241,11.32888499950468,-7.656755000500652,0.037649999619588925,19.02328999962492,18.985640000005333,-651.37
comp179_0_QRCR,comp179_0,comp179_0_QRCF,comp179_0_,-2638.481418,-2638.454709,-2638.477341,-806.713571,4.657932500153379,21.41782999999976,7.216250000186051,2.558317500032672,16.759897499846375,14.201579999813704,-618.33,[H]c1nc(Cl)c(F)c([H])c1[H],[H][C-]1C[C+](F)C2(Cl)[N-]C12[H],,,,-2639.192172,-2639.162074,-2639.187487,-806.75468,-11.460660000028042,7.4258350000849305,-8.520822500102554,2.9398374999254884,18.886495000112973,15.946657500187484,-618.33
comp1_7_QRCR_v2,comp1_7,comp1_7_QRCF,comp1_7_,-2270.398362,-2270.365033,-2270.384377,-438.630392,4.580750000098561,25.494697500015064,13.356337500128603,8.775587500030042,20.913947499916503,12.13835999988646,-667.81,[H]c1c([H])c([H])c2oc(C([H])([H])[H])nc2c1[H],[H][C+]1[C-]([H])C[C+]2[N-][C+](C([H])([H])[H])O[C+]2[C-]1[H],,,,-2271.170601,-2271.133628,-2271.155588,-438.732885,-11.601219999887178,11.59933749996327,-2.180562500059011,9.420657499828167,23.200557499850447,13.77990000002228,-667.81
comp181_4_QRCF_v2,comp181_4,comp181_4_QRCR,comp181_4_,-2193.02395,-2193.001628,-2193.024496,-361.25883,6.369125000184681,20.37618000006148,6.026510000050962,-0.3426150001337191,14.0070549998768,14.34967000001052,-579.85,[H]C1=C([H])C2(C([H])([H])[H])OC12C#N,[H][C+]1CC2(C[N-2])OC12C([H])([H])[H],,,,-2193.759722,-2193.733521,-2193.759264,-361.324745,-9.882497499874887,6.558629999920242,-9.595102499887105,0.2873949999877823,16.44112749979513,16.153732499807347,-579.85
comp181_5_QRCR,comp181_5,comp181_5_QRCF,comp181_5_,-2193.023833,-2192.997894,-2193.022399,-361.258831,6.443169999926397,22.71989249999393,7.343005000080041,0.8998350001536437,16.276722500067535,15.376887499913892,-652.42,[H]c1c(C#N)oc(C([H])([H])[H])c1[H],[H][C+]1CC2(C([H])([H])[H])OC12C[N-2],,,,-2193.759715,-2193.729971,-2193.75697,-361.324745,-9.878105000099993,8.786254999860432,-8.15561749995453,1.722487500145462,18.664359999960425,16.941872499814963,-652.42
comp183_4_QRCR_v2,comp183_4,comp183_4_QRCF,comp183_4_,-5049.948939,-5049.924812,-5049.947898,-3218.180152,4.06808250007316,19.207774999872527,4.721309999779351,0.6532274997061904,15.139692499799366,14.486465000093176,-592.83,[H]c1c(Br)sc(C#N)c1[H],[H]C12C[C+](C[N-2])[S+]1[C-]2Br,,,,-5050.643966,-5050.615184,-5050.641209,-3218.203326,-13.436030000034407,4.6246749995953,-11.706012500478664,1.7300174995557427,18.060704999629706,16.330687500073964,-592.83
comp183_5_QRCR,comp183_5,comp183_5_QRCF,comp183_5_,-5049.945336,-5049.919325,-5049.950239,-3218.180151,6.328337500216321,22.650240000169788,3.251705000208176,-3.076632500008145,16.321902499953467,19.39853499996161,-651.89,[H]c1c(Br)sc(C#N)c1[H],[H]C1=C(C#N)[S+]=C(Br)C1,,,,-5050.640225,-5050.609134,-5050.643145,-3218.203329,-11.086670000258891,8.422932499636318,-12.918970000198442,-1.8322999999395506,19.50960249989521,21.34190249983476,-651.89
comp185_6_QRCF,comp185_6,comp185_6_QRCR,comp185_6_,-2212.422388,-2212.392778,-2212.414837,-380.657818,6.714250000098048,25.29452500012809,11.452502500191317,4.738252500093267,18.58027500003004,13.842022499936776,-664.17,[H]c1c([H])c(C([H])([H])[H])n(C([H])([H])[H])c1C#N,[H]C1=C(C#N)[N+](C([H])([H])[H])=C(C([H])([H])[H])C1,,,,-2213.19763,-2213.163536,-2213.188043,-380.762334,-10.082670000082885,11.311314999977071,-4.066827500076329,6.015842500006556,21.393985000059956,15.3781425000534,-664.17
comp187_5_QRCR,comp187_5,comp187_5_QRCF,comp187_5_,-2515.936992,-2515.909628,-2515.934906,-684.171561,6.173972500106686,23.344882500128108,7.482937500083437,1.3089649999767516,17.170910000021422,15.86194500004467,-640.09,[H]C1=C(C([H])([H])[H])[S+]2[C-](C#N)C12[H],[H]C([H])([H])[C+]1CC2([H])[C-](C[N-2])[S+]12,,,,-2516.669294,-2516.637681,-2516.666346,-684.233247,-10.553922499891826,9.283234999889771,-8.704052499996635,1.8498699998951906,19.837157499781597,17.987287499886406,-640.09
comp19_1_QRCF_v2,comp19_1,comp19_1_QRCR,comp19_1_,-2394.646017,-2394.62508,-2394.651514,-562.879446,5.45862250005797,18.596590000202863,2.009254999992152,-3.4493675000658186,13.137967500144896,16.587335000210714,-677.92,[H]C1=C([H])[N+]2([H])[N-]C12C(F)(F)F,[H][C-]1C[N+]2([H])[N-]C12C(F)(F)F,,,,-2395.361556,-2395.336914,-2395.366964,-562.925592,-10.501839999880644,4.961015000030216,-13.895359999873449,-3.3935199999928045,15.46285499991086,18.856374999903665,-677.92
comp20_0_QRCR_v2,comp20_0,comp20_0_QRCF,comp20_0_,-2211.267413,-2211.236927,-2211.259318,-379.500886,5.486232500023931,24.61619750009291,10.565845000111407,5.079612500087478,19.12996500006897,14.0503524999815,-651.91,[H]c1nc2c(c([H])c1[H])c([H])c([H])n2[H],[H][C+]1C[c-]2[c+]([H])[c+]([H])n([H])[c-]2[N-][C+]1[H],,,,-2212.026725,-2211.992393,-2212.017339,-379.590547,-10.636125000112315,10.907204999998612,-4.746410000001333,5.889715000110982,21.543330000110927,15.653614999999945,-651.91
comp22_6_QRCR,comp22_6,comp22_6_QRCF_v2,comp22_6_,-2211.266881,-2211.238638,-2211.263352,-379.494545,1.841085000060048,19.56356750018699,4.055532500104846,2.2144475000447983,17.722482500126944,15.508035000082144,-678.6,[H]C1=NC([H])=C([H])C2=C([H])C3([H])N([H])C123,[H][C+]1[N-][C+]([H])C23[C-]([C+]([H])[C-]2N3[H])[C-]1[H],,,,-2212.026281,-2211.993393,-2212.021854,-379.584005,-14.462619999975033,6.174599999855417,-11.68467750006883,2.777942499906203,20.63721999983045,17.859277499924247,-678.6
comp23_0_QRCR_v2,comp23_0,comp23_0_QRCF_v2,comp23_0_,-2289.776063,-2289.740043,-2289.76813,-458.014787,8.78123500019413,31.38378500019897,13.759192500110233,4.977957499916101,22.60255000000484,17.62459250008874,-738.3,[H]c1nc2c(c([H])c1[H])c(C([H])([H])C([H])([H])[H])c([H])n2[H],[H][C+]1C[c-]2[c+](C([H])([H])C([H])([H])[H])[c+]([H])n([H])[c-]2[N-][C+]1[H],,,,-2290.589269,-2290.549533,-2290.580633,-458.157062,-8.144322500054386,16.790017500055683,-2.725232500039283,5.419090000015103,24.93434000011007,19.515250000094966,-738.3
comp23_2_QRCF,comp23_2,comp23_2_QRCR,comp23_2_,-2289.780409,-2289.749003,-2289.767978,-458.014749,6.0302750000771255,25.73754000011533,13.830727500143638,7.800452500066513,19.707265000038205,11.906812499971693,-708.11,[H]c1nc2c(c([H])c1[H])c(C([H])([H])C([H])([H])[H])c([H])n2[H],[H]C1=C([H])C2=C(C([H])([H])C([H])([H])[H])C([H])=[N+]([H])C2=NC1,,,,-2290.59283,-2290.557152,-2290.578658,-458.157225,-10.276567500057041,12.111377500061593,-1.383637499966568,8.892930000090473,22.387945000118634,13.495015000028161,-708.11
comp27_2_QRCR,comp27_2,comp27_2_QRCF,comp27_2_,-2982.718894,-2982.680839,-2982.699684,-1150.950933,4.5863975000486334,28.465910000039685,16.64067250000471,12.054274999956078,23.87951249999105,11.825237500034971,-624.95,[H]c1c([H])c([H])c(Cl)c(Cl)c1[H],[H][C+]1[C+](Cl)[C+](Cl)C[C-]([H])[C-]1[H],,,,-2983.439415,-2983.397877,-2983.419641,-1151.001394,-11.792607499974679,14.272487499991371,0.6155774999439245,12.408184999918603,26.06509499996605,13.656910000047446,-624.95
comp27_4_QRCF_v2,comp27_4,comp27_4_QRCR,comp27_4_,-2982.715924,-2982.688343,-2982.707837,-1150.950933,6.450072500051647,23.75715000022865,11.5246650001518,5.074592500100152,17.307077500177,12.23248500007685,-736.52,[H]c1c([H])c([H])c(Cl)c(Cl)c1[H],[H][C+]1C[C-]([H])[C-](Cl)[C+](Cl)[C+]1[H],,,,-2983.436579,-2983.405215,-2983.427232,-1151.001395,-10.012390000117648,9.66851999984442,-4.147147500016217,5.865242500101431,19.68090999996207,13.815667499860638,-736.52
comp27_5_QRCR,comp27_5,comp27_5_QRCF,comp27_5_,-2982.71657,-2982.681179,-2982.705636,-1150.950934,6.045335000003433,28.25318749993471,12.906419999944774,6.86108499994134,22.20785249993128,15.346767499989936,-705.67,[H]c1c([H])c([H])c(Cl)c(Cl)c1[H],[H][C+]1C[C-](Cl)[C-](Cl)[C+]([H])[C+]1[H],,,,-2983.437228,-2983.397999,-2983.425328,-1151.001396,-10.419009999804416,14.197187500181485,-2.9517599998240485,7.467249999980368,24.6161974999859,17.148947500005534,-705.67
comp2_7_QRCR_v2,comp2_7,comp2_7_QRCF,comp2_7_,-4843.668413,-4843.635992,-4843.660106,-3011.908175,9.432579999869404,29.776757499797668,14.645222499906367,5.212642500036964,20.344177499928264,15.1315349998913,-685.04,[H]c1c(Br)c([H])c2nc(C([H])([H])[H])oc2c1[H],[H][C+]1[C-](Br)C[C+]2[N-][C+](C([H])([H])[H])O[C+]2[C-]1[H],,,,-4844.428148,-4844.392371,-4844.419206,-3011.997345,-7.263312499995891,15.186755000037238,-1.652207499752194,5.611105000243697,22.45006750003313,16.83896249978943,-685.04
comp30_5_QRCR_v2,comp30_5,comp30_5_QRCF,comp30_5_,-2103.014545,-2102.984739,-2103.002731,-271.249792,6.599417500066949,25.302682500071825,14.012702500040888,7.413284999973939,18.70326500000488,11.289980000030935,-709.13,[H]c1c([H])c([H])c(C([H])([H])[H])c([H])c1[H],[H][C+]1C[C-]([H])[C-](C([H])([H])[H])[C+]([H])[C+]1[H],,,,-2103.782689,-2103.748765,-2103.769199,-271.34936,-8.84837750009595,12.438932500090658,-0.3834024999237329,8.464975000172217,21.287310000186608,12.822335000014391,-709.13
comp30_6_QRCF_v2,comp30_6,comp30_6_QRCR_v2,comp30_6_,-2103.014297,-2102.983799,-2103.000693,-271.249795,6.756919999954647,25.894415000004614,15.293430000088932,8.536510000134285,19.137495000049967,10.60098499991568,-753.26,[H]c1c([H])c([H])c(C([H])([H])[H])c([H])c1[H],[H][C+]1[C+]([H])[C-]([H])[C-]([H])C[C+]1C([H])([H])[H],,,,-2103.782535,-2103.748675,-2103.767811,-271.349363,-8.749859999916652,12.497290000085997,0.48944999987000415,9.239309999786656,21.247150000002648,12.007840000215992,-753.26
comp33_11_QRCF_v2,comp33_11,comp33_11_QRCR,comp33_11_,-2383.631831,-2383.594011,-2383.613024,-551.866558,6.273117499999046,30.00516750000571,18.074509999951545,11.8013924999525,23.732050000006662,11.930657500054169,-534.45,[H]c1c([H])c(C(=O)OC([H])([H])[H])c([H])c([H])c1C#N,[H][C+]1[C+](C[N-2])[C-]([H])C[C+]([C+]([O-])OC([H])([H])[H])[C-]1[H],,,,-2384.409891,-2384.368627,-2384.390356,-551.973769,-10.600984999915681,15.292175000056432,1.6572275000248737,12.258212499940555,25.893159999972113,13.634947500031558,-534.45
comp33_5_QRCF,comp33_5,comp33_5_QRCR,comp33_5_,-2383.631832,-2383.594012,-2383.613025,-551.866558,6.2724900000719686,30.004540000078634,18.073882500024467,11.8013924999525,23.732050000006662,11.930657500054169,-534.75,[H]c1c([H])c(C(=O)OC([H])([H])[H])c([H])c([H])c1C#N,[H][C+]1[C+](C[N-2])[C-]([H])C[C+]([C+]([O-])OC([H])([H])[H])[C-]1[H],,,,-2384.409893,-2384.368626,-2384.390357,-551.973769,-10.60224000005519,15.292802499983509,1.6565999998124425,12.258839999867632,25.8950425000387,13.636202500171066,-534.75
comp33_6_QRCR_v2,comp33_6,comp33_6_QRCF,comp33_6_,-2383.632551,-2383.600554,-2383.631045,-551.866557,5.820689999928561,25.89880749995785,6.765704999968136,0.9450150000395752,20.078117500029293,19.13310249998972,-687.19,[H]c1c([H])c(C(=O)OC([H])([H])[H])c([H])c([H])c1C#N,[H][C+]1C[C-](C[N-2])[C+]([H])[C+]([H])[C+]1[C-]([O-])OC([H])([H])[H],,,,-2384.410921,-2384.37465,-2384.408388,-551.973769,-11.247310000138668,11.512742499825208,-9.657852499942692,1.5894575001959765,22.760052499963876,21.1705949997679,-687.19
comp34_0_QRCR_v2,comp34_0,comp34_0_QRCF,comp34_0_,-2252.164635,-2252.134293,-2252.15371,-420.398521,5.745390000011668,24.78499500002343,12.600827500038603,6.855437500026937,19.03960500001176,12.184167499984824,-687.27,[H]c1c([H])c([H])c2c(c1[H])OC([H])([H])O2,[H]C1=C([H])C([H])=C2OC([H])([H])[O+]=C2C1,,,,-2252.920899,-2252.886909,-2252.90915,-420.485113,-10.390145000126978,10.938580000097744,-3.0176474999787217,7.372497500148256,21.328725000224722,13.956227500076466,-687.27
comp34_6_QRCR,comp34_6,comp34_6_QRCF,comp34_6_,-2252.16463,-2252.134288,-2252.15371,-420.398521,5.748527499932408,24.78813249994417,12.600827500038603,6.852300000106197,19.03960500001176,12.187304999905564,-687.49,[H]c1c([H])c([H])c2c(c1[H])OC([H])([H])O2,[H]C1=C([H])C([H])=C2OC([H])([H])[O+]=C2C1,,,,-2252.920895,-2252.88691,-2252.90915,-420.485113,-10.387635000133315,10.937952499885313,-3.0176474999787217,7.369987500154593,21.325587500018628,13.955599999864035,-687.49
comp34_7_QRCR,comp34_7,comp34_7_QRCF,comp34_7_,-2252.165575,-2252.131377,-2252.149472,-420.398493,5.137970000047147,26.59721499994233,15.242602500003244,10.104632499956097,21.45924499989519,11.354612499939094,-713.91,[H]c1c([H])c([H])c2c(c1[H])OC([H])([H])O2,[H]C1=C([H])C2=[O+]C([H])([H])OC2=C([H])C1,,,,-2252.92189,-2252.883772,-2252.904462,-420.485113,-11.01199750005506,12.90704749990752,-0.07592749998664772,10.936070000068412,23.91904499996258,12.982974999894168,-713.91
comp36_2_QRCR_v2,comp36_2,comp36_2_QRCF,comp36_2_,-2578.557692,-2578.516772,-2578.529991,-746.786264,2.410855000119625,28.088155000066024,19.793232500106512,17.382377499986887,25.6772999999464,8.294922499959512,-688.34,[H]c1c([H])c(N([H])[H])c([H])c([H])c1Cl,[H]C1=C(Cl)C([H])=C([H])C(=[N+]([H])[H])C1,,,,-2579.305425,-2579.260627,-2579.276804,-746.863337,-14.344650000023194,13.766094999914458,3.6150274999329213,17.959677499956115,28.11074499993765,10.151067499981536,-688.34
comp36_6_QRCR_v2,comp36_6,comp36_6_QRCF,comp36_6_,-2578.554626,-2578.516049,-2578.528417,-746.786264,4.334769999970547,28.54183750013334,20.78091750003836,16.44614750006781,24.2070675001628,7.760920000094984,-783.27,[H]c1c([H])c(N([H])[H])c([H])c([H])c1Cl,[H][C+]1[C+](Cl)C[C-]([H])[C-](N([H])[H])[C+]1[H],,,,-2579.302654,-2579.259155,-2579.2751,-746.863339,-12.604592500064769,14.691029999862053,4.68554250008367,17.29013500014844,27.29562249992682,10.005487499778383,-783.27
comp39_1_QRCF_v2,comp39_1,comp39_1_QRCR,comp39_1_,-2041.73058,-2041.702783,-2041.720111,-209.961703,4.011607500108738,21.45422500008621,10.580905000002048,6.56929749989331,17.442617499977473,10.873320000084163,-709.96,[H]c1c([H])c([H])n([H])c1[H],[H]C1=C([H])C([H])=[N+]([H])C1,,,,-2042.454633,-2042.4237,-2042.443343,-210.018771,-10.437835000060076,8.972622499942773,-3.3533599999693564,7.08447500009072,19.41045750000285,12.32598249991213,-709.96
comp39_2_QRCF_v2,comp39_2,comp39_2_QRCR,comp39_2_,-2041.726183,-2041.698243,-2041.709903,-209.961703,6.77072500006247,24.303075000027405,16.98642500009484,10.21570000003237,17.532349999964936,7.316649999932565,-763.66,[H]c1c([H])c([H])n([H])c1[H],[H]C1=C([H])[N+]([H])=C([H])C1,,,,-2042.450397,-2042.419356,-2042.433696,-210.018771,-7.77974500006529,11.698482499909133,2.7001324999421428,10.479877500007433,19.478227499974423,8.99834999996699,-763.66
comp39_3_QRCF,comp39_3,comp39_3_QRCR,comp39_3_,-2041.730916,-2041.699042,-2041.710512,-209.961701,3.799512500073519,23.800447500083663,16.60302249999276,12.803509999919244,20.000935000010145,7.197425000090902,-759.95,[H]c1c([H])c([H])n([H])c1[H],[H]C1=C([H])[N+]([H])=C([H])C1,,,,-2042.455034,-2042.420271,-2042.434432,-210.018771,-10.689462500066824,11.124320000003323,2.238292499966761,12.927755000033585,21.813782500070147,8.886027500036562,-759.95
comp39_4_QRCF_v2,comp39_4,comp39_4_QRCR,comp39_4_,-2041.73058,-2041.702772,-2041.720112,-209.961703,4.011607500108738,21.46112749999745,10.58027750007497,6.568669999966232,17.449519999888707,10.880849999922477,-708.99,[H]c1c([H])c([H])n([H])c1[H],[H]C1=C([H])C([H])=[N+]([H])C1,,,,-2042.454633,-2042.42369,-2042.443344,-210.018771,-10.437835000060076,8.97889749992693,-3.3539875000391106,7.0838475000209655,19.416732499987006,12.33288499996604,-708.99
comp40_0_QRCF,comp40_0,comp40_0_QRCR,comp40_0_,-2384.498426,-2384.475658,-2384.490271,-552.729092,3.724840000012364,18.01176000018131,8.842102500004785,5.117262499992421,14.286920000168948,9.169657500176529,-758.73,[H]C1=C([H])C2([H])[C-]([H])[S+]12,[H][C-]1C2([H])C3([H])C[S+2]132,,,,-2385.207274,-2385.180478,-2385.198173,-552.769125,-11.872927499914567,4.941562499865313,-6.162050000136787,5.71087749977778,16.81448999977988,11.1036125000021,-758.73
comp40_2_QRCF_v2,comp40_2,comp40_2_QRCR,comp40_2_,-2384.49997,-2384.474472,-2384.494904,-552.729092,2.7559800001756685,18.75597500015715,5.934894999996914,3.178914999821245,15.999994999981482,12.821080000160237,-699.7,[H]C1=C([H])C2([H])[C-]([H])[S+]12,[H][C-]1C2([H])C3([H])C[S+2]132,,,,-2385.208175,-2385.179212,-2385.202138,-552.769125,-12.438305000127912,5.735977499999763,-8.650087500061545,3.7882175000663665,18.174282500127674,14.386065000061308,-699.7
comp40_4_QRCF,comp40_4,comp40_4_QRCR,comp40_4_,-2384.496046,-2384.469973,-2384.483726,-552.729092,5.218289999951367,21.579097499949285,12.949090000122396,7.73080000017103,16.360807499997918,8.630007499826888,-747.77,[H]C1=C([H])C2([H])[C-]([H])[S+]12,[H][C+]1CC2([H])[C-]([H])[S+]12,,,,-2385.204025,-2385.174844,-2385.191561,-552.76912,-9.837317499988956,8.473759999936021,-2.016157500046063,7.821159999942893,18.311077499924977,10.489917499982084,-747.77
comp41_0_QRCF_v2,comp41_0,comp41_0_QRCR_v3,comp41_0_,-2061.583742,-2061.558389,-2061.574431,-229.812551,2.559572500190015,18.4685800001872,8.402225000063126,5.842652499873111,15.909007499997188,10.066355000124076,-754.63,[H]c1oc([H])c([H])c1[H],[H]C1=[O+]CC([H])=C1[H],,,,-2062.296567,-2062.266765,-2062.285873,-229.857138,-12.676127499937664,6.024627500073549,-5.965642499901449,6.710485000036215,18.700755000011213,11.990269999974998,-754.63
comp41_2_QRCF_v2,comp41_2,comp41_2_QRCR,comp41_2_,-2061.583747,-2061.558394,-2061.574428,-229.812551,2.556434999983921,18.46544249998111,8.404107500129712,5.847672500145791,15.909007499997188,10.061334999851397,-754.63,[H]c1oc([H])c([H])c1[H],[H]C1=[O+]CC([H])=C1[H],,,,-2062.296569,-2062.266769,-2062.28587,-229.857138,-12.677382500077172,6.0221175000798866,-5.963760000120217,6.713622499956955,18.69950000015706,11.985877500200104,-754.63
comp41_3_QRCF_v2,comp41_3,comp41_3_QRCR,comp41_3_,-2061.583714,-2061.55339,-2061.567423,-229.812547,2.574632500134157,21.60294250003176,12.797235000077762,10.222602499943603,19.0283099998976,8.805707499953996,-756.55,[H]C1=C([H])C2([H])OC12[H],[H][C+]1CC2([H])OC12[H],,,,-2062.296236,-2062.262149,-2062.279102,-229.857136,-12.469680000102201,8.919912499897507,-1.7180949999960404,10.75158500010616,21.389592499999708,10.638007499893547,-756.55
comp41_4_QRCF_v2,comp41_4,comp41_4_QRCR,comp41_4_,-2061.58371,-2061.55339,-2061.567422,-229.812547,2.5771425001278203,21.60294250003176,12.79786250000484,10.22071999987702,19.02579999990394,8.80508000002692,-756.55,[H]C1=C([H])C2([H])OC12[H],[H][C+]1CC2([H])OC12[H],,,,-2062.296233,-2062.262149,-2062.279102,-229.857135,-12.468425000034031,8.91928499989909,-1.7187224999944561,10.749702500039575,21.387709999933122,10.638007499893547,-756.55
comp42_0_QRCF,comp42_0,comp42_0_QRCR,comp42_0_,-2080.993245,-2080.963893,-2080.98063,-249.22343,3.4230124999896816,21.84139250000044,11.33892500005004,7.915912500060358,18.41838000001076,10.5024674999504,-721.28,[H]c1c([H])c(C([H])([H])[H])n([H])c1[H],[H]C1=C([H])C(C([H])([H])[H])=[N+]([H])C1,,,,-2081.743384,-2081.71052,-2081.729707,-249.305575,-11.65957749993602,8.962582499932452,-3.0772599999887262,8.582317499947294,20.622159999868472,12.039842499921178,-721.28
comp42_4_QRCF_v2,comp42_4,comp42_4_QRCR_v2,comp42_4_,-2080.988165,-2080.952458,-2080.968657,-249.223431,6.61133999992984,29.01748249993119,18.852610000127186,12.241270000197346,22.40614250000135,10.164872499804003,-677.21,[H]c1c([H])c(C([H])([H])[H])n([H])c1[H],[H]C1=C([H])[N+]([H])=C(C([H])([H])[H])C1,,,,-2081.738298,-2081.699906,-2081.718767,-249.305575,-8.46811250014646,15.62286750009541,3.7875900000857854,12.255702500232246,24.09098000024187,11.835277500009624,-677.21
comp4_2_QRCR_v2,comp4_2,comp4_2_QRCF,comp4_2_,-2710.014901,-2709.977174,-2709.996273,-878.248316,5.44983750008015,29.12353000002014,17.138907499959544,11.689069999879392,23.67369249993999,11.984622500060595,-645.06,[H]c1nc2c(c([H])c(C([H])([H])[H])n2[H])c(Cl)c1[H],[H]C1=NC2=[N+]([H])C(C([H])([H])[H])=C([H])C2=C(Cl)C1,,,,-2710.788589,-2710.747499,-2710.769335,-878.351653,-11.111769999838828,14.67220499998092,0.9701150000475423,12.08188499988637,25.783974999819748,13.702089999933378,-645.06
comp43_0_QRCR,comp43_0,comp43_0_QRCF,comp43_0_,-2423.761658,-2423.734825,-2423.754558,-591.990046,2.2953950001257795,19.133102500061057,6.750645000006159,4.45524999988038,16.837707499935277,12.382457500054898,-712.19,[H]C1=C([H])C2([H])[C-](C([H])([H])[H])[S+]12,[H]C([H])([H])[C-]1C2([H])C3([H])C[S+2]132,,,,-2424.496168,-2424.465248,-2424.487557,-592.055391,-13.521997500102714,5.880302499992069,-8.118594999976665,5.403402500126049,19.402300000094783,13.998897499968734,-712.19
comp43_4_QRCF_v2,comp43_4,comp43_4_QRCR,comp43_4_,-2423.754724,-2423.722146,-2423.740309,-591.990046,6.646480000126473,27.08917500002002,15.691892500188658,9.045412500062184,20.442694999893547,11.397282499831364,-633.89,[H]C1=C(C([H])([H])[H])[S+]2[C-]([H])C12[H],[H][C-]1[S+]2[C+](C([H])([H])[H])CC12[H],,,,-2424.490505,-2424.453555,-2424.47462,-592.055391,-9.96846500015721,13.217659999943692,-0.0006274999984157148,9.967837500158794,23.1861250001009,13.218287499942107,-633.89
comp43_5_QRCF_v2,comp43_5,comp43_5_QRCR,comp43_5_,-2423.760876,-2423.730437,-2423.743559,-591.990046,2.7861000001709613,21.88657249995771,13.652517500058536,10.866417499887577,19.100472499786747,8.234054999899172,-751.08,[H]C1=C([H])C2([H])[C-](C([H])([H])[H])[S+]12,[H][C+]1CC2([H])[C-](C([H])([H])[H])[S+]12,,,,-2424.496069,-2424.461132,-2424.477195,-592.055391,-13.459874999902866,8.463092500034293,-1.6164399999851753,11.84343499991769,21.922967499937158,10.079532500019468,-751.08
comp4_3_QRCR_v2,comp4_3,comp4_3_QRCF,comp4_3_,-2710.0149,-2709.984368,-2710.00391,-878.248316,5.4504650000072274,24.609295000146005,12.346690000145202,6.896225000137974,19.15883000013877,12.262605000000804,-697.62,[H]c1nc2c(c([H])c(C([H])([H])[H])n2[H])c(Cl)c1[H],[H]C1=C(Cl)C2=C([H])C(C([H])([H])[H])=[N+]([H])C2=NC1,,,,-2710.788587,-2710.753635,-2710.775885,-878.351653,-11.110514999984673,10.82186500000006,-3.1400099999908093,7.970504999993864,21.932379999984732,13.961874999990869,-697.62
comp44_0_QRCF_v2,comp44_0,comp44_0_QRCR,comp44_0_,-2100.848614,-2100.822954,-2100.838587,-269.077884,2.848850000048202,18.950499999915703,9.14079249992838,6.291942499880179,16.101649999867504,9.809707499987326,-755.75,[H]c1oc(C([H])([H])[H])c([H])c1[H],[H]C1=C([H])C(C([H])([H])[H])=[O+]C1,,,,-2101.587532,-2101.557266,-2101.575985,-269.147752,-12.896380000005792,6.095535000126375,-5.650637499965541,7.245742500040251,18.991915000132167,11.746172500091916,-755.75
comp44_4_QRCF,comp44_4,comp44_4_QRCR,comp44_4_,-2100.842955,-2100.810994,-2100.829516,-269.077882,6.398617500003212,26.45414500008954,14.831590000184889,8.432972500181677,20.055527500086328,11.62255499990465,-691.15,[H]C1=C([H])C2(C([H])([H])[H])OC12[H],[H][C+]1CC2(C([H])([H])[H])OC12[H],,,,-2101.580935,-2101.546067,-2101.56732,-269.147751,-8.757389999968979,13.12227999986348,-0.21397750006613592,8.543412499902843,21.87966999983246,13.336257499929616,-691.15
comp44_5_QRCR_v2,comp44_5,comp44_5_QRCF_v2,comp44_5_,-2100.849871,-2100.81778,-2100.831606,-269.077885,2.060710000111925,22.19781250013497,13.521997499924368,11.461287499812444,20.137102500023047,8.675815000210605,-759.52,[H]c1oc(C([H])([H])[H])c([H])c1[H],[H][C+]1CC2([H])OC12C([H])([H])[H],,,,-2101.588692,-2101.552462,-2101.569093,-269.147752,-13.624279999880144,9.110044999934672,-1.3259075000409837,12.29837249983916,22.734324999814817,10.435952499975656,-759.52
comp45_2_QRCF_v2,comp45_2,comp45_2_QRCR,comp45_2_,-2289.278431,-2289.25715,-2289.27466,-457.511017,4.929639999931084,18.283467500101693,7.295942500020516,2.366302500089432,13.35382750017061,10.987525000081176,-771.87,[H]C1=C(C(=O)OC([H])([H])[H])C2([H])OC12[H],[H]C1=[O+]CC([H])=C1C([O-])=[O+]C([H])([H])[H],,,,-2290.030293,-2290.00431,-2290.024972,-457.592311,-11.768134999893789,4.536197500104038,-8.429207500119844,3.338927499773945,16.304332499997827,12.965405000223882,-771.87
comp47_1_QRCF,comp47_1,comp47_1_QRCR_v3,comp47_1_,-2212.424638,-2212.394595,-2212.415452,-380.657817,5.301747500097349,24.153729999940765,11.06596249995448,5.764214999857131,18.851982499843416,13.087767499986285,-735.04,[H]c1c([H])c(C([H])([H])[H])n(C([H])([H])[H])c1C#N,[H]C1=C(C#N)[N+](C([H])([H])[H])=C(C([H])([H])[H])C1,,,,-2213.199519,-2213.165437,-2213.188387,-380.762333,-11.268644999870787,10.117809999922827,-4.283315000100458,6.985329999770329,21.386454999793614,14.401125000023285,-735.04
comp49_0_QRCF_v2,comp49_0,comp49_0_QRCR_v2,comp49_0_,-2476.675843,-2476.655705,-2476.687264,-644.910496,6.226682500044944,18.863277499957576,-0.9399950000522496,-7.166677500097194,12.636594999912631,19.803272500009825,-553.1,[H]C1=C(C#N)C2([H])[C-]([H])[S+]12,[H][C-]1C2([H])C3(C[N-2])C[S+2]132,,,,-2477.382267,-2477.357789,-2477.392076,-644.946719,-10.240799999969,5.11914499991633,-16.395947500051875,-6.155147500082876,15.359944999885329,21.515092499968205,-553.1
comp49_2_QRCF,comp49_2,comp49_2_QRCR_v2,comp49_2_,-2476.683551,-2476.660342,-2476.677268,-644.910495,1.3892849999879786,15.952932499957626,5.331867500092642,3.9425825001046633,14.563647499969647,10.621064999864984,-662.4,[H]C1=C([H])C2(C#N)[C-]([H])[S+]12,[H][C-]1C2(C[N-2])C3([H])C[S+2]132,,,,-2477.39042,-2477.362408,-2477.38251,-644.946717,-15.358062500104097,2.219467500032124,-10.394537499937542,4.963525000166555,17.57753000013622,12.614004999969666,-662.4
comp5_11_QRCR,comp5_11,comp5_11_QRCF,comp5_11_,-2384.813268,-2384.775296,-2384.794294,-553.046925,5.601692500124784,29.429122500176,17.5078775001694,11.906185000044616,23.82743000005121,11.921245000006593,-669.02,[H]c1c(OC([H])([H])[H])c([H])c2nc(C([H])([H])[H])oc2c1[H],[H]C1=C2OC3(C([H])([H])[H])[N-]C23[C+]([H])C(=[O+]C([H])([H])[H])C1,,,,-2385.617085,-2385.573802,-2385.594958,-553.178905,-11.892379999936793,15.26770250004688,1.9923124998922503,13.884692499829043,27.160082499983673,13.27539000015463,-669.02
comp51_2_QRCF_v2,comp51_2,comp51_2_QRCR,comp51_2_,-2843.978112,-2843.955965,-2843.977585,-1012.208579,3.59996750018496,17.497209999982317,3.930659999992088,0.3306924998071281,13.897242499797358,13.56654999999023,-649.63,[H]C1=C([H])C2(Cl)[C-]([H])[S+]12,[H][C-]1C2(Cl)C3([H])C[S+2]132,,,,-2844.676355,-2844.650067,-2844.674273,-1012.236968,-12.649772500022038,3.8459474999919507,-11.34331750003895,1.3064549999830888,16.49572000001399,15.1892650000309,-649.63
comp53_7_QRCR,comp53_7,comp53_7_QRCF,comp53_7_,-2654.563031,-2654.524324,-2654.548415,-822.795234,4.689307500002826,28.97795000010234,13.860847499960585,9.171539999957758,24.28864250009952,15.117102500141756,-677.14,[H]C1=S23=C([H])C2(c2c([H])c([H])c(C([H])([H])[H])c([H])c2[H])C13[H],[H][C+]1C[C-](C([H])([H])[H])[C-]([H])[C+]([H])[C+]1C12[C-]([H])[S+2]13[C-]([H])C23[H],,,,-2655.375416,-2655.332766,-2655.359394,-822.936415,-12.407557499920188,14.35531749999626,-2.3537525000497794,10.053804999870408,26.76287499991645,16.70907000004604,-677.14
comp57_1_QRCR_v2,comp57_1,comp57_1_QRCF,comp57_1_,-5417.24029,-5417.217091,-5417.238889,-3585.477191,7.637302500193073,22.19467499975053,8.516429999899628,0.8791274997065557,14.55737249955746,13.678244999850904,-615.81,[H]c1c(Cl)sc(Br)c1[H],[H]C12C[C+](Cl)[S+]1[C-]2Br,,,,-5417.927456,-5417.899379,-5417.923927,-3585.492419,-9.9201475002792,7.698169999682705,-7.705699999949047,2.2144475003301523,17.618317499961904,15.403869999631752,-615.81
comp57_2_QRCR_v2,comp57_2,comp57_2_QRCF,comp57_2_,-5417.241323,-5417.214575,-5417.24381,-3585.477191,6.9890949999035,23.77346500004478,5.428502500062677,-1.5605924998408227,16.78437000014128,18.344962499982103,-646.05,[H]c1c(Cl)sc(Br)c1[H],[H]C12C[C+](Br)[S+]1[C-]2Cl,,,,-5417.928115,-5417.896385,-5417.928564,-3585.492422,-10.33178750009597,9.57878749971428,-10.61353500016935,-0.28174750007337934,19.91057499981025,20.19232249988363,-646.05
comp5_7_QRCR,comp5_7,comp5_7_QRCF_v2,comp5_7_,-2384.808412,-2384.778508,-2384.799555,-553.046925,8.648832500136052,27.413592500128345,14.206600000015044,5.557767499878992,18.764759999992293,13.206992500113302,-655.65,[H]c1c(OC([H])([H])[H])c([H])c2nc(C([H])([H])[H])oc2c1[H],[H]C1=C([H])c2[o+]c(C([H])([H])[H])[n-]c2CC1=[O+]C([H])([H])[H],,,,-2385.611248,-2385.576985,-2385.600905,-553.178904,-8.230290000122693,13.269742499883534,-1.7400574998870866,6.4902325002356065,21.500032500006228,15.009799999770621,-655.65
comp59_1_QRCF_v2,comp59_1,comp59_1_QRCR,comp59_1_,-2883.232732,-2883.203623,-2883.223819,-1051.466164,5.460505000053217,23.726402500092263,11.053412500128845,5.592907500075626,18.26589750003905,12.67298999996342,-613.76,[H]C([H])([H])C1=S23=C(Cl)C2([H])C13[H],[H]C1=C(C([H])([H])[H])[S+]=C(Cl)C1,,,,-2883.955917,-2883.923611,-2883.946534,-1051.519968,-10.492427500118424,9.779587499920694,-4.604595000074028,5.8878325000443965,20.27201500003912,14.384182499994722,-613.76
comp59_2_QRCR_v2,comp59_2,comp59_2_QRCF_error,comp59_2_,-2883.231533,-2883.202412,-2883.225503,-1051.466163,6.2122500000100445,24.48567750003008,9.996075000016162,3.783825000006118,18.27342750002004,14.489602500013916,-639.66,[H]c1c(Cl)sc(C([H])([H])[H])c1[H],[H]C([H])([H])[C+]1CC2([H])[C-](Cl)[S+]12,,,,-2883.956066,-2883.922501,-2883.948736,-1051.519967,-10.586552500166135,10.475484999947184,-5.986977499936756,4.599575000229379,21.06203750011332,16.46246249988394,-639.66
comp63_0_QRCR_v3,comp63_0,comp63_0_QRCF,comp63_0_,-2080.977289,-2080.945816,-2080.96896,-249.210473,5.304885000107262,25.05419250011066,10.531332499966696,5.226447499859432,19.7493075000034,14.522860000143964,-669.23,[H]c1c([H])c([H])n(C([H])([H])[H])c1[H],[H]C1=C([H])C([H])=[N+](C([H])([H])[H])C1,,,,-2081.728072,-2081.693618,-2081.719636,-249.292726,-10.114044999950167,11.505840000110155,-4.820454999903561,5.293590000046606,21.61988500006032,16.326295000013715,-669.23
comp63_1_QRCF,comp63_1,comp63_1_QRCR_v3,comp63_1_,-2080.974968,-2080.946723,-2080.958355,-249.210472,6.760685000069984,24.48442250005108,17.18534249993148,10.424657499861496,17.723737499981098,7.299080000119602,-764.83,[H]c1c([H])c([H])n(C([H])([H])[H])c1[H],[H]C1=C([H])[N+](C([H])([H])[H])=C([H])C1,,,,-2081.725765,-2081.693575,-2081.707829,-249.292725,-8.667030000107943,11.532195000114953,2.5878100000117144,11.254840000119657,20.199225000222896,8.944385000103239,-764.83
comp63_3_QRCR_v2,comp63_3,comp63_3_QRCF,comp63_3_,-2080.977299,-2080.945816,-2080.96896,-249.210473,5.298609999980428,25.05419250011066,10.531332499966696,5.2327224999862665,19.75558250013023,14.522860000143964,-669.01,[H]c1c([H])c([H])n(C([H])([H])[H])c1[H],[H]C1=C([H])C([H])=[N+](C([H])([H])[H])C1,,,,-2081.728081,-2081.693618,-2081.719636,-249.292726,-10.119692500149924,11.505840000110155,-4.820454999903561,5.299237500246363,21.62553250026008,16.326295000013715,-669.01
comp65_3_QRCR_v2,comp65_3,comp65_3_QRCF_v2,comp65_3_,-2525.256453,-2525.233467,-2525.258682,-693.49475,8.513292500050227,22.93700750001648,7.114594999943336,-1.398697500106891,14.42371499996625,15.822412500073142,-741.11,[H]c1c([H])c([H])n(O[Si](C([H])([H])[H])(C([H])([H])[H])C([H])([H])[H])c1[H],[H]C1=C([H])C([H])=[N+](O[Si](C([H])([H])[H])(C([H])([H])[H])C([H])([H])[H])C1,,,,-2526.078746,-2526.053394,-2526.080508,-693.645668,-8.690875000101244,7.217504999968867,-9.796530000020596,-1.1056549999193521,15.90838000007011,17.014034999989462,-741.11
comp69_1_QRCF,comp69_1,comp69_1_QRCR_v2,comp69_1_,-2476.683551,-2476.660339,-2476.67727,-644.910495,1.3892849999879786,15.954815000024212,5.3306124999531335,3.941327499965155,14.565530000036231,10.624202500071078,-662.29,[H]C1=C([H])C2(C#N)[C-]([H])[S+]12,[H][C-]1C2(C[N-2])C3([H])C[S+2]132,,,,-2477.390421,-2477.362406,-2477.382512,-644.946717,-15.358690000031174,2.2207224998862785,-10.39579250007705,4.962897499954124,17.579412499917453,12.616514999963329,-662.29
comp69_6_QRCF,comp69_6,comp69_6_QRCR_v2,comp69_6_,-2476.675842,-2476.655704,-2476.687261,-644.910496,6.227309999972022,18.863905000170007,-0.9381124999856638,-7.165422499957685,12.636595000197984,19.80201750015567,-552.86,[H]C1=C(C#N)C2([H])[C-]([H])[S+]12,[H][C-]1C2([H])C3(C[N-2])C[S+2]132,,,,-2477.382265,-2477.357789,-2477.39207,-644.946719,-10.239545000114845,5.11914499991633,-16.392182499918704,-6.152637499803859,15.358690000031174,21.511327499835033,-552.86
comp71_0_QRCR,comp71_0,comp71_0_QRCF,comp71_0_,-2195.213283,-2195.183182,-2195.203818,-363.451551,8.495095000024833,27.38347249991904,14.434382500081997,5.939287500057162,18.888377499894204,12.949089999837042,-657.5,[H]c1c([H])c([H])c2c(c1[H])c([H])c([H])n2[H],[H][C+]1C[c-]2[c+]([H])[c+]([H])n([H])[c-]2[C-]([H])[C+]1[H],,,,-2195.983397,-2195.949955,-2195.973065,-363.552587,-7.267704999984801,13.717149999966693,-0.7843750000884597,6.483329999896341,20.984854999951494,14.501525000055153,-657.5
comp71_7_QRCR_v2,comp71_7,comp71_7_QRCF,comp71_7_,-2195.216254,-2195.186116,-2195.207619,-363.451551,6.630792500094742,25.542387500144343,12.049255000182768,5.418462500088026,18.9115950000496,13.493132499961575,-684.6,[H]c1c([H])c([H])c2c(c1[H])c([H])c([H])n2[H],[H]C1=[N+]([H])c2c([H])c([H])c([H])c([H])c2C1,,,,-2195.986222,-2195.952778,-2195.97663,-363.552586,-9.041020000001936,11.945090000089067,-3.0220400000746395,6.018979999927296,20.986110000091003,14.967130000163706,-684.6
comp73_0_QRCR_v2,comp73_0,comp73_0_QRCF,comp73_0_,-2537.983191,-2537.952939,-2537.973922,-706.219466,7.244487500186096,26.227617500197766,13.06078499998307,5.816297499796974,18.98313000001167,13.166832500214696,-667.49,[H]c1sc2c([H])c([H])c([H])c([H])c2c1[H],[H][C+]1C[C-]2[C-]([C+]([H])[C+]1[H])[S+]1[C-]([H])C21[H],,,,-2538.736872,-2538.703553,-2538.727093,-706.303779,-8.70028750000614,12.207385000068882,-2.5639650000184133,6.1363224999877275,20.907672500075023,14.771350000087295,-667.49
comp73_2_QRCF,comp73_2,comp73_2_QRCR,comp73_2_,-2537.986469,-2537.953973,-2537.972559,-706.219465,5.186915000101919,25.5781549999827,13.915440000179444,8.728525000077525,20.39123999988078,11.662714999803256,-717.91,[H]c1c([H])c([H])c2c(c1[H])[S+]1[C-]([H])C21[H],[H]C1=[S+]C2=C([H])CC([H])=C([H])C2=C1[H],,,,-2538.740586,-2538.704268,-2538.725434,-706.303779,-11.030822499971862,11.758722499988892,-1.5229425000072183,9.507879999964644,22.789544999960754,13.28166499999611,-717.91
comp73_6_QRCF_v2,comp73_6,comp73_6_QRCR,comp73_6_,-2537.992293,-2537.967185,-2537.982198,-706.219467,1.533610000194301,17.28888000008027,7.868222499966748,6.334612499772447,15.755269999885968,9.42065750011352,-721.73,[H]c1sc2c([H])c([H])c([H])c([H])c2c1[H],[H]c1c([H])c([H])c2c(c1[H])[S+]1CC21[H],,,,-2538.747813,-2538.71759,-2538.735726,-706.303782,-15.563882500012483,3.401049999831116,-7.979289999971684,7.584592500040799,18.9649324998436,11.3803399998028,-721.73
comp73_7_QRCR_v2,comp73_7,comp73_7_QRCF,comp73_7_,-2537.985382,-2537.957927,-2537.980625,-706.219466,5.869635000161679,23.09764750011027,8.854652499973099,2.98501749981142,17.22801249994859,14.24299500013717,-634.9,[H]c1sc2c([H])c([H])c([H])c([H])c2c1[H],[H]C1=[S+]c2c([H])c([H])c([H])c([H])c2C1,,,,-2538.740109,-2538.708428,-2538.733883,-706.30378,-10.730877499944427,9.148950000014793,-6.824062499963475,3.906814999980952,19.87982749995922,15.973012499978267,-634.9
comp75_0_QRCR,comp75_0,comp75_0_QRCF,comp75_0_,-2215.071858,-2215.039372,-2215.060928,-383.305166,5.38269500017833,25.76765999993228,12.241270000126008,6.8585749999476775,20.384964999753947,13.52638999980627,-659.49,[H]C1=C([H])C2=C([H])C3([H])OC23C([H])=C1[H],[H][C+]1C[C-]2[C-]([H])C3([H])OC23[C+]([H])[C+]1[H],,,,-2215.83003,-2215.793817,-2215.81798,-383.393792,-10.673775000052927,12.04988249986016,-3.1123999998821716,7.561375000170756,22.723657499913088,15.162282499742332,-659.49
comp75_3_QRCR,comp75_3,comp75_3_QRCF,comp75_3_,-2215.066347,-2215.039725,-2215.0656,-383.305166,8.840847500079292,25.54615249999216,9.309590000108583,0.4687425000292933,16.70530499991287,16.236562499883576,-668.8,[H]C1=C([H])C2=C([H])C3([H])OC23C([H])=C1[H],[H][C+]1CC23OC2([H])[C+]([H])[C+]3[C-]([H])[C-]1[H],,,,-2215.824048,-2215.793694,-2215.822379,-383.393792,-6.920069999970764,12.127065000021986,-5.872772500118089,1.0472974998526752,19.04713499999275,17.999837500140075,-668.8
comp75_6_QRCR,comp75_6,comp75_6_QRCF_v2,comp75_6_,-2215.083393,-2215.052455,-2215.070211,-383.305166,-1.855517499880932,17.558077500042657,6.416187499923183,8.271704999804115,19.41359499992359,11.141890000119474,-770.04,[H]C1=C([H])C2=C([H])C3([H])OC23C([H])=C1[H],[H]C1=c2c([H])c([H])c([H])c([H])c2=[O+]C1,,,,-2215.842504,-2215.806387,-2215.827295,-383.393793,-18.50058250012424,4.162834999940941,-8.956935000035884,9.543647500088355,22.66341750006518,13.119769999976825,-770.04
comp75_7_QRCR_v2,comp75_7,comp75_7_QRCF,comp75_7_,-2215.071296,-2215.04397,-2215.067846,-383.305166,5.735350000001347,22.88241499994029,7.900225000099965,2.1648750000986183,17.147064999938948,14.98218999984033,-656.76,[H]C1=C([H])C2=C([H])C3([H])OC23C([H])=C1[H],[H][C+]1[C+]([H])[C-]([H])C23OC2([H])C[C+]3[C-]1[H],,,,-2215.82945,-2215.798417,-2215.824817,-383.393795,-10.307942500120504,9.16526500000927,-7.400735000112633,2.907207500007871,19.473207500129774,16.566000000121903,-656.76
comp89_1_QRCF,comp89_1,comp89_1_QRCR,comp89_1_,-2079.798517,-2079.77267,-2079.785284,-248.032519,5.818179999952733,22.037172500166022,14.121887500032742,8.303707500080009,16.21899250021329,7.915285000133281,-776.56,[H]c1nc([H])c([H])c([H])c1[H],[H][C+]1C[C-]([H])[N-][C+]([H])[C+]1[H],,,,-2080.528422,-2080.499353,-2080.515032,-248.094602,-9.156479999924443,9.08431749989262,-0.7542549998791515,8.402225000045291,18.240797499817063,9.838572499771772,-776.56
comp89_4_QRCF_v3,comp89_4,comp89_4_QRCR,comp89_4_,-2079.797095,-2079.770034,-2079.784222,-248.032519,6.710485000125388,23.6912624999848,14.788292499919676,8.07780749979429,16.980777499859414,8.902970000065125,-771.43,[H]c1nc([H])c([H])c([H])c1[H],[H][C+]1[N-]C[C+]([H])[C-]([H])[C+]1[H],,,,-2080.527137,-2080.496829,-2080.513967,-248.094601,-8.350770000032526,10.667499999890424,-0.08659499992404562,8.26417500010848,19.01826999992295,10.75409499981447,-771.43
comp9_0_QRCR,comp9_0,comp9_0_QRCF,comp9_0_,-2593.304928,-2593.270295,-2593.28912,-761.536175,4.089417500019295,25.82162500015272,14.008937500086065,9.919520000066768,21.732207500133427,11.81268750006666,-652.44,[H]c1c([H])c([H])c2[s+]c(C([H])([H])[H])[n-]c2c1[H],[H]C1=C([H])C([H])=C2N=C(C([H])([H])[H])[S+]=C2C1,,,,-2594.073318,-2594.035023,-2594.056243,-761.634362,-12.379320000134157,11.650792500047373,-1.6647575000058623,10.714562500128295,24.03011250018153,13.315550000053236,-652.44
comp91_6_QRCF,comp91_6,comp91_6_QRCR,comp91_6_,-2179.010705,-2178.983665,-2178.996961,-347.243507,5.06517999998124,22.032779999945262,13.68954000017908,8.62436000019784,16.967599999964023,8.343239999766183,-788.42,[H][C+]1[C-]([H])C2([H])[N-]C2(F)[C-]1[H],[H][C+]1CC2([H])[N-]C2(F)[C-]1[H],,,,-2179.732106,-2179.701683,-2179.718204,-347.296472,-10.294764999975428,8.795667500122022,-1.5712599998852284,8.7235050000902,19.09043250009745,10.36692750000725,-788.42
comp94_0_QRCR,comp94_0,comp94_0_QRCF,comp94_0_,-2998.76337,-2998.729581,-2998.75021,-1166.994302,3.891755000018975,25.09435250006277,12.14965500000062,8.257899999981646,21.2025975000438,12.944697500062148,-612.78,[H]c1nc(Cl)c(Cl)c([H])c1[H],[H][C-]1C[C+](Cl)C2(Cl)[N-]C12[H],,,,-2999.472097,-2999.43501,-2999.45858,-1167.03293,-12.511722499871212,10.760369999941304,-4.029804999955786,8.481917499915426,23.272092499812516,14.79017499989709,-612.78
comp94_6_QRCR_v2,comp94_6,comp94_6_QRCF_v2,comp94_6_,-2998.763467,-2998.73503,-2998.752433,-1166.994302,3.830887499958635,21.67510500020626,10.7547225000269,6.923835000068266,17.844217500247623,10.920382500179358,-761.25,[H]c1nc(Cl)c(Cl)c([H])c1[H],[H][C+]1C[N-][C+](Cl)[C+](Cl)[C-]1[H],,,,-2999.47217,-2999.440026,-2999.460482,-1167.032931,-12.556902500042497,7.613457499825245,-5.222682500011615,7.334220000030882,20.170359999867742,12.83613999983686,-761.25
comp97_2_QRCF,comp97_2,comp97_2_QRCR,comp97_2_,-2876.159295,-2876.121227,-2876.154197,-1044.39491,6.830337500090309,30.718007499989422,10.02933250014621,3.198995000055902,23.88766999989912,20.68867499984321,-727.27,[H]c1nc(Cl)c([H])c(C(F)(F)F)c1[H],[H][C+]1[C+](C(F)(F)F)CC2([H])[N-]C12Cl,,,,-2876.881315,-2876.83931,-2876.875234,-1044.445446,-10.44222750010249,15.915910000051099,-6.626400000105832,3.815827499996658,26.35813750015359,22.54231000015693,-727.27
comp9_7_QRCR_v2,comp9_7,comp9_7_QRCF_v2,comp9_7_,-2593.305214,-2593.269486,-2593.288337,-761.536176,3.910580000042785,26.329899999939528,14.500897500056736,10.590317500013953,22.419319999896743,11.82900249988279,-656.99,[H]c1c([H])c([H])c2sc(C([H])([H])[H])nc2c1[H],[H][C+]1CC23[N-]C2(C([H])([H])[H])S[C-]3[C+]([H])[C+]1[H],,,,-2594.073497,-2594.034039,-2594.055599,-761.634362,-12.491642499921909,12.268252499915206,-1.2606474998847261,11.230995000037183,24.759894999837115,13.528899999799933,-656.99
comp98_2_QRCF_v2,comp98_2,comp98_2_QRCR_v2,comp98_2_,-2158.324697,-2158.288704,-2158.310928,-326.558169,5.4856050000611845,28.07121250003746,14.125652500148078,8.640047500086894,22.58560749997628,13.945559999889385,-665.64,[H]c1nc(C([H])([H])[H])c([H])c(C([H])([H])[H])c1[H],[H][C+]1C[C-](C([H])([H])[H])[C+]([H])[C+](C([H])([H])[H])[N-]1,,,,-2159.106586,-2159.067086,-2159.092722,-326.67039,-10.647419999941121,14.138829999972131,-1.947759999933396,8.699660000007725,24.786249999913252,16.086589999905527,-665.64
comp98_5_QRCF_v2,comp98_5,comp98_5_QRCR,comp98_5_,-2158.319264,-2158.274051,-2158.298043,-326.558169,8.894812499943043,37.26597000015062,22.21099000020871,13.316177500265669,28.371157500207573,15.054979999941906,-658.33,[H]c1nc(C([H])([H])[H])c([H])c(C([H])([H])[H])c1[H],[H][C+]1[N-][C-](C([H])([H])[H])C[C+](C([H])([H])[H])[C+]1[H],,,,-2159.102049,-2159.054569,-2159.081448,-326.67039,-7.800452500066513,21.993247500045072,5.126675000039995,12.927127500106508,29.793700000111585,16.866572500005077,-658.33
Int1_comp152_10_Sub17,TS_comp152_10_Sub17,Int2_comp152_10_Sub17,comp152_10_Sub17,-2648.6946,-2648.659853,-2648.681753,-816.907501,-7.422697499807498,14.381045000002644,0.6387950001706599,8.061492499978158,21.80374249981014,13.742249999831984,-669.59,[H]c1c(C([H])([H])C(F)(F)F)nc2c([H])c(C([H])([H])[H])c([H])c([H])c2c1[H],[H][C+]1C[c-]2[c+]([c-]([H])[c+](C([H])([H])[H])[c+]([H])[c-]2[H])[N-][C+]1C([H])([H])C(F)(F)F,EWG,CF3,unknown,-2649.526909,-2649.487075,-2649.511849,-817.066581,-25.79025000008926,-0.7944149999917727,-16.34009999997886,9.450150000110398,24.995835000097486,15.545684999987088,-669.59
Int1_comp152_10_Sub18,TS_comp152_10_Sub18,Int2_comp152_10_Sub18,comp152_10_Sub18,-2771.29028,-2771.256688,-2771.27781,-939.501534,-8.45619000005172,12.622790000090164,-0.6312649999756559,7.824925000076064,21.078980000141883,13.25405500006582,-660.66,[H]c1c(C([H])([H])Cl)nc2c([H])c(C([H])([H])[H])c([H])c([H])c2c1[H],[H][C+]1C[c-]2[c+]([c-]([H])[c+](C([H])([H])[H])[c+]([H])[c-]2[H])[N-][C+]1C([H])([H])Cl,EWG,Cl,unknown,-2772.109439,-2772.070819,-2772.094743,-939.647855,-26.57838999988286,-2.344340000002205,-17.356650000051843,9.221739999831016,24.234049999880654,15.012310000049638,-660.66
Int1_comp152_10_Sub21,TS_comp152_10_Sub21,Int2_comp152_10_Sub21,comp152_10_Sub21,-2429.579146,-2429.544536,-2429.565278,-597.789163,-9.23240749994676,12.485367500151767,-0.5302374999453718,8.702170000001388,21.717775000098527,13.01560500009714,-643.59,[H]c1c(C([H])([H])C([H])(C([H])([H])[H])C([H])([H])[H])nc2c([H])c(C([H])([H])[H])c([H])c([H])c2c1[H],[H][C+]1C[c-]2[c+]([c-]([H])[c+](C([H])([H])[H])[c+]([H])[c-]2[H])[N-][C+]1C([H])([H])C([H])(C([H])([H])[H])C([H])([H])[H],steric,iPr,unknown,-2430.489474,-2430.450368,-2430.47362,-598.026904,-27.197105000032877,-2.6580899999234475,-17.248720000181663,9.948384999851214,24.53901500010943,14.590630000258216,-643.59
Int1_comp152_1_Sub17,TS_comp152_1_Sub17,Int2_comp152_1_Sub17,comp152_1_Sub17,-2648.695092,-2648.659965,-2648.681752,-816.907502,-7.730799999885676,14.3113925001785,0.6400500000961529,8.370849999981829,22.04219250006417,13.671342500082346,-667.93,[H]c1c(C([H])([H])C(F)(F)F)nc2c([H])c(C([H])([H])[H])c([H])c([H])c2c1[H],[H][C+]1C[c-]2[c+]([c-]([H])[c+](C([H])([H])[H])[c+]([H])[c-]2[H])[N-][C+]1C([H])([H])C(F)(F)F,EWG,CF3,unknown,-2649.527146,-2649.487274,-2649.511848,-817.066582,-25.938339999929383,-0.9186600000347767,-16.338845000053368,9.599494999876015,25.019679999894606,15.420185000018591,-667.93
Int1_comp152_10_Sub24,TS_comp152_10_Sub24,Int2_comp152_10_Sub24,comp152_10_Sub24,-2426.219743,-2426.186031,-2426.20739,-594.432444,-7.54819749999001,13.606082499961758,0.2033100000573995,7.75150750004741,21.15427999995177,13.402772499904358,-667.31,[H]c1c(C([H])([H])OC([H])([H])[H])nc2c([H])c(C([H])([H])[H])c([H])c([H])c2c1[H],[H][C+]1C[c-]2[c+]([c-]([H])[c+](C([H])([H])[H])[c+]([H])[c-]2[H])[N-][C+]1C([H])([H])OC([H])([H])[H],EDG,OMe,unknown,-2427.079957,-2427.04139,-2427.065423,-594.61993,-25.60137249999542,-1.4005799999594615,-16.481287500050428,9.120084999944993,24.20079250003596,15.080707500090966,-667.31
Int1_comp152_10_Sub20,TS_comp152_10_Sub20,Int2_comp152_10_Sub20,comp152_10_Sub20,-2468.834125,-2468.79946,-2468.820995,-637.044219,-9.184089999854734,12.568197499942642,-0.9450149999682368,8.239074999886498,21.752287499797376,13.513212499910878,-668.12,[H]c1c(C([H])([H])C(C([H])([H])[H])(C([H])([H])[H])C([H])([H])[H])nc2c([H])c(C([H])([H])[H])c([H])c([H])c2c1[H],[H][C+]1C[c-]2[c+]([c-]([H])[c+](C([H])([H])[H])[c+]([H])[c-]2[H])[N-][C+]1C([H])([H])C(C([H])([H])[H])(C([H])([H])[H])C([H])([H])[H],steric,tBu,unknown,-2469.771737,-2469.732415,-2469.756655,-637.308922,-27.35084250000142,-2.6762874999488417,-17.886887500068553,9.463954999932866,24.674555000052578,15.210600000119712,-668.12
Int1_comp152_10_Sub22,TS_comp152_10_Sub22,Int2_comp152_10_Sub22,comp152_10_Sub22,-2351.067976,-2351.032556,-2351.05355,-519.280019,-7.9610924998036126,14.264957500010382,1.0912225000271292,9.052314999830742,22.226049999813995,13.173734999983251,-652.49,[H]c1c(C([H])([H])C([H])([H])[H])nc2c([H])c(C([H])([H])[H])c([H])c([H])c2c1[H],[H][C+]1C[c-]2[c+]([c-]([H])[c+](C([H])([H])[H])[c+]([H])[c-]2[H])[N-][C+]1C([H])([H])C([H])([H])[H],steric,Me,unknown,-2351.923856,-2351.883731,-2351.907394,-519.46347,-25.82664499992603,-0.6482074999328802,-15.496739999896647,10.329905000029385,25.17843749999315,14.848532499963767,-652.49
Int1_comp152_1_Sub18,TS_comp152_1_Sub18,Int2_comp152_1_Sub18,comp152_1_Sub18,-2771.289585,-2771.256688,-2771.27781,-939.501533,-8.02070499993846,12.622162500091749,-0.6318924999740716,7.388812499964388,20.642867500030206,13.25405500006582,-660.68,[H]c1c(C([H])([H])Cl)nc2c([H])c(C([H])([H])[H])c([H])c([H])c2c1[H],[H][C+]1C[c-]2[c+]([c-]([H])[c+](C([H])([H])[H])[c+]([H])[c-]2[H])[N-][C+]1C([H])([H])Cl,EWG,Cl,unknown,-2772.108593,-2772.070818,-2772.094742,-939.647857,-26.04626999994224,-2.3424575000782966,-17.354767500127934,8.691502499814305,23.703812499863943,15.012310000049638,-660.68
Int1_comp152_10_Sub23,TS_comp152_10_Sub23,Int2_comp152_10_Sub23,comp152_10_Sub23,-2406.354741,-2406.319888,-2406.341063,-574.562536,-10.626712499993404,11.243545000076836,-2.043767499833677,8.582945000159725,21.87025750007024,13.287312499910511,-671.61,[H]c1c(C([H])([H])N([H])C([H])([H])[H])nc2c([H])c(C([H])([H])[H])c([H])c([H])c2c1[H],[H][C+]1C[c-]2[c+]([c-]([H])[c+](C([H])([H])[H])[c+]([H])[c-]2[H])[N-][C+]1C([H])([H])N([H])C([H])([H])[H],EDG,NHCH3,unknown,-2407.227226,-2407.187542,-2407.211567,-574.762415,-28.60333249997808,-3.7016225000709824,-18.77730999988927,9.826022500088811,24.901709999907098,15.075687499818287,-671.61
Int1_comp152_1_Sub19,TS_comp152_1_Sub19,Int2_comp152_1_Sub19,comp152_1_Sub19,-2546.163605,-2546.129544,-2546.151638,-714.372403,-9.997330000084332,11.375947500099244,-2.48803749985342,7.509292500230913,21.373277500183576,13.863984999952663,-656.74,[H]c1c(C([H])([H])C2([H])C([H])([H])C([H])([H])C([H])([H])C([H])([H])C2([H])[H])nc2c([H])c(C([H])([H])[H])c([H])c([H])c2c1[H],[H][C+]1C[c-]2[c+]([c-]([H])[c+](C([H])([H])[H])[c+]([H])[c-]2[H])[N-][C+]1C([H])([H])C1([H])C([H])([H])C([H])([H])C([H])([H])C([H])([H])C1([H])[H],steric,Cy,unknown,-2547.139875,-2547.101094,-2547.125908,-714.675239,-28.493519999898638,-4.158442500059039,-19.729227499982755,8.764292499915882,24.3350774998396,15.570784999923717,-656.74
Int1_comp152_1_Sub23,TS_comp152_1_Sub23,Int2_comp152_1_Sub23,comp152_1_Sub23,-2406.355038,-2406.319131,-2406.340315,-574.565307,-9.074277500060646,13.457364999909204,0.1644050000842867,9.238682500144932,22.53164249996985,13.292959999824916,-657.08,[H]c1c(C([H])([H])N([H])C([H])([H])[H])nc2c([H])c(C([H])([H])[H])c([H])c([H])c2c1[H],[H][C+]1C[c-]2[c+]([c-]([H])[c+](C([H])([H])[H])[c+]([H])[c-]2[H])[N-][C+]1C([H])([H])N([H])C([H])([H])[H],EDG,NHCH3,unknown,-2407.227313,-2407.186382,-2407.210192,-574.764645,-27.258599999948956,-1.5743974999486454,-16.515172500036215,10.743427499912741,25.68420250000031,14.94077500008757,-657.08
Int1_comp152_1_Sub24,TS_comp152_1_Sub24,Int2_comp152_1_Sub24,comp152_1_Sub24,-2426.215634,-2426.182378,-2426.203481,-594.429008,-7.125890000057495,13.742250000046,0.5001175000214175,7.626007500078913,20.86814000010349,13.242132500024582,-655.38,[H]c1c(C([H])([H])OC([H])([H])[H])nc2c([H])c(C([H])([H])[H])c([H])c([H])c2c1[H],[H][C+]1C[c-]2[c+]([c-]([H])[c+](C([H])([H])[H])[c+]([H])[c-]2[H])[N-][C+]1C([H])([H])OC([H])([H])[H],EDG,OMe,unknown,-2427.075422,-2427.037132,-2427.060797,-594.616054,-25.187849999969387,-1.1608749999939505,-16.010662500097226,9.177187499872161,24.026974999975437,14.849787500103275,-655.38
Int1_comp152_9_Sub10,TS_comp152_9_Sub10,Int2_comp152_9_Sub10,comp152_9_Sub10,-2771.291672,-2771.248458,-2771.265927,-939.501532,-9.330924999840704,17.78586000003827,6.824062500106152,16.154987499946856,27.116784999878973,10.961797499932118,-633.45,[H]c1c(C([H])([H])Cl)nc2c([H])c(C([H])([H])[H])c([H])c([H])c2c1[H],[H][C+]1[C+]2[N-][C+](C([H])([H])Cl)C[C-]([H])[C+]2[C-]([H])[C-]([H])[C+]1C([H])([H])[H],EWG,Cl,unknown,-2772.110833,-2772.06247,-2772.082786,-939.647856,-27.452497500101458,2.895285000109311,-9.853004999949349,17.59949250015211,30.34778250021077,12.74829000005866,-633.45
Int1_comp152_9_Sub11,TS_comp152_9_Sub11,Int2_comp152_9_Sub11,comp152_9_Sub11,-2546.166312,-2546.121049,-2546.138539,-714.37219,-11.829629999809868,16.572902500175815,5.597927500062951,17.42755749987282,28.40253249998568,10.974975000112863,-630.53,[H]c1c(C([H])([H])C2([H])C([H])([H])C([H])([H])C([H])([H])C([H])([H])C2([H])[H])nc2c([H])c(C([H])([H])[H])c([H])c([H])c2c1[H],[H][C+]1[C+]2[N-][C+](C([H])([H])C3([H])C([H])([H])C([H])([H])C([H])([H])C([H])([H])C3([H])[H])C[C-]([H])[C+]2[C-]([H])[C-]([H])[C+]1C([H])([H])[H],steric,Cy,unknown,-2547.142622,-2547.092428,-2547.112899,-714.675036,-30.344644999933337,1.1520900000161305,-11.693462500153657,18.65118249977968,31.496734999949467,12.845552500169788,-630.53
Int1_comp152_9_Sub13,TS_comp152_9_Sub13,Int2_comp152_9_Sub13,comp152_9_Sub13,-2429.57934,-2429.535237,-2429.552629,-597.789164,-9.35351499978367,18.321117500042305,7.407637500202213,16.761152499985883,27.67463249982597,10.913479999840092,-625.61,[H]c1c(C([H])([H])C([H])(C([H])([H])[H])C([H])([H])[H])nc2c([H])c(C([H])([H])[H])c([H])c([H])c2c1[H],[H][C+]1[C+]2[N-][C+](C([H])([H])C([H])(C([H])([H])[H])C([H])([H])[H])C[C-]([H])[C+]2[C-]([H])[C-]([H])[C+]1C([H])([H])[H],steric,iPr,unknown,-2430.489924,-2430.440898,-2430.461183,-598.026904,-27.479480000033334,3.2843350000544547,-9.44450249998198,18.034977500051355,30.76381500008779,12.728837500036434,-625.61
Int1_comp152_9_Sub14,TS_comp152_9_Sub14,Int2_comp152_9_Sub14,comp152_9_Sub14,-2351.068618,-2351.024353,-2351.041097,-519.28002,-8.363319999786825,19.412967500210527,8.90610750019988,17.269427499986705,27.776287499997352,10.506860000010647,-615.29,[H]c1c(C([H])([H])C([H])([H])[H])nc2c([H])c(C([H])([H])[H])c([H])c([H])c2c1[H],[H][C+]1[C+]2[N-][C+](C([H])([H])C([H])([H])[H])C[C-]([H])[C+]2[C-]([H])[C-]([H])[C+]1C([H])([H])[H],steric,Me,unknown,-2351.924434,-2351.875684,-2351.895298,-519.46347,-26.189340000009054,4.40128499994529,-7.906499999941445,18.28284000006761,30.590624999954343,12.307784999886735,-615.29
Int1_comp152_9_Sub15,TS_comp152_9_Sub15,Int2_comp152_9_Sub15,comp152_9_Sub15,-2406.357159,-2406.308028,-2406.325252,-574.562536,-12.14400750001488,18.68569500012057,7.877635000014322,20.0216425000292,30.82970250013545,10.808060000106252,-617.12,[H]c1c(C([H])([H])N([H])C([H])([H])[H])nc2c([H])c(C([H])([H])[H])c([H])c([H])c2c1[H],[H][C+]1[C+]2[N-][C+](C([H])([H])N([H])C([H])([H])[H])C[C-]([H])[C+]2[C-]([H])[C-]([H])[C+]1C([H])([H])[H],EDG,NHCH3,unknown,-2407.229422,-2407.175891,-2407.195972,-574.762416,-29.980694999924822,3.6100075000882725,-8.990819999986002,20.98987499993882,33.590702500013094,12.600827500074274,-617.12
Int1_comp152_9_Sub16,TS_comp152_9_Sub16,Int2_comp152_9_Sub16,comp152_9_Sub16,-2426.221313,-2426.175694,-2426.193019,-594.432444,-8.533372499928191,20.0925500000642,9.221112500189292,17.754485000117484,28.625922499992384,10.8714374998749,-624.01,[H]c1c(C([H])([H])OC([H])([H])[H])nc2c([H])c(C([H])([H])[H])c([H])c([H])c2c1[H],[H][C+]1[C+]2[N-][C+](C([H])([H])OC([H])([H])[H])C[C-]([H])[C+]2[C-]([H])[C-]([H])[C+]1C([H])([H])[H],EDG,OMe,unknown,-2427.081515,-2427.030891,-2427.051242,-594.619929,-26.57964499995103,5.186915000030581,-7.583337500043967,18.99630749990706,31.76655999998161,12.770252500074548,-624.01
Int1_comp152_1_Sub20,TS_comp152_1_Sub20,Int2_comp152_1_Sub20,comp152_1_Sub20,-2468.831763,-2468.799461,-2468.820344,-637.041763,-9.243075000062504,11.026429999982952,-2.0776525001048185,7.165422499957685,20.269505000045456,13.10408250008777,-667.68,[H]c1c(C([H])([H])C(C([H])([H])[H])(C([H])([H])[H])C([H])([H])[H])nc2c([H])c(C([H])([H])[H])c([H])c([H])c2c1[H],[H][C+]1C[c-]2[c+]([c-]([H])[c+](C([H])([H])[H])[c+]([H])[c-]2[H])[N-][C+]1C([H])([H])C(C([H])([H])[H])(C([H])([H])[H])C([H])([H])[H],steric,tBu,unknown,-2469.769337,-2469.732418,-2469.756064,-637.305849,-27.77315000014795,-4.606477500069275,-19.444342500131313,8.328807500016637,23.166672500078676,14.837865000062038,-667.68
Int1_comp152_1_Sub21,TS_comp152_1_Sub21,Int2_comp152_1_Sub21,comp152_1_Sub21,-2429.577764,-2429.543627,-2429.565388,-597.789415,-8.207072500038635,13.213895000024536,-0.4411324999563248,7.76594000008231,21.42096750006317,13.65502749998086,-661.54,[H]c1c(C([H])([H])C([H])(C([H])([H])[H])C([H])([H])[H])nc2c([H])c(C([H])([H])[H])c([H])c([H])c2c1[H],[H][C+]1C[c-]2[c+]([c-]([H])[c+](C([H])([H])[H])[c+]([H])[c-]2[H])[N-][C+]1C([H])([H])C([H])(C([H])([H])[H])C([H])([H])[H],steric,iPr,unknown,-2430.488246,-2430.449607,-2430.473957,-598.027125,-26.287857499974336,-2.0418850000524458,-17.321510000140563,8.966347499833773,24.24597249992189,15.279625000088117,-661.54
Int1_comp152_9_Sub22,TS_comp152_9_Sub22,Int2_comp152_9_Sub22,comp152_9_Sub22,-2351.07273,-2351.027933,-2351.044867,-519.28512,-7.74334999985399,20.366767500156584,9.74068250001892,17.48403249987291,28.11011750001057,10.626085000137664,-625.03,[H]c1c(C([H])([H])[H])nc2c(C([H])([H])[H])c(C([H])([H])[H])c([H])c([H])c2c1[H],[H][C-]1C[C+](C([H])([H])[H])[N-][C+]2[C+]1[C-]([H])[C-]([H])[C+](C([H])([H])[H])[C+]2C([H])([H])[H],steric,Me,unknown,-2351.92738,-2351.878484,-2351.898286,-519.467276,-25.649690000087446,5.0325500000636225,-7.393205000095975,18.25648499999147,30.68224000015107,12.425755000159597,-625.03
Int1_comp152_9_Sub17,TS_comp152_9_Sub17,Int2_comp152_9_Sub17,comp152_9_Sub17,-2648.684692,-2648.642657,-2648.66021,-816.897805,-7.289667499858012,19.08729500010537,8.07278750002098,15.362454999878992,26.376962499963383,11.014507500084392,-636.06,[H]c1c(C([H])([H])[H])nc2c(C(F)(F)F)c(C([H])([H])[H])c([H])c([H])c2c1[H],[H][C-]1C[C+](C([H])([H])[H])[N-][C+]2[C+]1[C-]([H])[C-]([H])[C+](C([H])([H])[H])[C+]2C(F)(F)F,EWG,CF3,unknown,-2649.516029,-2649.469797,-2649.490282,-817.055984,-25.612667499966904,3.3979124998390375,-9.456425000165893,16.15624249980101,29.01057999980594,12.854337500004931,-636.06
Int1_comp152_9_Sub18,TS_comp152_9_Sub18,Int2_comp152_9_Sub18,comp152_9_Sub18,-2771.295548,-2771.251106,-2771.266283,-939.50551,-9.2669200000023,18.620434999928648,9.09686750007495,18.36378750007725,27.88735499993095,9.523567499853698,-631.41,[H]c1c(C([H])([H])[H])nc2c(Cl)c(C([H])([H])[H])c([H])c([H])c2c1[H],[H][C-]1C[C+](C([H])([H])[H])[N-][C+]2[C+](Cl)[C+](C([H])([H])[H])[C-]([H])[C-]([H])[C+]21,EWG,Cl,unknown,-2772.113416,-2772.064567,-2772.083417,-939.650524,-27.399160000093445,3.253587500060746,-8.574787499894967,18.82437250019848,30.65274750015419,11.828374999955713,-631.41
Int1_comp152_9_Sub21,TS_comp152_9_Sub21,Int2_comp152_9_Sub21,comp152_9_Sub21,-2429.573901,-2429.529726,-2429.546759,-597.786027,-7.909010000077785,19.810802499919475,9.122595000152671,17.031605000230456,27.71981249999726,10.688207499766804,-629.64,[H]c1c(C([H])([H])[H])nc2c(C([H])(C([H])([H])[H])C([H])([H])[H])c(C([H])([H])[H])c([H])c([H])c2c1[H],[H][C-]1C[C+](C([H])([H])[H])[N-][C+]2[C+]1[C-]([H])[C-]([H])[C+](C([H])([H])[H])[C+]2C([H])(C([H])([H])[H])C([H])([H])[H],steric,iPr,unknown,-2430.484091,-2430.435317,-2430.455281,-598.022957,-26.296014999882402,4.309670000033918,-8.217740000011702,18.0782749998707,30.60568499991632,12.52741000004562,-629.64
Int1_comp152_1_Sub22,TS_comp152_1_Sub22,Int2_comp152_1_Sub22,comp152_1_Sub22,-2351.068506,-2351.032094,-2351.052861,-519.280018,-8.294294999961096,14.554234999993412,1.5229425000072183,9.817237499968314,22.848529999954508,13.031292499986192,-653.19,[H]c1c(C([H])([H])C([H])([H])[H])nc2c([H])c(C([H])([H])[H])c([H])c([H])c2c1[H],[H][C+]1C[c-]2[c+]([c-]([H])[c+](C([H])([H])[H])[c+]([H])[c-]2[H])[N-][C+]1C([H])([H])C([H])([H])[H],steric,Me,unknown,-2351.92454,-2351.882989,-2351.906376,-519.46347,-26.255854999983796,-0.18260250010968093,-14.857944999940003,11.397910000043794,26.073252499874116,14.675342499830322,-653.19
Int1_comp152_9_Sub23,TS_comp152_9_Sub23,Int2_comp152_9_Sub23,comp152_9_Sub23,-2406.366209,-2406.321951,-2406.338606,-574.578327,-7.914029999851095,19.857865000086008,9.406852500148377,17.32088249999947,27.771894999937103,10.451012499937631,-626.58,[H]c1c(C([H])([H])[H])nc2c(N([H])C([H])([H])[H])c(C([H])([H])[H])c([H])c([H])c2c1[H],[H][C-]1C[C+](C([H])([H])[H])[N-][C+]2[C+]1[C-]([H])[C-]([H])[C+](C([H])([H])[H])[C+]2N([H])C([H])([H])[H],EDG,NHCH3,unknown,-2407.238092,-2407.189716,-2407.209532,-574.777625,-25.87747250008306,4.4784675000357765,-7.956072499958964,17.921400000124095,30.355940000118835,12.43453999999474,-626.58
Int1_comp152_9_Sub24,TS_comp152_9_Sub24,Int2_comp152_9_Sub24,comp152_9_Sub24,-2426.225379,-2426.179822,-2426.19661,-594.43812,-7.523097499910705,21.06392000003723,10.52945000009629,18.052547500006995,28.587017499947933,10.53446999994094,-625.83,[H]c1c(C([H])([H])[H])nc2c(OC([H])([H])[H])c(C([H])([H])[H])c([H])c([H])c2c1[H],[H][C-]1C[C+](C([H])([H])[H])[N-][C+]2[C+](OC([H])([H])[H])[C+](C([H])([H])[H])[C-]([H])[C-]([H])[C+]21,EDG,OMe,unknown,-2427.083144,-2427.034046,-2427.053949,-594.623971,-25.065487500135646,5.743507499838074,-6.745625000090172,18.319862500045474,30.80899499997372,12.489132499928246,-625.83
Int1_comp152_9_Sub9,TS_comp152_9_Sub9,Int2_comp152_9_Sub9,comp152_9_Sub9,-2648.694726,-2648.65317,-2648.670529,-816.907502,-7.501135000037493,18.57525500004272,7.682482500079004,15.183617500116496,26.07639000008021,10.892772499963712,-632.71,[H]c1c(C([H])([H])C(F)(F)F)nc2c([H])c(C([H])([H])[H])c([H])c([H])c2c1[H],[H][C+]1[C+]2[N-][C+](C([H])([H])C(F)(F)F)C[C-]([H])[C+]2[C-]([H])[C-]([H])[C+]1C([H])([H])[H],EWG,CF3,unknown,-2649.527128,-2649.480422,-2649.500644,-817.066582,-25.927045000100577,3.3809699999531517,-9.308335000111754,16.618709999988823,29.30801500005373,12.689305000064905,-632.71
Int1_comp159_0_Sub10,TS_comp159_0_Sub10,Int2_comp159_0_Sub10,comp159_0_Sub10,-3054.058698,-3054.035285,-3054.054367,-1222.278372,-3.172639999837088,11.51901750009472,-0.4549375000641475,2.7177024997729404,14.691657499931807,11.973955000158869,-725.88,[H]C1=[N+]=C(C([H])([H])Cl)C2(Cl)[N-]C12[H],[H][C+]1C[N-][C+](Cl)[C+](C([H])([H])Cl)[N-]1,EWG,Cl,unknown,-3054.783907,-3054.756051,-3054.778288,-1222.332232,-20.36049250002975,-2.880852499931734,-16.834570000014537,3.525922500015213,17.479640000098016,13.953717500082803,-725.88
Int1_comp159_0_Sub11,TS_comp159_0_Sub11,Int2_comp159_0_Sub11,comp159_0_Sub11,-2828.933405,-2828.909394,-2828.925179,-997.15238,-3.611262500085104,11.455640000183394,1.5505525001515252,5.161815000236629,15.066902500268498,9.905087500031868,-745.21,[H]C1=[N+]=C(C([H])([H])C2([H])C([H])([H])C([H])([H])C([H])([H])C([H])([H])C2([H])[H])C2(Cl)[N-]C12[H],[H][C+]1C[N-][C+](Cl)[C+](C([H])([H])C2([H])C([H])([H])C([H])([H])C([H])([H])C([H])([H])C2([H])[H])[N-]1,steric,Cy,unknown,-2829.815859,-2829.787336,-2829.806946,-997.362527,-21.400259999901436,-3.5020774999327386,-15.807352500111165,5.592907499790272,17.898182499968698,12.305275000178426,-745.21
Int1_comp159_0_Sub12,TS_comp159_0_Sub12,Int2_comp159_0_Sub12,comp159_0_Sub12,-2751.602053,-2751.577892,-2751.594993,-919.823245,-2.220094999959201,12.94093250021433,2.21005499998455,4.430149999943751,15.161027500173532,10.73087750022978,-742.18,[H]C1=[N+]=C(C([H])([H])C(C([H])([H])[H])(C([H])([H])[H])C([H])([H])[H])C2(Cl)[N-]C12[H],[H][C+]1C[N-][C+](Cl)[C+](C([H])([H])C(C([H])([H])[H])(C([H])([H])[H])C([H])([H])[H])[N-]1,steric,tBu,unknown,-2752.445907,-2752.417184,-2752.437433,-919.995221,-19.739894999884484,-1.7162124999472894,-14.422460000040758,5.3174349998437265,18.023682499937195,12.706247500093468,-742.18
Int1_comp159_0_Sub13,TS_comp159_0_Sub13,Int2_comp159_0_Sub13,comp159_0_Sub13,-2712.347574,-2712.323697,-2712.340506,-880.56915,-1.9791349998541816,13.00368250019858,2.456035000076895,4.435169999931077,14.98281750005276,10.547647500121684,-743.32,[H]C1=[N+]=C(C([H])([H])C([H])(C([H])([H])[H])C([H])([H])[H])C2(Cl)[N-]C12[H],[H][C+]1C[N-][C+](Cl)[C+](C([H])([H])C([H])(C([H])([H])[H])C([H])([H])[H])[N-]1,steric,iPr,unknown,-2713.164359,-2713.136007,-2713.155926,-880.714275,-19.362139999910823,-1.5712600000279053,-14.070432499930803,5.291707499980021,17.790879999882918,12.499172499902897,-743.32
Int1_comp159_0_Sub14,TS_comp159_0_Sub14,Int2_comp159_0_Sub14,comp159_0_Sub14,-2633.836726,-2633.813011,-2633.829792,-802.059557,-1.1916224999163203,13.689539999965064,3.159462500084373,4.351085000000694,14.881162499881384,10.53007749988069,-747.27,[H]C1=[N+]=C(C([H])([H])C([H])([H])[H])C2(Cl)[N-]C12[H],[H][C+]1C[N-][C+](Cl)[C+](C([H])([H])C([H])([H])[H])[N-]1,steric,Me,unknown,-2634.599029,-2634.570837,-2634.59082,-802.150874,-18.151692499970693,-0.4612125001196432,-13.000544999921146,5.151147500049547,17.69047999985105,12.539332499801503,-747.27
Int1_comp159_0_Sub15,TS_comp159_0_Sub15,Int2_comp159_0_Sub15,comp159_0_Sub15,-2689.122764,-2689.098962,-2689.116967,-857.342945,-2.8544975000696127,12.081257500030633,0.7831200000916283,3.637617500161241,14.935755000100244,11.298137499939005,-737.52,[H]C1=[N+]=C(C([H])([H])N([H])C([H])([H])[H])C2(Cl)[N-]C12[H],[H][C+]1C[N-][C+](Cl)[C+](C([H])([H])N([H])C([H])([H])[H])[N-]1,EDG,NHCH3,unknown,-2689.901696,-2689.873425,-2689.894481,-857.450405,-20.11953249992473,-2.3794800001275007,-15.592119999869851,4.527412500054879,17.74005249979723,13.21263999974235,-737.52
Int1_comp159_0_Sub16,TS_comp159_0_Sub16,Int2_comp159_0_Sub16,comp159_0_Sub16,-2708.986846,-2708.962999,-2708.985348,-877.208364,-2.015529999833632,12.94846250012398,-1.0755350000667363,0.9399949997668956,14.963992499957612,14.023997500190715,-732.84,[H]C1=[N+]=C(C([H])([H])OC([H])([H])[H])C2(Cl)[N-]C12[H],[H][C+]1C[N-][C+](Cl)[C+](C([H])([H])OC([H])([H])[H])[N-]1,EDG,OMe,unknown,-2709.753038,-2709.72475,-2709.7495,-877.303046,-19.3044099999139,-1.5536899999295883,-17.0843149999547,2.2200949999592012,17.750719999984312,15.530625000025111,-732.84
Int1_comp159_0_Sub2,TS_comp159_0_Sub2,Int2_comp159_0_Sub2,comp159_0_Sub2,-3054.062985,-3054.042261,-3054.058096,-1222.28887,0.7247625000962898,13.729072500079267,3.792609999983938,3.067847499887648,13.00430999998298,9.936462500095333,-615.75,[H]C([H])([H])C1=[N+]=C(Cl)C2([H])[N-]C12Cl,[H]C([H])([H])[C+]1[N-][C+](Cl)C[N-][C+]1Cl,EWG,Cl,unknown,-3054.785078,-3054.760679,-3054.780057,-1222.340999,-15.594002499936437,-0.283629999997288,-12.44332499997256,3.1506774999638765,15.310372499939149,12.159694999975272,-615.75
Int1_comp159_0_Sub6,TS_comp159_0_Sub6,Int2_comp159_0_Sub6,comp159_0_Sub6,-2633.84528,-2633.815589,-2633.835081,-802.07051,0.3137500000639193,18.94485250017965,6.713622499956955,6.399872499893036,18.63110250011573,12.231230000222697,-804.28,[H]C([H])([H])C1=[N+]=C(C([H])([H])[H])C2(Cl)[N-]C12[H],[H]C([H])([H])[C+]1C[N-][C+](Cl)[C+](C([H])([H])[H])[N-]1,steric,Me,unknown,-2634.604863,-2634.5712,-2634.59454,-802.159508,-16.394692500055044,4.728840000045693,-9.917010000073105,6.477682499981938,21.123532500100737,14.645850000118799,-804.28
Int1_comp159_0_Sub7,TS_comp159_0_Sub7,Int2_comp159_0_Sub7,comp159_0_Sub7,-2689.154104,-2689.130905,-2689.148304,-857.371244,-4.76272500003148,9.794647500096689,-1.1232249998036536,3.6395000002278266,14.557372500128167,10.91787249990034,-819.07,[H][N+](=C1N=C(C([H])([H])[H])C2(Cl)[N-]C12[H])C([H])([H])[H],[H][N+](=C1CN=C(Cl)C(C([H])([H])[H])=N1)C([H])([H])[H],EDG,NHCH3,unknown,-2689.930887,-2689.903393,-2689.924331,-857.475887,-22.44693000004105,-5.194445000082908,-18.33304000015488,4.113889999886169,17.252484999958142,13.138595000071973,-819.07
Int1_comp159_0_Sub9,TS_comp159_0_Sub9,Int2_comp159_0_Sub9,comp159_0_Sub9,-2931.461703,-2931.439021,-2931.461992,-1099.684063,-1.4871749999548456,12.74577999992232,-1.6685224999963566,-0.181347500041511,14.232954999877164,14.414302499918676,-718.29,[H]C1=[N+]=C(C([H])([H])C(F)(F)F)C2(Cl)[N-]C12[H],[H][C+]1C[N-][C+](Cl)[C+](C([H])([H])C(F)(F)F)[N-]1,EWG,CF3,unknown,-2932.200115,-2932.172809,-2932.198243,-1099.750397,-19.13247500006264,-1.9979600000920072,-17.95779499988953,1.1746800001731117,17.134514999970634,15.959834999797522,-718.29
Int1_comp159_7_Sub10,TS_comp159_7_Sub10,Int2_comp159_7_Sub10,comp159_7_Sub10,-3054.060406,-3054.033298,-3054.056058,-1222.278373,-4.243782499914914,12.76648750022673,-1.5154124999548912,2.728369999960023,17.010270000141645,14.281900000181622,-609.12,[H]C1=[N+]=C(C([H])([H])Cl)C2(Cl)[N-]C12[H],[H]C([H])(Cl)[C+]1[N-]CC2([H])[N-]C12Cl,EWG,Cl,unknown,-3054.784729,-3054.75381,-3054.779441,-1222.332231,-20.876924999938637,-1.4752525000562855,-17.558705000041073,3.3182199998975648,19.401672499882352,16.083452499984787,-609.12
Int1_comp159_7_Sub11,TS_comp159_7_Sub11,Int2_comp159_7_Sub11,comp159_7_Sub11,-2828.93537,-2828.909239,-2828.932908,-997.15238,-4.844300000039539,11.552902500009168,-3.2993950000877703,1.5449049999517683,16.397202500048706,14.852297500096938,-661.79,[H]C1=[N+]=C(C([H])([H])C2([H])C([H])([H])C([H])([H])C([H])([H])C([H])([H])C2([H])[H])C2(Cl)[N-]C12[H],[H]C12C[N-][C+](C([H])([H])C3([H])C([H])([H])C([H])([H])C([H])([H])C([H])([H])C3([H])[H])C1(Cl)[N-]2,steric,Cy,unknown,-2829.81701,-2829.787013,-2829.813482,-997.362527,-22.12251250014674,-3.2993950000877703,-19.90869250002902,2.213820000117721,18.82311750005897,16.60929749994125,-661.79
Int1_comp159_7_Sub13,TS_comp159_7_Sub13,Int2_comp159_7_Sub13,comp159_7_Sub13,-2712.349556,-2712.323263,-2712.346541,-880.569151,-3.2222124999972834,13.276644999937446,-1.3302999998515477,1.891912500145736,16.49885749993473,14.606944999788992,-665.75,[H]C1=[N+]=C(C([H])([H])C([H])(C([H])([H])[H])C([H])([H])[H])C2(Cl)[N-]C12[H],[H]C([H])([H])C([H])(C([H])([H])[H])C([H])([H])[C+]1[N-]CC2([H])[N-]C12Cl,steric,iPr,unknown,-2713.165501,-2713.13513,-2713.161364,-880.714276,-20.078117499957955,-1.0203150000634764,-17.48215000002034,2.5959674999376148,19.05780249989448,16.461834999956864,-665.75
Int1_comp159_7_Sub14,TS_comp159_7_Sub14,Int2_comp159_7_Sub14,comp159_7_Sub14,-2633.838737,-2633.812047,-2633.834498,-802.059558,-2.45289749994214,14.295077500148352,0.2070749999765553,2.6599724999186947,16.74797500009049,14.088002500171797,-662.35,[H]C1=[N+]=C(C([H])([H])C([H])([H])[H])C2(Cl)[N-]C12[H],[H]C([H])([H])C([H])([H])[C+]1[N-]CC2([H])[N-]C12Cl,steric,Me,unknown,-2634.600169,-2634.569423,-2634.594971,-802.150875,-18.866414999878316,0.4267000000641019,-15.604669999980842,3.2617449998974735,19.293114999942418,16.031370000044944,-662.35
Int1_comp159_7_Sub15,TS_comp159_7_Sub15,Int2_comp159_7_Sub15,comp159_7_Sub15,-2689.124602,-2689.098262,-2689.121444,-857.342945,-4.007842499868559,12.520507500063047,-2.026197499878037,1.9816449999905217,16.528349999931606,14.546704999941085,-657.63,[H]C1=[N+]=C(C([H])([H])N([H])C([H])([H])[H])C2(Cl)[N-]C12[H],[H]N(C([H])([H])[H])C([H])([H])[C+]1[N-]CC2([H])[N-]C12Cl,EDG,NHCH3,unknown,-2689.902609,-2689.872116,-2689.898426,-857.450404,-20.69306750011748,-1.5587099999882525,-18.068235000110064,2.6248325000074146,19.134357500129227,16.509525000121812,-657.63
Int1_comp159_7_Sub16,TS_comp159_7_Sub16,Int2_comp159_7_Sub16,comp159_7_Sub16,-2708.988689,-2708.962202,-2708.985491,-877.208364,-3.1720124998386723,13.448579999931384,-1.165267499911522,2.0067449999271503,16.620592499770055,14.613847499842905,-657.23,[H]C1=[N+]=C(C([H])([H])OC([H])([H])[H])C2(Cl)[N-]C12[H],[H]C([H])([H])OC([H])([H])[C+]1[N-]CC2([H])[N-]C12Cl,EDG,OMe,unknown,-2709.753921,-2709.723549,-2709.74979,-877.303046,-19.858492500013085,-0.8000624999061756,-17.266289999923288,2.5922025000897975,19.05843000010691,16.466227500017112,-657.23
Int1_comp159_7_Sub5,TS_comp159_7_Sub5,Int2_comp159_7_Sub5,comp159_7_Sub5,-2712.355707,-2712.333471,-2712.351715,-880.579474,-0.6042825000437801,13.348807500111946,1.9006975001948945,2.5049800002386746,13.953090000155726,11.448109999917053,-721.93,[H]c1nc(C([H])([H])[H])c(Cl)nc1C([H])(C([H])([H])[H])C([H])([H])[H],[H]C([H])([H])[C+]1[N-]C[C+](C([H])(C([H])([H])[H])C([H])([H])[H])[N-][C+]1Cl,steric,iPr,unknown,-2713.170281,-2713.143654,-2713.164821,-880.722818,-17.717462500139618,-1.009020000020655,-14.291312499943842,3.4261500001957756,16.708442500118963,13.282292499923187,-721.93
Int1_comp159_7_Sub6,TS_comp159_7_Sub6,Int2_comp159_7_Sub6,comp159_7_Sub6,-2633.84639,-2633.820584,-2633.841247,-802.070796,-0.2033100000573995,15.98995500000683,3.023922500141225,3.2272325001986246,16.19326500006423,12.966032499865603,-743.79,[H]c1nc(C([H])([H])[H])c(Cl)nc1C([H])([H])[H],[H]C([H])([H])[C+]1C[N-][C+](C([H])([H])[H])[C+](Cl)[N-]1,steric,Me,unknown,-2634.606355,-2634.576269,-2634.600033,-802.159764,-17.170282499951668,1.7086824998949623,-13.203227500122807,3.9670549998288607,18.87896499984663,14.91191000001777,-743.79
Int1_comp159_7_Sub8,TS_comp159_7_Sub8,Int2_comp159_7_Sub8,comp159_7_Sub8,-2709.010976,-2708.986316,-2709.008954,-877.236908,0.7542550000218284,16.22840500004685,2.0230600000999743,1.268805000078146,15.47415000002502,14.205344999946874,-690.78,[H]C1=[N+]=C(C([H])([H])[H])C2(Cl)[N-]C12OC([H])([H])[H],[H]C([H])([H])OC12C[N-][C+](C([H])([H])[H])C1(Cl)[N-]2,EDG,OMe,unknown,-2709.775101,-2709.745689,-2709.771356,-877.330242,-16.083452500127464,2.3725775000735894,-13.733465000139518,2.3499874999879466,18.456030000201054,16.106042500213107,-690.78
Int1_comp159_7_Sub9,TS_comp159_7_Sub9,Int2_comp159_7_Sub9,comp159_7_Sub9,-2931.463509,-2931.437557,-2931.46162,-1099.684059,-2.622950000083506,13.661929999892097,-1.4376025000086656,1.1853475000748404,16.2848799999756,15.09953249990076,-619.65,[H]C1=[N+]=C(C([H])([H])C(F)(F)F)C2(Cl)[N-]C12[H],[H]C12C[N-][C+](C([H])([H])C(F)(F)F)C1(Cl)[N-]2,EWG,CF3,unknown,-2932.200959,-2932.170968,-2932.197993,-1099.750394,-19.663967499933506,-0.8446150000077068,-17.80280250020951,1.8611649997239965,18.8193524999258,16.958187500201802,-619.65
Int1_comp15_0_Sub10,TS_comp15_0_Sub10,Int2_comp15_0_Sub10,comp15_0_Sub10,-2647.508088,-2647.478452,-2647.504022,-815.717275,-9.753232499987234,8.843357500144293,-7.201817500008474,2.5514149999787605,18.596590000131528,16.045175000152767,-584.0,[H][C+]1[C-]([H])[N-]C2(C[N-2])[N-]C12Cl,[H][C+]1C[N-]C2(C[N-2])[N-]C12Cl,EWG,Cl,pi-system,-2648.214745,-2648.178637,-2648.207791,-815.751688,-27.50269750018873,-4.844927500037954,-23.13906249993437,4.363635000254362,22.657770000150776,18.294134999896414,-584.0
Int1_comp15_0_Sub11,TS_comp15_0_Sub11,Int2_comp15_0_Sub11,comp15_0_Sub11,-2422.385242,-2422.356521,-2422.38032,-590.593348,-10.431559999844067,7.590867499953617,-7.343005000080041,3.0885549997640283,18.022427499797686,14.933872500033658,-667.23,[H][C+]1[C-]([H])[N-]C2(C[N-2])[N-]C12C1([H])C([H])([H])C([H])([H])C([H])([H])C([H])([H])C1([H])[H],[H][C+]1C[N-]C2(C[N-2])[N-]C12C1([H])C([H])([H])C([H])([H])C([H])([H])C([H])([H])C1([H])[H],steric,Cy,unknown,-2423.248016,-2423.214113,-2423.241096,-590.783788,-28.237500000045657,-6.963367500039794,-23.89520000016546,4.342299999880197,21.274132500005862,16.931832500125665,-667.23
Int1_comp15_0_Sub12,TS_comp15_0_Sub12,Int2_comp15_0_Sub12,comp15_0_Sub12,-2345.050092,-2345.024924,-2345.04794,-513.263942,-6.827199999884215,8.96572000019205,-5.476819999869349,1.3503800000148658,15.792920000076265,14.4425400000614,-652.84,[H]c1nc(C#N)nc(C(C([H])([H])[H])(C([H])([H])[H])C([H])([H])[H])c1[H],[H][C+]1C[N-]C2(C[N-2])[N-]C12C(C([H])([H])[H])(C([H])([H])[H])C([H])([H])[H],steric,tBu,pi-system,-2345.875221,-2345.843762,-2345.869961,-513.416498,-24.783112499849835,-5.0425899999669355,-21.48246249990791,3.3006499999419248,19.7405224998829,16.439872499940975,-652.84
Int1_comp15_0_Sub14,TS_comp15_0_Sub14,Int2_comp15_0_Sub14,comp15_0_Sub14,-2227.288477,-2227.261006,-2227.284616,-395.500733,-7.827434999962719,9.410617499960525,-5.404657499873196,2.4227775000895235,17.238052499923242,14.81527499983372,-598.72,[H][C+]1[C-]([H])[N-]C2(C[N-2])[N-]C12C([H])([H])[H],[H][C+]1C[N-]C2(C[N-2])[N-]C12C([H])([H])[H],steric,Me,unknown,-2228.03119,-2227.997712,-2228.024754,-395.572042,-25.049800000103914,-4.0423549999241,-21.01121000002763,4.038590000076283,21.007445000179814,16.96885500010353,-598.72
Int1_comp15_0_Sub15,TS_comp15_0_Sub15,Int2_comp15_0_Sub15,comp15_0_Sub15,-2282.602396,-2282.569354,-2282.592112,-450.807579,-12.26574250009989,8.46811249991461,-5.812532499842149,6.453210000257741,20.7338550000145,14.28064499975676,-631.31,[H][C+]1[C-]([H])[N-]C2(C[N-2])[N-]C12N([H])C([H])([H])[H],[H][C+]1C[N-]C2(C[N-2])[N-]C12N([H])C([H])([H])[H],EDG,NHCH3,unknown,-2283.36213,-2283.322658,-2283.348699,-450.895803,-29.554622500001813,-4.7859425000442,-21.126670000092815,8.427952499908997,24.768679999957612,16.340727500048615,-631.31
Int1_comp15_0_Sub16,TS_comp15_0_Sub16,Int2_comp15_0_Sub16,comp15_0_Sub16,-2302.459914,-2302.428015,-2302.451845,-470.671457,-8.27484249997454,11.741780000067337,-3.211544999988547,5.0632974999859925,20.01662250004188,14.953325000055884,-597.31,[H][C+]1[C-]([H])[N-]C2(C[N-2])[N-]C12OC([H])([H])[H],[H][C+]1C[N-]C2(C[N-2])[N-]C12OC([H])([H])[H],EDG,OMe,pi-system,-2303.207949,-2303.169679,-2303.196814,-470.74739,-25.93520250007998,-1.9207775000728589,-18.947989999957713,6.9872125001222685,24.014425000007122,17.027212499884854,-597.31
Int1_comp15_0_Sub2,TS_comp15_0_Sub2,Int2_comp15_0_Sub2,comp15_0_Sub2,-2647.49528,-2647.474789,-2647.498415,-815.712628,-4.632205000004319,8.225897500133783,-6.599417499959941,-1.9672124999556213,12.858102500138102,14.825315000093724,-717.78,[H][C-]1[N-]C2(C[N-2])[N-]C2([H])[C+]1Cl,[H]C12[N-]C1(C[N-2])[N-]C[C+]2Cl,EWG,Cl,pi-system,-2648.20167,-2648.175026,-2648.202043,-815.747193,-22.11874749994223,-5.399637499921539,-22.35280499985066,-0.23405749990843105,16.71911000002069,16.953167499929123,-717.78
Int1_comp15_0_Sub5,TS_comp15_0_Sub5,Int2_comp15_0_Sub5,comp15_0_Sub5,-2305.784786,-2305.767143,-2305.787113,-474.004521,-3.134362500040737,7.936620000043746,-4.594554999849692,-1.4601924998089544,11.070982500084485,12.531174999893436,-639.34,[H][C-]1[N-]C2(C[N-2])[N-]C2([H])[C+]1C([H])(C([H])([H])[H])C([H])([H])[H],[H]C([H])([H])C([H])([C+]1C[N-]C2(C[N-2])[N-]C12[H])C([H])([H])[H],steric,iPr,unknown,-2306.582858,-2306.559678,-2306.582962,-474.130313,-20.90641750014953,-6.3609675000626,-20.971677499984764,-0.06525999983523434,14.54545000008693,14.610709999922165,-639.34
Int1_comp159_7_Sub7,TS_comp159_7_Sub7,Int2_comp159_7_Sub7,comp159_7_Sub7,-2689.160177,-2689.133597,-2689.153155,-857.371754,-8.253507500064075,8.425442500058011,-3.847202499917444,4.406305000146631,16.678950000122086,12.272644999975457,-720.19,[H]C1=[N+]=C(C([H])([H])[H])C2(Cl)[N-]C12N([H])C([H])([H])[H],[H][N+](=C1CN=C(C([H])([H])[H])C(Cl)=N1)C([H])([H])[H],EDG,NHCH3,unknown,-2689.936053,-2689.905014,-2689.928264,-857.47636,-25.391787499953864,-5.914814999976272,-20.50419000009498,4.8875974998588845,19.47697249997759,14.589375000118707,-720.19
Int1_comp15_0_Sub6,TS_comp15_0_Sub6,Int2_comp15_0_Sub6,comp15_0_Sub6,-2227.277248,-2227.255223,-2227.278524,-395.496828,-3.2316249998665114,10.589062499981452,-4.032314999842441,-0.8006899999759298,13.820687499847963,14.621377499823891,-648.83,[H][C-]1[N-]C2(C[N-2])[N-]C2([H])[C+]1C([H])([H])[H],[H]C([H])([H])[C+]1C[N-]C2(C[N-2])[N-]C12[H],steric,Me,unknown,-2228.020597,-2227.992964,-2228.01971,-395.568236,-20.790957500120015,-3.4512500000253965,-20.234365000027168,0.5565925000928473,17.33970750009462,16.78311500000177,-648.83
Int1_comp15_0_Sub7,TS_comp15_0_Sub7,Int2_comp15_0_Sub7,comp15_0_Sub7,-2282.588713,-2282.563233,-2282.58564,-450.793371,-12.595180000017194,3.393520000135481,-10.66687249982067,1.9283075001965244,15.988700000152676,14.060392499956151,-641.64,[H]c1nc(C#N)nc([H])c1N([H])C([H])([H])[H],[H]N([C+]1C[N-]C2(C[N-2])[N-]C12[H])C([H])([H])[H],EDG,NHCH3,unknown,-2283.347126,-2283.316939,-2283.343458,-450.88056,-29.70459500008687,-10.762252499900882,-27.402924999905593,2.301670000181275,18.942342500185987,16.64067250000471,-641.64
Int1_comp15_0_Sub8,TS_comp15_0_Sub8,Int2_comp15_0_Sub8,comp15_0_Sub8,-2302.429407,-2302.410532,-2302.438471,-470.653427,-0.4455249999809041,11.398537500149216,-6.133184999888641,-5.687659999907737,11.84406250013012,17.53172250003786,-765.62,[H]C1=NC2(C#N)[N-]C2([H])C1=[O+]C([H])([H])[H],[H]C([H])([H])O[C+]1C[N-]C2(C[N-2])[N-]C12[H],EDG,OMe,unknown,-2303.176063,-2303.152669,-2303.183271,-470.729369,-17.234914999931163,-2.5551800000405933,-21.757934999925794,-4.523019999994631,14.67973499989057,19.2027549998852,-765.62
Int1_comp15_0_Sub9,TS_comp15_0_Sub9,Int2_comp15_0_Sub9,comp15_0_Sub9,-2524.898861,-2524.87209,-2524.89782,-693.111177,-7.789785000022107,9.009017500154073,-7.1365575000305626,0.6532274999915444,16.79880250017618,16.145575000184635,-588.85,[H][C+]1[C-]([H])[N-]C2(C[N-2])[N-]C12C(F)(F)F,[H][C+]1C[N-]C2(C[N-2])[N-]C12C(F)(F)F,EWG,CF3,pi-system,-2525.618308,-2525.585037,-2525.61421,-693.15764,-26.00360000004997,-5.1260474998989025,-23.432105000121908,2.5714949999280634,20.87755250015107,18.306057500223005,-588.85
Int1_comp15_1_Sub2,TS_comp15_1_Sub2,Int2_comp15_1_Sub2,comp15_1_Sub2,-2647.498408,-2647.47729,-2647.493936,-815.717272,-3.680914999909248,9.570630000162907,-0.8747349998603227,2.8061800000489256,13.251545000072156,10.44536500002323,-626.1,[H]c1nc(C#N)nc(Cl)c1[H],[H][C+]1C[C-](Cl)[N-][C+](C[N-2])[N-]1,EWG,Cl,unknown,-2648.203861,-2648.178105,-2648.198876,-815.751684,-20.675497500019162,-4.513607500018395,-17.54740999999825,3.1280875000209107,16.161890000000767,13.033802499979856,-626.1
Int1_comp15_1_Sub7,TS_comp15_1_Sub7,Int2_comp15_1_Sub7,comp15_1_Sub7,-2282.59982,-2282.557059,-2282.569327,-450.808527,-10.054432499868824,16.778094999943107,9.079924999975049,19.13435749984388,26.83252749981193,7.698169999968059,-815.8,[H]c1nc(C#N)nc(N([H])C([H])([H])[H])c1[H],[H]N([C+]1CC2([H])[N-]C2(C[N-2])[N-]1)C([H])([H])[H],EDG,NHCH3,unknown,-2283.358908,-2283.31264,-2283.328503,-450.896423,-27.143767500096203,1.8894024999380576,-8.064630000112913,19.07913749998329,29.03317000003426,9.954032500050971,-815.8
Int1_comp15_2_Sub10,TS_comp15_2_Sub10,Int2_comp15_2_Sub10,comp15_2_Sub10,-2647.508086,-2647.478451,-2647.504024,-815.717275,-9.751977499847726,8.84398500007137,-7.203072499862628,2.5489049999850977,18.595962499919096,16.047057499934,-583.95,[H][C+]1[C-]([H])[N-]C2(C[N-2])[N-]C12Cl,[H][C+]1C[N-]C2(C[N-2])[N-]C12Cl,EWG,Cl,pi-system,-2648.214745,-2648.178637,-2648.207791,-815.751688,-27.50269750018873,-4.844927500037954,-23.13906249993437,4.363635000254362,22.657770000150776,18.294134999896414,-583.95
Int1_comp15_2_Sub11,TS_comp15_2_Sub11,Int2_comp15_2_Sub11,comp15_2_Sub11,-2422.385242,-2422.356521,-2422.38032,-590.593348,-10.431559999844067,7.590867499953617,-7.343005000080041,3.0885549997640283,18.022427499797686,14.933872500033658,-667.25,[H][C+]1[C-]([H])[N-]C2(C[N-2])[N-]C12C1([H])C([H])([H])C([H])([H])C([H])([H])C([H])([H])C1([H])[H],[H][C+]1C[N-]C2(C[N-2])[N-]C12C1([H])C([H])([H])C([H])([H])C([H])([H])C([H])([H])C1([H])[H],steric,Cy,unknown,-2423.248016,-2423.214114,-2423.241096,-590.783788,-28.237500000045657,-6.9639949999668715,-23.89520000016546,4.342299999880197,21.273505000078785,16.931205000198588,-667.25
Int1_comp15_2_Sub13,TS_comp15_2_Sub13,Int2_comp15_2_Sub13,comp15_2_Sub13,-2305.797669,-2305.770161,-2305.794045,-474.009543,-8.0671399999639,9.19413000011474,-5.79307999999827,2.2740599999656297,17.26127000007864,14.98721000011301,-627.21,[H][C+]1[C-]([H])[N-]C2(C[N-2])[N-]C12C([H])(C([H])([H])[H])C([H])([H])[H],[H][C+]1C[N-]C2(C[N-2])[N-]C12C([H])(C([H])([H])[H])C([H])([H])[H],steric,iPr,unknown,-2306.595548,-2306.561856,-2306.589108,-474.135135,-25.843587499883256,-4.701857499899802,-21.802487500098664,4.041099999784592,21.141729999983454,17.100630000198862,-627.21
Int1_comp15_2_Sub14,TS_comp15_2_Sub14,Int2_comp15_2_Sub14,comp15_2_Sub14,-2227.288477,-2227.261006,-2227.284617,-395.500733,-7.827434999962719,9.410617499960525,-5.405284999800273,2.4221500001624463,17.238052499923242,14.815902499760796,-598.72,[H][C+]1[C-]([H])[N-]C2(C[N-2])[N-]C12C([H])([H])[H],[H][C+]1C[N-]C2(C[N-2])[N-]C12C([H])([H])[H],steric,Me,unknown,-2228.031188,-2227.997712,-2228.024754,-395.572042,-25.048544999964406,-4.0423549999241,-21.01121000002763,4.037334999936775,21.006190000040306,16.96885500010353,-598.72
Int1_comp15_2_Sub16,TS_comp15_2_Sub16,Int2_comp15_2_Sub16,comp15_2_Sub16,-2302.459911,-2302.428015,-2302.451845,-470.671457,-8.272959999907954,11.741780000067337,-3.211544999988547,5.061414999919407,20.01473999997529,14.953325000055884,-597.3,[H][C+]1[C-]([H])[N-]C2(C[N-2])[N-]C12OC([H])([H])[H],[H][C+]1C[N-]C2(C[N-2])[N-]C12OC([H])([H])[H],EDG,OMe,pi-system,-2303.207946,-2303.169679,-2303.196814,-470.74739,-25.933320000013396,-1.9207775000728589,-18.947989999957713,6.985330000055683,24.012542499940537,17.027212499884854,-597.3
Int1_comp15_2_Sub2,TS_comp15_2_Sub2,Int2_comp15_2_Sub2,comp15_2_Sub2,-2647.495281,-2647.473588,-2647.498415,-815.712628,-4.632832499931396,8.979525000157196,-6.599417499959941,-1.9665850000285443,13.612357500088592,15.578942500117137,-705.06,[H][C-]1[N-]C2(C[N-2])[N-]C2([H])[C+]1Cl,[H]C12[N-]C1(C[N-2])[N-]C[C+]2Cl,EWG,Cl,pi-system,-2648.20167,-2648.173929,-2648.202043,-815.747193,-22.11874749994223,-4.711270000018715,-22.35280499985066,-0.23405749990843105,17.407477499923516,17.641534999831947,-705.06
Int1_comp15_2_Sub5,TS_comp15_2_Sub5,Int2_comp15_2_Sub5,comp15_2_Sub5,-2305.784784,-2305.767153,-2305.787113,-474.004521,-3.1331074999012287,7.930345000202266,-4.594554999849692,-1.4614474999484628,11.063452500103494,12.524900000051955,-638.94,[H][C-]1[N-]C2(C[N-2])[N-]C2([H])[C+]1C([H])(C([H])([H])[H])C([H])([H])[H],[H]C([H])([H])C([H])([C+]1C[N-]C2(C[N-2])[N-]C12[H])C([H])([H])[H],steric,iPr,unknown,-2306.582861,-2306.559684,-2306.582962,-474.130313,-20.90829999993076,-6.364732499910417,-20.971677499984764,-0.06337750005400267,14.543567500020345,14.606945000074347,-638.94
Int1_comp15_2_Sub6,TS_comp15_2_Sub6,Int2_comp15_2_Sub6,comp15_2_Sub6,-2227.277253,-2227.25522,-2227.278528,-395.496828,-3.234762500072605,10.590945000048038,-4.034824999836104,-0.8000624997634986,13.825707500120645,14.625769999884142,-648.71,[H][C-]1[N-]C2(C[N-2])[N-]C2([H])[C+]1C([H])([H])[H],[H]C([H])([H])[C+]1C[N-]C2(C[N-2])[N-]C12[H],steric,Me,unknown,-2228.020599,-2227.992968,-2228.019714,-395.568236,-20.79221249997417,-3.4537600000190594,-20.23687500002083,0.5553374999533389,17.33845249995511,16.78311500000177,-648.71
Int1_comp15_2_Sub7,TS_comp15_2_Sub7,Int2_comp15_2_Sub7,comp15_2_Sub7,-2282.588711,-2282.563241,-2282.58564,-450.793371,-12.593924999877686,3.388500000148156,-10.66687249982067,1.927052500057016,15.982425000025842,14.055372499968826,-641.4,[H]c1nc(C#N)nc([H])c1N([H])C([H])([H])[H],[H]N([C+]1C[N-]C2(C[N-2])[N-]C12[H])C([H])([H])[H],EDG,NHCH3,unknown,-2283.347125,-2283.316943,-2283.343458,-450.88056,-29.703967499874437,-10.764762499894545,-27.402924999905593,2.301042499968844,18.939204999979893,16.63816250001105,-641.4
Int1_comp15_2_Sub15,TS_comp15_2_Sub15,Int2_comp15_2_Sub15,comp15_2_Sub15,-2282.602431,-2282.569354,-2282.592112,-450.807579,-12.287704999830424,8.46811249991461,-5.812532499842149,6.475172499988275,20.755817499745035,14.28064499975676,-631.31,[H][C+]1[C-]([H])[N-]C2(C[N-2])[N-]C12N([H])C([H])([H])[H],[H][C+]1C[N-]C2(C[N-2])[N-]C12N([H])C([H])([H])[H],EDG,NHCH3,unknown,-2283.362143,-2283.322658,-2283.348698,-450.895803,-29.56277999990988,-4.7859425000442,-21.126042499880384,8.436737500029494,24.776837499865678,16.340099999836184,-631.31
Int1_comp15_2_Sub8,TS_comp15_2_Sub8,Int2_comp15_2_Sub8,comp15_2_Sub8,-2302.429407,-2302.410532,-2302.438471,-470.653427,-0.4455249999809041,11.398537500149216,-6.133184999888641,-5.687659999907737,11.84406250013012,17.53172250003786,-765.55,[H]C1=NC2(C#N)[N-]C2([H])C1=[O+]C([H])([H])[H],[H]C([H])([H])O[C+]1C[N-]C2(C[N-2])[N-]C12[H],EDG,OMe,unknown,-2303.176063,-2303.15267,-2303.183271,-470.729369,-17.234914999931163,-2.5558074999676705,-21.757934999925794,-4.523019999994631,14.679107499963493,19.202127499958124,-765.55
Int1_comp15_2_Sub9,TS_comp15_2_Sub9,Int2_comp15_2_Sub9,comp15_2_Sub9,-2524.898857,-2524.87209,-2524.89782,-693.111177,-7.787275000028444,9.009017500154073,-7.1365575000305626,0.6507174999978815,16.796292500182517,16.145575000184635,-588.9,[H][C+]1[C-]([H])[N-]C2(C[N-2])[N-]C12C(F)(F)F,[H][C+]1C[N-]C2(C[N-2])[N-]C12C(F)(F)F,EWG,CF3,pi-system,-2525.618304,-2525.585038,-2525.61421,-693.15764,-26.00109000005631,-5.126675000111334,-23.432105000121908,2.5689849999344005,20.874414999944975,18.305430000010574,-588.9
Int1_comp163_0_Sub10,TS_comp163_0_Sub10,Int2_comp163_0_Sub10,comp163_0_Sub10,-3081.916807,-3081.882515,-3081.907945,-1250.140074,-0.9180325000363608,20.60019750013793,4.642872500048725,5.560905000085086,21.5182300001743,15.957325000089211,-696.55,[H]c1c([H])c(Cl)c(Cl)c([H])c1F,[H][C+]1C[C-](Cl)[C-](Cl)[C+]([H])[C+]1F,EWG,Cl,unknown,-3082.628663,-3082.590201,-3082.618633,-1250.181113,-17.772054999930447,6.362850000057847,-11.478229999983682,6.293824999946764,24.134904999988294,17.84108000004153,-696.55
Int1_comp163_0_Sub17,TS_comp163_0_Sub17,Int2_comp163_0_Sub17,comp163_0_Sub17,-2959.303791,-2959.281328,-2959.302749,-1127.531641,1.9578000001934013,16.053332500060833,2.611655000112023,0.6538549999186216,14.095532499867431,13.44167749994881,-711.28,[H]c1c([H])c(F)c(C(F)(F)F)c(Cl)c1[H],[H][C+]1C[C-]([H])[C-](Cl)[C+](C(F)(F)F)[C+]1F,EWG,CF3,unknown,-2960.029169,-2960.002257,-2960.026271,-1127.585308,-15.457207499996457,1.430072499885,-13.63871250016473,1.818494999831728,16.887279999881457,15.06878500004973,-711.28
Int1_comp163_0_Sub18,TS_comp163_0_Sub18,Int2_comp163_0_Sub18,comp163_0_Sub18,-3081.912746,-3081.88636,-3081.906929,-1250.137193,-0.1775824999083397,16.379632500093066,3.4725849999358616,3.650167499844201,16.557215000001406,12.907047500157203,-726.11,[H]c1c([H])c(F)c(Cl)c(Cl)c1[H],[H][C+]1C[C-]([H])[C-](Cl)[C+](Cl)[C+]1F,EWG,Cl,unknown,-3082.624576,-3082.594448,-3082.617592,-1250.178457,-16.874102500128743,2.0312175000793786,-12.491642500064586,4.382460000064157,18.90532000020812,14.522860000143964,-726.11
Int1_comp163_0_Sub19,TS_comp163_0_Sub19,Int2_comp163_0_Sub19,comp163_0_Sub19,-2856.790422,-2856.765252,-2856.782812,-1025.012218,-1.8410849999173704,13.953090000013049,2.9341900001537624,4.775275000071133,15.79417499993042,11.018899999859286,-792.73,[H]c1c([H])c(F)c(C2([H])C([H])([H])C([H])([H])C([H])([H])C([H])([H])C2([H])[H])c(Cl)c1[H],[H][C+]1C[C-]([H])[C-](Cl)[C+](C2([H])C([H])([H])C([H])([H])C([H])([H])C([H])([H])C2([H])[H])[C+]1F,steric,Cy,unknown,-2857.659731,-2857.630805,-2857.650807,-1025.210061,-19.102355000138687,-0.9512899998810553,-13.50254500000915,5.599810000129537,18.15106500025763,12.551255000128094,-792.73
Int1_comp163_0_Sub21,TS_comp163_0_Sub21,Int2_comp163_0_Sub21,comp163_0_Sub21,-2740.201983,-2740.179066,-2740.196485,-908.42857,1.1652675001255377,15.545684999987088,4.615262500118433,3.449994999992896,14.38041749986155,10.930422499868657,-790.27,[H]c1c([H])c(F)c(C([H])(C([H])([H])[H])C([H])([H])[H])c(Cl)c1[H],[H][C+]1C[C-]([H])[C-](Cl)[C+](C([H])(C([H])([H])[H])C([H])([H])[H])[C+]1F,steric,iPr,unknown,-2741.006586,-2740.979053,-2740.999002,-908.561514,-16.217110000004027,1.0598474999636665,-11.45815000003438,4.7589599999696475,17.276957499967693,12.517997499998046,-790.27
Int1_comp163_0_Sub22,TS_comp163_0_Sub22,Int2_comp163_0_Sub22,comp163_0_Sub22,-2661.699325,-2661.671583,-2661.691248,-829.924169,0.0715350000334069,17.479640000169354,5.139852500006725,5.068317499973318,17.408105000135947,12.339787500162627,-725.97,[H]c1c([H])c(F)c(C([H])([H])[H])c(Cl)c1[H],[H][C+]1C[C-]([H])[C-](Cl)[C+](C([H])([H])[H])[C+]1F,steric,Me,unknown,-2662.447703,-2662.416334,-2662.438513,-830.002456,-16.326922499869454,3.3571250000133546,-10.56019750001866,5.766724999850794,19.68404749988281,13.917322500032014,-725.97
Int1_comp163_0_Sub23,TS_comp163_0_Sub23,Int2_comp163_0_Sub23,comp163_0_Sub23,-2716.985872,-2716.957636,-2716.976964,-885.20957,-0.6475800000771414,17.070509999989554,4.942190000077744,5.589770000154886,17.718090000066695,12.12831999991181,-739.71,[H]c1c([H])c(F)c(N([H])C([H])([H])[H])c(Cl)c1[H],[H]C1=C(F)C(=[N+]([H])C([H])([H])[H])C(Cl)=C([H])C1,EDG,NHCH3,unknown,-2717.751012,-2717.719331,-2717.741123,-885.304289,-17.253112500099235,2.6267150001453388,-11.047764999857748,6.205347500241487,19.879827500244573,13.674480000003086,-739.71
Int1_comp163_0_Sub24,TS_comp163_0_Sub24,Int2_comp163_0_Sub24,comp163_0_Sub24,-2736.846638,-2736.819494,-2736.839191,-905.071973,0.3796375000402463,17.412497500124857,5.052630000012925,4.672992499972679,17.03286000008461,12.359867500111932,-732.55,[H]c1c([H])c(F)c(OC([H])([H])[H])c(Cl)c1[H],[H]C1=C(F)C(=[O+]C([H])([H])[H])C(Cl)=C([H])C1,EDG,OMe,unknown,-2737.598857,-2737.568005,-2737.59021,-905.153648,-16.303077500000995,3.0565524999161653,-10.87708499993198,5.425992500069015,19.35962999991716,13.933637499848146,-732.55
Int1_comp163_0_Sub6,TS_comp163_0_Sub6,Int2_comp163_0_Sub6,comp163_0_Sub6,-2661.700016,-2661.67177,-2661.678628,-829.924108,-0.4003449997739494,17.324020000134226,13.020625000013126,13.420969999787076,17.724364999908175,4.3033950001211,-772.45,[H]c1c([H])c(C([H])([H])[H])c(F)c([H])c1Cl,[H][C+]1[C+](F)[C+](C([H])([H])[H])C[C-]([H])[C-]1Cl,steric,Me,unknown,-2662.448631,-2662.416883,-2662.427185,-830.002059,-17.158360000124446,2.7635100000853186,-3.700995000001228,13.457365000123218,19.921870000209765,6.464505000086547,-772.45
Int1_comp163_0_Sub8,TS_comp163_0_Sub8,Int2_comp163_0_Sub8,comp163_0_Sub8,-2736.849463,-2736.820279,-2736.838352,-905.073185,-0.6325199999724873,17.680440000019075,6.33963249990245,6.972152499874937,18.312959999991563,11.340807500116624,-679.8,[H]c1c([H])c(OC([H])([H])[H])c(F)c([H])c1Cl,[H]C1=C(Cl)C([H])=C(F)C(=[O+]C([H])([H])[H])C1,EDG,OMe,unknown,-2737.602127,-2737.569147,-2737.590185,-905.155109,-17.4382250000599,3.2567249999101477,-9.944620000003397,7.493605000056505,20.69494999997005,13.201344999913545,-679.8
Int1_comp163_4_Sub10,TS_comp163_4_Sub10,Int2_comp163_4_Sub10,comp163_4_Sub10,-3081.916076,-3081.883933,-3081.908868,-1250.143021,1.3899125001290713,21.559645000069736,5.912932500123702,4.523019999994631,20.169732499940665,15.646712499946034,-677.29,[H]c1c(F)c([H])c(Cl)c([H])c1Cl,[H][C+]1[C+](F)C[C-](Cl)[C-]([H])[C+]1Cl,EWG,Cl,unknown,-3082.627334,-3082.591804,-3082.619686,-1250.183911,-15.182362499834312,7.112712499948088,-10.383242499966059,4.799119999868253,22.2950749997824,17.495954999914147,-677.29
Int1_comp163_4_Sub11,TS_comp163_4_Sub11,Int2_comp163_4_Sub11,comp163_4_Sub11,-2856.791695,-2856.758586,-2856.782306,-1025.015435,-0.6212249998583275,20.154672500121364,5.270372500033886,5.891597499892214,20.77589749997969,14.884300000087478,-687.58,[H]c1c(F)c([H])c(C2([H])C([H])([H])C([H])([H])C([H])([H])C([H])([H])C2([H])[H])c([H])c1Cl,[H][C+]1[C+](F)C[C-](Cl)[C-]([H])[C+]1C1([H])C([H])([H])C([H])([H])C([H])([H])C([H])([H])C1([H])[H],steric,Cy,unknown,-2857.660348,-2857.623325,-2857.650036,-1025.212399,-18.022427499940363,5.2095049999735465,-11.551647500012336,6.470779999928027,23.23193249991391,16.761152499985883,-687.58
Int1_comp163_4_Sub12,TS_comp163_4_Sub12,Int2_comp163_4_Sub12,comp163_4_Sub12,-2779.459437,-2779.426066,-2779.449953,-947.684956,0.4950975001054303,21.43540000009807,6.4463075002038295,5.951210000098399,20.94030249999264,14.98909249989424,-688.75,[H]c1c(F)c([H])c(C(C([H])([H])[H])(C([H])([H])[H])C([H])([H])[H])c([H])c1Cl,[H][C+]1[C+](F)C[C-](Cl)[C-]([H])[C+]1C(C([H])([H])[H])(C([H])([H])[H])C([H])([H])[H],steric,tBu,unknown,-2780.289611,-2780.252598,-2780.279306,-947.844116,-16.482542500118598,6.743114999953832,-10.016154999965465,6.466387500153132,23.22565750007243,16.759269999919297,-688.75
Int1_comp163_4_Sub13,TS_comp163_4_Sub13,Int2_comp163_4_Sub13,comp163_4_Sub13,-2740.205217,-2740.172285,-2740.196044,-908.431738,1.1238524999447463,21.78868249999084,6.879910000179166,5.756057500234419,20.66483000004609,14.908772499811676,-685.4,[H]c1c(F)c([H])c(C([H])(C([H])([H])[H])C([H])([H])[H])c([H])c1Cl,[H][C+]1[C+](F)C[C-](Cl)[C-]([H])[C+]1C([H])(C([H])([H])[H])C([H])([H])[H],steric,iPr,unknown,-2741.008516,-2740.971512,-2740.998271,-908.563785,-16.00313249990222,7.216877499970451,-9.574394999939386,6.4287374999628355,23.220009999872673,16.791272499909837,-685.4
Int1_comp163_4_Sub14,TS_comp163_4_Sub14,Int2_comp163_4_Sub14,comp163_4_Sub14,-2661.69709,-2661.663755,-2661.687376,-829.923941,1.3309274999926402,22.248640000042315,7.426462500154685,6.0955350001620445,20.917712500049674,14.82217749988763,-682.61,[H]c1c(F)c([H])c(C([H])([H])[H])c([H])c1Cl,[H][C+]1[C+](F)C[C-](Cl)[C-]([H])[C+]1C([H])([H])[H],steric,Me,unknown,-2662.444878,-2662.408037,-2662.434581,-830.001745,-15.000387499865724,8.117339999908495,-8.539019999985271,6.461367499880453,23.11772749977422,16.656359999893766,-682.61
Int1_comp163_4_Sub15,TS_comp163_4_Sub15,Int2_comp163_4_Sub15,comp163_4_Sub15,-2716.996944,-2716.960751,-2716.983151,-885.219684,-1.2487249999148275,21.462382500029943,7.406382500134043,8.65510750004887,22.711107499944774,14.055999999895905,-700.55,[H]c1c(F)c([H])c(N([H])C([H])([H])[H])c([H])c1Cl,[H]C1=C(F)CC(Cl)=C([H])C1=[N+]([H])C([H])([H])[H],EDG,NHCH3,unknown,-2717.761262,-2717.721467,-2717.746815,-885.313022,-18.205029999978706,6.766332500109229,-9.139537499967219,9.065492500011487,24.971362500087935,15.905870000076447,-700.55
Int1_comp163_4_Sub16,TS_comp163_4_Sub16,Int2_comp163_4_Sub16,comp163_4_Sub16,-2736.855899,-2736.821495,-2736.844878,-905.082585,1.2273899999686932,22.815899999965552,8.143067500128893,6.9156775001602,21.58850999999686,14.67283249983666,-690.38,[H]c1c(F)c([H])c(OC([H])([H])[H])c([H])c1Cl,[H]C1=C(F)CC(Cl)=C([H])C1=[O+]C([H])([H])[H],EDG,OMe,unknown,-2737.608768,-2737.570526,-2737.596841,-905.164699,-15.587727500023618,8.409127500027864,-8.103535000014688,7.48419250000893,23.996855000051482,16.512662500042552,-690.38
Int1_comp163_4_Sub17,TS_comp163_4_Sub17,Int2_comp163_4_Sub17,comp163_4_Sub17,-2959.313151,-2959.281493,-2959.304288,-1127.539953,1.3001800001416086,21.165575000065928,6.861712500153772,5.561532500012163,19.86539499992432,14.303862499912157,-794.69,[H]c1c([H])c(C(F)(F)F)c(Cl)c([H])c1F,[H][C+]1[C+](F)C[C-](Cl)[C-](C(F)(F)F)[C+]1[H],EWG,CF3,unknown,-2960.037661,-2960.00239,-2960.028093,-1127.593369,-15.727659999955677,6.404892499880361,-9.723739999990357,6.003919999965319,22.132552499836038,16.12863249987072,-794.69
Int1_comp163_4_Sub18,TS_comp163_4_Sub18,Int2_comp163_4_Sub18,comp163_4_Sub18,-3081.914332,-3081.88128,-3081.905729,-1250.140072,0.6337750001119957,21.373904999967976,6.032157499965365,5.398382499853369,20.74012999985598,15.341747500002612,-699.84,[H]c1c([H])c(Cl)c(Cl)c([H])c1F,[H][C+]1[C+](F)C[C-](Cl)[C-](Cl)[C+]1[H],EWG,Cl,unknown,-3082.625758,-3082.589222,-3082.616581,-1250.181111,-15.950422500035302,6.975917500008109,-10.191855000092573,5.758567499942728,22.92634000004341,17.167772500100682,-699.84
Int1_comp163_4_Sub19,TS_comp163_4_Sub19,Int2_comp163_4_Sub19,comp163_4_Sub19,-2856.790321,-2856.755572,-2856.778306,-1025.013774,-0.801317499903007,21.003680000046643,6.738094999966506,7.539412499869513,21.80499749994965,14.265585000080137,-707.51,[H]c1c([H])c(C2([H])C([H])([H])C([H])([H])C([H])([H])C([H])([H])C2([H])[H])c(Cl)c([H])c1F,[H][C+]1[C+](F)C[C-](Cl)[C-](C2([H])C([H])([H])C([H])([H])C([H])([H])C([H])([H])C2([H])[H])[C+]1[H],steric,Cy,unknown,-2857.659304,-2857.620805,-2857.646482,-1025.211176,-18.13474999987079,6.023372499987545,-10.088945000067042,8.04580499980375,24.158122499858337,16.112317500054587,-707.51
Int1_comp163_4_Sub21,TS_comp163_4_Sub21,Int2_comp163_4_Sub21,comp163_4_Sub21,-2740.204528,-2740.169217,-2740.191971,-908.429951,0.4348574999008292,22.59250999995885,8.314374999910399,7.87951750000957,22.15765250005802,14.27813500004845,-698.0,[H]c1c([H])c(C([H])(C([H])([H])[H])C([H])([H])[H])c(Cl)c([H])c1F,[H][C+]1[C+](F)C[C-](Cl)[C-](C([H])(C([H])([H])[H])C([H])([H])[H])[C+]1[H],steric,iPr,unknown,-2741.008035,-2740.968977,-2740.994642,-908.562608,-16.439872499940975,8.069022499959146,-8.035765000114452,8.404107499826523,24.50889499990012,16.1047875000736,-698.0
Int1_comp163_4_Sub22,TS_comp163_4_Sub22,Int2_comp163_4_Sub22,comp163_4_Sub22,-2661.696285,-2661.66262,-2661.685857,-829.923681,1.672915000056605,22.797702500011496,8.216485000086209,6.543570000029604,21.12478749995489,14.581217499925287,-691.96,[H]c1c([H])c(C([H])([H])[H])c(Cl)c([H])c1F,[H][C+]1[C+](F)C[C-](Cl)[C-](C([H])([H])[H])[C+]1[H],steric,Me,unknown,-2662.444955,-2662.40764,-2662.433854,-830.001986,-14.89747749998287,8.517685000039137,-7.9315999999494124,6.965877500033457,23.415162500022006,16.44928499998855,-691.96
Int1_comp163_4_Sub24,TS_comp163_4_Sub24,Int2_comp163_4_Sub24,comp163_4_Sub24,-2736.847072,-2736.8139,-2736.83798,-905.074583,1.7450775000170893,22.56050749996831,7.45030750016582,5.705230000148731,20.81542999995122,15.11019999980249,-693.2,[H]c1c([H])c(OC([H])([H])[H])c(Cl)c([H])c1F,[H][C+]1[C+](F)C[C-](Cl)[C-](OC([H])([H])[H])[C+]1[H],EDG,OMe,unknown,-2737.598722,-2737.562263,-2737.589314,-905.156023,-14.728052500125273,8.149970000111466,-8.824532499906468,5.903520000218805,22.87802250023674,16.974502500017934,-693.2
Int1_comp163_4_Sub3,TS_comp163_4_Sub3,Int2_comp163_4_Sub3,comp163_4_Sub3,-2856.792233,-2856.757357,-2856.780831,-1025.014138,-1.7726875000187192,20.11200250008642,5.3820675000372376,7.154755000055957,21.88469000010513,14.72993500004918,-712.38,[H]c1c([H])c(C2([H])C([H])([H])C([H])([H])C([H])([H])C([H])([H])C2([H])[H])c(F)c([H])c1Cl,[H][C+]1[C+](C2([H])C([H])([H])C([H])([H])C([H])([H])C([H])([H])C2([H])[H])[C+](F)C[C-](Cl)[C-]1[H],steric,Cy,unknown,-2857.660917,-2857.622493,-2857.649084,-1025.211542,-18.91724250010668,5.193817500084492,-11.492035000091505,7.425207500015176,24.111060000191173,16.685852500175997,-712.38
Int1_comp163_4_Sub4,TS_comp163_4_Sub4,Int2_comp163_4_Sub4,comp163_4_Sub4,-2779.453691,-2779.422614,-2779.446293,-947.682442,2.523177499978715,22.02399500003878,7.165422500100362,4.642245000121648,19.500817500060062,14.858572499938418,-704.15,[H]c1c([H])c(C(C([H])([H])[H])(C([H])([H])[H])C([H])([H])[H])c(F)c([H])c1Cl,[H][C+]1[C+](C(C([H])([H])[H])(C([H])([H])[H])C([H])([H])[H])[C+](F)C[C-](Cl)[C-]1[H],steric,tBu,unknown,-2780.284515,-2780.249735,-2780.276326,-947.842241,-14.461364999942532,7.3630850000293435,-9.322767500146654,5.138597499795878,21.824449999971876,16.685852500175997,-704.15
Int1_comp163_4_Sub5,TS_comp163_4_Sub5,Int2_comp163_4_Sub5,comp163_4_Sub5,-2740.205074,-2740.17106,-2740.194884,-908.430448,0.4041100000497977,21.747894999951143,6.79833500002843,6.394224999978633,21.343784999901345,14.949559999922712,-700.0,[H]c1c([H])c(C([H])(C([H])([H])[H])C([H])([H])[H])c(F)c([H])c1Cl,[H][C+]1[C+](C([H])(C([H])([H])[H])C([H])([H])[H])[C+](F)C[C-](Cl)[C-]1[H],steric,iPr,unknown,-2741.008234,-2740.970844,-2740.997545,-908.563153,-16.22275749991843,7.239467500056094,-9.515410000088309,6.707347499830121,23.462224999974524,16.754877500144403,-700.0
Int1_comp163_4_Sub6,TS_comp163_4_Sub6,Int2_comp163_4_Sub6,comp163_4_Sub6,-2661.697499,-2661.663799,-2661.687686,-829.924108,1.1790725001620217,22.3258225001328,7.3367299999532065,6.157657499791185,21.14674999997078,14.989092500179597,-683.43,[H]c1c([H])c(C([H])([H])[H])c(F)c([H])c1Cl,[H][C+]1[C+](C([H])([H])[H])[C+](F)C[C-](Cl)[C-]1[H],steric,Me,unknown,-2662.445453,-2662.40832,-2662.435185,-830.002059,-15.164164999880256,8.13679250000206,-8.720994999882521,6.443169999997735,23.300957499882315,16.85778749988458,-683.43
Int1_comp163_4_Sub7,TS_comp163_4_Sub7,Int2_comp163_4_Sub7,comp163_4_Sub7,-2716.993224,-2716.957702,-2716.981509,-885.216647,-0.8201424998554785,21.4699124999396,6.5310199999186125,7.351162499774091,22.290054999795075,14.938892500020984,-679.75,[H]c1c([H])c(N([H])C([H])([H])[H])c(F)c([H])c1Cl,[H][C+]1[C+](N([H])C([H])([H])[H])[C+](F)C[C-](Cl)[C-]1[H],EDG,NHCH3,unknown,-2717.757931,-2717.718662,-2717.745336,-885.310537,-17.674165000106257,6.967132499816273,-9.770802500014213,7.903362500092044,24.64129749992253,16.737934999830486,-679.75
Int1_comp163_4_Sub8,TS_comp163_4_Sub8,Int2_comp163_4_Sub8,comp163_4_Sub8,-2736.848324,-2736.813374,-2736.837999,-905.073193,0.0872224999937998,22.01834750012437,6.566160000115247,6.478937500121447,21.93112500013057,15.452187500009131,-673.51,[H]c1c([H])c(OC([H])([H])[H])c(F)c([H])c1Cl,[H][C+]1[C+](OC([H])([H])[H])[C+](F)C[C-](Cl)[C-]1[H],EDG,OMe,unknown,-2737.600374,-2737.561713,-2737.589268,-905.155113,-16.33570750006129,7.924069999968424,-9.366692500107092,6.969014999954197,24.259777500029713,17.290762500075516,-673.51
Int1_comp163_4_Sub9,TS_comp163_4_Sub9,Int2_comp163_4_Sub9,comp163_4_Sub9,-2959.314264,-2959.283916,-2959.309402,-1127.543455,2.7992774999950143,21.842647500139947,5.850182500139454,3.05090500014444,19.04337000014493,15.992465000000491,-664.78,[H]c1c(F)c([H])c(C(F)(F)F)c([H])c1Cl,[H][C+]1[C+](F)C[C-](Cl)[C-]([H])[C+]1C(F)(F)F,EWG,CF3,unknown,-2960.038525,-2960.004499,-2960.032889,-1127.596524,-14.290057499947011,7.061257499935323,-10.75346750003007,3.5365899999169415,21.351314999882334,17.814724999965392,-664.78
Int1_comp163_7_Sub10,TS_comp163_7_Sub10,Int2_comp163_7_Sub10,comp163_7_Sub10,-3081.915785,-3081.882455,-3081.907973,-1250.139877,-0.4003449999879649,20.51423000014097,4.5016850001911735,4.902030000179138,20.91457500012893,16.012544999949796,-687.3,[H]c1c([H])c(Cl)c(F)c([H])c1Cl,[H][C+]1C[C-](Cl)[C-]([H])[C+](F)[C+]1Cl,EWG,Cl,unknown,-3082.627714,-3082.590193,-3082.618557,-1250.180931,-17.290762500075516,6.253665000048159,-11.544744999815748,5.746017500259768,23.544427500123675,17.798409999863907,-687.3
Int1_comp163_4_Sub23,TS_comp163_4_Sub23,Int2_comp163_4_Sub23,comp163_4_Sub23,-2716.984523,-2716.948897,-2716.972356,-885.208491,-0.478155000005529,21.87715999991013,7.156637499908527,7.634792499914056,22.355314999915663,14.720522500001607,-705.94,[H]c1c([H])c(N([H])C([H])([H])[H])c(Cl)c([H])c1F,[H][C+]1[C+](F)C[C-](Cl)[C-](N([H])C([H])([H])[H])[C+]1[H],EDG,NHCH3,unknown,-2717.749087,-2717.710353,-2717.736809,-885.303005,-16.850885000116023,7.454700000012053,-9.14644000002113,7.704445000094893,24.305585000128076,16.601140000033183,-705.94
Int1_comp163_7_Sub11,TS_comp163_7_Sub11,Int2_comp163_7_Sub11,comp163_7_Sub11,-2856.795602,-2856.757766,-2856.786314,-1025.014138,-3.886735000031649,19.855354999949668,1.941485000091916,5.828220000123565,23.74208999998132,17.913869999857752,-696.52,[H]c1c([H])c(C2([H])C([H])([H])C([H])([H])C([H])([H])C([H])([H])C2([H])[H])c(F)c([H])c1Cl,[H][C+]1C[C-](Cl)[C-]([H])[C+](F)[C+]1C1([H])C([H])([H])C([H])([H])C([H])([H])C([H])([H])C1([H])[H],steric,Cy,unknown,-2857.66527,-2857.622815,-2857.654152,-1025.211541,-21.6493775000572,4.991134999811493,-14.672832500122013,6.976544999935186,26.64051249986869,19.663967499933506,-696.52
Int1_comp163_7_Sub12,TS_comp163_7_Sub12,Int2_comp163_7_Sub12,comp163_7_Sub12,-2779.458443,-2779.425127,-2779.44882,-947.682441,-0.4593299999103806,20.446460000098057,5.579102500039141,6.038432499949522,20.90579000000844,14.867357500058915,-699.95,[H]c1c([H])c(C(C([H])([H])[H])(C([H])([H])[H])C([H])([H])[H])c(F)c([H])c1Cl,[H][C+]1C[C-](Cl)[C-]([H])[C+](F)[C+]1C(C([H])([H])[H])(C([H])([H])[H])C([H])([H])[H],steric,tBu,unknown,-2780.289822,-2780.252181,-2780.278697,-947.842241,-17.791507500166688,5.828220000052227,-10.810570000171253,6.980937499995434,23.619727500218914,16.63879000022348,-699.95
Int1_comp163_7_Sub13,TS_comp163_7_Sub13,Int2_comp163_7_Sub13,comp163_7_Sub13,-2740.207483,-2740.172876,-2740.196736,-908.430449,-1.1069100000588603,20.60898249997308,5.636832500107403,6.743742500166263,21.71589250003194,14.972149999865678,-700.94,[H]c1c([H])c(C([H])(C([H])([H])[H])C([H])([H])[H])c(F)c([H])c1Cl,[H][C+]1C[C-](Cl)[C-]([H])[C+](F)[C+]1C([H])(C([H])([H])[H])C([H])([H])[H],steric,iPr,unknown,-2741.01162,-2740.972473,-2740.999139,-908.563153,-18.347472500118442,6.217270000140047,-10.515644999988467,7.831827500129975,24.56474250025849,16.732915000128514,-700.94
Int1_comp163_7_Sub14,TS_comp163_7_Sub14,Int2_comp163_7_Sub14,comp163_7_Sub14,-2661.700016,-2661.664561,-2661.692716,-829.924108,-0.4003449997739494,21.84766750005593,4.180405000074927,4.5807499998488765,22.248012499829883,17.667262499981007,-693.96,[H]c1c([H])c(C([H])([H])[H])c(F)c([H])c1Cl,[H][C+]1C[C-](Cl)[C-]([H])[C+](F)[C+]1C([H])([H])[H],steric,Me,unknown,-2662.448631,-2662.408752,-2662.439671,-830.002059,-17.158360000124446,7.865712500115762,-11.535960000051944,5.622400000072503,25.02407250024021,19.401672500167706,-693.96
Int1_comp163_7_Sub15,TS_comp163_7_Sub15,Int2_comp163_7_Sub15,comp163_7_Sub15,-2716.996564,-2716.953331,-2716.981444,-885.21059,-6.7167599999490335,20.411947499971177,2.771040000066307,9.48780000001534,27.12870749992021,17.64090749990487,-694.98,[H]c1c([H])c(N([H])C([H])([H])[H])c(F)c([H])c1Cl,[H][C+]1C[C-](Cl)[C-]([H])[C+](F)[C+]1N([H])C([H])([H])[H],EDG,NHCH3,unknown,-2717.761529,-2717.714192,-2717.745143,-885.304776,-23.54693749997466,6.157030000006785,-13.264722500110224,10.282214999864436,29.703967499981445,19.42175250011701,-694.98
Int1_comp163_7_Sub16,TS_comp163_7_Sub16,Int2_comp163_7_Sub16,comp163_7_Sub16,-2736.849463,-2736.813302,-2736.83842,-905.073191,-0.628754999981993,22.06227250001348,6.300727500000676,6.929482499982669,22.69102749999547,15.761545000012802,-691.04,[H]c1c([H])c(OC([H])([H])[H])c(F)c([H])c1Cl,[H][C+]1C[C-](Cl)[C-]([H])[C+](F)[C+]1OC([H])([H])[H],EDG,OMe,unknown,-2737.602127,-2737.561668,-2737.589452,-905.155112,-17.436342500064654,7.951680000112731,-9.482780000099353,7.953562499965301,25.388022500177385,17.434460000212084,-691.04
Int1_comp163_7_Sub17,TS_comp163_7_Sub17,Int2_comp163_7_Sub17,comp163_7_Sub17,-2959.303784,-2959.271897,-2959.296519,-1127.531641,1.962192499968296,21.971285000029184,6.520980000086638,4.558787500118342,20.009092500060888,15.450304999942546,-709.26,[H]c1c([H])c(F)c(C(F)(F)F)c(Cl)c1[H],[H][C+]1C[C-](Cl)[C-](C(F)(F)F)[C+](F)[C+]1[H],EWG,CF3,unknown,-2960.029165,-2959.992589,-2960.020038,-1127.585308,-15.454697500002794,7.496742499977245,-9.727505000123529,5.727192499879266,22.95143999998004,17.224247500100773,-709.26
Int1_comp163_7_Sub18,TS_comp163_7_Sub18,Int2_comp163_7_Sub18,comp163_7_Sub18,-3081.912745,-3081.878356,-3081.903289,-1250.137193,-0.1769549999812625,21.402142499968026,5.756685000161497,5.933640000142759,21.579097499949285,15.645457499806524,-707.78,[H]c1c([H])c(F)c(Cl)c(Cl)c1[H],[H][C+]1C[C-](Cl)[C-](Cl)[C+](F)[C+]1[H],EWG,Cl,unknown,-3082.624575,-3082.586115,-3082.613992,-1250.178457,-16.87347499991631,7.260174999932474,-10.232642500060933,6.640832499855378,24.133649999848785,17.492817499993407,-707.78
Int1_comp163_7_Sub20,TS_comp163_7_Sub20,Int2_comp163_7_Sub20,comp163_7_Sub20,-2779.444097,-2779.406807,-2779.433167,-947.669133,0.1920150000145781,23.59149000014753,7.050589999962256,6.8585749999476775,23.399475000132952,16.540900000185275,-712.88,[H]c1c([H])c(F)c(C(C([H])([H])[H])(C([H])([H])[H])C([H])([H])[H])c(Cl)c1[H],[H][C+]1C[C-](Cl)[C-](C(C([H])([H])[H])(C([H])([H])[H])C([H])([H])[H])[C+](F)[C+]1[H],steric,tBu,unknown,-2780.275219,-2780.233856,-2780.263184,-947.82936,-16.710952500112626,9.244330000059335,-9.158989999989444,7.551962500123182,25.95528250017196,18.40332000004878,-712.88
Int1_comp163_7_Sub22,TS_comp163_7_Sub22,Int2_comp163_7_Sub22,comp163_7_Sub22,-2661.699321,-2661.662878,-2661.6865,-829.924169,0.0740450000270698,22.942027500003803,8.119222500189096,8.045177500162026,22.867982499976733,14.822804999814707,-703.73,[H]c1c([H])c(F)c(C([H])([H])[H])c(Cl)c1[H],[H][C+]1C[C-](Cl)[C-](C([H])([H])[H])[C+](F)[C+]1[H],steric,Me,unknown,-2662.447698,-2662.407631,-2662.434186,-830.002456,-16.323784999948714,8.81825749999365,-7.845004999954028,8.478779999994686,25.142042499942363,16.663262499947677,-703.73
Int1_comp163_7_Sub23,TS_comp163_7_Sub23,Int2_comp163_7_Sub23,comp163_7_Sub23,-2716.985875,-2716.948756,-2716.972483,-885.20957,-0.6494624998583731,22.6427100001888,7.754017500041073,8.403479999899446,23.29217250004717,14.888692500147728,-704.58,[H]c1c([H])c(F)c(N([H])C([H])([H])[H])c(Cl)c1[H],[H][C+]1C[C-](Cl)[C-](N([H])C([H])([H])[H])[C+](F)[C+]1[H],EDG,NHCH3,unknown,-2717.751014,-2717.710206,-2717.73675,-885.304289,-17.25436749995339,8.352652499885096,-8.30370750000867,8.950659999944719,25.607019999838485,16.656359999893766,-704.58
Int1_comp163_7_Sub24,TS_comp163_7_Sub24,Int2_comp163_7_Sub24,comp163_7_Sub24,-2736.846636,-2736.811737,-2736.83607,-905.071973,0.3808924998944007,22.28001500003444,7.011057500133404,6.630165000239003,21.89912250014004,15.268957499901036,-698.86,[H]c1c([H])c(F)c(OC([H])([H])[H])c(Cl)c1[H],[H][C+]1C[C-](Cl)[C-](OC([H])([H])[H])[C+](F)[C+]1[H],EDG,OMe,unknown,-2737.598855,-2737.559932,-2737.587043,-905.153648,-16.30182250014684,8.12235999989582,-8.889792500027056,7.412030000119785,24.42418250004266,17.012152499922877,-698.86
Int1_comp163_7_Sub7,TS_comp163_7_Sub7,Int2_comp163_7_Sub7,comp163_7_Sub7,-2717.004201,-2716.959178,-2716.971332,-885.219747,-5.762960000074315,22.48897250000624,14.862337500000253,20.625297500074566,28.25193250008056,7.62663500000599,-789.14,[H]c1c(F)c([H])c(N([H])C([H])([H])[H])c([H])c1Cl,[H]C1=C(Cl)CC(=[N+]([H])C([H])([H])[H])C([H])=C1F,EDG,NHCH3,unknown,-2717.769824,-2717.720629,-2717.73598,-885.313125,-23.513052499988873,7.356810000045186,-2.275942499960877,21.237110000027997,30.86986250003406,9.632752500006063,-789.14
Int1_comp163_7_Sub9,TS_comp163_7_Sub9,Int2_comp163_7_Sub9,comp163_7_Sub9,-2959.315155,-2959.282426,-2959.307937,-1127.541017,0.7103300002040669,21.247777499929725,5.239625000040178,4.529294999836111,20.53744749972566,16.008152499889547,-692.54,[H]c1c([H])c(C(F)(F)F)c(F)c([H])c1Cl,[H][C+]1C[C-](Cl)[C-]([H])[C+](F)[C+]1C(F)(F)F,EWG,CF3,unknown,-2960.039889,-2960.002983,-2960.031458,-1127.594409,-16.473130000071023,6.685385000099586,-11.182677499945157,5.290452500125866,23.15851500017061,17.868062500044744,-692.54
Int1_comp165_4_Sub10,TS_comp165_4_Sub10,Int2_comp165_4_Sub10,comp165_4_Sub10,-5195.709291,-5195.675327,-5195.700115,-3363.935798,1.1150674999669263,22.427477500090163,6.873007500267931,5.757940000301005,21.31241000012324,15.554469999822231,-722.52,[H]c1c([H])c(Cl)c(Br)c([H])c1F,[H][C+]1[C+](F)C[C-](Br)[C-](Cl)[C+]1[H],EWG,Cl,unknown,-5196.419559,-5196.382224,-5196.409732,-3363.975233,-15.748995000044488,7.678717499945833,-9.582552500132806,6.166442499911682,23.42771249999032,17.26127000007864,-722.52
Int1_comp165_4_Sub11,TS_comp165_4_Sub11,Int2_comp165_4_Sub11,comp165_4_Sub11,-4970.585972,-4970.55001,-4970.572544,-3138.809559,-0.7172324999726243,21.848922499981427,7.708837500155141,8.426070000127766,22.56615499995405,14.140084999826286,-737.3,[H]c1c([H])c(C2([H])C([H])([H])C([H])([H])C([H])([H])C([H])([H])C2([H])[H])c(Br)c([H])c1F,[H][C+]1[C+](F)C[C-](Br)[C-](C2([H])C([H])([H])C([H])([H])C([H])([H])C([H])([H])C2([H])[H])[C+]1[H],steric,Cy,unknown,-4971.453502,-4971.414018,-4971.439336,-3139.005467,-18.076392500374823,6.699817499563778,-9.18722750041752,8.889164999957302,24.7762099999386,15.887044999981299,-737.3
Int1_comp165_4_Sub13,TS_comp165_4_Sub13,Int2_comp165_4_Sub13,comp165_4_Sub13,-4853.999071,-4853.963432,-4853.986133,-3022.225766,1.233037499954435,23.59651000034887,9.35163249985976,8.118594999905326,22.36347250039444,14.24487750048911,-736.35,[H]c1c([H])c(C([H])(C([H])([H])[H])C([H])([H])[H])c(Br)c([H])c1F,[H][C+]1[C+](F)C[C-](Br)[C-](C([H])(C([H])([H])[H])C([H])([H])[H])[C+]1[H],steric,iPr,unknown,-4854.801316,-4854.76198,-4854.78755,-3022.356795,-15.871357500092245,8.811982499795477,-7.233192500071937,8.638165000020308,24.68333999988772,16.045174999867413,-736.35
Int1_comp165_4_Sub14,TS_comp165_4_Sub14,Int2_comp165_4_Sub14,comp165_4_Sub14,-4775.491283,-4775.456691,-4775.479914,-2943.719384,2.1153024998670844,23.82178249985145,9.249350000332017,7.134047500464931,21.706479999984367,14.572432499519437,-720.27,[H]c1c([H])c(C([H])([H])[H])c(Br)c([H])c1F,[H][C+]1[C+](F)C[C-](Br)[C-](C([H])([H])[H])[C+]1[H],steric,Me,unknown,-4776.238856,-4776.200564,-4776.226777,-2943.796147,-14.73432750010943,9.293902500005515,-7.154755000055957,7.579572500053473,24.028230000114945,16.448657500061472,-720.27
Int1_comp165_4_Sub15,TS_comp165_4_Sub15,Int2_comp165_4_Sub15,comp165_4_Sub15,-4830.787377,-4830.752143,-4830.77543,-2999.013731,1.0190600002806605,23.12839500024665,8.515802500257905,7.496742499977245,22.109334999965995,14.61259249998875,-728.03,[H]c1c([H])c(N([H])C([H])([H])[H])c(Br)c([H])c1F,[H][C+]1[C+](F)C[C-](Br)[C-](N([H])C([H])([H])[H])[C+]1[H],EDG,NHCH3,unknown,-4831.550468,-4831.511875,-4831.537799,-2999.105807,-15.959207500441153,8.257899999696292,-8.009410000038315,7.949797500402838,24.217107500137445,16.267309999734607,-728.03
Int1_comp165_4_Sub16,TS_comp165_4_Sub16,Int2_comp165_4_Sub16,comp165_4_Sub16,-4850.642013,-4850.608786,-4850.633238,-3018.870893,2.6041250001310345,23.45406750006645,8.110437499711907,5.506312499580872,20.849942499935423,15.343630000354551,-714.73,[H]c1c([H])c(OC([H])([H])[H])c(Br)c([H])c1F,[H][C+]1[C+](F)C[C-](Br)[C-](OC([H])([H])[H])[C+]1[H],EDG,OMe,unknown,-4851.392512,-4851.355898,-4851.383148,-3018.950687,-14.179617500368522,8.795667499979345,-8.303707500080009,5.875910000288513,22.975285000347867,17.099375000059354,-714.73
Int1_comp165_4_Sub17,TS_comp165_4_Sub17,Int2_comp165_4_Sub17,comp165_4_Sub17,-5073.10964,-5073.078289,-5073.104253,-3241.339178,3.017020000372668,22.68977250014132,6.397362499899373,3.380342499526705,19.67275249976865,16.292410000241944,-679.34,[H]c1c(F)c([H])c(C(F)(F)F)c([H])c1Br,[H][C+]1[C+](F)C[C-](Br)[C-]([H])[C+]1C(F)(F)F,EWG,CF3,unknown,-5073.832654,-5073.797783,-5073.826383,-3241.390623,-14.308882500184836,7.572669999714208,-10.373830000061162,3.9350525001236747,21.881552499899044,17.94649999977537,-679.34
Int1_comp165_4_Sub18,TS_comp165_4_Sub18,Int2_comp165_4_Sub18,comp165_4_Sub18,-5195.711229,-5195.678533,-5195.704058,-3363.938849,1.81347500041511,22.330214999979034,6.31327749996899,4.49980249955388,20.516739999563924,16.016937500010044,-696.56,[H]c1c(F)c([H])c(Br)c([H])c1Cl,[H][C+]1[C+](F)C[C-](Br)[C-]([H])[C+]1Cl,EWG,Cl,unknown,-5196.421415,-5196.385149,-5196.413608,-3363.978089,-15.12149499991665,7.635420000126487,-10.222602499943605,4.898892499973044,22.756915000043136,17.858022500070092,-696.56
Int1_comp165_4_Sub19,TS_comp165_4_Sub19,Int2_comp165_4_Sub19,comp165_4_Sub19,-4970.58744,-4970.553187,-4970.577621,-3138.811218,-0.5973800002038843,20.89637749967551,5.564042499720472,6.161422499924356,21.4937574998794,15.332334999955036,-704.52,[H]c1c(F)c([H])c(C2([H])C([H])([H])C([H])([H])C([H])([H])C([H])([H])C2([H])[H])c([H])c1Br,[H][C+]1[C+](F)C[C-](Br)[C-]([H])[C+]1C1([H])C([H])([H])C([H])([H])C([H])([H])C([H])([H])C1([H])[H],steric,Cy,unknown,-4971.454849,-4971.416842,-4971.44396,-3139.006688,-18.155457500032526,5.693935000034571,-11.322609999948554,6.832847500083972,23.849392500067097,17.016544999983125,-704.52
Int1_comp165_4_Sub20,TS_comp165_4_Sub20,Int2_comp165_4_Sub20,comp165_4_Sub20,-4893.254799,-4893.2207,-4893.244962,-3061.480892,0.8552824999094355,22.25240500017549,7.028000000233305,6.17271750032387,21.39712250026605,15.22440499994218,-701.23,[H]c1c(F)c([H])c(C(C([H])([H])[H])(C([H])([H])[H])C([H])([H])[H])c([H])c1Br,[H][C+]1[C+](F)C[C-](Br)[C-]([H])[C+]1C(C([H])([H])[H])(C([H])([H])[H])C([H])([H])[H],steric,tBu,unknown,-4894.083751,-4894.046098,-4894.072986,-3061.638409,-16.386535000146978,7.240722500052925,-9.631497500151909,6.755037499995069,23.627257500199903,16.872220000204834,-701.23
Int1_comp165_4_Sub21,TS_comp165_4_Sub21,Int2_comp165_4_Sub21,comp165_4_Sub21,-4854.000526,-4853.967012,-4853.991388,-3022.227654,1.5047450000531626,22.53477999989059,7.238839999700986,5.734094999647823,21.030034999837422,15.295940000189605,-704.86,[H]c1c(F)c([H])c(C([H])(C([H])([H])[H])C([H])([H])[H])c([H])c1Br,[H][C+]1[C+](F)C[C-](Br)[C-]([H])[C+]1C([H])(C([H])([H])[H])C([H])([H])[H],steric,iPr,unknown,-4854.802542,-4854.765019,-4854.792223,-3022.358059,-15.847512500295124,7.698169999682705,-9.372340000306849,6.475172499988275,23.54568249997783,17.070509999989554,-704.86
Int1_comp165_4_Sub22,TS_comp165_4_Sub22,Int2_comp165_4_Sub22,comp165_4_Sub22,-4775.491977,-4775.45826,-4775.482637,-2943.719827,1.9578000001934013,23.11521749978056,7.81864999994923,5.860849999755828,21.157417499587154,15.296567499831326,-700.85,[H]c1c(F)c([H])c(C([H])([H])[H])c([H])c1Br,[H][C+]1[C+](F)C[C-](Br)[C-]([H])[C+]1C([H])([H])[H],steric,Me,unknown,-4776.23868,-4776.201447,-4776.22866,-2943.795984,-14.726170000486718,8.637537499522523,-8.43862000009608,6.287550000390638,23.36370750000924,17.076157499618603,-700.85
Int1_comp165_4_Sub23,TS_comp165_4_Sub23,Int2_comp165_4_Sub23,comp165_4_Sub23,-4830.792035,-4830.755476,-4830.778107,-2999.015597,-0.7329200001470326,22.20785249993128,8.006900000044652,8.739820000191685,22.94077250007831,14.200952499886624,-725.69,[H]c1c(F)c([H])c(N([H])C([H])([H])[H])c([H])c1Br,[H]C1=C(F)CC(Br)=C([H])C1=[N+]([H])C([H])([H])[H],EDG,NHCH3,unknown,-4831.554782,-4831.514974,-4831.540554,-2999.107306,-17.725620000333038,7.253899999948317,-8.797550000331285,8.928070000001753,24.979520000281354,16.0514500002796,-725.69
Int1_comp165_4_Sub24,TS_comp165_4_Sub24,Int2_comp165_4_Sub24,comp165_4_Sub24,-4850.650646,-4850.616227,-4850.6399,-3018.878474,1.9439950000855788,23.54191749984465,8.68711000003941,6.743114999953832,21.59792249975908,14.854807499805249,-714.81,[H]c1c(F)c([H])c(OC([H])([H])[H])c([H])c1Br,[H]C1=C(F)CC(Br)=C([H])C1=[O+]C([H])([H])[H],EDG,OMe,unknown,-4851.402434,-4851.36412,-4851.390643,-3018.958953,-15.218757500027777,8.823277499624282,-7.819905000088738,7.398852499939039,24.04203499965206,16.64318249971302,-714.81
Int1_comp165_4_Sub3,TS_comp165_4_Sub3,Int2_comp165_4_Sub3,comp165_4_Sub3,-4970.588198,-4970.551941,-4970.575955,-3138.809905,-1.8969325001330617,20.854335000281026,5.785549999945943,7.682482500079004,22.751267500414087,15.068785000335083,-726.56,[H]c1c([H])c(C2([H])C([H])([H])C([H])([H])C([H])([H])C([H])([H])C2([H])[H])c(F)c([H])c1Br,[H][C+]1[C+](C2([H])C([H])([H])C([H])([H])C([H])([H])C([H])([H])C2([H])[H])[C+](F)C[C-](Br)[C-]1[H],steric,Cy,unknown,-4971.455762,-4971.416073,-4971.442878,-3139.005854,-19.251699999904304,5.65314749963818,-11.166990000056103,8.0847099998482,24.904847499542484,16.820137499694283,-726.56
Int1_comp165_4_Sub4,TS_comp165_4_Sub4,Int2_comp165_4_Sub4,comp165_4_Sub4,-4893.248885,-4893.217374,-4893.241473,-3061.47827,2.921012500115694,22.694165000201565,7.572042500072484,4.651029999956791,19.77315250008587,15.12212250012908,-725.18,[H]c1c([H])c(C(C([H])([H])[H])(C([H])([H])[H])C([H])([H])[H])c(F)c([H])c1Br,[H][C+]1[C+](C(C([H])([H])[H])(C([H])([H])[H])C([H])([H])[H])[C+](F)C[C-](Br)[C-]1[H],steric,tBu,unknown,-4894.078486,-4894.043339,-4894.070231,-3061.63654,-14.255545000390839,7.799197499927004,-9.075532499986139,5.1800125004047,22.054742500317843,16.874729999913143,-725.18
Int1_comp165_4_Sub5,TS_comp165_4_Sub5,Int2_comp165_4_Sub5,comp165_4_Sub5,-4853.999504,-4853.965532,-4853.989765,-3022.226284,1.286374999748432,22.603804999859,7.397597499799531,6.111222500051099,21.31743000011056,15.206207500059463,-720.16,[H]c1c([H])c(C([H])(C([H])([H])[H])C([H])([H])[H])c(F)c([H])c1Br,[H][C+]1[C+](C([H])(C([H])([H])[H])C([H])([H])[H])[C+](F)C[C-](Br)[C-]1[H],steric,iPr,unknown,-4854.80167,-4854.764288,-4854.791225,-3022.357459,-15.676832500155342,7.780372499546502,-9.12259500022401,6.554237499931332,23.457204999701844,16.90296749977051,-720.16
Int1_comp165_4_Sub6,TS_comp165_4_Sub6,Int2_comp165_4_Sub6,comp165_4_Sub6,-4775.492333,-4775.458312,-4775.482717,-2943.720042,1.8693224999174165,23.217500000164364,7.903362500092044,6.034040000174628,21.348177500246948,15.31413750007232,-701.93,[H]c1c([H])c(C([H])([H])[H])c(F)c([H])c1Br,[H][C+]1[C+](C([H])([H])[H])[C+](F)C[C-](Br)[C-]1[H],steric,Me,unknown,-4776.239265,-4776.201699,-4776.228834,-2943.796357,-14.85920000015085,8.713464999830194,-8.313747499769306,6.545452500381543,23.572664999981043,17.0272124995995,-701.93
Int1_comp165_4_Sub7,TS_comp165_4_Sub7,Int2_comp165_4_Sub7,comp165_4_Sub7,-4830.788472,-4830.752465,-4830.776657,-2999.012868,-0.2095850001842336,22.38480750019789,7.204327499716783,7.413912499901016,22.594392500382128,15.180480000481111,-700.39,[H]c1c([H])c(N([H])C([H])([H])[H])c(F)c([H])c1Br,[H][C+]1[C+](N([H])C([H])([H])[H])[C+](F)C[C-](Br)[C-]1[H],EDG,NHCH3,unknown,-4831.55217,-4831.512217,-4831.539253,-2999.10515,-17.43948000019941,7.631027499495531,-9.334062500189475,8.105417500009935,25.07050749969494,16.965089999685006,-700.39
Int1_comp165_4_Sub8,TS_comp165_4_Sub8,Int2_comp165_4_Sub8,comp165_4_Sub8,-4850.642779,-4850.607888,-4850.632844,-3018.869144,1.025962500049218,22.92006500020193,7.260175000075151,6.234212500025933,21.894102500152712,15.65989000012678,-693.64,[H]c1c([H])c(OC([H])([H])[H])c(F)c([H])c1Br,[H][C+]1[C+](OC([H])([H])[H])[C+](F)C[C-](Br)[C-]1[H],EDG,OMe,unknown,-4851.393836,-4851.355184,-4851.382963,-3018.949499,-15.755897500383753,8.498232499731557,-8.933090000274433,6.82280750010932,24.25413000011531,17.43132250000599,-693.64
Int1_comp165_4_Sub9,TS_comp165_4_Sub9,Int2_comp165_4_Sub9,comp165_4_Sub9,-5073.106785,-5073.072811,-5073.097486,-3241.335068,2.2295075000067754,23.54819249997149,8.064630000184252,5.8351225001774765,21.31868499996472,15.48356249978724,-721.29,[H]c1c([H])c(C(F)(F)F)c(Br)c([H])c1F,[H][C+]1[C+](F)C[C-](Br)[C-](C(F)(F)F)[C+]1[H],EWG,CF3,unknown,-5073.829962,-5073.792524,-5073.820043,-3241.386913,-14.94767750014148,8.544667499471643,-8.7235050000902,6.2241725000512815,23.492344999613124,17.268172499561842,-721.29
Int1_comp167_0_Sub10,TS_comp167_0_Sub10,Int2_comp167_0_Sub10,comp167_0_Sub10,-2919.575792,-2919.54527,-2919.561441,-1087.798661,-1.1677774999765234,17.98477750003542,7.837475000187055,9.005252500163579,19.152555000011944,10.147302499848363,-694.72,[H]c1c([H])c(Cl)c(I)c([H])c1F,[H][C+]1C[C-](Cl)[C-](I)[C+]([H])[C+]1F,EWG,Cl,unknown,-2920.285993,-2920.250807,-2920.270308,-1087.836834,-18.781702500020856,3.2975125000211847,-8.939365000115913,9.842337499904943,22.07921500004204,12.236877500137098,-694.72
Int1_comp167_0_Sub14,TS_comp167_0_Sub14,Int2_comp167_0_Sub14,comp167_0_Sub14,-2499.357481,-2499.324177,-2499.338055,-667.58153,-0.4273274999198406,20.470932500107608,11.762487499979386,12.189814999899228,20.89826000002745,8.708445000128222,-718.12,[H]c1c([H])c(C([H])([H])[H])c(I)c([H])c1F,[H][C+]1C[C-](C([H])([H])[H])[C-](I)[C+]([H])[C+]1F,steric,Me,unknown,-2500.104842,-2500.067033,-2500.084894,-667.657038,-17.931440000170085,5.793707500068024,-5.414070000099116,12.517370000070969,23.72514750023811,11.20777750016714,-718.12
Int1_comp167_0_Sub17,TS_comp167_0_Sub17,Int2_comp167_0_Sub17,comp167_0_Sub17,-2796.964521,-2796.939285,-2796.96029,-965.188307,-0.5923599998598661,15.243230000108667,2.062592500071503,2.654952499931369,15.835589999968532,13.180637500037165,-780.74,[H]c1c([H])c(F)c(C(F)(F)F)c(I)c1[H],[H][C+]1C[C-]([H])[C-](I)[C+](C(F)(F)F)[C+]1F,EWG,CF3,unknown,-2797.687484,-2797.658114,-2797.681547,-965.239217,-18.22197250000727,0.20770250011764801,-14.496505000067827,3.725467499939441,18.429675000124917,14.704207500185476,-780.74
Int1_comp167_0_Sub18,TS_comp167_0_Sub18,Int2_comp167_0_Sub18,comp167_0_Sub18,-2919.573199,-2919.545918,-2919.566134,-1087.795765,-1.3579099998531774,15.760917500228402,3.0753775000113137,4.433287499864491,17.11882750008158,12.685540000217088,-791.11,[H]c1c([H])c(F)c(Cl)c(I)c1[H],[H][C+]1C[C-]([H])[C-](I)[C+](Cl)[C+]1F,EWG,Cl,unknown,-2920.283289,-2920.252001,-2920.27468,-1087.834296,-18.677537499998493,0.9556825000839808,-13.275390000011953,5.40214749998654,19.633220000082474,14.231072500095934,-791.11
Int1_comp167_0_Sub19,TS_comp167_0_Sub19,Int2_comp167_0_Sub19,comp167_0_Sub19,-2694.448894,-2694.421798,-2694.441094,-862.670171,-2.166757500022527,14.83598250013813,2.727742500175623,4.89450000019815,17.002740000160657,12.108239999962509,-790.81,[H]c1c([H])c(F)c(C2([H])C([H])([H])C([H])([H])C([H])([H])C([H])([H])C2([H])[H])c(I)c1[H],[H][C+]1C[C-]([H])[C-](I)[C+](C2([H])C([H])([H])C([H])([H])C([H])([H])C([H])([H])C2([H])[H])[C+]1F,steric,Cy,unknown,-2695.316445,-2695.285355,-2695.307028,-862.865421,-19.951989999991042,-0.4430150000229105,-14.042822500143188,5.909167499847854,19.50897499996813,13.599807500120278,-790.81
Int1_comp167_0_Sub20,TS_comp167_0_Sub20,Int2_comp167_0_Sub20,comp167_0_Sub20,-2617.100634,-2617.0739,-2617.093132,-785.32395,-0.8872849998999754,15.888300000120807,3.8202200000569055,4.707504999956882,16.775585000020783,12.0680800000639,-788.29,[H][C+]1[C-](F)[C-](C(C([H])([H])[H])(C([H])([H])[H])C([H])([H])[H])[C+]2[I+]C2([H])[C-]1[H],[H][C+]1CC2([H])[I+][C+]2[C-](C(C([H])([H])[H])(C([H])([H])[H])C([H])([H])[H])[C-]1F,steric,tBu,unknown,-2617.929927,-2617.899123,-2617.920746,-785.481224,-18.495562500101244,0.8339474998919627,-12.734484999879498,5.761077500221745,19.329509999993206,13.568432499771461,-788.29
Int1_comp167_0_Sub21,TS_comp167_0_Sub21,Int2_comp167_0_Sub21,comp167_0_Sub21,-2577.862622,-2577.835302,-2577.854664,-746.08658,-0.4844299999896861,16.658870000101444,4.509215000100824,4.99364500009051,17.14330000009113,12.14965500000062,-789.18,[H]c1c([H])c(F)c(C([H])(C([H])([H])[H])C([H])([H])[H])c(I)c1[H],[H][C+]1C[C-]([H])[C-](I)[C+](C([H])(C([H])([H])[H])C([H])([H])[H])[C+]1F,steric,iPr,unknown,-2578.664333,-2578.633276,-2578.654998,-746.216718,-17.812842500112822,1.6754249999789295,-11.95512999999238,5.857712500120442,19.48826750009175,13.63055499997131,-789.18
Int1_comp167_0_Sub22,TS_comp167_0_Sub22,Int2_comp167_0_Sub22,comp167_0_Sub22,-2499.357787,-2499.330083,-2499.349091,-667.58198,-0.3369674998626237,17.04729250019085,5.119772500057422,5.456739999920046,17.384260000053473,11.927520000133429,-787.45,[H]c1c([H])c(F)c(C([H])([H])[H])c(I)c1[H],[H][C+]1C[C-]([H])[C-](I)[C+](C([H])([H])[H])[C+]1F,steric,Me,unknown,-2500.104771,-2500.072878,-2500.09431,-667.657534,-17.57564749985562,2.437210000053085,-11.011369999949636,6.564277499905984,20.012857499908705,13.448580000002721,-787.45
Int1_comp167_0_Sub23,TS_comp167_0_Sub23,Int2_comp167_0_Sub23,comp167_0_Sub23,-2554.645631,-2554.617299,-2554.636297,-722.867714,-1.660992499872691,16.117337500041913,4.19609250003532,5.857084999908011,17.778329999914604,11.921245000006593,-793.02,[H]c1c([H])c(F)c(N([H])C([H])([H])[H])c(I)c1[H],[H]C1=C(F)C(=[N+]([H])C([H])([H])[H])C(I)=C([H])C1,EDG,NHCH3,unknown,-2555.409032,-2555.376779,-2555.398331,-722.959648,-18.922890000021084,1.315867499887986,-12.208012499924621,6.714877500096463,20.23875749990907,13.523879999812607,-793.02
Int1_comp167_0_Sub24,TS_comp167_0_Sub24,Int2_comp167_0_Sub24,comp167_0_Sub24,-2574.507851,-2574.47985,-2574.499408,-742.731773,-0.5070199998613134,17.063607499935642,4.790962499960187,5.297982499821501,17.570627499796956,12.272644999975457,-791.82,[H]c1c([H])c(F)c(OC([H])([H])[H])c(I)c1[H],[H]C1=C(F)C(=[O+]C([H])([H])[H])C(I)=C([H])C1,EDG,OMe,unknown,-2575.258299,-2575.226295,-2575.248396,-742.810708,-17.797782500079506,2.2847275000100353,-11.583650000002876,6.21413250007663,20.082510000089542,13.868377500012912,-791.82
Int1_comp167_0_Sub6,TS_comp167_0_Sub6,Int2_comp167_0_Sub6,comp167_0_Sub6,-2499.35665,-2499.328194,-2499.346975,-667.58246,0.6776999999297573,18.533839999933264,6.74876250008225,6.071062500152493,17.856140000003506,11.785077499851011,-776.94,[H]c1c([H])c(C([H])([H])[H])c(F)c([H])c1I,[H][C+]1[C+](F)[C+](C([H])([H])[H])C[C-]([H])[C-]1I,steric,Me,unknown,-2500.103487,-2500.071542,-2500.092835,-667.657515,-16.7818599999336,3.2636274998927206,-10.097729999973524,6.684129999960078,20.045487499826322,13.361357499866244,-776.94
Int1_comp167_0_Sub7,TS_comp167_0_Sub7,Int2_comp167_0_Sub7,comp167_0_Sub7,-2554.651825,-2554.622136,-2554.642161,-722.869446,-4.460897499866121,14.1689500001101,1.6032624999471068,6.064159999813228,18.629847499976226,12.565687500162994,-762.48,[H]c1c([H])c(N([H])C([H])([H])[H])c(F)c([H])c1I,[H]C1=C(I)C([H])=C(F)C(=[N+]([H])C([H])([H])[H])C1,EDG,NHCH3,unknown,-2555.414782,-2555.381548,-2555.404601,-722.960762,-21.831979999881526,-0.9776449998858538,-15.44340250010265,6.388577499778876,20.85433499999567,14.465757500216796,-762.48
Int1_comp167_0_Sub8,TS_comp167_0_Sub8,Int2_comp167_0_Sub8,comp167_0_Sub8,-2574.507654,-2574.481543,-2574.503116,-742.731659,-0.4549374999214706,15.929715000158922,2.392657500165569,2.84759500008704,16.384652500080392,13.537057499993352,-773.59,[H]c1c([H])c(OC([H])([H])[H])c(F)c([H])c1I,[H]C1=C(I)C([H])=C(F)C(=[O+]C([H])([H])[H])C1,EDG,OMe,unknown,-2575.258672,-2575.227727,-2575.252476,-742.810804,-17.971599999997352,1.4463874999864856,-14.083610000111548,3.8879899998858036,19.417987499983838,15.529997500098034,-773.59
Int1_comp167_7_Sub10,TS_comp167_7_Sub10,Int2_comp167_7_Sub10,comp167_7_Sub10,-2919.571757,-2919.537701,-2919.567542,-1087.797986,0.9406224999793268,22.31076249995681,3.585535000221398,2.6449125002420715,21.37013999997748,18.72522749973541,-719.35,[H]c1c([H])c(I)c([H])c(F)c1Cl,[H][C+]1C[C-](I)[C-]([H])[C+](F)[C+]1Cl,EWG,Cl,unknown,-2920.281878,-2920.243518,-2920.276299,-1087.836324,-16.51956499981111,7.55133499991075,-13.01874250001788,3.5008224997932302,24.07089999972186,20.57007749992863,-719.35
Int1_comp167_7_Sub11,TS_comp167_7_Sub11,Int2_comp167_7_Sub11,comp167_7_Sub11,-2694.452913,-2694.41499,-2694.442171,-862.672198,-3.4167375000055245,20.3799449999093,3.3238674999546447,6.740604999960169,23.796682499914823,17.056077499954654,-737.45,[H]c1c([H])c(C2([H])C([H])([H])C([H])([H])C([H])([H])C([H])([H])C2([H])[H])c(F)c([H])c1I,[H][C+]1C[C-](I)[C-]([H])[C+](F)[C+]1C1([H])C([H])([H])C([H])([H])C([H])([H])C([H])([H])C1([H])[H],steric,Cy,unknown,-2695.320611,-2695.278067,-2695.308213,-862.867014,-21.56654750005231,5.129812499889397,-13.786802499862176,7.7797450001901325,26.696359999941706,18.916614999751573,-737.45
Int1_comp167_7_Sub12,TS_comp167_7_Sub12,Int2_comp167_7_Sub12,comp167_7_Sub12,-2617.114792,-2617.080562,-2617.108594,-785.340617,0.6871125001200085,22.166437499964506,4.5763575001453205,3.889245000025312,21.479324999844494,17.59007999981918,-734.4,[H]c1c([H])c(C(C([H])([H])[H])(C([H])([H])[H])C([H])([H])[H])c(F)c([H])c1I,[H][C+]1C[C-](I)[C-]([H])[C+](F)[C+]1C(C([H])([H])[H])(C([H])([H])[H])C([H])([H])[H],steric,tBu,unknown,-2617.944095,-2617.905647,-2617.936586,-785.497698,-17.048547499902327,7.07757249996547,-12.336649999885196,4.71189750001713,24.126119999867797,19.414222499850666,-734.4
Int1_comp167_7_Sub13,TS_comp167_7_Sub13,Int2_comp167_7_Sub13,comp167_7_Sub13,-2577.864587,-2577.82844,-2577.856034,-746.088629,-0.4317199999800891,22.25052250018024,4.935287500095171,5.36700750007526,22.682242500160328,17.315235000085067,-733.22,[H]c1c([H])c(C([H])(C([H])([H])[H])C([H])([H])[H])c(F)c([H])c1I,[H][C+]1C[C-](I)[C-]([H])[C+](F)[C+]1C([H])(C([H])([H])[H])C([H])([H])[H],steric,iPr,unknown,-2578.666849,-2578.626081,-2578.656668,-746.218616,-18.200637500132473,7.381282500054738,-11.812060000068243,6.38857750006423,25.58192000018721,19.19334250012298,-733.22
Int1_comp167_7_Sub14,TS_comp167_7_Sub14,Int2_comp167_7_Sub14,comp167_7_Sub14,-2499.358228,-2499.320022,-2499.348333,-667.58246,-0.3124949999957493,23.661770000112767,5.896617500093555,6.209112500089304,23.97426500010852,17.765152500019212,-731.94,[H]c1c([H])c(C([H])([H])[H])c(F)c([H])c1I,[H][C+]1C[C-](I)[C-]([H])[C+](F)[C+]1C([H])([H])[H],steric,Me,unknown,-2500.10513,-2500.062258,-2500.093538,-667.657514,-17.81346999996856,9.088710000024207,-10.539490000070941,7.27397999989762,26.902179999992768,19.62820000009515,-731.94
Int1_comp167_7_Sub15,TS_comp167_7_Sub15,Int2_comp167_7_Sub15,comp167_7_Sub15,-2554.6545,-2554.609285,-2554.637417,-722.869449,-6.137577499984559,22.23483500007717,4.582005000131062,10.71958250011562,28.372412500061728,17.652829999946107,-732.91,[H]c1c([H])c(N([H])C([H])([H])[H])c(F)c([H])c1I,[H][C+]1C[C-](I)[C-]([H])[C+](F)[C+]1N([H])C([H])([H])[H],EDG,NHCH3,unknown,-2555.417552,-2555.368153,-2555.399279,-722.960759,-23.57203749991129,7.4258350000849305,-12.105730000111521,11.466307499799768,30.99787249999622,19.53156500019645,-732.91
Int1_comp167_7_Sub16,TS_comp167_7_Sub16,Int2_comp167_7_Sub16,comp167_7_Sub16,-2574.506172,-2574.468932,-2574.497706,-742.731657,0.473762500159296,23.84186249994343,5.786177500015697,5.312414999856401,23.36809999978413,18.05568499992773,-725.65,[H]c1c([H])c(OC([H])([H])[H])c(F)c([H])c1I,[H][C+]1C[C-](I)[C-]([H])[C+](F)[C+]1OC([H])([H])[H],EDG,OMe,unknown,-2575.256991,-2575.215329,-2575.246959,-742.810804,-16.916772500163688,9.226132499891264,-10.621692500077415,6.295080000086273,26.142905000054952,19.84782499996868,-725.65
Int1_comp167_7_Sub17,TS_comp167_7_Sub17,Int2_comp167_7_Sub17,comp167_7_Sub17,-2796.961644,-2796.924638,-2796.953262,-965.188308,1.213585000074886,24.434850000087067,6.473290000064367,5.259704999989481,23.22126500001218,17.9615600000227,-763.32,[H]c1c([H])c(F)c(C(F)(F)F)c(I)c1[H],[H][C+]1C[C-](I)[C-](C(F)(F)F)[C+](F)[C+]1[H],EWG,CF3,unknown,-2797.684178,-2797.643185,-2797.674969,-965.239218,-16.14682999996745,9.57627750007731,-10.36818250007542,5.778647499892031,25.72310750004476,19.94446000015273,-763.32
Int1_comp167_7_Sub18,TS_comp167_7_Sub18,Int2_comp167_7_Sub18,comp167_7_Sub18,-2919.570247,-2919.533609,-2919.562588,-1087.795766,0.4950974999627533,23.485442499987244,5.301120000170272,4.806022500207519,22.99034500002449,18.18432249981697,-747.13,[H]c1c([H])c(F)c(Cl)c(I)c1[H],[H][C+]1C[C-](I)[C-](Cl)[C+](F)[C+]1[H],EWG,Cl,unknown,-2920.279972,-2920.239524,-2920.271564,-1087.834298,-16.59486499990635,8.78625499993177,-11.318845000100737,5.276019999805612,25.38111999983812,20.105100000032508,-747.13
Int1_comp167_7_Sub19,TS_comp167_7_Sub19,Int2_comp167_7_Sub19,comp167_7_Sub19,-2694.447655,-2694.408469,-2694.435324,-862.670171,-1.38928499991664,23.199930000066047,6.348417500022947,7.737702499939587,24.589214999982687,16.8515125000431,-763.2,[H]c1c([H])c(F)c(C2([H])C([H])([H])C([H])([H])C([H])([H])C([H])([H])C2([H])[H])c(I)c1[H],[H][C+]1C[C-](I)[C-](C2([H])C([H])([H])C([H])([H])C([H])([H])C([H])([H])C2([H])[H])[C+](F)[C+]1[H],steric,Cy,unknown,-2695.315543,-2695.271734,-2695.301572,-862.86542,-19.38661250013439,8.103535000014688,-10.619809999939491,8.766802500194899,27.490147500149078,18.72334499995418,-763.2
Int1_comp167_7_Sub20,TS_comp167_7_Sub20,Int2_comp167_7_Sub20,comp167_7_Sub20,-2617.098557,-2617.056946,-2617.08363,-785.323949,0.4154050001639575,26.526307499943016,9.782097499985696,9.366692499821738,26.11090249977906,16.74420999995732,-759.43,[H][C-]1[C-](F)[C+](C(C([H])([H])[H])(C([H])([H])[H])C([H])([H])[H])[C+]2[I+]C2([H])[C-]1[H],[H][C+]1C[C-](I)[C-](C(C([H])([H])[H])(C([H])([H])[H])C([H])([H])[H])[C+](F)[C+]1[H],steric,tBu,unknown,-2617.927291,-2617.881699,-2617.911315,-785.481224,-16.84147249999711,11.767507499966712,-6.816532499911148,10.024940000085962,28.60897999996382,18.58403999987786,-759.43
Int1_comp167_7_Sub21,TS_comp167_7_Sub21,Int2_comp167_7_Sub21,comp167_7_Sub21,-2577.863134,-2577.822043,-2577.849172,-746.086579,-0.8063375000330097,24.97826499999917,7.954817499962132,8.761154999995142,25.78460250003218,17.023447500037037,-762.46,[H]c1c([H])c(F)c(C([H])(C([H])([H])[H])C([H])([H])[H])c(I)c1[H],[H][C+]1C[C-](I)[C-](C([H])(C([H])([H])[H])C([H])([H])[H])[C+](F)[C+]1[H],steric,iPr,unknown,-2578.664984,-2578.619746,-2578.649951,-746.216718,-18.221345000008853,10.165500000087775,-8.788137499927018,9.433207500081835,28.386845000096628,18.953637500014793,-762.46
Int1_comp167_7_Sub22,TS_comp167_7_Sub22,Int2_comp167_7_Sub22,comp167_7_Sub22,-2499.355419,-2499.316914,-2499.345014,-667.581979,1.1483250000969747,25.310212500088483,7.6774625000916785,6.529137499994704,24.161887499991508,17.632749999996804,-746.1,[H]c1c([H])c(F)c(C([H])([H])[H])c(I)c1[H],[H][C+]1C[C-](I)[C-](C([H])([H])[H])[C+](F)[C+]1[H],steric,Me,unknown,-2500.102037,-2500.059968,-2500.091004,-667.657533,-15.860690000119178,10.537607499933017,-8.937482499977989,6.923207500141189,26.398297500052195,19.475089999911006,-746.1
Int1_comp167_7_Sub23,TS_comp167_7_Sub23,Int2_comp167_7_Sub23,comp167_7_Sub23,-2554.64327,-2554.603926,-2554.633108,-722.867716,-0.1782099999780939,24.510150000182307,6.198445000044899,6.376655000022993,24.6883600001604,18.311705000137408,-738.21,[H]c1c([H])c(F)c(N([H])C([H])([H])[H])c(I)c1[H],[H][C+]1C[C-](I)[C-](N([H])C([H])([H])[H])[C+](F)[C+]1[H],EDG,NHCH3,unknown,-2555.406395,-2555.363375,-2555.39547,-722.959644,-17.270682499983536,9.724367500060112,-10.415244999956599,6.855437500026937,26.995050000043648,20.13961250001671,-738.21
Int1_comp167_7_Sub24,TS_comp167_7_Sub24,Int2_comp167_7_Sub24,comp167_7_Sub24,-2574.505222,-2574.468574,-2574.497135,-742.731773,1.1426775001825715,24.139297500048546,6.21726999999737,5.074592499814798,22.99661999986597,17.922027500051172,-734.89,[H]c1c([H])c(F)c(OC([H])([H])[H])c(I)c1[H],[H][C+]1C[C-](I)[C-](OC([H])([H])[H])[C+](F)[C+]1[H],EDG,OMe,unknown,-2575.255365,-2575.21495,-2575.246446,-742.810707,-15.957325000017875,9.403087499943865,-10.360652500094432,5.596672499923443,25.36041249996174,19.763740000038297,-734.89
Int1_comp167_7_Sub9,TS_comp167_7_Sub9,Int2_comp167_7_Sub9,comp167_7_Sub9,-2796.970389,-2796.937593,-2796.967355,-965.19882,2.3223774999863167,22.90186749996252,4.226212499887936,1.903834999901619,20.579489999976204,18.675655000074585,-725.29,[H]c1c([H])c(C(F)(F)F)c(F)c([H])c1I,[H][C+]1C[C-](I)[C-]([H])[C+](F)[C+]1C(F)(F)F,EWG,CF3,unknown,-2797.693599,-2797.656167,-2797.689022,-965.249491,-15.612200000104508,7.876379999946153,-12.740132500007917,2.872067500096591,23.48858000005066,20.61651249995407,-725.29
Int1_comp169_0_Sub10,TS_comp169_0_Sub10,Int2_comp169_0_Sub10,comp169_0_Sub10,-3097.97196,-3097.938413,-3097.966269,-1266.191241,-3.4192474998565103,17.63149500014265,0.1518550000446339,3.5711024999011443,21.05074249999916,17.479640000098016,-651.85,[H][C+]1[C-]([H])[C-](Cl)C2(Cl)[N-]C12F,[H][C+]1C[C-](Cl)C2(Cl)[N-]C12F,EWG,Cl,unknown,-3098.673017,-3098.634778,-3098.665664,-1266.220742,-20.736992500077918,3.257979999906979,-16.122985000098993,4.614007499978925,23.994972499984897,19.380965000005972,-651.85
Int1_comp169_0_Sub6,TS_comp169_0_Sub6,Int2_comp169_0_Sub6,comp169_0_Sub6,-2677.754113,-2677.720555,-2677.738858,-845.97684,-1.2568824998942318,19.80076250015884,8.315629999978569,9.5725124998728,21.05764500005307,11.48513250018027,-626.49,[H][C-]1[C+](C([H])([H])[H])C2(F)[N-]C2(Cl)[C-]1[H],[H][C-]1C[C+](C([H])([H])[H])C2(F)[N-]C12Cl,steric,Me,unknown,-2678.491201,-2678.454332,-2678.476087,-846.043299,-17.992934999872148,5.142362500143065,-8.508899999989978,9.48403499988217,23.135297500015213,13.651262500133043,-626.49
Int1_comp169_0_Sub7,TS_comp169_0_Sub7,Int2_comp169_0_Sub7,comp169_0_Sub7,-2733.050776,-2733.015395,-2733.02949,-901.263608,-7.465994999983536,14.73558250010626,5.890970000107814,13.35696500009135,22.2015775000898,8.844612499998448,-706.27,[H]C1=C([H])C2(Cl)[N-]C2(F)C1=[N+]([H])C([H])([H])[H],[H][C-]1C[C+](N([H])C([H])([H])[H])C2(F)[N-]C12Cl,EDG,NHCH3,unknown,-2733.804197,-2733.765779,-2733.782932,-901.346175,-24.34323499996168,-0.2359399999036782,-10.999447500051076,13.343787499910604,24.107295000058002,10.763507500147398,-706.27
Int1_comp169_0_Sub8,TS_comp169_0_Sub8,Int2_comp169_0_Sub8,comp169_0_Sub8,-2752.903164,-2752.877754,-2752.89766,-921.125848,-1.2838649998261076,14.660910000009435,2.1698950000146056,3.453759999840713,15.944774999835545,12.491014999994832,-650.23,[H]C1=C([H])C2(Cl)[N-]C2(F)C1=[O+]C([H])([H])[H],[H][C-]1C[C+](OC([H])([H])[H])C2(F)[N-]C12Cl,EDG,OMe,unknown,-2753.6444,-2753.61504,-2753.638137,-921.1963,-18.117180000129167,0.30621999986891524,-14.187147499992818,3.930032500136349,18.423399999998082,14.493367499861733,-650.23
Int1_comp169_1_Sub10,TS_comp169_1_Sub10,Int2_comp169_1_Sub10,comp169_1_Sub10,-3097.971742,-3097.945255,-3097.96698,-1266.191243,-3.281197500062376,13.339394999993033,-0.2930425000448622,2.988155000017514,16.62059250005541,13.632437500037897,-710.64,[H][C+]1[C-]([H])C2(F)[N-]C2(Cl)[C-]1Cl,[H][C+]1CC2(F)[N-]C2(Cl)[C-]1Cl,EWG,Cl,unknown,-3098.672226,-3098.640904,-3098.666244,-1266.220743,-20.24001250004858,-0.5854574998772932,-16.486307499966415,3.7537050000821637,19.654555000171285,15.900850000089122,-710.64
Int1_comp169_1_Sub11,TS_comp169_1_Sub11,Int2_comp169_1_Sub11,comp169_1_Sub11,-2872.849087,-2872.824632,-2872.843164,-1041.066948,-4.310297500032334,11.035215000103449,-0.593614999928036,3.716682500104298,15.345512500135785,11.628830000031485,-708.1,[H][C+]1[C-]([H])C2(F)[N-]C2(Cl)[C-]1C1([H])C([H])([H])C([H])([H])C([H])([H])C([H])([H])C1([H])[H],[H][C+]1CC2(F)[N-]C2(Cl)[C-]1C1([H])C([H])([H])C([H])([H])C([H])([H])C([H])([H])C1([H])[H],steric,Cy,unknown,-2873.707287,-2873.678255,-2873.700283,-1041.25286,-22.087372500092783,-3.8697924998604094,-17.692362500060312,4.395010000032471,18.217580000232374,13.822570000199903,-708.1
Int1_comp169_1_Sub12,TS_comp169_1_Sub12,Int2_comp169_1_Sub12,comp169_1_Sub12,-2795.509247,-2795.486164,-2795.505322,-963.730984,-1.8781074998952365,12.606475000131354,0.584830000092893,2.4629374999881293,14.48458250002659,12.02164500003846,-718.05,[H][C+]1[C-]([H])C2(F)[N-]C2(Cl)[C-]1C(C([H])([H])[H])(C([H])([H])[H])C([H])([H])[H],[H][C+]1CC2(F)[N-]C2(Cl)[C-]1C(C([H])([H])[H])(C([H])([H])[H])C([H])([H])[H],steric,tBu,unknown,-2796.329443,-2796.301858,-2796.323853,-963.879229,-19.44371500006156,-2.1341274998908943,-15.935989999929063,3.5077250001324956,17.309587500170664,13.801862500038169,-718.05
Int1_comp169_1_Sub13,TS_comp169_1_Sub13,Int2_comp169_1_Sub13,comp169_1_Sub13,-2756.261205,-2756.237912,-2756.257252,-924.482988,-1.8492424998254364,12.767115000011133,0.6312650001183329,2.4805074999437693,14.616357499836568,12.135849999892798,-707.37,[H][C+]1[C-]([H])C2(F)[N-]C2(Cl)[C-]1C([H])(C([H])([H])[H])C([H])([H])[H],[H][C+]1CC2(F)[N-]C2(Cl)[C-]1C([H])(C([H])([H])[H])C([H])([H])[H],steric,iPr,unknown,-2757.054059,-2757.026158,-2757.048355,-924.6042,-19.220952500053272,-1.7130750000978878,-15.641692499958708,3.579260000094564,17.507877499955384,13.92861749986082,-707.37
Int1_comp169_1_Sub14,TS_comp169_1_Sub14,Int2_comp169_1_Sub14,comp169_1_Sub14,-2677.756114,-2677.728611,-2677.749389,-845.976519,-2.713937499782446,14.5441950000901,1.506000000049994,4.21993749983244,17.258132499872545,13.038195000040105,-726.68,[H][C+]1[C-]([H])C2(F)[N-]C2(Cl)[C-]1C([H])([H])[H],[H][C+]1CC2(F)[N-]C2(Cl)[C-]1C([H])([H])[H],steric,Me,unknown,-2678.493488,-2678.461311,-2678.485359,-846.043324,-19.412340000069435,0.7787274999600413,-14.311392499893145,5.100947500176289,20.191067500029476,15.090119999853187,-726.68
Int1_comp169_1_Sub15,TS_comp169_1_Sub15,Int2_comp169_1_Sub15,comp169_1_Sub15,-2733.044505,-2733.01611,-2733.036601,-901.261031,-5.1480099998434525,12.66985250004268,-0.1882499998100684,4.959760000033384,17.817862499886132,12.858102499852748,-732.82,[H]C1=C([H])C2(F)[N-]C2(Cl)C1=[N+]([H])C([H])([H])[H],[H][C+]1CC2(F)[N-]C2(Cl)[C-]1N([H])C([H])([H])[H],EDG,NHCH3,unknown,-2733.798108,-2733.76543,-2733.789302,-901.343931,-21.930497499989485,-1.4250524999690128,-16.404732500101034,5.525764999888452,20.505445000020472,14.97968000013202,-732.82
Int1_comp169_1_Sub16,TS_comp169_1_Sub16,Int2_comp169_1_Sub16,comp169_1_Sub16,-2752.905368,-2752.878572,-2752.899713,-921.126638,-2.1711500000827755,14.64333999998246,1.377362500160757,3.5485125002435325,16.814490000065234,13.265977499821702,-716.2,[H]C1=C([H])C2(F)[N-]C2(Cl)C1=[O+]C([H])([H])[H],[H][C+]1CC2(F)[N-]C2(Cl)[C-]1OC([H])([H])[H],EDG,OMe,unknown,-2753.646146,-2753.614894,-2753.639438,-921.196578,-19.03835000001493,0.5722800001245787,-14.829080000084218,4.2092699999307115,19.61063000013951,15.401360000208797,-716.2
Int1_comp169_1_Sub2,TS_comp169_1_Sub2,Int2_comp169_1_Sub2,comp169_1_Sub2,-3097.968209,-3097.947649,-3097.970113,-1266.195317,1.4921949999421713,14.39359499989962,0.2974350001051107,-1.1947599998370606,12.901399999957448,14.096159999794509,-645.02,[H][C-]1[C+](Cl)[C-]([H])C2(Cl)[N-]C12F,[H][C-]1[C+](Cl)CC2(F)[N-]C12Cl,EWG,Cl,unknown,-3098.667417,-3098.643955,-3098.669669,-1266.224671,-14.75754500012215,-0.03514000005395701,-16.170674999978587,-1.4131299998564373,14.722405000068193,16.13553499992463,-645.02
Int1_comp169_1_Sub6,TS_comp169_1_Sub6,Int2_comp169_1_Sub6,comp169_1_Sub6,-2677.752828,-2677.727263,-2677.746187,-845.977816,0.1618949999479468,16.20393249989462,4.329122499913467,4.16722749996552,16.042037499946673,11.874809999981151,-755.49,[H][C-]1[C+](C([H])([H])[H])[C-]([H])C2(Cl)[N-]C12F,[H][C-]1[C+](C([H])([H])[H])CC2(F)[N-]C12Cl,steric,Me,unknown,-2678.490468,-2678.461269,-2678.482873,-846.04412,-17.017799999979957,1.3045725000591801,-12.251937499956398,4.765862500023559,18.322372500039137,13.556510000015578,-755.49
Int1_comp169_1_Sub7,TS_comp169_1_Sub7,Int2_comp169_1_Sub7,comp169_1_Sub7,-2733.066431,-2733.036993,-2733.055217,-901.277284,-8.707817500058468,9.764527499958715,-1.6710324999900197,7.036785000068448,18.472345000017185,11.435559999948737,-783.47,[H][C+]1C(=[N+]([H])C([H])([H])[H])[C-]([H])C2(F)[N-]C12Cl,[H][C+]1C(=[N+]([H])C([H])([H])[H])CC2(F)[N-]C12Cl,EDG,NHCH3,unknown,-2733.820534,-2733.787655,-2733.808151,-901.35961,-26.164240000001087,-5.53266750008504,-18.393907500143882,7.770332499857204,20.631572499916047,12.861240000058842,-783.47
Int1_comp169_1_Sub8,TS_comp169_1_Sub8,Int2_comp169_1_Sub8,comp169_1_Sub8,-2752.916641,-2752.892247,-2752.906434,-921.138104,-2.0500424998178346,13.25719249991522,4.354850000062527,6.404892499880361,15.307234999733057,8.902342499852693,-680.59,[H][C+]1C(=[O+]C([H])([H])[H])[C-]([H])C2(F)[N-]C12Cl,[H][C+]1C(=[O+]C([H])([H])[H])CC2(F)[N-]C12Cl,EDG,OMe,unknown,-2753.658566,-2753.62993,-2753.646552,-921.208914,-19.091060000024527,-1.1219700000208377,-11.55227500008209,7.538784999942436,17.96909000000369,10.430305000061253,-680.59
Int1_comp169_1_Sub9,TS_comp169_1_Sub9,Int2_comp169_1_Sub9,comp169_1_Sub9,-2975.368712,-2975.343966,-2975.365582,-1143.590793,-1.6622474998695225,13.865867500161926,0.3018275001653592,1.9640750000348817,15.528115000031448,13.564039999996568,-718.39,[H][C+]1[C-]([H])C2(F)[N-]C2(Cl)[C-]1C(F)(F)F,[H][C+]1CC2(F)[N-]C2(Cl)[C-]1C(F)(F)F,EWG,CF3,unknown,-2976.081973,-2976.052441,-2976.077726,-1143.632705,-18.850099999919507,-0.318769999908568,-16.185107500013487,2.6649924999060204,18.53133000001094,15.866337500104919,-718.39
Int1_comp169_6_Sub10,TS_comp169_6_Sub10,Int2_comp169_6_Sub10,comp169_6_Sub10,-3097.964567,-3097.93639,-3097.963367,-1266.191042,1.0949875000176237,18.776055000106453,1.847987500113959,0.7530000000963355,17.68106750008883,16.928067499992494,-672.97,[H][C+]1[C-](Cl)C2(F)[N-]C2(Cl)[C-]1[H],[H][C+]1CC2(Cl)[N-]C2(F)[C-]1Cl,EWG,Cl,unknown,-3098.664801,-3098.632654,-3098.662484,-1266.22063,-15.65173249993336,4.520510000000968,-14.197814999965885,1.4539174999674742,20.172242499934327,18.718324999966853,-672.97
Int1_comp169_6_Sub11,TS_comp169_6_Sub11,Int2_comp169_6_Sub11,comp169_6_Sub11,-2872.844214,-2872.815841,-2872.84073,-1041.067259,-1.0573375001126806,16.746719999950983,1.128872500074749,2.1862100001874296,17.804057500063664,15.617847499876234,-699.96,[H][C+]1[C-]([H])C2(Cl)[N-]C2(F)[C-]1C1([H])C([H])([H])C([H])([H])C([H])([H])C([H])([H])C1([H])[H],[H][C+]1CC2(Cl)[N-]C2(F)[C-]1C1([H])C([H])([H])C([H])([H])C([H])([H])C([H])([H])C1([H])[H],steric,Cy,unknown,-2873.701995,-2873.669346,-2873.697212,-1041.253198,-18.554547499880982,1.932699999971419,-15.553214999968077,3.0013324999129054,20.4872474998524,17.485914999939496,-699.96
Int1_comp169_6_Sub13,TS_comp169_6_Sub13,Int2_comp169_6_Sub13,comp169_6_Sub13,-2756.256909,-2756.229346,-2756.254307,-924.483444,1.1326374999225663,18.428419999985408,2.7653924999378887,1.6327550000153224,17.295782500062842,15.66302750004752,-699.41,[H][C+]1[C-]([H])C2(Cl)[N-]C2(F)[C-]1C([H])(C([H])([H])[H])C([H])([H])[H],[H][C+]1CC2(Cl)[N-]C2(F)[C-]1C([H])(C([H])([H])[H])C([H])([H])[H],steric,iPr,unknown,-2757.049156,-2757.017471,-2757.045329,-924.604695,-15.833707500044625,4.048629999908258,-13.432265000043913,2.4014425000007122,19.882337499952882,17.48089499995217,-699.41
Int1_comp169_6_Sub14,TS_comp169_6_Sub14,Int2_comp169_6_Sub14,comp169_6_Sub14,-2677.750444,-2677.720735,-2677.75018,-845.976839,1.0447875002157048,19.68718500016024,1.2104475000828074,0.1656599998671026,18.642397499944536,18.47673750007744,-693.36,[H][C+]1[C-](C([H])([H])[H])C2(F)[N-]C2(Cl)[C-]1[H],[H][C+]1CC2(Cl)[N-]C2(F)[C-]1C([H])([H])[H],steric,Me,unknown,-2678.487517,-2678.45346,-2678.485867,-846.043297,-15.682479999998407,5.688287499906153,-14.647104999901615,1.035375000096792,21.37076749990456,20.335392499807767,-693.36
Int1_comp169_6_Sub15,TS_comp169_6_Sub15,Int2_comp169_6_Sub15,comp169_6_Sub15,-2733.042014,-2733.009832,-2733.039183,-901.263607,-1.968467500023792,18.225737499926424,-0.1920149998719011,1.7764525001518905,20.194204999950216,18.41775249979833,-688.76,[H]C1=C([H])C2(Cl)[N-]C2(F)C1=[N+]([H])C([H])([H])[H],[H][C+]1CC2(Cl)[N-]C2(F)[C-]1N([H])C([H])([H])[H],EDG,NHCH3,unknown,-2733.795137,-2733.75912,-2733.791415,-901.346175,-18.658085000047606,3.942582499890648,-16.32253000009456,2.3355549999530467,22.600667499938254,20.265112499985207,-688.76
Int1_comp169_6_Sub16,TS_comp169_6_Sub16,Int2_comp169_6_Sub16,comp169_6_Sub16,-2752.899616,-2752.868987,-2752.895116,-921.125847,0.941877499976158,20.16157500017528,3.765627499980724,2.8237500000045657,19.21969750019912,16.395947500194552,-681.57,[H]C1=C([H])C2(Cl)[N-]C2(F)C1=[O+]C([H])([H])[H],[H][C+]1CC2(Cl)[N-]C2(F)[C-]1OC([H])([H])[H],EDG,OMe,unknown,-2753.640756,-2753.605931,-2753.634965,-921.1963,-15.83056999990987,6.022117499919375,-12.196717500167154,3.6338524997427157,21.852687499829244,18.21883500008653,-681.57
Int1_comp169_6_Sub7,TS_comp169_6_Sub7,Int2_comp169_6_Sub7,comp169_6_Sub7,-2733.064913,-2733.022307,-2733.035297,-901.277431,-7.663030000056779,19.07223499992938,10.921010000106437,18.584040000163213,26.73526499998616,8.151224999822944,-794.21,[H][C+]1C(=[N+]([H])C([H])([H])[H])[C-]([H])C2(Cl)[N-]C12F,[H][C+]1C(=[N+]([H])C([H])([H])[H])CC2(Cl)[N-]C12F,EDG,NHCH3,unknown,-2733.819394,-2733.772386,-2733.788571,-901.359798,-25.33092000010754,4.166599999895766,-5.989487500073096,19.341432500034443,29.497520000003306,10.156087499968862,-794.21
Int1_comp169_6_Sub8,TS_comp169_6_Sub8,Int2_comp169_6_Sub8,comp169_6_Sub8,-2752.915764,-2752.878292,-2752.90158,-921.138141,-1.4765074998391017,22.037172500148188,7.423952499947006,8.900459999786108,23.51367999998729,14.61322000020118,-708.89,[H][C+]1C(=[O+]C([H])([H])[H])[C-]([H])C2(Cl)[N-]C12F,[H][C+]1C(=[O+]C([H])([H])[H])CC2(Cl)[N-]C12F,EDG,OMe,unknown,-2753.657571,-2753.616299,-2753.642483,-921.208887,-18.483640000131345,7.414540000113448,-9.015920000065307,9.467720000066038,25.898180000244793,16.430460000178755,-708.89
Int1_comp169_6_Sub9,TS_comp169_6_Sub9,Int2_comp169_6_Sub9,comp169_6_Sub9,-2975.362354,-2975.33627,-2975.363156,-1143.592013,3.0929475001096307,19.46065750016146,2.5896925000961346,-0.5032550000134961,16.36771000005183,16.870965000065326,-678.58,[H][C+]1[C-](C(F)(F)F)C2(F)[N-]C2(Cl)[C-]1[H],[H][C+]1CC2(Cl)[N-]C2(F)[C-]1C(F)(F)F,EWG,CF3,unknown,-2976.076172,-2976.045319,-2976.075202,-1143.633894,-14.463875000007533,4.8963825001220584,-13.855199999974843,0.6086750000326901,19.360257500129592,18.7515825000969,-678.58
Int1_comp16_1_Sub15,TS_comp16_1_Sub15,Int2_comp16_1_Sub15,comp16_1_Sub15,-2152.318128,-2152.285862,-2152.299763,-320.531415,-7.180482499883993,13.066432499933144,4.343555000055375,11.524037499939368,20.246914999817136,8.722877499877768,-746.92,[H]C1=C(N([H])C([H])([H])[H])C2([H])[N-][N+]12[H],[H][N+](=C1C[N+]2([H])[N-]C12[H])C([H])([H])[H],EDG,NHCH3,unknown,-2153.074495,-2153.039281,-2153.056726,-320.61867,-22.9646174999111,-0.867832499913419,-11.81456999988356,11.15004750002754,22.09678499999768,10.94673749997014,-746.92
Int1_comp16_1_Sub17,TS_comp16_1_Sub17,Int2_comp16_1_Sub17,comp16_1_Sub17,-2394.645653,-2394.62659,-2394.643324,-562.867357,-1.898814999985632,10.063217500131998,-0.437367500037169,1.4614474999484628,11.96203250011763,10.500585000169169,-722.77,[H]C1=C([H])[N+]2([H])[N-]C12C(F)(F)F,[H][C-]1C[N+]2([H])[N-]C12C(F)(F)F,EWG,CF3,unknown,-2395.361681,-2395.338799,-2395.358862,-562.913503,-18.166124999934254,-3.807670000088592,-16.397202500048706,1.768922499885548,14.358454999845662,12.589532499960114,-722.77
Int1_comp16_1_Sub18,TS_comp16_1_Sub18,Int2_comp16_1_Sub18,comp16_1_Sub18,-2517.246982,-2517.225816,-2517.24229,-685.464871,-4.292727500005356,8.988937499990755,-1.3484975000196189,2.944229999985737,13.28166499999611,10.337435000010371,-718.42,[H]C1=C([H])[N+]2([H])[N-]C12Cl,[H][C-]1C[N+]2([H])[N-]C12Cl,EWG,Cl,unknown,-2517.949988,-2517.925173,-2517.944925,-685.499247,-19.774407499940025,-4.202995000089231,-16.597374999900012,3.1770325000400135,15.571412499850794,12.39437999981078,-718.42
Int1_comp16_1_Sub19,TS_comp16_1_Sub19,Int2_comp16_1_Sub19,comp16_1_Sub19,-2292.12411,-2292.101076,-2292.115821,-460.340263,-5.382067500072907,9.071767500102652,-0.180719999864749,5.201347500208158,14.45383500017556,9.2524874999674,-724.72,[H]C1=C([H])[N+]2([H])[N-]C12C1([H])C([H])([H])C([H])([H])C([H])([H])C([H])([H])C1([H])[H],[H][C-]1C[N+]2([H])[N-]C12C1([H])C([H])([H])C([H])([H])C([H])([H])C([H])([H])C1([H])[H],steric,Cy,unknown,-2292.985081,-2292.957353,-2292.975216,-460.529569,-22.76820999990761,-5.368889999892161,-16.577922499913456,6.190287499994156,17.39932000001545,11.209032500021294,-724.72
Int1_comp16_1_Sub21,TS_comp16_1_Sub21,Int2_comp16_1_Sub21,comp16_1_Sub21,-2175.537832,-2175.514929,-2175.529966,-343.755336,-4.534314999930444,9.837317500095963,0.4016000000204656,4.93591499995091,14.371632500026408,9.435717500075498,-726.16,[H]C1=C([H])[N+]2([H])[N-]C12C([H])(C([H])([H])[H])C([H])([H])[H],[H][C-]1C[N+]2([H])[N-]C12C([H])(C([H])([H])[H])C([H])([H])[H],steric,iPr,unknown,-2176.332606,-2176.305529,-2176.323638,-343.880677,-20.519877499984034,-3.5290600001499683,-14.892457499924205,5.6274200000598285,16.990817499834066,11.363397499774237,-726.16
Int1_comp16_1_Sub22,TS_comp16_1_Sub22,Int2_comp16_1_Sub22,comp16_1_Sub22,-2097.029378,-2097.006255,-2097.02104,-265.248351,-3.612517500046266,10.897165000202309,1.619577500012923,5.232095000059189,14.509682500248571,9.277587500189384,-723.05,[H]C1=C([H])[N+]2([H])[N-]C12C([H])([H])[H],[H][C-]1C[N+]2([H])[N-]C12C([H])([H])[H],steric,Me,unknown,-2097.768673,-2097.741943,-2097.759891,-265.319477,-18.804920000033576,-2.031845000006456,-13.294215000107101,5.510704999926475,16.77307500002712,11.262370000100645,-723.05
Int1_comp16_1_Sub23,TS_comp16_1_Sub23,Int2_comp16_1_Sub23,comp16_1_Sub23,-2152.326201,-2152.300826,-2152.315607,-320.539617,-7.099534999838681,8.823277499980975,-0.451799999929392,6.647734999909289,15.922812499819656,9.275077499910369,-729.15,[H]C1=C([H])[N+]2([H])[N-]C12N([H])C([H])([H])[H],[H][C-]1C[N+]2([H])[N-]C12N([H])C([H])([H])[H],EDG,NHCH3,unknown,-2153.082285,-2153.053255,-2153.071061,-320.626649,-22.846019999996514,-4.6296949999036485,-15.802960000086586,7.043059999909929,18.216325000092866,11.173265000182937,-729.15
Int1_comp16_1_Sub24,TS_comp16_1_Sub24,Int2_comp16_1_Sub24,comp16_1_Sub24,-2172.18798,-2172.163449,-2172.178673,-340.406695,-3.7744125000298814,11.618789999985497,2.06573000013492,5.840142500164802,15.393202500015375,9.553059999850577,-718.02,[H]C1=C([H])[N+]2([H])[N-]C12OC([H])([H])[H],[H][C-]1C[N+]2([H])[N-]C12OC([H])([H])[H],EDG,OMe,unknown,-2172.932233,-2172.903783,-2172.922088,-340.481876,-19.533447500013352,-1.6810725001430171,-13.167459999892088,6.365987500121264,17.852374999870335,11.486387499749071,-718.02
Int1_comp16_1_Sub5,TS_comp16_1_Sub5,Int2_comp16_1_Sub5,comp16_1_Sub5,-2175.528952,-2175.509386,-2175.518459,-343.752671,-0.6344025000034037,11.643262499959375,5.949955000137237,6.584357500140641,12.27766499996278,5.69330749982214,-723.29,[H]C1=C([H])[N+]2(C([H])(C([H])([H])[H])C([H])([H])[H])[N-]C12[H],[H][C-]1C[N+]2(C([H])(C([H])([H])[H])C([H])([H])[H])[N-]C12[H],steric,iPr,unknown,-2176.323941,-2176.300395,-2176.312702,-343.877587,-17.02156500007746,-2.246450000142346,-9.969092500119956,7.052472499957503,14.775114999935113,7.72264249997761,-723.29
Int1_comp16_1_Sub7,TS_comp16_1_Sub7,Int2_comp16_1_Sub7,comp16_1_Sub7,-2152.284702,-2152.256283,-2152.27467,-320.505433,-2.5093724999065614,15.323549999941548,3.785707500179712,6.295080000086273,17.83292249984811,11.537842499761837,-753.12,[H]C1=C([H])[N+]2(N([H])C([H])([H])[H])[N-]C12[H],[H][C-]1C[N+]2(N([H])C([H])([H])[H])[N-]C12[H],EDG,NHCH3,unknown,-2153.041001,-2153.009277,-2153.031223,-320.592649,-18.27531000005095,1.6314999999114832,-12.1396149999903,6.13569500006065,19.906809999962434,13.771114999901783,-753.12
Int1_comp16_3_Sub23,TS_comp16_3_Sub23,Int2_comp16_3_Sub23,comp16_3_Sub23,-2152.294188,-2152.255588,-2152.275175,-320.505431,-8.463092499855946,15.758407500056393,3.4675649999128666,11.930657499768811,24.22149999991234,12.290842500143526,-699.79,[H]C1=C([H])[N+]2(N([H])C([H])([H])[H])[N-]C12[H],[H]N(C([H])([H])[H])[N+2]123[N-]C14C2([H])C43[H],EDG,NHCH3,unknown,-2153.051085,-2153.007463,-2153.029948,-320.592647,-24.604275000051672,2.768530000036975,-11.340807499938279,13.263467500113393,27.372805000088647,14.109337499975254,-699.79
Int1_comp16_3_Sub24,TS_comp16_3_Sub24,Int2_comp16_3_Sub24,comp16_3_Sub24,-2172.122869,-2172.096992,-2172.117167,-340.348564,0.6055375001832886,16.843355000206373,4.183542500138344,3.578004999955056,16.237817500023084,12.659812500068028,-711.06,[H]C1=C([H])[N+]2(OC([H])([H])[H])[N-]C12[H],[H]C([H])([H])O[N+2]123[N-]C14C2([H])C43[H],EDG,OMe,unknown,-2172.865302,-2172.835413,-2172.858611,-340.422469,-14.812137500126994,3.943210000103079,-10.613535000098011,4.198602500028983,18.755347500230073,14.55674500020109,-711.06
Int1_comp171_1_Sub10,TS_comp171_1_Sub10,Int2_comp171_1_Sub10,comp171_1_Sub10,-2707.598113,-2707.564082,-2707.59714,-875.808062,-9.275077499981704,12.079375000106722,-8.66451999988243,0.6105575000992758,21.354452500088428,20.743894999989152,-652.7,[H]c1c([H])c(C#N)c([H])c(C#N)c1Cl,[H][C+]1C[C-](C[N-2])[C+]([H])[C-](C[N-2])[C+]1Cl,EWG,Cl,unknown,-2708.325047,-2708.285523,-2708.32168,-875.862243,-27.34393999987617,-2.5426300000009405,-25.23114750000275,2.1127924998734215,24.80130999987523,22.688517500001808,-652.7
Int1_comp171_1_Sub18,TS_comp171_1_Sub18,Int2_comp171_1_Sub18,comp171_1_Sub18,-2707.593911,-2707.560588,-2707.592659,-875.805715,-8.111064999924338,12.799117500144348,-7.325434999910385,0.7856300000139527,20.91018250006869,20.124552500054733,-702.38,[H]c1c([H])c(C#N)c(Cl)c(C#N)c1[H],[H][C+]1C[C-](C[N-2])[C+](Cl)[C-](C[N-2])[C+]1[H],EWG,Cl,unknown,-2708.320359,-2708.282046,-2708.317314,-875.860198,-25.685457499925803,-1.6440499999154667,-23.774719999970273,1.9107374999555304,24.041407500010337,22.130670000054806,-702.38
Int1_comp171_1_Sub13,TS_comp171_1_Sub13,Int2_comp171_1_Sub13,comp171_1_Sub13,-2365.888262,-2365.856509,-2365.887626,-534.100774,-7.666794999904596,12.258212499940557,-7.267705000056139,0.3990899998484565,19.92500749984515,19.52591749999669,-678.73,[H]c1c([H])c(C([H])(C([H])([H])[H])C([H])([H])[H])c(C#N)c([H])c1C#N,[H][C+]1C[C-](C[N-2])[C+]([H])[C-](C[N-2])[C+]1C([H])(C([H])([H])[H])C([H])([H])[H],steric,iPr,unknown,-2366.706793,-2366.669813,-2366.703824,-534.246627,-25.688594999917882,-2.4836450000071864,-23.8255475001273,1.8630474997905822,23.204949999910696,21.341902500120113,-678.73
Int1_comp171_1_Sub19,TS_comp171_1_Sub19,Int2_comp171_1_Sub19,comp171_1_Sub19,-2482.471443,-2482.43755,-2482.468208,-650.683559,-7.915284999919265,13.352572499959765,-5.885322499836718,2.029962500082547,21.267857499879028,19.23789499979648,-691.27,[H]c1c([H])c(C#N)c(C2([H])C([H])([H])C([H])([H])C([H])([H])C([H])([H])C2([H])[H])c(C#N)c1[H],[H][C+]1C[C-](C[N-2])[C+](C2([H])C([H])([H])C([H])([H])C([H])([H])C([H])([H])C2([H])[H])[C-](C[N-2])[C+]1[H],steric,Cy,unknown,-2483.355115,-2483.31683,-2483.350591,-650.894865,-25.74130499992748,-1.7174675001581363,-22.902494999960936,2.838809999966543,24.023837499769343,21.1850274998028,-691.27
Int1_comp171_1_Sub21,TS_comp171_1_Sub21,Int2_comp171_1_Sub21,comp171_1_Sub21,-2365.88458,-2365.850768,-2365.881853,-534.099317,-6.270607499862706,14.946422500215988,-4.559414999831404,1.7111925000313022,21.217030000078694,19.50583750004739,-692.76,[H]c1c([H])c(C#N)c(C([H])(C([H])([H])[H])C([H])([H])[H])c(C#N)c1[H],[H][C+]1C[C-](C[N-2])[C+](C([H])(C([H])([H])[H])C([H])([H])[H])[C-](C[N-2])[C+]1[H],steric,iPr,unknown,-2366.702607,-2366.664341,-2366.698533,-534.245598,-23.70757750013979,0.3043374998736681,-21.151142500173705,2.5564349999660863,24.01191500001346,21.455480000047373,-692.76
Int1_comp171_1_Sub22,TS_comp171_1_Sub22,Int2_comp171_1_Sub22,comp171_1_Sub22,-2287.380813,-2287.346716,-2287.377774,-455.594108,-7.175462500075014,14.220405000051528,-5.268489999967301,1.906972500107713,21.395867500126545,19.48889500001883,-684.96,[H]c1c([H])c(C#N)c(C([H])([H])[H])c(C#N)c1[H],[H][C+]1C[C-](C[N-2])[C+](C([H])([H])[H])[C-](C[N-2])[C+]1[H],steric,Me,unknown,-2288.143518,-2288.104963,-2288.139052,-455.685449,-24.37272749992289,-0.1794650001532716,-21.570312500007134,2.8024149999157544,24.193262499769617,21.390847499853862,-684.96
Int1_comp171_1_Sub23,TS_comp171_1_Sub23,Int2_comp171_1_Sub23,comp171_1_Sub23,-2342.678592,-2342.64143,-2342.671231,-510.890385,-8.117967500085257,15.20118749996513,-3.4989399998336523,4.619027500251605,23.319155000050387,18.700127499798786,-698.32,[H]c1c([H])c(C#N)c(N([H])C([H])([H])[H])c(C#N)c1[H],[H][C+]1C[C-](C[N-2])[C+](N([H])C([H])([H])[H])[C-](C[N-2])[C+]1[H],EDG,NHCH3,unknown,-2343.458413,-2343.416702,-2343.44934,-510.998612,-25.459557499925438,0.7140949999805457,-19.766250000103298,5.69330749982214,26.173652499905984,20.480345000083844,-698.32
Int1_comp171_1_Sub24,TS_comp171_1_Sub24,Int2_comp171_1_Sub24,comp171_1_Sub24,-2362.531296,-2362.498443,-2362.529907,-530.745472,-6.622635000043999,13.992622500055916,-5.751037500033078,0.8715975000109211,20.615257500099915,19.743660000089,-676.09,[H]c1c([H])c(C#N)c(OC([H])([H])[H])c(C#N)c1[H],[H][C+]1C[C-](C[N-2])[C+](OC([H])([H])[H])[C-](C[N-2])[C+]1[H],EDG,OMe,unknown,-2363.297968,-2363.260276,-2363.294956,-530.841367,-23.451557499930118,0.20017249999398246,-21.56152750013632,1.8900299997937964,23.6517299999241,21.761700000130304,-676.09
Int1_comp171_1_Sub14,TS_comp171_1_Sub14,Int2_comp171_1_Sub14,comp171_1_Sub14,-2287.382149,-2287.347777,-2287.379289,-455.593832,-8.186992499946655,13.3814375001009,-6.392342499912047,1.7946500000346075,21.56843000004756,19.773780000012948,-669.55,[H]c1c([H])c(C([H])([H])[H])c(C#N)c([H])c1C#N,[H][C+]1C[C-](C[N-2])[C+]([H])[C-](C[N-2])[C+]1C([H])([H])[H],steric,Me,unknown,-2288.145182,-2288.105821,-2288.140308,-455.684911,-25.754482500143894,-1.0554550000817642,-22.696047500018466,3.058435000125428,24.69902750006213,21.6405924999367,-669.55
Int1_comp171_1_Sub15,TS_comp171_1_Sub15,Int2_comp171_1_Sub15,comp171_1_Sub15,-2342.685857,-2342.644897,-2342.676386,-510.888398,-13.923597499909164,11.778802499973864,-7.980545000004184,5.943052499904979,25.702399999883028,19.75934749997805,-666.83,[H]c1c([H])c(N([H])C([H])([H])[H])c(C#N)c([H])c1C#N,[H][C+]1C[C-](C[N-2])[C+]([H])[C-](C[N-2])[C+]1N([H])C([H])([H])[H],EDG,NHCH3,unknown,-2343.466296,-2343.419466,-2343.454132,-510.996215,-31.91025750004684,-2.524432499904208,-24.277347499914015,7.632910000132824,29.38582500014263,21.752915000009807,-666.83
Int1_comp171_1_Sub16,TS_comp171_1_Sub16,Int2_comp171_1_Sub16,comp171_1_Sub16,-2362.543223,-2362.499869,-2362.530991,-530.74732,-12.94720750005581,14.257427499886717,-5.271627500030718,7.675580000025093,27.204634999942527,19.529054999917435,-657.4,[H]c1c([H])c(OC([H])([H])[H])c(C#N)c([H])c1C#N,[H][C+]1C[C-](C[N-2])[C+]([H])[C-](C[N-2])[C+]1OC([H])([H])[H],EDG,OMe,unknown,-2363.311087,-2363.262683,-2363.295972,-530.843049,-30.6282750000733,-0.2547649999988266,-21.1436124999787,9.4846625000946,30.373510000074475,20.888847499979875,-657.4
Int1_comp171_1_Sub17,TS_comp171_1_Sub17,Int2_comp171_1_Sub17,comp171_1_Sub17,-2584.984874,-2584.951185,-2584.983506,-753.197036,-7.886420000063481,13.25342750013874,-7.027999999947951,0.8584200001155295,21.139847500202222,20.281427500086693,-699.24,[H]c1c([H])c(C#N)c(C(F)(F)F)c(C#N)c1[H],[H][C+]1C[C-](C[N-2])[C+](C(F)(F)F)[C-](C[N-2])[C+]1[H],EWG,CF3,unknown,-2585.724487,-2585.685432,-2585.72087,-753.263819,-26.003599999978633,-1.4965875001450968,-23.73393250007325,2.269667499905381,24.507012499833536,22.237344999928155,-699.24
Int1_comp171_1_Sub11,TS_comp171_1_Sub11,Int2_comp171_1_Sub11,comp171_1_Sub11,-2482.476413,-2482.443083,-2482.474707,-650.684894,-10.196247499867468,10.718327499976112,-9.125732499859396,1.070515000008072,20.91457499984358,19.84405999983551,-685.92,[H]c1c([H])c(C2([H])C([H])([H])C([H])([H])C([H])([H])C([H])([H])C2([H])[H])c(C#N)c([H])c1C#N,[H][C+]1C[C-](C[N-2])[C+]([H])[C-](C[N-2])[C+]1C1([H])C([H])([H])C([H])([H])C([H])([H])C([H])([H])C1([H])[H],steric,Cy,unknown,-2483.360584,-2483.321852,-2483.356502,-650.895647,-28.682397499992476,-4.378067500003908,-26.120942500039064,2.561454999953412,24.304329999988568,21.742875000035156,-685.92
Int1_comp171_1_Sub8,TS_comp171_1_Sub8,Int2_comp171_1_Sub8,comp171_1_Sub8,-2362.535569,-2362.502758,-2362.530719,-530.750115,-6.390459999988138,14.19844250003564,-3.347084999824688,3.0433750001634507,20.58890250002377,17.545527499860327,-793.24,[H]c1c(C#N)c([H])c(OC([H])([H])[H])c([H])c1C#N,[H]C1=C(C#N)CC(=[O+]C([H])([H])[H])C([H])=C1C#N,EDG,OMe,unknown,-2363.303544,-2363.265988,-2363.297304,-530.845419,-24.407867499941176,-0.8414775000869668,-20.49226750012508,3.915599999816095,23.56638999985421,19.650790000038114,-793.24
Int1_comp171_5_Sub12,TS_comp171_5_Sub12,Int2_comp171_5_Sub12,comp171_5_Sub12,-2405.12747,-2405.099081,-2405.130625,-573.346154,-3.793864999909431,14.020232500128884,-5.773627499833367,-1.979762499923936,17.814097500038315,19.79385999996225,-800.59,[H]c1c([H])c(C(C([H])([H])[H])(C([H])([H])[H])C([H])([H])[H])c(C#N)c([H])c1C#N,[H][C+]1[C+](C[N-2])C[C-](C[N-2])[C+](C(C([H])([H])[H])(C([H])([H])[H])C([H])([H])[H])[C+]1[H],steric,tBu,unknown,-2405.972987,-2405.94092,-2405.974668,-573.519254,-21.65188750005086,-1.5298449999897912,-22.706714999884525,-1.0548274998336638,20.12204250006107,21.176869999894734,-800.59
Int1_comp171_5_Sub13,TS_comp171_5_Sub13,Int2_comp171_5_Sub13,comp171_5_Sub13,-2365.883654,-2365.852002,-2365.8836,-534.100773,-4.775902500069549,15.085727500006954,-4.742017500012423,0.0338850000571255,19.861630000076502,19.827745000019377,-797.92,[H]c1c([H])c(C([H])(C([H])([H])[H])C([H])([H])[H])c(C#N)c([H])c1C#N,[H][C+]1[C+](C[N-2])C[C-](C[N-2])[C+](C([H])(C([H])([H])[H])C([H])([H])[H])[C+]1[H],steric,iPr,unknown,-2366.701299,-2366.666188,-2366.700145,-534.246627,-22.24110999991865,-0.20895750011447944,-21.516974999892113,0.7241350000265356,22.03215249980417,21.308017499777634,-797.92
Int1_comp171_5_Sub15,TS_comp171_5_Sub15,Int2_comp171_5_Sub15,comp171_5_Sub15,-2342.684326,-2342.640028,-2342.671536,-510.888396,-12.964149999977366,14.83284500018172,-4.938424999837565,8.0257250001398,27.79699500015909,19.771270000019285,-783.41,[H]c1c([H])c(N([H])C([H])([H])[H])c(C#N)c([H])c1C#N,[H][C+]1[C+](C[N-2])C[C-](C[N-2])[C+](N([H])C([H])([H])[H])[C+]1[H],EDG,NHCH3,unknown,-2343.464225,-2343.416204,-2343.44975,-510.996215,-30.61070500011766,-0.4775275000784518,-21.527642500150534,9.083062499967127,30.13317750003921,21.050115000072083,-783.41
Int1_comp171_5_Sub16,TS_comp171_5_Sub16,Int2_comp171_5_Sub16,comp171_5_Sub16,-2362.527538,-2362.496623,-2362.528826,-530.747319,-3.105497499863929,16.29366500002476,-3.913717500106202,-0.8082200002422724,19.39916249988869,20.20738250013096,-783.26,[H]c1c([H])c(OC([H])([H])[H])c(C#N)c([H])c1C#N,[H][C+]1[C+](C[N-2])C[C-](C[N-2])[C+](OC([H])([H])[H])[C+]1[H],EDG,OMe,unknown,-2363.295007,-2363.259177,-2363.293983,-530.84305,-20.53744750015369,1.9458775000094874,-19.894887500063874,0.6425600000898157,22.483325000163177,21.84076500007336,-783.26
Int1_comp171_5_Sub17,TS_comp171_5_Sub17,Int2_comp171_5_Sub17,comp171_5_Sub17,-2584.990946,-2584.96098,-2584.993924,-753.20775,-4.973564999855853,13.830100000180892,-6.842259999846192,-1.868694999990339,18.803665000036744,20.672360000027084,-774.75,[H]c1c(C#N)c([H])c(C(F)(F)F)c([H])c1C#N,[H][C+]1[C+](C[N-2])C[C-](C[N-2])[C+]([H])[C+]1C(F)(F)F,EWG,CF3,unknown,-2585.729861,-2585.695882,-2585.731192,-753.273945,-23.021719999873937,-1.6998974999884808,-23.856922500119424,-0.8352025002454866,21.321822499885457,22.157025000130943,-774.75
Int1_comp171_5_Sub18,TS_comp171_5_Sub18,Int2_comp171_5_Sub18,comp171_5_Sub18,-2707.59142,-2707.561234,-2707.593774,-875.808542,-4.774020000074302,14.167695000184608,-6.251154999911819,-1.4771349998375172,18.94171500025891,20.418850000096427,-783.03,[H]c1c(Cl)c([H])c(C#N)c([H])c1C#N,[H][C+]1[C+](C[N-2])C[C-](C[N-2])[C+]([H])[C+]1Cl,EWG,Cl,unknown,-2708.317236,-2708.283481,-2708.318412,-875.862436,-22.321429999929876,-1.1401674999748934,-23.059370000064234,-0.7379400001343583,21.181262499954983,21.91920250008934,-783.03
Int1_comp171_5_Sub19,TS_comp171_5_Sub19,Int2_comp171_5_Sub19,comp171_5_Sub19,-2482.470099,-2482.438477,-2482.470235,-650.683845,-6.892460000004803,12.95034499997655,-6.97779999978934,-0.0853399997845372,19.84280499998136,19.92814499976589,-786.31,[H]c1c(C#N)c([H])c(C2([H])C([H])([H])C([H])([H])C([H])([H])C([H])([H])C2([H])[H])c([H])c1C#N,[H][C+]1[C+](C[N-2])C[C-](C[N-2])[C+]([H])[C+]1C1([H])C([H])([H])C([H])([H])C([H])([H])C([H])([H])C1([H])[H],steric,Cy,unknown,-2483.353001,-2483.317668,-2483.351707,-650.894174,-24.848372499970424,-2.6769150000899344,-24.036387499880334,0.8119850000900897,22.17145749988049,21.3594724997904,-786.31
Int1_comp171_5_Sub10,TS_comp171_5_Sub10,Int2_comp171_5_Sub10,comp171_5_Sub10,-2707.588827,-2707.561164,-2707.593824,-875.808057,-3.451249999989728,13.907282499914686,-6.586867499991627,-3.1356175000019,17.358532499904413,20.49414999990632,-793.33,[H]c1c([H])c(C#N)c([H])c(C#N)c1Cl,[H][C+]1[C+](C[N-2])C[C-](C[N-2])[C+](Cl)[C+]1[H],EWG,Cl,unknown,-2708.314709,-2708.283424,-2708.318499,-875.862237,-20.860610000122506,-1.2292725001066174,-23.23883499996782,-2.3782249998453153,19.63133750001589,22.009562499861204,-793.33
Int1_comp171_1_Sub9,TS_comp171_1_Sub9,Int2_comp171_1_Sub9,comp171_1_Sub9,-2584.990857,-2584.959725,-2584.992748,-753.204114,-7.199307499800796,12.33602249995812,-8.385910000015144,-1.1866025002143488,19.535329999758915,20.721932499973263,-661.81,[H]c1c([H])c(C(F)(F)F)c(C#N)c([H])c1C#N,[H][C+]1C[C-](C[N-2])[C+]([H])[C-](C[N-2])[C+]1C(F)(F)F,EWG,CF3,unknown,-2585.730531,-2585.693899,-2585.730101,-753.270641,-25.51540500014113,-2.5288249999644563,-25.245580000108987,0.26982500003214227,22.986580000176673,22.71675500014453,-661.81
Int1_comp171_5_Sub20,TS_comp171_5_Sub20,Int2_comp171_5_Sub20,comp171_5_Sub20,-2405.136485,-2405.106081,-2405.137807,-573.353338,-4.942817499933483,14.13569250012273,-5.7723724999792125,-0.8295550000457297,19.07851000005621,19.908065000101946,-785.54,[H]c1c(C#N)c([H])c(C(C([H])([H])[H])(C([H])([H])[H])C([H])([H])[H])c([H])c1C#N,[H][C+]1[C+](C[N-2])C[C-](C[N-2])[C+]([H])[C+]1C(C([H])([H])[H])(C([H])([H])[H])C([H])([H])[H],steric,tBu,unknown,-2405.98082,-2405.947012,-2405.981122,-573.525775,-22.475167500183773,-1.2606475000987416,-22.66467250013335,-0.1895049999495768,21.21452000008503,21.404025000034608,-785.54
Int1_comp171_5_Sub21,TS_comp171_5_Sub21,Int2_comp171_5_Sub21,comp171_5_Sub21,-2365.883178,-2365.852262,-2365.883918,-534.1,-4.9622699999557085,14.437520000145412,-5.426619999924753,-0.4643499999690448,19.39979000010112,19.864140000070165,-785.52,[H]c1c(C#N)c([H])c(C([H])(C([H])([H])[H])C([H])([H])[H])c([H])c1C#N,[H][C+]1[C+](C[N-2])C[C-](C[N-2])[C+]([H])[C+]1C([H])(C([H])([H])[H])C([H])([H])[H],steric,iPr,unknown,-2366.700697,-2366.665818,-2366.699915,-534.245269,-22.7155000001477,-0.8289274999759755,-22.224795000102517,0.4907050000451818,21.886572500171724,21.395867500126542,-785.52
Int1_comp171_5_Sub22,TS_comp171_5_Sub22,Int2_comp171_5_Sub22,comp171_5_Sub22,-2287.37417,-2287.343374,-2287.37504,-455.591983,-4.340417499956288,14.984072500049592,-4.886342499862053,-0.5459249999057647,19.32449000000588,19.870414999911645,-784.82,[H]c1c(C#N)c([H])c(C([H])([H])[H])c([H])c1C#N,[H][C+]1[C+](C[N-2])C[C-](C[N-2])[C+]([H])[C+]1C([H])([H])[H],steric,Me,unknown,-2288.136364,-2288.102061,-2288.136154,-455.682886,-21.491874999991154,0.03325749995170213,-21.360099999895823,0.13177500009533105,21.525132499942856,21.393357499847525,-784.82
Int1_comp171_5_Sub23,TS_comp171_5_Sub23,Int2_comp171_5_Sub23,comp171_5_Sub23,-2342.673963,-2342.640192,-2342.670681,-510.88863,-6.314532500072829,14.87677000014216,-4.255077499993405,2.0594550000794243,21.191302500214988,19.131847500135564,-802.6,[H]c1c(C#N)c([H])c(N([H])C([H])([H])[H])c([H])c1C#N,[H]C1=C(C#N)CC(C#N)=C([H])C1=[N+]([H])C([H])([H])[H],EDG,NHCH3,unknown,-2343.452272,-2343.415148,-2343.448017,-510.995217,-23.736442499995576,-0.44113250002766335,-21.06643000010223,2.670012499893346,23.295309999967913,20.625297500074566,-802.6
Int1_comp171_5_Sub24,TS_comp171_5_Sub24,Int2_comp171_5_Sub24,comp171_5_Sub24,-2362.532623,-2362.500042,-2362.531353,-530.743521,-8.679579999987084,11.764997499973047,-7.882654999858971,0.7969250001281125,20.444577499960133,19.64765249983202,-797.76,[H]c1c(C#N)c([H])c(OC([H])([H])[H])c([H])c1C#N,[H]C1=C(C#N)CC(C#N)=C([H])C1=[O+]C([H])([H])[H],EDG,OMe,unknown,-2363.299563,-2363.263322,-2363.297205,-530.838539,-26.226990000056674,-3.4857624999025916,-24.74734499994014,1.479645000116534,22.741227500154082,21.261582500037548,-797.76
Int1_comp171_5_Sub3,TS_comp171_5_Sub3,Int2_comp171_5_Sub3,comp171_5_Sub3,-2482.470448,-2482.438303,-2482.469736,-650.684896,-6.451954999975555,13.719032500104618,-6.005174999962151,0.4467800000134048,20.170987500080173,19.72420750006677,-799.87,[H]c1c([H])c(C2([H])C([H])([H])C([H])([H])C([H])([H])C([H])([H])C2([H])[H])c(C#N)c([H])c1C#N,[H][C+]1[C+]([H])[C-](C[N-2])C[C+](C[N-2])[C+]1C1([H])C([H])([H])C([H])([H])C([H])([H])C([H])([H])C1([H])[H],steric,Cy,unknown,-2483.353414,-2483.318005,-2483.351833,-650.89565,-24.181340000085072,-1.9621925000396345,-23.18926250009298,0.9920774999920923,22.219147500045437,21.227070000053345,-799.87
Int1_comp171_5_Sub4,TS_comp171_5_Sub4,Int2_comp171_5_Sub4,comp171_5_Sub4,-2405.132605,-2405.099475,-2405.130656,-573.350906,-4.034197499802019,16.754877500073064,-2.811199999822236,1.2229974999797832,20.789074999875083,19.5660774998953,-804.9,[H]c1c([H])c(C(C([H])([H])[H])(C([H])([H])[H])C([H])([H])[H])c(C#N)c([H])c1C#N,[H][C+]1[C+]([H])[C-](C[N-2])C[C+](C[N-2])[C+]1C(C([H])([H])[H])(C([H])([H])[H])C([H])([H])[H],steric,tBu,unknown,-2405.977766,-2405.941119,-2405.974704,-573.524014,-21.66381000002076,1.332182499918133,-19.7424050001635,1.921404999857259,22.995992499938893,21.074587500081634,-804.9
Int1_comp171_5_Sub5,TS_comp171_5_Sub5,Int2_comp171_5_Sub5,comp171_5_Sub5,-2365.883594,-2365.851578,-2365.883234,-534.100773,-4.738252499879252,15.351787500191278,-4.512352499878887,0.2259000000003652,20.09004000007053,19.864140000070165,-797.77,[H]c1c([H])c(C([H])(C([H])([H])[H])C([H])([H])[H])c(C#N)c([H])c1C#N,[H][C+]1[C+]([H])[C-](C[N-2])C[C+](C[N-2])[C+]1C([H])(C([H])([H])[H])C([H])([H])[H],steric,iPr,unknown,-2366.701113,-2366.665889,-2366.699838,-534.246627,-22.12439500007065,-0.021334999946134303,-21.324332500021796,0.8000625000488526,22.103060000124515,21.302997500075662,-797.77
Int1_comp171_5_Sub6,TS_comp171_5_Sub6,Int2_comp171_5_Sub6,comp171_5_Sub6,-2287.375799,-2287.344327,-2287.376245,-455.593833,-4.201739999878384,15.546940000197935,-4.481604999885178,-0.2798650000067937,19.74868000007632,20.02854500008312,-784.72,[H]c1c([H])c(C([H])([H])[H])c(C#N)c([H])c1C#N,[H][C+]1[C+]([H])[C-](C[N-2])C[C+](C[N-2])[C+]1C([H])([H])[H],steric,Me,unknown,-2288.137948,-2288.103296,-2288.137842,-455.684911,-21.215147500047777,0.5289825001268866,-21.148632500073035,0.06651499997474275,21.744130000174664,21.67761500019992,-784.72
Int1_comp171_5_Sub7,TS_comp171_5_Sub7,Int2_comp171_5_Sub7,comp171_5_Sub7,-2342.68012,-2342.647485,-2342.679635,-510.89567,-5.760449999937976,14.718012500079285,-5.45611249992163,0.3043375000163451,20.47846250001725,20.17412500000092,-768.99,[H]c1c([H])c(N([H])C([H])([H])[H])c(C#N)c([H])c1C#N,[H][C+]1[C+]([H])[C-](C[N-2])C[C+](C[N-2])[C+]1N([H])C([H])([H])[H],EDG,NHCH3,unknown,-2343.459022,-2343.422981,-2343.457639,-511.003373,-22.854177500011588,-0.23845000011135653,-21.986345000133838,0.8678324998777498,22.61572749990023,21.74789500002248,-768.99
Int1_comp171_5_Sub8,TS_comp171_5_Sub8,Int2_comp171_5_Sub8,comp171_5_Sub8,-2362.52916,-2362.503375,-2362.528973,-530.747321,-4.122047499936912,12.058040000231928,-4.0047049998764805,0.1173425000604311,16.18008750016884,16.062745000108407,-780.39,[H]c1c([H])c(OC([H])([H])[H])c(C#N)c([H])c1C#N,[H][C+]1[C+](OC([H])([H])[H])[C+](C[N-2])C[C-](C[N-2])[C+]1[H],EDG,OMe,unknown,-2363.296273,-2363.267013,-2363.294114,-530.84305,-21.331862500002785,-2.971212500131628,-19.97708999992767,1.3547725000751143,18.360649999871157,17.005877499796043,-780.39
Int1_comp171_9_Sub13,TS_comp171_9_Sub13,Int2_comp171_9_Sub13,comp171_9_Sub13,-2365.888254,-2365.856508,-2365.887626,-534.100774,-7.66177499991727,12.258840000152986,-7.267705000056139,0.3940699998611308,19.920615000070256,19.52654500020913,-678.94,[H]c1c([H])c(C([H])(C([H])([H])[H])C([H])([H])[H])c(C#N)c([H])c1C#N,[H][C+]1C[C-](C[N-2])[C-]([H])[C+](C[N-2])[C+]1C([H])(C([H])([H])[H])C([H])([H])[H],steric,iPr,unknown,-2366.70679,-2366.669812,-2366.703825,-534.246627,-25.68671250013665,-2.483017500080109,-23.826175000054377,1.8605375000822733,23.20369500005654,21.343157499974268,-678.94
Int1_comp171_9_Sub14,TS_comp171_9_Sub14,Int2_comp171_9_Sub14,comp171_9_Sub14,-2287.382147,-2287.347775,-2287.37929,-455.593832,-8.185737499807146,13.382692499955056,-6.392969999839124,1.792767499968022,21.5684299997622,19.77566249979418,-669.48,[H]c1c([H])c(C([H])([H])[H])c(C#N)c([H])c1C#N,[H][C+]1C[C-](C[N-2])[C-]([H])[C+](C[N-2])[C+]1C([H])([H])[H],steric,Me,unknown,-2288.145181,-2288.10582,-2288.140309,-455.684911,-25.753854999931463,-1.054827500154687,-22.696674999945543,3.0571799999859195,24.699027499776776,21.641847499790856,-669.48
Int1_comp171_9_Sub15,TS_comp171_9_Sub15,Int2_comp171_9_Sub15,comp171_9_Sub15,-2342.685856,-2342.644896,-2342.676383,-510.888398,-13.922969999982088,11.779430000186297,-7.978662499937599,5.944307500044488,25.70240000016838,19.75809250012389,-666.82,[H]c1c([H])c(N([H])C([H])([H])[H])c(C#N)c([H])c1C#N,[H][C+]1C[C-](C[N-2])[C-]([H])[C+](C[N-2])[C+]1N([H])C([H])([H])[H],EDG,NHCH3,unknown,-2343.466296,-2343.419465,-2343.454129,-510.996215,-31.91025750004684,-2.5238049999771306,-24.275465000132783,7.634792499914056,29.38645250006971,21.751660000155653,-666.82
Int1_comp171_9_Sub16,TS_comp171_9_Sub16,Int2_comp171_9_Sub16,comp171_9_Sub16,-2362.543217,-2362.499869,-2362.530988,-530.747321,-12.942814999852883,14.258054999956473,-5.269117499894378,7.673697499958507,27.20086999980936,19.52717249985085,-657.46,[H]c1c([H])c(OC([H])([H])[H])c(C#N)c([H])c1C#N,[H][C+]1C[C-](C[N-2])[C-]([H])[C+](C[N-2])[C+]1OC([H])([H])[H],EDG,OMe,unknown,-2363.311073,-2363.262683,-2363.29597,-530.843049,-30.619489999952805,-0.2547649999988266,-21.142357500124547,9.477132499828258,30.364724999953978,20.88759250012572,-657.46
Int1_comp171_5_Sub9,TS_comp171_5_Sub9,Int2_comp171_5_Sub9,comp171_5_Sub9,-2584.981236,-2584.955947,-2584.988455,-753.204114,-1.162129999990782,14.7067175001078,-5.692052500039324,-4.529922500048542,15.868847500098582,20.398770000147124,-792.08,[H]c1c([H])c(C(F)(F)F)c(C#N)c([H])c1C#N,[H][C+]1[C+](C[N-2])C[C-](C[N-2])[C+](C(F)(F)F)[C+]1[H],EWG,CF3,unknown,-2585.720056,-2585.691207,-2585.726062,-753.270641,-18.94234250011465,-0.8395949999490426,-22.71110750015879,-3.768765000044141,18.102747500165606,21.871512500209747,-792.08
Int1_comp171_9_Sub10,TS_comp171_9_Sub10,Int2_comp171_9_Sub10,comp171_9_Sub10,-2707.598118,-2707.564082,-2707.59714,-875.808062,-9.278214999902444,12.079375000106722,-8.66451999988243,0.6136950000200159,21.357590000009168,20.743894999989152,-652.7,[H]c1c([H])c(C#N)c([H])c(C#N)c1Cl,[H][C+]1C[C-](C[N-2])[C-]([H])[C+](C[N-2])[C+]1Cl,EWG,Cl,unknown,-2708.325051,-2708.285523,-2708.32168,-875.862242,-27.34707749986825,-2.5432574999993562,-25.231775000001164,2.1153024998670844,24.803819999868892,22.688517500001808,-652.7
Int1_comp171_9_Sub11,TS_comp171_9_Sub11,Int2_comp171_9_Sub11,comp171_9_Sub11,-2482.476411,-2482.443082,-2482.47471,-650.684894,-10.194992500013312,10.718955000188544,-9.12761499992598,1.067377500087332,20.913947500201857,19.846570000114525,-685.78,[H]c1c([H])c(C2([H])C([H])([H])C([H])([H])C([H])([H])C([H])([H])C2([H])[H])c(C#N)c([H])c1C#N,[H][C+]1C[C-](C[N-2])[C-]([H])[C+](C[N-2])[C+]1C1([H])C([H])([H])C([H])([H])C([H])([H])C([H])([H])C1([H])[H],steric,Cy,unknown,-2483.360584,-2483.32185,-2483.356506,-650.895647,-28.682397499992476,-4.3768124998644,-26.123452500032727,2.558944999959749,24.305585000128076,21.746640000168327,-685.78
Int1_comp171_9_Sub17,TS_comp171_9_Sub17,Int2_comp171_9_Sub17,comp171_9_Sub17,-2584.984874,-2584.951185,-2584.983504,-753.197036,-7.886420000063481,13.25342750013874,-7.026744999808443,0.859675000255038,21.139847500202222,20.280172499947184,-699.22,[H]c1c([H])c(C#N)c(C(F)(F)F)c(C#N)c1[H],[H][C+]1C[C-](C[N-2])[C-](C(F)(F)F)[C+](C[N-2])[C+]1[H],EWG,CF3,unknown,-2585.724487,-2585.685432,-2585.72087,-753.263819,-26.003599999978633,-1.4965875001450968,-23.73393250007325,2.269667499905381,24.507012499833536,22.237344999928155,-699.22
Int1_comp171_9_Sub12,TS_comp171_9_Sub12,Int2_comp171_9_Sub12,comp171_9_Sub12,-2405.136624,-2405.106606,-2405.137926,-573.350907,-6.555492500070841,12.280802500168877,-7.372497499862902,-0.8170049997920614,18.83629500023972,19.653300000031777,-675.42,[H]c1c([H])c(C(C([H])([H])[H])(C([H])([H])[H])C([H])([H])[H])c(C#N)c([H])c1C#N,[H][C+]1C[C-](C[N-2])[C-]([H])[C+](C[N-2])[C+]1C(C([H])([H])[H])(C([H])([H])[H])C([H])([H])[H],steric,tBu,unknown,-2405.982776,-2405.947456,-2405.981773,-573.524013,-24.80821249992914,-2.6449124999567175,-24.17883000002007,0.6293824999090702,22.163299999972423,21.533917500063353,-675.42
Int1_comp173_0_Sub14,TS_comp173_0_Sub14,Int2_comp173_0_Sub14,comp173_0_Sub14,-2661.700564,-2661.664729,-2661.688891,-829.924074,-0.7655500000646498,21.720912500019267,6.559257500204012,7.324807500268662,22.48646250008392,15.161654999815257,-688.49,[H]c1c([H])c(Cl)c(C([H])([H])[H])c([H])c1F,[H][C+]1C[C-](Cl)[C-](C([H])([H])[H])[C+]([H])[C+]1F,steric,Me,unknown,-2662.449075,-2662.409412,-2662.436595,-830.00236,-17.24809250004057,7.640439999971136,-9.416892500123026,7.831199999917544,24.888532500011706,17.057332500094162,-688.49
Int1_comp173_0_Sub15,TS_comp173_0_Sub15,Int2_comp173_0_Sub15,comp173_0_Sub15,-2716.985813,-2716.951792,-2716.976386,-885.210281,-0.1644049997989327,21.18377250016266,5.751037500175755,5.915442499974688,21.3481774999616,15.432734999986906,-696.02,[H]c1c([H])c(Cl)c(N([H])C([H])([H])[H])c([H])c1F,[H][C+]1C[C-](Cl)[C-](N([H])C([H])([H])[H])[C+]([H])[C+]1F,EDG,NHCH3,unknown,-2717.750557,-2717.713067,-2717.740547,-885.304686,-16.718482499950937,6.806492499865158,-10.437207499972487,6.28127499997845,23.524974999816095,17.243699999837645,-696.02
Int1_comp173_0_Sub16,TS_comp173_0_Sub16,Int2_comp173_0_Sub16,comp173_0_Sub16,-2736.84724,-2736.816013,-2736.840877,-905.075243,2.0538075000223444,21.648749999987444,6.046590000000265,3.992782499977921,19.5949424999651,15.60215999998718,-683.7,[H]c1c([H])c(Cl)c(OC([H])([H])[H])c([H])c1F,[H][C+]1C[C-](Cl)[C-](OC([H])([H])[H])[C+]([H])[C+]1F,EDG,OMe,unknown,-2737.599357,-2737.564168,-2737.592057,-905.156738,-14.677852500038,7.403245000070626,-10.09710249990377,4.5807500001342305,22.081097500108626,17.500347499974396,-683.7
Int1_comp173_0_Sub17,TS_comp173_0_Sub17,Int2_comp173_0_Sub17,comp173_0_Sub17,-2959.311152,-2959.282402,-2959.309378,-1127.540101,2.6474224999503804,20.68804750020149,3.760607500136075,1.1131850001856949,18.04062500025111,16.927440000065417,-665.64,[H]c1c([H])c(Cl)c([H])c(C(F)(F)F)c1F,[H][C+]1C[C-](Cl)[C-]([H])[C+](C(F)(F)F)[C+]1F,EWG,CF3,unknown,-2960.035909,-2960.002869,-2960.032737,-1127.593341,-14.645850000118799,6.0867500000415475,-12.65542000000778,1.9904300001110187,20.732600000160346,18.742170000049327,-665.64
Int1_comp173_0_Sub18,TS_comp173_0_Sub18,Int2_comp173_0_Sub18,comp173_0_Sub18,-3081.912919,-3081.882096,-3081.908256,-1250.139419,1.1106750001920318,20.452107500226475,4.0367075000096975,2.9260324998176657,19.341432500034443,16.415400000216778,-681.61,[H]c1c([H])c(Cl)c([H])c(Cl)c1F,[H][C+]1C[C-](Cl)[C-]([H])[C+](Cl)[C+]1F,EWG,Cl,unknown,-3082.624532,-3082.589806,-3082.618859,-1250.180496,-15.567019999933223,6.223544999981527,-12.007212500146238,3.5598074997869844,21.79056499991475,18.230757500127766,-681.61
Int1_comp171_9_Sub18,TS_comp171_9_Sub18,Int2_comp171_9_Sub18,comp171_9_Sub18,-2707.593913,-2707.560588,-2707.592659,-875.805715,-8.112320000063846,12.799117500144348,-7.325434999910385,0.7868850001534611,20.911437500208194,20.124552500054733,-702.38,[H]c1c([H])c(C#N)c(Cl)c(C#N)c1[H],[H][C+]1C[C-](C[N-2])[C-](Cl)[C+](C[N-2])[C+]1[H],EWG,Cl,unknown,-2708.320378,-2708.282046,-2708.317313,-875.860198,-25.69737999996704,-1.6440499999154667,-23.774092500043196,1.9232874999238447,24.053330000051574,22.13004250012773,-702.38
Int1_comp171_9_Sub19,TS_comp171_9_Sub19,Int2_comp171_9_Sub19,comp171_9_Sub19,-2482.471443,-2482.437552,-2482.468208,-650.683559,-7.915284999919265,13.351317500105608,-5.885322499836718,2.029962500082547,21.26660250002488,19.236639999942327,-691.33,[H]c1c([H])c(C#N)c(C2([H])C([H])([H])C([H])([H])C([H])([H])C([H])([H])C2([H])[H])c(C#N)c1[H],[H][C+]1C[C-](C[N-2])[C-](C2([H])C([H])([H])C([H])([H])C([H])([H])C([H])([H])C2([H])[H])[C+](C[N-2])[C+]1[H],steric,Cy,unknown,-2483.355115,-2483.316831,-2483.350591,-650.894865,-25.74130499992748,-1.7180950000852135,-22.902494999960936,2.838809999966543,24.023209999842265,21.184399999875723,-691.33
Int1_comp171_9_Sub20,TS_comp171_9_Sub20,Int2_comp171_9_Sub20,comp171_9_Sub20,-2405.127668,-2405.091544,-2405.122595,-573.341586,-6.784529999991946,15.883280000133482,-3.6012224998250986,3.183307500166848,22.667810000125428,19.48450249995858,-706.37,[H]c1c([H])c(C#N)c(C(C([H])([H])[H])(C([H])([H])[H])C([H])([H])[H])c(C#N)c1[H],[H][C+]1C[C-](C[N-2])[C-](C(C([H])([H])[H])(C([H])([H])[H])C([H])([H])[H])[C+](C[N-2])[C+]1[H],steric,tBu,unknown,-2405.973374,-2405.932773,-2405.966804,-573.515289,-24.382767500075886,1.0943600000192077,-20.26009250006922,4.122675000006666,25.477127500095094,21.354452500088428,-706.37
Int1_comp171_9_Sub22,TS_comp171_9_Sub22,Int2_comp171_9_Sub22,comp171_9_Sub22,-2287.380821,-2287.346715,-2287.377735,-455.594108,-7.18048250006234,14.221032499978604,-5.244017499957749,1.9364650001045904,21.401515000040945,19.465049999936355,-684.98,[H]c1c([H])c(C#N)c(C([H])([H])[H])c(C#N)c1[H],[H][C+]1C[C-](C[N-2])[C-](C([H])([H])[H])[C+](C[N-2])[C+]1[H],steric,Me,unknown,-2288.143523,-2288.104963,-2288.139014,-455.685449,-24.375865000128982,-0.1794650001532716,-21.54646749992466,2.8293975002043226,24.19639999997571,21.367002499771388,-684.98
Int1_comp171_9_Sub23,TS_comp171_9_Sub23,Int2_comp171_9_Sub23,comp171_9_Sub23,-2342.678585,-2342.641427,-2342.671231,-510.890385,-8.113575000025008,15.203070000031715,-3.4989399998336523,4.614635000191356,23.316645000056724,18.702009999865368,-698.31,[H]c1c([H])c(C#N)c(N([H])C([H])([H])[H])c(C#N)c1[H],[H][C+]1C[C-](C[N-2])[C-](N([H])C([H])([H])[H])[C+](C[N-2])[C+]1[H],EDG,NHCH3,unknown,-2343.458408,-2343.4167,-2343.44934,-510.998612,-25.456420000004698,0.7153499998347002,-19.766250000103298,5.6901699999014,26.1717699998394,20.481599999938,-698.31
Int1_comp171_9_Sub6,TS_comp171_9_Sub6,Int2_comp171_9_Sub6,comp171_9_Sub6,-2287.372066,-2287.33702,-2287.362725,-455.591981,-3.021412499897877,18.96995250008061,2.840065000070382,5.86147749996826,21.991364999978487,16.129887500010227,-798.81,[H]c1c(C#N)c([H])c(C([H])([H])[H])c([H])c1C#N,[H][C+]1[C+](C[N-2])[C-]([H])[C-](C[N-2])C[C+]1C([H])([H])[H],steric,Me,unknown,-2288.135481,-2288.096311,-2288.126117,-455.682886,-20.93779249989197,3.641382500116066,-15.06188249988881,5.875910000003159,24.579175000008036,18.703265000004876,-798.81
Int1_comp171_9_Sub8,TS_comp171_9_Sub8,Int2_comp171_9_Sub8,comp171_9_Sub8,-2362.535558,-2362.502757,-2362.53072,-530.750115,-6.383557499934227,14.199069999962717,-3.347712500037119,3.035844999897108,20.582627499896944,17.546782499999836,-792.9,[H]c1c(C#N)c([H])c(OC([H])([H])[H])c([H])c1C#N,[H]C1=C(C#N)CC(=[O+]C([H])([H])[H])C([H])=C1C#N,EDG,OMe,unknown,-2363.303535,-2363.265987,-2363.297308,-530.84542,-24.401592500028357,-0.8402225001614738,-20.494150000120328,3.9074424999080293,23.561369999866884,19.653927499958854,-792.9
Int1_comp171_9_Sub9,TS_comp171_9_Sub9,Int2_comp171_9_Sub9,comp171_9_Sub9,-2584.990857,-2584.959724,-2584.992745,-753.204114,-7.199307499800796,12.33665000017055,-8.384027499948559,-1.1847200001477631,19.535957499971342,20.72067750011911,-661.82,[H]c1c([H])c(C(F)(F)F)c(C#N)c([H])c1C#N,[H][C+]1C[C-](C[N-2])[C-]([H])[C+](C[N-2])[C+]1C(F)(F)F,EWG,CF3,unknown,-2585.730529,-2585.693898,-2585.730098,-753.270641,-25.51415000000162,-2.528197500037379,-25.2436975000424,0.2704524999592195,22.98595249996424,22.715500000005022,-661.82
Int1_comp173_0_Sub10,TS_comp173_0_Sub10,Int2_comp173_0_Sub10,comp173_0_Sub10,-3081.916811,-3081.882515,-3081.907927,-1250.140073,-0.921169999957101,20.59957000021086,4.653539999950453,5.574709999907554,21.52074000016796,15.946030000260407,-696.5,[H]c1c([H])c(Cl)c(Cl)c([H])c1F,[H][C+]1C[C-](Cl)[C-](Cl)[C+]([H])[C+]1F,EWG,Cl,unknown,-3082.628668,-3082.590201,-3082.618639,-1250.181111,-17.776447499848018,6.3615950000610155,-11.483249999828331,6.293197500019687,24.138042499909034,17.844844999889347,-696.5
Int1_comp173_0_Sub19,TS_comp173_0_Sub19,Int2_comp173_0_Sub19,comp173_0_Sub19,-2856.792662,-2856.758981,-2856.787317,-1025.013699,-2.3173574997849755,18.817470000144567,1.0366300002363005,3.353987500021276,21.134827499929543,17.780839999908267,-689.97,[H]c1c([H])c(Cl)c([H])c(C2([H])C([H])([H])C([H])([H])C([H])([H])C([H])([H])C2([H])[H])c1F,[H][C+]1C[C-](Cl)[C-]([H])[C+](C2([H])C([H])([H])C([H])([H])C([H])([H])C([H])([H])C2([H])[H])[C+]1F,steric,Cy,unknown,-2857.661495,-2857.62367,-2857.65501,-1025.211498,-19.307547499977318,4.427639999950088,-15.238210000050003,4.069337499927315,23.735187499927406,19.66585000000009,-689.97
Int1_comp173_0_Sub11,TS_comp173_0_Sub11,Int2_comp173_0_Sub11,comp173_0_Sub11,-2856.79272,-2856.757802,-2856.781697,-1025.014528,-1.833554999936382,20.07748999995954,5.083377500077972,6.916932500014354,21.91104499989592,14.994112499881568,-698.61,[H]c1c([H])c(Cl)c(C2([H])C([H])([H])C([H])([H])C([H])([H])C([H])([H])C2([H])[H])c([H])c1F,[H][C+]1C[C-](Cl)[C-](C2([H])C([H])([H])C([H])([H])C([H])([H])C([H])([H])C2([H])[H])[C+]([H])[C+]1F,steric,Cy,unknown,-2857.661358,-2857.622782,-2857.649504,-1025.211776,-19.047134999850073,5.159305000100289,-11.608749999939505,7.438384999910568,24.206439999950362,16.768055000039794,-698.61
Int1_comp173_0_Sub12,TS_comp173_0_Sub12,Int2_comp173_0_Sub12,comp173_0_Sub12,-2779.448288,-2779.417663,-2779.440673,-947.672035,-0.616832499940756,18.600354999979345,4.161580000051117,4.778412499991873,19.2171874999201,14.438774999928228,-705.24,[H]c1c([H])c(Cl)c(C(C([H])([H])[H])(C([H])([H])[H])C([H])([H])[H])c([H])c1F,[H][C+]1C[C-](Cl)[C-](C(C([H])([H])[H])(C([H])([H])[H])C([H])([H])[H])[C+]([H])[C+]1F,steric,tBu,unknown,-2780.279022,-2780.244568,-2780.27051,-947.831659,-17.65471250015537,3.965172499904952,-12.313432499943815,5.341280000211555,21.61988500006032,16.278604999848767,-705.24
Int1_comp173_0_Sub13,TS_comp173_0_Sub13,Int2_comp173_0_Sub13,comp173_0_Sub13,-2740.205712,-2740.17133,-2740.195257,-908.430568,0.079065000085734,21.65376999997477,6.639577500143901,6.560512500058167,21.57470499988904,15.01419249983087,-693.01,[H]c1c([H])c(Cl)c(C([H])(C([H])([H])[H])C([H])([H])[H])c([H])c1F,[H][C+]1C[C-](Cl)[C-](C([H])(C([H])([H])[H])C([H])([H])[H])[C+]([H])[C+]1F,steric,iPr,unknown,-2741.008854,-2740.970874,-2740.997746,-908.563194,-16.586080000142545,7.24636999989599,-9.615810000048839,6.970270000093706,23.832450000038534,16.86217999994483,-693.01
Int1_comp173_0_Sub20,TS_comp173_0_Sub20,Int2_comp173_0_Sub20,comp173_0_Sub20,-2779.45431,-2779.424744,-2779.453356,-947.678523,-0.3244174999656479,18.228247500134103,0.2742175000923907,0.5986350000580387,18.55266500009975,17.954030000041712,-680.97,[H]c1c([H])c(Cl)c([H])c(C(C([H])([H])[H])(C([H])([H])[H])C([H])([H])[H])c1F,[H][C+]1C[C-](Cl)[C-]([H])[C+](C(C([H])([H])[H])(C([H])([H])[H])C([H])([H])[H])[C+]1F,steric,tBu,unknown,-2780.284957,-2780.251669,-2780.283216,-947.837937,-17.439479999914056,3.4487399998533874,-16.347002499890095,1.0924775000239606,20.888219999767443,19.795742499743483,-680.97
Int1_comp173_0_Sub22,TS_comp173_0_Sub22,Int2_comp173_0_Sub22,comp173_0_Sub22,-2661.697672,-2661.665506,-2661.693995,-829.924026,1.019060000209322,21.203225000184887,3.326377500019646,2.307317499810324,20.184164999975565,17.87684750016524,-686.9,[H]c1c([H])c(Cl)c([H])c(C([H])([H])[H])c1F,[H][C+]1C[C-](Cl)[C-]([H])[C+](C([H])([H])[H])[C+]1F,steric,Me,unknown,-2662.445732,-2662.409709,-2662.440968,-830.001976,-15.391320000091469,7.213112499979957,-12.401909999934446,2.9894100001570223,22.604432500071425,19.615022499914403,-686.9
Int1_comp173_0_Sub23,TS_comp173_0_Sub23,Int2_comp173_0_Sub23,comp173_0_Sub23,-2716.99248,-2716.959322,-2716.983058,-885.217912,0.4405050001005861,21.24714999993131,6.352810000154534,5.912305000053948,20.806644999830723,14.894339999776776,-700.21,[H]c1c([H])c(Cl)c([H])c(N([H])C([H])([H])[H])c1F,[H]C1=C(F)C(=[N+]([H])C([H])([H])[H])C([H])=C(Cl)C1,EDG,NHCH3,unknown,-2717.757047,-2717.720005,-2717.746604,-885.311561,-16.476895000061518,6.766959999893629,-9.92391249998434,6.552982500077178,23.243854999955147,16.69087249987797,-700.21
Int1_comp173_0_Sub24,TS_comp173_0_Sub24,Int2_comp173_0_Sub24,comp173_0_Sub24,-2736.846079,-2736.813827,-2736.839104,-905.073426,1.642167500134235,21.880297500116228,6.018979999998635,4.3768124998644,20.238129999982,15.861317500117591,-692.47,[H]c1c([H])c(Cl)c([H])c(OC([H])([H])[H])c1F,[H]C1=C(F)C(=[O+]C([H])([H])[H])C([H])=C(Cl)C1,EDG,OMe,unknown,-2737.598441,-2737.562166,-2737.590264,-905.155347,-14.975915000070188,7.786647499887351,-9.844847499969944,5.131067500100244,22.76256249995754,17.631494999857296,-692.47
Int1_comp173_0_Sub6,TS_comp173_0_Sub6,Int2_comp173_0_Sub6,comp173_0_Sub6,-2661.696733,-2661.654758,-2661.679397,-829.924027,1.6089099999328482,27.94822249999129,12.487250000147014,10.878340000214166,26.33931250005844,15.460972499844274,-795.87,[H]c1c([H])c(Cl)c([H])c(C([H])([H])[H])c1F,[H][C+]1[C+](F)[C+](C([H])([H])[H])C[C-](Cl)[C-]1[H],steric,Me,unknown,-2662.445938,-2662.400557,-2662.428723,-830.001976,-15.520584999907783,12.95599250003363,-4.7181725000012875,10.802412499906495,28.476577499941413,17.674165000034918,-795.87
Int1_comp173_0_Sub8,TS_comp173_0_Sub8,Int2_comp173_0_Sub8,comp173_0_Sub8,-2736.846739,-2736.811572,-2736.833338,-905.073428,1.2292725000352789,23.29656500003608,9.638400000134482,8.409127500099203,22.067292500000804,13.6581649999016,-700.27,[H]c1c([H])c(Cl)c([H])c(OC([H])([H])[H])c1F,[H]C1=C(Cl)CC(=[O+]C([H])([H])[H])C(F)=C1[H],EDG,OMe,unknown,-2737.598974,-2737.560415,-2737.585365,-905.155348,-15.309745000012072,8.886027500036562,-6.770097499957046,8.539647500055025,24.195772500048633,15.656124999993608,-700.27
Int1_comp173_0_Sub9,TS_comp173_0_Sub9,Int2_comp173_0_Sub9,comp173_0_Sub9,-2959.3127,-2959.279877,-2959.30522,-1127.538744,0.824535000058404,21.42096750006317,5.518234999907463,4.693699999849059,20.596432500004767,15.902732500155707,-695.59,[H]c1c([H])c(Cl)c(C(F)(F)F)c([H])c1F,[H][C+]1C[C-](Cl)[C-](C(F)(F)F)[C+]([H])[C+]1F,EWG,CF3,unknown,-2960.03741,-2960.000518,-2960.028763,-1127.592069,-16.385907499934547,6.763822500115566,-10.959914999865532,5.425992500069015,23.149730000050113,17.723737499981098,-695.59
Int1_comp173_1_Sub10,TS_comp173_1_Sub10,Int2_comp173_1_Sub10,comp173_1_Sub10,-3081.916443,-3081.893073,-3081.908719,-1250.139421,-1.099379999935195,13.565294999993398,3.747430000098008,4.8468100000332015,14.664674999928591,9.817864999895392,-669.02,[H]c1c([H])c(Cl)c([H])c(Cl)c1F,[H][C+]1C[C-](F)[C-](Cl)[C+]([H])[C+]1Cl,EWG,Cl,unknown,-3082.628404,-3082.600884,-3082.620213,-1250.180498,-17.995445000079826,-0.7266450000201985,-12.85559250014444,5.139852499935387,17.268800000059628,12.12894750012424,-669.02
Int1_comp173_1_Sub11,TS_comp173_1_Sub11,Int2_comp173_1_Sub11,comp173_1_Sub11,-2856.795339,-2856.769682,-2856.784188,-1025.014432,-3.5372174998440187,12.5625499999569,3.460034999967548,6.997252499811566,16.09976749980092,9.102514999989353,-683.72,[H]c1c([H])c(Cl)c([H])c(C2([H])C([H])([H])C([H])([H])C([H])([H])C([H])([H])C2([H])[H])c1F,[H][C+]1C[C-](F)[C-](C2([H])C([H])([H])C([H])([H])C([H])([H])C([H])([H])C2([H])[H])[C+]([H])[C+]1Cl,steric,Cy,unknown,-2857.664653,-2857.634855,-2857.65277,-1025.211631,-21.205734999964534,-2.5074899999469835,-13.749152500171249,7.456582499793285,18.69824500001755,11.241662500224265,-683.72
Int1_comp173_1_Sub12,TS_comp173_1_Sub12,Int2_comp173_1_Sub12,comp173_1_Sub12,-2779.459703,-2779.435347,-2779.449509,-947.682567,-1.170914999968602,14.112474999967333,5.225820000003694,6.396734999972296,15.283389999935936,8.886654999963639,-738.52,[H]c1c([H])c(Cl)c([H])c(C(C([H])([H])[H])(C([H])([H])[H])C([H])([H])[H])c1F,[H][C+]1C[C-](F)[C-](C(C([H])([H])[H])(C([H])([H])[H])C([H])([H])[H])[C+]([H])[C+]1Cl,steric,tBu,unknown,-2780.290955,-2780.2623,-2780.279872,-947.8423,-18.465442499963274,-0.4844299999183477,-11.510860000043976,6.954582499919297,17.981012500044926,11.026430000125629,-738.52
Int1_comp173_1_Sub13,TS_comp173_1_Sub13,Int2_comp173_1_Sub13,comp173_1_Sub13,-2740.208509,-2740.183538,-2740.197787,-908.430654,-1.6220874999709167,14.047214999918085,5.105967500020938,6.728054999991855,15.669302499889,8.941247499897145,-689.13,[H]c1c([H])c(Cl)c([H])c(C([H])(C([H])([H])[H])C([H])([H])[H])c1F,[H][C+]1C[C-](F)[C-](C([H])(C([H])([H])[H])C([H])([H])[H])[C+]([H])[C+]1Cl,steric,iPr,unknown,-2741.012205,-2740.983216,-2741.000904,-908.563221,-18.671890000012752,-0.4812925000689461,-11.580512500010798,7.091377500001954,18.190597499943806,11.099219999941852,-689.13
Int1_comp173_1_Sub14,TS_comp173_1_Sub14,Int2_comp173_1_Sub14,comp173_1_Sub14,-2661.701159,-2661.675726,-2661.690084,-829.924026,-1.1690325000446933,14.790175000111104,5.780530000172632,6.949562500217326,15.9592075001558,9.009644999938471,-712.36,[H]c1c([H])c(Cl)c([H])c(C([H])([H])[H])c1F,[H][C+]1C[C-](F)[C-](C([H])([H])[H])[C+]([H])[C+]1Cl,steric,Me,unknown,-2662.449513,-2662.42021,-2662.438014,-830.001977,-17.763270000023965,0.624362499850406,-10.547647499907669,7.215622500116297,18.38763249987437,11.172009999758075,-712.36
Int1_comp173_1_Sub15,TS_comp173_1_Sub15,Int2_comp173_1_Sub15,comp173_1_Sub15,-2716.99174,-2716.965885,-2716.979609,-885.211455,-3.146912499902044,13.077100000013218,4.465290000069047,7.61220249997109,16.22401249991526,8.611809999944171,-694.79,[H]c1c([H])c(Cl)c([H])c(N([H])C([H])([H])[H])c1F,[H][C+]1C[C-](F)[C-](N([H])C([H])([H])[H])[C+]([H])[C+]1Cl,EDG,NHCH3,unknown,-2717.756754,-2717.726788,-2717.744132,-885.305477,-20.11074750001825,-1.3070824999815045,-12.190442499897642,7.920305000120607,18.803665000036744,10.883359999916138,-694.79
Int1_comp173_0_Sub21,TS_comp173_0_Sub21,Int2_comp173_0_Sub21,comp173_0_Sub21,-2740.205723,-2740.172588,-2740.201143,-908.430655,0.1267550000366668,20.918967500117844,3.000705000199844,2.873950000163177,20.792212500081177,17.918262499918,-685.84,[H]c1c([H])c(Cl)c([H])c(C([H])(C([H])([H])[H])C([H])([H])[H])c1F,[H][C+]1C[C-](Cl)[C-]([H])[C+](C([H])(C([H])([H])[H])C([H])([H])[H])[C+]1F,steric,iPr,unknown,-2741.009083,-2740.9718,-2741.003574,-908.563222,-16.71220749996678,6.682875000105923,-13.255309999919973,3.456897500046807,23.395082500072704,19.938185000025896,-685.84
Int1_comp173_1_Sub18,TS_comp173_1_Sub18,Int2_comp173_1_Sub18,comp173_1_Sub18,-3081.917048,-3081.892587,-3081.907869,-1250.140075,-1.0686324997988097,14.28064500018479,4.691189999998073,5.759822499796883,15.3492774999836,9.589455000186716,-694.3,[H]c1c([H])c(Cl)c(Cl)c([H])c1F,[H][C+]1C[C-](F)[C-]([H])[C+](Cl)[C+]1Cl,EWG,Cl,unknown,-3082.62885,-3082.60029,-3082.619273,-1250.181113,-17.889397499990878,0.03200250013321693,-11.879829999825802,6.009567500165076,17.921400000124095,11.911832499959019,-694.3
Int1_comp173_1_Sub19,TS_comp173_1_Sub19,Int2_comp173_1_Sub19,comp173_1_Sub19,-2856.794492,-2856.768133,-2856.782514,-1025.014527,-2.946112499909645,13.594160000063198,4.570082500089825,7.51619499999947,16.540272499972843,9.024077499973371,-722.14,[H]c1c([H])c(Cl)c(C2([H])C([H])([H])C([H])([H])C([H])([H])C([H])([H])C2([H])[H])c([H])c1F,[H][C+]1C[C-](F)[C-]([H])[C+](C2([H])C([H])([H])C([H])([H])C([H])([H])C([H])([H])C2([H])[H])[C+]1Cl,steric,Cy,unknown,-2857.663726,-2857.633163,-2857.651059,-1025.211775,-20.533682500163195,-1.3554000000021915,-12.585139999899866,7.948542500263329,19.178282500161004,11.229739999897674,-722.14
Int1_comp173_1_Sub16,TS_comp173_1_Sub16,Int2_comp173_1_Sub16,comp173_1_Sub16,-2736.849982,-2736.826124,-2736.840911,-905.073427,-0.8063375000330097,14.164557499978514,4.88571500022033,5.69205250025334,14.970895000011524,9.278842499758184,-683.26,[H]c1c([H])c(Cl)c([H])c(OC([H])([H])[H])c1F,[H][C+]1C[C-](F)[C-](OC([H])([H])[H])[C+]([H])[C+]1Cl,EDG,OMe,unknown,-2737.602586,-2737.574361,-2737.59266,-905.155348,-17.576274999996713,0.13491250001607114,-11.347709999885183,6.22856500011153,17.711187500012784,11.482622499901254,-683.26
Int1_comp173_1_Sub17,TS_comp173_1_Sub17,Int2_comp173_1_Sub17,comp173_1_Sub17,-2959.312854,-2959.290898,-2959.307023,-1127.538745,0.7285275002294611,14.505917499972725,4.387480000194159,3.6589524999646974,13.777389999743264,10.118437499778564,-659.07,[H]c1c([H])c(Cl)c(C(F)(F)F)c([H])c1F,[H][C+]1C[C-](F)[C-]([H])[C+](C(F)(F)F)[C+]1Cl,EWG,CF3,unknown,-2960.037605,-2960.011484,-2960.031242,-1127.592069,-16.508269999982303,-0.11734250006043112,-12.515487500004383,3.9927824999779205,16.390927499921872,12.398144999943952,-659.07
Int1_comp173_1_Sub9,TS_comp173_1_Sub9,Int2_comp173_1_Sub9,comp173_1_Sub9,-2959.315235,-2959.292377,-2959.308751,-1127.540103,0.0865950000667226,14.429989999950408,4.15530500006696,4.068710000000237,14.343394999883683,10.274684999883448,-651.35,[H]c1c([H])c(Cl)c([H])c(C(F)(F)F)c1F,[H][C+]1C[C-](F)[C-](C(F)(F)F)[C+]([H])[C+]1Cl,EWG,CF3,unknown,-2960.040083,-2960.013039,-2960.033006,-1127.593341,-17.265034999926456,-0.29492499996877086,-12.824217500080977,4.44081749984548,16.970109999957685,12.529292500112206,-651.35
Int1_comp173_1_Sub21,TS_comp173_1_Sub21,Int2_comp173_1_Sub21,comp173_1_Sub21,-2740.207404,-2740.182439,-2740.19637,-908.430565,-0.9845475000824422,14.68098999995874,5.939287499985824,6.923835000068266,15.665537500041182,8.741702499972916,-725.16,[H]c1c([H])c(Cl)c(C([H])(C([H])([H])[H])C([H])([H])[H])c([H])c1F,[H][C+]1C[C-](F)[C-]([H])[C+](C([H])(C([H])([H])[H])C([H])([H])[H])[C+]1Cl,steric,iPr,unknown,-2741.011218,-2740.982118,-2740.99955,-908.563193,-18.07011750010531,0.19013250001933102,-10.748447500042744,7.321670000062568,18.260250000124643,10.938580000062075,-725.16
Int1_comp173_1_Sub22,TS_comp173_1_Sub22,Int2_comp173_1_Sub22,comp173_1_Sub22,-2661.70082,-2661.675411,-2661.689447,-829.92406,-0.9349749999222468,15.00917249998622,6.201582499965639,7.136557499887886,15.944147499908468,8.807590000020582,-718.13,[H]c1c([H])c(Cl)c(C([H])([H])[H])c([H])c1F,[H][C+]1C[C-](F)[C-]([H])[C+](C([H])([H])[H])[C+]1Cl,steric,Me,unknown,-2662.449151,-2662.419903,-2662.437607,-830.002355,-17.298919999912243,1.054199999977925,-10.055059999938578,7.243859999973665,18.35311999989017,11.109259999916503,-718.13
Int1_comp173_1_Sub23,TS_comp173_1_Sub23,Int2_comp173_1_Sub23,comp173_1_Sub23,-2717.000946,-2716.971934,-2716.984435,-885.220955,-2.962427500011131,15.242602499967576,7.398225000154639,10.36065250016577,18.205029999978706,7.844377499812936,-764.67,[H]c1c([H])c(Cl)c(N([H])C([H])([H])[H])c([H])c1F,[H]C1=C(Cl)C(=[N+]([H])C([H])([H])[H])C([H])=C(F)C1,EDG,NHCH3,unknown,-2717.76548,-2717.732667,-2717.74892,-885.314729,-19.78068249999552,0.8094749998824113,-9.38928249997872,10.391400000016802,20.590157499877932,10.19875749986113,-764.67
Int1_comp173_1_Sub24,TS_comp173_1_Sub24,Int2_comp173_1_Sub24,comp173_1_Sub24,-2736.850659,-2736.826039,-2736.840271,-905.075243,-0.0916150000540483,15.357435000034345,6.426855000038927,6.518470000092975,15.449050000088391,8.930579999995416,-722.53,[H]c1c([H])c(Cl)c(OC([H])([H])[H])c([H])c1F,[H]C1=C(Cl)C(=[O+]C([H])([H])[H])C([H])=C(F)C1,EDG,OMe,unknown,-2737.602856,-2737.574275,-2737.592166,-905.156738,-16.87347499998765,1.0611025000318364,-10.165499999945098,6.707975000042552,17.934577500019486,11.226602499976934,-722.53
Int1_comp173_1_Sub6,TS_comp173_1_Sub6,Int2_comp173_1_Sub6,comp173_1_Sub6,-2661.699392,-2661.670275,-2661.682576,-829.924075,-0.0294924999255385,18.24142500010084,10.52254749997104,10.55203999989658,18.27091750002637,7.718877500129793,-772.62,[H]c1c([H])c(Cl)c(C([H])([H])[H])c([H])c1F,[H][C+]1[C+](Cl)[C+](C([H])([H])[H])C[C-](F)[C-]1[H],steric,Me,unknown,-2662.448105,-2662.416063,-2662.431916,-830.00236,-16.63941750000788,3.4669374998787816,-6.480820000045355,10.158597499962525,20.106354999886662,9.947757499924137,-772.62
Int1_comp173_1_Sub7,TS_comp173_1_Sub7,Int2_comp173_1_Sub7,comp173_1_Sub7,-2716.992511,-2716.963416,-2716.976347,-885.210279,-4.368654999884996,13.888457500033551,5.774255000188475,10.14291000007347,18.25711249991855,8.114202499845078,-790.3,[H]c1c([H])c(Cl)c(N([H])C([H])([H])[H])c([H])c1F,[H]C1=C(F)CC(=[N+]([H])C([H])([H])[H])C(Cl)=C1[H],EDG,NHCH3,unknown,-2717.757675,-2717.725508,-2717.741758,-885.304684,-21.18628249994231,-1.0014900000396665,-11.198365000119566,9.987917499822743,20.184792499902642,10.196875000079899,-790.3
Int1_comp173_1_Sub8,TS_comp173_1_Sub8,Int2_comp173_1_Sub8,comp173_1_Sub8,-2736.858699,-2736.825081,-2736.84189,-905.075244,-5.136087499873554,15.95920750008446,5.411559999962776,10.54764749983633,21.09529499995801,10.547647500121684,-739.13,[H]c1c([H])c(Cl)c(OC([H])([H])[H])c([H])c1F,[H]C1=C(F)CC(=[O+]C([H])([H])[H])C(Cl)=C1[H],EDG,OMe,unknown,-2737.612792,-2737.574018,-2737.594648,-905.156739,-23.107687499942244,1.2229975001224602,-11.722327499866765,11.38536000007548,24.330685000064705,12.945324999989225,-739.13
Int1_comp173_4_Sub10,TS_comp173_4_Sub10,Int2_comp173_4_Sub10,comp173_4_Sub10,-3081.916204,-3081.889017,-3081.910573,-1250.139421,-0.9494074999571468,16.11043500013068,2.5840450000390547,3.5334524999962014,17.059842500087825,13.526390000091624,-659.85,[H]c1c([H])c(Cl)c([H])c(Cl)c1F,[H][C+]1[C+](Cl)[C+](F)C[C-]([H])[C-]1Cl,EWG,Cl,unknown,-3082.628197,-3082.597017,-3082.621428,-1250.180498,-17.86555250005108,1.6998974999171423,-13.618005000002995,4.247547500048086,19.565449999968223,15.317902499920137,-659.85
Int1_comp173_4_Sub11,TS_comp173_4_Sub11,Int2_comp173_4_Sub11,comp173_4_Sub11,-2856.795746,-2856.764905,-2856.784748,-1025.014432,-3.792609999841261,15.560117500021988,3.108634999998685,6.901244999839946,19.35272749986325,12.451482500023303,-699.59,[H]c1c([H])c(Cl)c([H])c(C2([H])C([H])([H])C([H])([H])C([H])([H])C([H])([H])C2([H])[H])c1F,[H][C+]1[C+](C2([H])C([H])([H])C([H])([H])C([H])([H])C([H])([H])C2([H])[H])[C+](F)C[C-]([H])[C-]1Cl,steric,Cy,unknown,-2857.664892,-2857.630202,-2857.652832,-1025.211631,-21.355707499942582,0.412267500029202,-13.7880575002157,7.567649999726882,21.767974999971784,14.200325000244902,-699.59
Int1_comp173_4_Sub12,TS_comp173_4_Sub12,Int2_comp173_4_Sub12,comp173_4_Sub12,-2779.459761,-2779.425833,-2779.450663,-947.682567,-1.2073100000193904,20.08251000016088,4.501684999977158,5.708994999996548,21.28982000018027,15.580825000183722,-679.99,[H]c1c([H])c(Cl)c([H])c(C(C([H])([H])[H])(C([H])([H])[H])C([H])([H])[H])c1F,[H][C+]1[C+](C(C([H])([H])[H])(C([H])([H])[H])C([H])([H])[H])[C+](F)C[C-]([H])[C-]1Cl,steric,tBu,unknown,-2780.291026,-2780.252738,-2780.280578,-947.842299,-18.510622499920544,5.515097499915385,-11.954502499922626,6.556119999997918,24.02571999983593,17.46959999983801,-679.99
Int1_comp173_4_Sub13,TS_comp173_4_Sub13,Int2_comp173_4_Sub13,comp173_4_Sub13,-2740.208516,-2740.179003,-2740.198966,-908.430655,-1.6258525000327495,16.893554999936953,4.366772500103764,5.992625000136513,18.519407499969702,12.526782499833187,-687.82,[H]c1c([H])c(Cl)c([H])c(C([H])(C([H])([H])[H])C([H])([H])[H])c1F,[H][C+]1[C+](C([H])(C([H])([H])[H])C([H])([H])[H])[C+](F)C[C-]([H])[C-]1Cl,steric,iPr,unknown,-2741.012397,-2740.978814,-2741.001545,-908.563221,-18.792369999993923,2.2809624999482025,-11.982740000065348,6.809629999928575,21.073332499942126,14.263702500013551,-687.82
Int1_comp173_4_Sub14,TS_comp173_4_Sub14,Int2_comp173_4_Sub14,comp173_4_Sub14,-2661.700949,-2661.67126,-2661.691712,-829.924026,-1.0372574999493622,17.59259000002686,4.758960000183663,5.796217500133025,18.629847499976226,12.833629999843197,-676.75,[H]c1c([H])c(Cl)c([H])c(C([H])([H])[H])c1F,[H][C+]1[C+](C([H])([H])[H])[C+](F)C[C-]([H])[C-]1Cl,steric,Me,unknown,-2662.449158,-2662.415802,-2662.439034,-830.001977,-17.54050749994434,3.390382500000726,-11.187697500003821,6.3528099999405185,20.930889999945066,14.578080000004547,-676.75
Int1_comp173_4_Sub15,TS_comp173_4_Sub15,Int2_comp173_4_Sub15,comp173_4_Sub15,-2716.996291,-2716.966323,-2716.986503,-885.217905,-1.955289999914385,16.849629999976514,4.186679999987746,6.14196999990213,18.8049199998909,12.662949999988768,-666.7,[H]c1c([H])c(Cl)c([H])c(N([H])C([H])([H])[H])c1F,[H][C+]1[C+](N([H])C([H])([H])[H])[C+](F)C[C-]([H])[C-]1Cl,EDG,NHCH3,unknown,-2717.761439,-2717.727309,-2717.750324,-885.311568,-19.228482499962922,2.1880925000399998,-12.253820000094322,6.9746624998686,21.416575000002922,14.441912500134322,-666.7
Int1_comp173_4_Sub20,TS_comp173_4_Sub20,Int2_comp173_4_Sub20,comp173_4_Sub20,-2779.454096,-2779.426043,-2779.446799,-947.678236,-0.3702249999213336,17.233032500078593,4.208642500146311,4.578867500067645,17.603257499999927,13.024389999932282,-677.7,[H]c1c([H])c(Cl)c(C(C([H])([H])[H])(C([H])([H])[H])C([H])([H])[H])c([H])c1F,[H][C+]1[C+](F)C[C-]([H])[C-](Cl)[C+]1C(C([H])([H])[H])(C([H])([H])[H])C([H])([H])[H],steric,tBu,unknown,-2780.284897,-2780.253311,-2780.276681,-947.837949,-17.394300000028124,2.4259150000102636,-12.23875999991833,5.155540000109795,19.820215000038388,14.664674999928593,-677.7
Int1_comp173_4_Sub21,TS_comp173_4_Sub21,Int2_comp173_4_Sub21,comp173_4_Sub21,-2740.207354,-2740.178085,-2740.198653,-908.430568,-0.9512900000237324,17.41500750004718,4.508587500102408,5.45987750012614,18.36629750007092,12.906419999944774,-679.84,[H]c1c([H])c(Cl)c(C([H])(C([H])([H])[H])C([H])([H])[H])c([H])c1F,[H][C+]1[C+](F)C[C-]([H])[C-](Cl)[C+]1C([H])(C([H])([H])[H])C([H])([H])[H],steric,iPr,unknown,-2741.011122,-2740.97801,-2741.001192,-908.563195,-18.008622499975218,2.76915750007106,-11.777547500155379,6.231074999819839,20.777780000046278,14.546705000226439,-679.84
Int1_comp173_4_Sub22,TS_comp173_4_Sub22,Int2_comp173_4_Sub22,comp173_4_Sub22,-2661.700557,-2661.671296,-2661.691646,-829.92406,-0.7699424999822213,17.591335000101367,4.821709999953896,5.591652499936117,18.361277500083588,12.769625000147473,-682.3,[H]c1c([H])c(Cl)c(C([H])([H])[H])c([H])c1F,[H][C+]1[C+](F)C[C-]([H])[C-](Cl)[C+]1C([H])([H])[H],steric,Me,unknown,-2662.449075,-2662.416027,-2662.439154,-830.002355,-17.25123000003265,3.486389999829669,-11.025802500127213,6.225427499905436,20.737619999862318,14.512192499956882,-682.3
Int1_comp173_4_Sub23,TS_comp173_4_Sub23,Int2_comp173_4_Sub23,comp173_4_Sub23,-2716.988796,-2716.95902,-2716.978982,-885.210294,-2.0280800000159616,16.65636000017912,4.1302049999876544,6.158285000003616,18.68444000019508,12.526155000191466,-690.99,[H]c1c([H])c(Cl)c(N([H])C([H])([H])[H])c([H])c1F,[H]C1=C(Cl)C(=[N+]([H])C([H])([H])[H])C([H])=C(F)C1,EDG,NHCH3,unknown,-2717.753835,-2717.720452,-2717.74326,-885.304691,-18.77228999997328,2.175542500000347,-12.13647750010523,6.635812499868052,20.94783249997363,14.312020000105576,-690.99
Int1_comp173_4_Sub16,TS_comp173_4_Sub16,Int2_comp173_4_Sub16,comp173_4_Sub16,-2736.849451,-2736.821031,-2736.841986,-905.073426,-0.4737624999452805,17.35978750011526,4.210525000141558,4.684287500086839,17.83355000006054,13.149262499973702,-668.05,[H]c1c([H])c(Cl)c([H])c(OC([H])([H])[H])c1F,[H][C+]1[C+](OC([H])([H])[H])[C+](F)C[C-]([H])[C-]1Cl,EDG,OMe,unknown,-2737.602023,-2737.569545,-2737.593255,-905.155347,-17.22361999995968,3.156325000092295,-11.721700000153703,5.501919999805978,20.379945000051976,14.878025000245998,-668.05
Int1_comp173_4_Sub17,TS_comp173_4_Sub17,Int2_comp173_4_Sub17,comp173_4_Sub17,-2959.313197,-2959.287137,-2959.309152,-1127.538745,0.5132950001308245,16.865945000220677,3.051532500214193,2.538237500083369,16.352650000089852,13.814412500006483,-659.19,[H]c1c([H])c(Cl)c(C(F)(F)F)c([H])c1F,[H][C+]1[C+](F)C[C-]([H])[C-](Cl)[C+]1C(F)(F)F,EWG,CF3,unknown,-2960.038019,-2960.007962,-2960.032719,-1127.592069,-16.768055000039794,2.0927124999241187,-13.442304999875887,3.3257500001639073,18.860767499963913,15.535017499800006,-659.19
Int1_comp173_4_Sub18,TS_comp173_4_Sub18,Int2_comp173_4_Sub18,comp173_4_Sub18,-3081.916805,-3081.888734,-3081.910031,-1250.140075,-0.9161499998270984,16.698402500001635,3.334535000141728,4.250684999968826,17.614552499828733,13.363867499859907,-675.7,[H]c1c([H])c(Cl)c(Cl)c([H])c1F,[H][C+]1[C+](F)C[C-]([H])[C-](Cl)[C+]1Cl,EWG,Cl,unknown,-3082.628662,-3082.596716,-3082.620818,-1250.181113,-17.77142750000337,2.274687500035384,-12.849317499874928,4.922110000128441,20.046115000038753,15.124004999910312,-675.7
Int1_comp173_4_Sub19,TS_comp173_4_Sub19,Int2_comp173_4_Sub19,comp173_4_Sub19,-2856.794307,-2856.764489,-2856.784998,-1025.014528,-2.8293975000616456,15.88139749992422,3.011999999957311,5.841397500018957,18.710794999985865,12.869397499966908,-679.52,[H]c1c([H])c(Cl)c(C2([H])C([H])([H])C([H])([H])C([H])([H])C([H])([H])C2([H])[H])c([H])c1F,[H][C+]1[C+](F)C[C-]([H])[C-](Cl)[C+]1C1([H])C([H])([H])C([H])([H])C([H])([H])C([H])([H])C1([H])[H],steric,Cy,unknown,-2857.663487,-2857.629718,-2857.652928,-1025.211776,-20.38308249983004,0.806964999960087,-13.757309999936638,6.625772499893401,21.190047499790126,14.564274999896725,-679.52
Int1_comp173_4_Sub8,TS_comp173_4_Sub8,Int2_comp173_4_Sub8,comp173_4_Sub8,-2736.857739,-2736.819466,-2736.84059,-905.075245,-4.533059999969282,19.483247500104422,6.227937500184453,10.760997500153737,24.016307500073708,13.255309999919971,-682.52,[H]c1c([H])c(Cl)c(OC([H])([H])[H])c([H])c1F,[H]C1=C(F)CC(=[O+]C([H])([H])[H])C(Cl)=C1[H],EDG,OMe,unknown,-2737.611787,-2737.568577,-2737.592307,-905.15674,-22.47642249989525,4.6378524999900606,-10.252722499938898,12.223699999956352,27.11427499988531,14.890574999928958,-682.52
Int1_comp173_4_Sub9,TS_comp173_4_Sub9,Int2_comp173_4_Sub9,comp173_4_Sub9,-2959.31503,-2959.288619,-2959.31064,-1127.540103,0.2152324999559596,16.788135000131774,2.96995749999212,2.75472500003616,16.572902500175815,13.818177500139656,-659.28,[H]c1c([H])c(Cl)c([H])c(C(F)(F)F)c1F,[H][C+]1[C+](C(F)(F)F)[C+](F)C[C-]([H])[C-]1Cl,EWG,CF3,unknown,-2960.039788,-2960.00934,-2960.034233,-1127.593341,-17.079922500037128,2.026197499949376,-13.594159999920521,3.485762500116607,19.106119999986504,15.620357499869897,-659.28
Int1_comp173_5_Sub10,TS_comp173_5_Sub10,Int2_comp173_5_Sub10,comp173_5_Sub10,-3081.916808,-3081.882515,-3081.907941,-1250.140073,-0.9192874998905154,20.59957000021086,4.64475500011531,5.564042500005826,21.518857500101376,15.95481500009555,-696.5,[H]c1c([H])c(Cl)c(Cl)c([H])c1F,[H][C+]1C[C-](Cl)[C-](Cl)[C+]([H])[C+]1F,EWG,Cl,unknown,-3082.628665,-3082.590201,-3082.61863,-1250.181111,-17.774565000066787,6.3615950000610155,-11.477602499913928,6.296962500152858,24.136160000127802,17.839197499974944,-696.5
Int1_comp173_5_Sub11,TS_comp173_5_Sub11,Int2_comp173_5_Sub11,comp173_5_Sub11,-2856.792725,-2856.757803,-2856.781697,-1025.014528,-1.836692499857122,20.076862500032465,5.083377500077972,6.920069999935095,21.913554999889584,14.99348499995449,-698.58,[H]c1c([H])c(Cl)c(C2([H])C([H])([H])C([H])([H])C([H])([H])C([H])([H])C2([H])[H])c([H])c1F,[H][C+]1C[C-](Cl)[C-](C2([H])C([H])([H])C([H])([H])C([H])([H])C([H])([H])C2([H])[H])[C+]([H])[C+]1F,steric,Cy,unknown,-2857.661364,-2857.622783,-2857.649504,-1025.211776,-19.050899999983244,5.158677500173212,-11.608749999939505,7.442150000043739,24.209577500156456,16.767427500112717,-698.58
Int1_comp173_5_Sub12,TS_comp173_5_Sub12,Int2_comp173_5_Sub12,comp173_5_Sub12,-2779.448288,-2779.417662,-2779.440673,-947.672035,-0.616832499940756,18.600982500191776,4.161580000051117,4.778412499991873,19.21781500013253,14.43940250014066,-705.18,[H]c1c([H])c(Cl)c(C(C([H])([H])[H])(C([H])([H])[H])C([H])([H])[H])c([H])c1F,[H][C+]1C[C-](Cl)[C-](C(C([H])([H])[H])(C([H])([H])[H])C([H])([H])[H])[C+]([H])[C+]1F,steric,tBu,unknown,-2780.279022,-2780.244565,-2780.27051,-947.831659,-17.65471250015537,3.9670549999715377,-12.313432499943815,5.341280000211555,21.621767500126907,16.280487499915353,-705.18
Int1_comp173_5_Sub13,TS_comp173_5_Sub13,Int2_comp173_5_Sub13,comp173_5_Sub13,-2740.205713,-2740.171329,-2740.195257,-908.430568,0.0784375001586568,21.6543975001872,6.639577500143901,6.561139999985244,21.575960000028545,15.0148200000433,-693.0,[H]c1c([H])c(Cl)c(C([H])(C([H])([H])[H])C([H])([H])[H])c([H])c1F,[H][C+]1C[C-](Cl)[C-](C([H])(C([H])([H])[H])C([H])([H])[H])[C+]([H])[C+]1F,steric,iPr,unknown,-2741.008855,-2740.970874,-2740.997746,-908.563194,-16.586707500069622,7.24636999989599,-9.615810000048839,6.970897500020783,23.83307749996561,16.86217999994483,-693.0
Int1_comp173_5_Sub14,TS_comp173_5_Sub14,Int2_comp173_5_Sub14,comp173_5_Sub14,-2661.700563,-2661.664729,-2661.688891,-829.924074,-0.7649224998522186,21.720912500019267,6.559257500204012,7.324180000056231,22.48583499987149,15.161654999815257,-688.49,[H]c1c([H])c(Cl)c(C([H])([H])[H])c([H])c1F,[H][C+]1C[C-](Cl)[C-](C([H])([H])[H])[C+]([H])[C+]1F,steric,Me,unknown,-2662.449076,-2662.409412,-2662.436595,-830.00236,-17.248719999967648,7.640439999971136,-9.416892500123026,7.831827499844621,24.889159999938784,17.057332500094162,-688.49
Int1_comp173_4_Sub24,TS_comp173_4_Sub24,Int2_comp173_4_Sub24,comp173_4_Sub24,-2736.850559,-2736.82168,-2736.842055,-905.075243,-0.0288649999271228,18.09270750004828,5.307395000011752,5.336259999938875,18.1215724999754,12.785312500036524,-680.94,[H]c1c([H])c(Cl)c(OC([H])([H])[H])c([H])c1F,[H]C1=C(Cl)C(=[O+]C([H])([H])[H])C([H])=C(F)C1,EDG,OMe,unknown,-2737.602683,-2737.570138,-2737.593345,-905.156738,-16.764917500047716,3.657069999969451,-10.905322500146042,5.859594999901674,20.421987500017167,14.562392500115493,-680.94
Int1_comp173_5_Sub16,TS_comp173_5_Sub16,Int2_comp173_5_Sub16,comp173_5_Sub16,-2736.847238,-2736.816013,-2736.840877,-905.075243,2.0550625001618528,21.648749999987444,6.046590000000265,3.991527499838412,19.59368749982559,15.60215999998718,-683.73,[H]c1c([H])c(Cl)c(OC([H])([H])[H])c([H])c1F,[H][C+]1C[C-](Cl)[C-](OC([H])([H])[H])[C+]([H])[C+]1F,EDG,OMe,unknown,-2737.599355,-2737.564168,-2737.592057,-905.156738,-14.676597499898492,7.403245000070626,-10.09710249990377,4.579494999994722,22.079842499969118,17.500347499974396,-683.73
Int1_comp173_5_Sub17,TS_comp173_5_Sub17,Int2_comp173_5_Sub17,comp173_5_Sub17,-2959.311152,-2959.282401,-2959.309378,-1127.540101,2.6474224999503804,20.68867500012857,3.760607500136075,1.1131850001856949,18.04125250017819,16.928067499992494,-665.64,[H]c1c([H])c(Cl)c([H])c(C(F)(F)F)c1F,[H][C+]1C[C-](Cl)[C-]([H])[C+](C(F)(F)F)[C+]1F,EWG,CF3,unknown,-2960.035909,-2960.00287,-2960.032737,-1127.593341,-14.645850000118799,6.08612250011447,-12.65542000000778,1.9904300001110187,20.73197250023327,18.74154250012225,-665.64
Int1_comp173_5_Sub18,TS_comp173_5_Sub18,Int2_comp173_5_Sub18,comp173_5_Sub18,-3081.912897,-3081.882096,-3081.908256,-1250.139419,1.1244800000145003,20.452107500226475,4.0367075000096975,2.912227499995197,19.32762750021197,16.415400000216778,-681.61,[H]c1c([H])c(Cl)c([H])c(Cl)c1F,[H][C+]1C[C-](Cl)[C-]([H])[C+](Cl)[C+]1F,EWG,Cl,unknown,-3082.62452,-3082.589806,-3082.618858,-1250.180496,-15.559489999952234,6.223544999981527,-12.006584999933807,3.552905000018427,21.78303499993376,18.230129999915334,-681.61
Int1_comp173_5_Sub19,TS_comp173_5_Sub19,Int2_comp173_5_Sub19,comp173_5_Sub19,-2856.792663,-2856.758981,-2856.787385,-1025.013699,-2.3179849999974067,18.817470000144567,0.993960000058678,3.3119450000560846,21.13545500014197,17.82351000008589,-689.97,[H]c1c([H])c(Cl)c([H])c(C2([H])C([H])([H])C([H])([H])C([H])([H])C([H])([H])C2([H])[H])c1F,[H][C+]1C[C-](Cl)[C-]([H])[C+](C2([H])C([H])([H])C([H])([H])C([H])([H])C([H])([H])C2([H])[H])[C+]1F,steric,Cy,unknown,-2857.661496,-2857.62367,-2857.655006,-1025.211497,-19.308802500116826,4.427012500023011,-15.236327499983418,4.072475000133409,23.735815000139837,19.66334000000643,-689.97
Int1_comp173_5_Sub20,TS_comp173_5_Sub20,Int2_comp173_5_Sub20,comp173_5_Sub20,-2779.45431,-2779.424747,-2779.453354,-947.678523,-0.3244174999656479,18.22636500006752,0.2754724999465452,0.5998899999121932,18.550782500033165,17.950892500120972,-680.97,[H]c1c([H])c(Cl)c([H])c(C(C([H])([H])[H])(C([H])([H])[H])C([H])([H])[H])c1F,[H][C+]1C[C-](Cl)[C-]([H])[C+](C(C([H])([H])[H])(C([H])([H])[H])C([H])([H])[H])[C+]1F,steric,tBu,unknown,-2780.284957,-2780.251671,-2780.283215,-947.837937,-17.439479999914056,3.447484999999233,-16.346374999963018,1.0931049999510378,20.88696499991329,19.79385999996225,-680.97
Int1_comp173_5_Sub21,TS_comp173_5_Sub21,Int2_comp173_5_Sub21,comp173_5_Sub21,-2740.205722,-2740.172588,-2740.201143,-908.430655,0.127382499963744,20.918967500117844,3.000705000199844,2.8733225002361,20.7915850001541,17.918262499918,-685.84,[H]c1c([H])c(Cl)c([H])c(C([H])(C([H])([H])[H])C([H])([H])[H])c1F,[H][C+]1C[C-](Cl)[C-]([H])[C+](C([H])(C([H])([H])[H])C([H])([H])[H])[C+]1F,steric,iPr,unknown,-2741.009083,-2740.971799,-2741.003574,-908.563221,-16.712834999965196,6.682875000034585,-13.255937499918389,3.456897500046807,23.39570999999978,19.938812499952974,-685.84
Int1_comp173_5_Sub15,TS_comp173_5_Sub15,Int2_comp173_5_Sub15,comp173_5_Sub15,-2716.985812,-2716.951791,-2716.976387,-885.210281,-0.1637774998718555,21.18440000008973,5.750409999963324,5.91418749983518,21.3481774999616,15.433990000126414,-695.97,[H]c1c([H])c(Cl)c(N([H])C([H])([H])[H])c([H])c1F,[H][C+]1C[C-](Cl)[C-](N([H])C([H])([H])[H])[C+]([H])[C+]1F,EDG,NHCH3,unknown,-2717.750556,-2717.713066,-2717.740548,-885.304686,-16.71785500002386,6.807120000077589,-10.437835000184918,6.280019999838942,23.52497500010145,17.244955000262507,-695.97
Int1_comp173_5_Sub22,TS_comp173_5_Sub22,Int2_comp173_5_Sub22,comp173_5_Sub22,-2661.697672,-2661.665507,-2661.689898,-829.924026,1.019060000209322,21.20259749997245,5.897245000020632,4.87818499981131,20.183537499763133,15.305352499951823,-686.82,[H]c1c([H])c(Cl)c([H])c(C([H])([H])[H])c1F,[H][C+]1C[C-](Cl)[C-]([H])[C+](C([H])([H])[H])[C+]1F,steric,Me,unknown,-2662.445731,-2662.409709,-2662.437587,-830.001976,-15.390692499879037,7.213112499979957,-10.280332499940528,5.11035999993851,22.603804999858994,17.493444999920484,-686.82
Int1_comp173_5_Sub23,TS_comp173_5_Sub23,Int2_comp173_5_Sub23,comp173_5_Sub23,-2716.992476,-2716.959324,-2716.983052,-885.217912,0.443015000094249,21.245895000077155,6.356575000002351,5.913559999908102,20.802879999982903,14.889320000074804,-700.2,[H]c1c([H])c(Cl)c([H])c(N([H])C([H])([H])[H])c1F,[H]C1=C(F)C(=[N+]([H])C([H])([H])[H])C([H])=C(Cl)C1,EDG,NHCH3,unknown,-2717.757051,-2717.720004,-2717.746602,-885.311561,-16.47940500005518,6.76758750010606,-9.922657500130185,6.556747499924995,23.24699250016124,16.690245000236246,-700.2
Int1_comp173_5_Sub24,TS_comp173_5_Sub24,Int2_comp173_5_Sub24,comp173_5_Sub24,-2736.846079,-2736.813826,-2736.839103,-905.073426,1.642167500134235,21.880925000043305,6.019607500211066,4.377440000076831,20.23875749990907,15.86131749983224,-692.46,[H]c1c([H])c(Cl)c([H])c(OC([H])([H])[H])c1F,[H]C1=C(F)C(=[O+]C([H])([H])[H])C([H])=C(Cl)C1,EDG,OMe,unknown,-2737.598441,-2737.562165,-2737.590264,-905.155347,-14.975915000070188,7.787275000099783,-9.844847499969944,5.131067500100244,22.76319000016997,17.632122500069727,-692.46
Int1_comp173_5_Sub6,TS_comp173_5_Sub6,Int2_comp173_5_Sub6,comp173_5_Sub6,-2661.696769,-2661.654758,-2661.679389,-829.924027,1.5863199999898825,27.94822249999129,12.49227000013434,10.905950000144458,26.361902500001406,15.455952499856949,-796.29,[H]c1c([H])c(Cl)c([H])c(C([H])([H])[H])c1F,[H][C+]1[C+](F)[C+](C([H])([H])[H])C[C-](Cl)[C-]1[H],steric,Me,unknown,-2662.445965,-2662.400554,-2662.428715,-830.001976,-15.537527499936346,12.957875000100216,-4.713152500013962,10.824374999922384,28.495402500036562,17.671027500114178,-796.29
Int1_comp173_5_Sub8,TS_comp173_5_Sub8,Int2_comp173_5_Sub8,comp173_5_Sub8,-2736.846729,-2736.811575,-2736.833341,-905.073428,1.235547500162113,23.294682499969497,9.636517500067896,8.400969999905783,22.059134999807384,13.6581649999016,-700.73,[H]c1c([H])c(Cl)c([H])c(OC([H])([H])[H])c1F,[H]C1=C(Cl)CC(=[O+]C([H])([H])[H])C(F)=C1[H],EDG,OMe,unknown,-2737.598967,-2737.560418,-2737.585366,-905.155348,-15.305352499951823,8.884144999969976,-6.7707249998841235,8.5346275000677,24.1894974999218,15.6548699998541,-700.73
Int1_comp173_5_Sub9,TS_comp173_5_Sub9,Int2_comp173_5_Sub9,comp173_5_Sub9,-2959.3127,-2959.279878,-2959.30522,-1127.538744,0.824535000058404,21.420340000136093,5.518234999907463,4.693699999849059,20.59580500007769,15.90210500022863,-695.61,[H]c1c([H])c(Cl)c(C(F)(F)F)c([H])c1F,[H][C+]1C[C-](Cl)[C-](C(F)(F)F)[C+]([H])[C+]1F,EWG,CF3,unknown,-2960.037409,-2960.000519,-2960.028763,-1127.592069,-16.38528000000747,6.763194999903135,-10.959914999865532,5.425365000141937,23.148474999910604,17.723109999768667,-695.61
Int1_comp175_1_Sub10,TS_comp175_1_Sub10,Int2_comp175_1_Sub10,comp175_1_Sub10,-3074.898509,-3074.86555,-3074.897798,-1243.115106,-5.103457500027275,15.578315000047382,-4.657304999940948,0.4461525000863275,20.681772500074658,20.23561999998833,-696.67,[H]c1c([H])c(C#N)c(Cl)c([H])c1Cl,[H][C+]1C[C-](C[N-2])[C+](Cl)[C-]([H])[C+]1Cl,EWG,Cl,unknown,-3075.616746,-3075.579117,-3075.61446,-1243.161578,-22.552350000131582,1.0598474998209895,-21.11788499990098,1.4344650002306025,23.612197499952572,22.17773249972197,-696.67
Int1_comp175_1_Sub16,TS_comp175_1_Sub16,Int2_comp175_1_Sub16,comp175_1_Sub16,-2729.830852,-2729.800375,-2729.831749,-898.052559,-1.8969324999903847,17.22738500016419,-2.459799999924712,-0.5628674999343275,19.12431750015457,19.687185000088903,-672.77,[H]c1c([H])c(C#N)c(OC([H])([H])[H])c([H])c1Cl,[H][C+]1C[C-](C[N-2])[C+](OC([H])([H])[H])[C-]([H])[C+]1Cl,EDG,OMe,unknown,-2730.589422,-2730.554304,-2730.588914,-898.140449,-18.66498750003018,3.371557500119593,-18.346217499978934,0.318770000051245,22.036545000149772,21.717775000098527,-672.77
Int1_comp175_1_Sub17,TS_comp175_1_Sub17,Int2_comp175_1_Sub17,comp175_1_Sub17,-2952.289856,-2952.262252,-2952.294868,-1120.5121,-1.5599649999137457,15.761545000012802,-4.704994999963219,-3.145030000049473,17.321509999926548,20.46653999997602,-656.64,[H]c1c([H])c(C#N)c([H])c(C(F)(F)F)c1Cl,[H][C+]1C[C-](C[N-2])[C+]([H])[C-](C(F)(F)F)[C+]1Cl,EWG,CF3,unknown,-2953.020621,-2952.988806,-2953.024363,-1120.57097,-19.09043250009745,0.8734800000775067,-21.43853750001881,-2.348104999921361,19.963912500174956,22.312017500096317,-656.64
Int1_comp175_1_Sub18,TS_comp175_1_Sub18,Int2_comp175_1_Sub18,comp175_1_Sub18,-3074.893292,-3074.863918,-3074.895793,-1243.113954,-2.552670000118269,15.87951500000031,-4.122047500079589,-1.5693774999613197,18.43218500011858,20.0015625000799,-669.34,[H]c1c([H])c(C#N)c([H])c(Cl)c1Cl,[H][C+]1C[C-](C[N-2])[C+]([H])[C-](Cl)[C+]1Cl,EWG,Cl,unknown,-3075.610878,-3075.577573,-3075.612521,-1243.160508,-19.541605000028426,1.3572824999261002,-20.57258750006497,-1.0309825000365436,20.898887499954526,21.92986999999107,-669.34
Int1_comp175_1_Sub19,TS_comp175_1_Sub19,Int2_comp175_1_Sub19,comp175_1_Sub19,-2849.77327,-2849.741462,-2849.772067,-1017.989663,-5.2314675000607735,14.728052500053934,-4.476584999897852,0.7548825001629211,19.959520000114708,19.204637499951787,-676.72,[H]c1c([H])c(C#N)c([H])c(C2([H])C([H])([H])C([H])([H])C([H])([H])C([H])([H])C2([H])[H])c1Cl,[H][C+]1C[C-](C[N-2])[C+]([H])[C-](C2([H])C([H])([H])C([H])([H])C([H])([H])C([H])([H])C2([H])[H])[C+]1Cl,steric,Cy,unknown,-2850.648399,-2850.612334,-2850.646016,-1018.192622,-22.934497500094153,-0.30370999994659087,-21.439165000088565,1.4953325000055884,22.630787500147562,21.135455000141974,-676.72
Int1_comp175_1_Sub20,TS_comp175_1_Sub20,Int2_comp175_1_Sub20,comp175_1_Sub20,-2772.433281,-2772.402947,-2772.433824,-940.653251,-2.9869000000206825,16.047685000003753,-3.327632500087816,-0.3407325000671335,19.034585000024435,19.37531750009157,-670.29,[H]c1c([H])c(C#N)c([H])c(C(C([H])([H])[H])(C([H])([H])[H])C([H])([H])[H])c1Cl,[H][C+]1C[C-](C[N-2])[C+]([H])[C-](C(C([H])([H])[H])(C([H])([H])[H])C([H])([H])[H])[C+]1Cl,steric,tBu,unknown,-2773.270415,-2773.235883,-2773.269715,-940.818589,-20.45524500000454,1.213585000074886,-20.015994999972122,0.4392500000324162,21.668830000079424,21.229580000047008,-670.29
Int1_comp175_1_Sub21,TS_comp175_1_Sub21,Int2_comp175_1_Sub21,comp175_1_Sub21,-2733.186784,-2733.155123,-2733.185862,-901.405713,-3.640127499940888,16.227150000050017,-3.0615724998321525,0.5785550001087358,19.867277499990905,19.28872249988217,-672.17,[H]c1c([H])c(C#N)c([H])c(C([H])(C([H])([H])[H])C([H])([H])[H])c1Cl,[H][C+]1C[C-](C[N-2])[C+]([H])[C-](C([H])(C([H])([H])[H])C([H])([H])[H])[C+]1Cl,steric,iPr,unknown,-2733.996103,-2733.960697,-2733.994407,-901.543897,-20.693694999973218,1.523570000005634,-19.62945500009198,1.064239999881238,22.217264999978852,21.153025000097614,-672.17
Int1_comp175_1_Sub11,TS_comp175_1_Sub11,Int2_comp175_1_Sub11,comp175_1_Sub11,-2849.775219,-2849.742975,-2849.773391,-1017.991531,-5.282295000003785,14.950814999990882,-4.135225000046319,1.1470699999574665,20.233109999994667,19.0860400000372,-703.94,[H]c1c([H])c(C#N)c(C2([H])C([H])([H])C([H])([H])C([H])([H])C([H])([H])C2([H])[H])c([H])c1Cl,[H][C+]1C[C-](C[N-2])[C+](C2([H])C([H])([H])C([H])([H])C([H])([H])C([H])([H])C2([H])[H])[C-]([H])[C+]1Cl,steric,Cy,unknown,-2850.650455,-2850.613783,-2850.64736,-1018.194289,-23.178594999977236,-0.1669149998639341,-21.236482499958242,1.9421125000189932,23.0116800001133,21.06956750009431,-703.94
Int1_comp175_1_Sub13,TS_comp175_1_Sub13,Int2_comp175_1_Sub13,comp175_1_Sub13,-2733.188262,-2733.15642,-2733.187023,-901.407443,-3.4819975000547743,16.498857500148745,-2.7045249999488874,0.7774725001058869,19.98085500020352,19.203382500097632,-692.09,[H]c1c([H])c(C#N)c(C([H])(C([H])([H])[H])C([H])([H])[H])c([H])c1Cl,[H][C+]1C[C-](C[N-2])[C+](C([H])(C([H])([H])[H])C([H])([H])[H])[C-]([H])[C+]1Cl,steric,iPr,unknown,-2733.9981,-2733.961759,-2733.995455,-901.545413,-20.995522499853223,1.8084550001424304,-19.33578500012004,1.6597374997331826,22.803977499995653,21.14424000026247,-692.09
Int1_comp175_1_Sub14,TS_comp175_1_Sub14,Int2_comp175_1_Sub14,comp175_1_Sub14,-2654.682757,-2654.648827,-2654.679697,-822.900218,-4.561297499969328,16.729777500065097,-2.6411474999662232,1.9201500000031049,21.291075000034425,19.37092500003132,-686.53,[H]c1c([H])c(C#N)c(C([H])([H])[H])c([H])c1Cl,[H][C+]1C[C-](C[N-2])[C+](C([H])([H])[H])[C-]([H])[C+]1Cl,steric,Me,unknown,-2655.437395,-2655.399232,-2655.432968,-822.98366,-21.653142499976354,2.294139999843594,-18.87520000007015,2.777942499906203,23.94728249981995,21.169339999913745,-686.53
Int1_comp175_1_Sub15,TS_comp175_1_Sub15,Int2_comp175_1_Sub15,comp175_1_Sub15,-2709.979958,-2709.941859,-2709.971035,-878.192097,-7.900852499884365,16.006270000036977,-2.30166999996726,5.599182499917106,23.907122499921343,18.30794000000424,-699.86,[H]c1c([H])c(C#N)c(N([H])C([H])([H])[H])c([H])c1Cl,[H][C+]1C[C-](C[N-2])[C+](N([H])C([H])([H])[H])[C-]([H])[C+]1Cl,EDG,NHCH3,unknown,-2710.75134,-2710.708639,-2710.740903,-878.291801,-25.29515249991249,1.4997249999944984,-18.745934999968483,6.549217499944007,26.79487749990699,20.24565999996298,-699.86
Int1_comp175_1_Sub24,TS_comp175_1_Sub24,Int2_comp175_1_Sub24,comp175_1_Sub24,-2729.827892,-2729.797895,-2729.828775,-898.049923,-1.6936224997903082,17.129494999983308,-2.2477049998894927,-0.5540825000991845,18.823117499773616,19.3771999998728,-678.98,[H]c1c([H])c(C#N)c([H])c(OC([H])([H])[H])c1Cl,[H]C1=C(Cl)C(=[O+]C([H])([H])[H])C([H])=C(C#N)C1,EDG,OMe,unknown,-2730.585827,-2730.552005,-2730.585953,-898.136926,-18.619807499930232,2.603497499989942,-18.69887249987329,-0.07906499994305705,21.223304999920174,21.30236999986323,-678.98
Int1_comp175_1_Sub8,TS_comp175_1_Sub8,Int2_comp175_1_Sub8,comp175_1_Sub8,-2729.836349,-2729.798432,-2729.820552,-898.049924,-6.999762500019244,16.79315500004776,2.9128549999936126,9.912617500012855,23.79291750006701,13.880300000054149,-796.87,[H]c1c([H])c(C#N)c([H])c(OC([H])([H])[H])c1Cl,[H]C1=C(C#N)CC(=[O+]C([H])([H])[H])C(Cl)=C1[H],EDG,OMe,unknown,-2730.596055,-2730.553672,-2730.57892,-898.136927,-25.037249999992923,1.5580824999898368,-14.285037499959685,10.752212500033238,26.59533249998276,15.843119999949522,-796.87
Int1_comp175_1_Sub22,TS_comp175_1_Sub22,Int2_comp175_1_Sub22,comp175_1_Sub22,-2654.682299,-2654.648197,-2654.678778,-822.899227,-4.895754999980966,16.503250000066316,-2.686327499923493,2.209427500057473,21.39900500004728,19.18957749998981,-670.51,[H]c1c([H])c(C#N)c([H])c(C([H])([H])[H])c1Cl,[H][C+]1C[C-](C[N-2])[C+]([H])[C-](C([H])([H])[H])[C+]1Cl,steric,Me,unknown,-2655.437275,-2655.398726,-2655.432405,-822.983091,-21.93489000019241,2.2546075000147425,-18.878965000060646,3.055925000131765,24.189497500207153,21.13357250007539,-670.51
Int1_comp175_1_Sub9,TS_comp175_1_Sub9,Int2_comp175_1_Sub9,comp175_1_Sub9,-2952.293928,-2952.261649,-2952.293906,-1120.512585,-3.810807500009332,16.444265000001224,-3.7970024999015095,0.0138050001078227,20.25507250001056,20.241267499902733,-697.13,[H]c1c([H])c(C#N)c(C(F)(F)F)c([H])c1Cl,[H][C+]1C[C-](C[N-2])[C+](C(F)(F)F)[C-]([H])[C+]1Cl,EWG,CF3,unknown,-2953.025137,-2952.988011,-2953.023367,-1120.571301,-21.716520000101696,1.5800450000057253,-20.605844999909664,1.1106750001920318,23.29656500010742,22.18588999991539,-697.13
Int1_comp175_5_Sub10,TS_comp175_5_Sub10,Int2_comp175_5_Sub10,comp175_5_Sub10,-3074.896983,-3074.867453,-3074.887844,-1243.115106,-4.145892500019386,14.3841825001374,1.5888300001262223,5.734722500145608,18.530075000156785,12.795352500011177,-628.95,[H]c1c([H])c(C#N)c(Cl)c([H])c1Cl,[H][C-]1C[C+](C[N-2])[C+](Cl)[C-]([H])[C+]1Cl,EWG,Cl,unknown,-3075.614762,-3075.581523,-3075.604918,-1243.16158,-21.30613500013908,-0.44866249993731344,-15.129025000040315,6.177110000098764,20.857472500201766,14.680362500103001,-628.95
Int1_comp175_5_Sub11,TS_comp175_5_Sub11,Int2_comp175_5_Sub11,comp175_5_Sub11,-2849.776372,-2849.744333,-2849.762899,-1017.991531,-6.005802499817889,14.098670000002189,2.448505000167245,8.454307499985134,20.10447249982008,11.650164999834942,-630.84,[H]c1c([H])c(C#N)c(C2([H])C([H])([H])C([H])([H])C([H])([H])C([H])([H])C2([H])[H])c([H])c1Cl,[H][C-]1C[C+](C[N-2])[C+](C2([H])C([H])([H])C([H])([H])C([H])([H])C([H])([H])C2([H])[H])[C-]([H])[C+]1Cl,steric,Cy,unknown,-2850.651364,-2850.61563,-2850.63725,-1018.194288,-23.749619999890967,-1.3265349998610532,-14.893085000136637,8.85653499975433,22.423085000029914,13.566550000275583,-630.84
Int1_comp175_5_Sub13,TS_comp175_5_Sub13,Int2_comp175_5_Sub13,comp175_5_Sub13,-2733.189517,-2733.157794,-2733.176804,-901.407442,-4.270137499848374,15.636044999901628,3.707269999914047,7.977407499762421,19.906182499750003,11.92877499998758,-636.23,[H]c1c([H])c(C#N)c(C([H])(C([H])([H])[H])C([H])([H])[H])c([H])c1Cl,[H][C-]1C[C+](C[N-2])[C+](C([H])(C([H])([H])[H])C([H])([H])[H])[C-]([H])[C+]1Cl,steric,iPr,unknown,-2733.99897,-2733.963633,-2733.985546,-901.545412,-21.542075000042757,0.6318925001167486,-13.118514999908655,8.423560000134103,22.173967500159506,13.750407500025403,-636.23
Int1_comp175_5_Sub14,TS_comp175_5_Sub14,Int2_comp175_5_Sub14,comp175_5_Sub14,-2654.682047,-2654.650331,-2654.669586,-822.900218,-4.1157724998100775,15.78601750016503,3.7035050000662295,7.819277499876307,19.901789999975108,12.0825125000988,-628.61,[H]c1c([H])c(C#N)c(C([H])([H])[H])c([H])c1Cl,[H][C-]1C[C+](C[N-2])[C+](C([H])([H])[H])[C-]([H])[C+]1Cl,steric,Me,unknown,-2655.436328,-2655.401201,-2655.423422,-822.983661,-20.98297249988491,1.0592199998939122,-12.884457499928885,8.098514999956024,22.04219249977882,13.943677499822797,-628.61
Int1_comp175_1_Sub23,TS_comp175_1_Sub23,Int2_comp175_1_Sub23,comp175_1_Sub23,-2709.976152,-2709.944315,-2709.973719,-878.196107,-2.9963125000682567,16.98140499992917,-1.4696049999992056,1.526707500069051,19.977717499997425,18.45100999992837,-701.95,[H]c1c([H])c(C#N)c([H])c(N([H])C([H])([H])[H])c1Cl,[H]C1=C(Cl)C(=[N+]([H])C([H])([H])[H])C([H])=C(C#N)C1,EDG,NHCH3,unknown,-2710.746626,-2710.710884,-2710.743197,-878.295459,-20.041722500049843,2.3863824999673966,-17.890024999846617,2.151697500203227,22.42810500001724,20.276407499814013,-701.95
Int1_comp175_5_Sub15,TS_comp175_5_Sub15,Int2_comp175_5_Sub15,comp175_5_Sub15,-2709.983425,-2709.950543,-2709.969683,-878.199655,-5.3337499998738735,15.29970500010876,3.2893550001844574,8.623105000058331,20.633454999982632,12.0103499999243,-628.91,[H]c1c([H])c(C#N)c(N([H])C([H])([H])[H])c([H])c1Cl,[H][C-]1C[C+](C[N-2])[C+](N([H])C([H])([H])[H])[C-]([H])[C+]1Cl,EDG,NHCH3,unknown,-2710.754269,-2710.717591,-2710.739597,-878.299189,-22.497130000056984,0.5183149999041348,-13.290449999902592,9.206680000154392,23.01544499996112,13.808764999806726,-628.91
Int1_comp175_5_Sub16,TS_comp175_5_Sub16,Int2_comp175_5_Sub16,comp175_5_Sub16,-2729.832057,-2729.802361,-2729.822404,-898.052559,-2.6530700000074603,15.98117000002901,3.40418750003721,6.057257500044671,18.63424000003647,12.5769824999918,-633.45,[H]c1c([H])c(C#N)c(OC([H])([H])[H])c([H])c1Cl,[H][C-]1C[C+](C[N-2])[C+](OC([H])([H])[H])[C-]([H])[C+]1Cl,EDG,OMe,unknown,-2730.590187,-2730.556771,-2730.579876,-898.14045,-19.144397499889863,1.8241424999601463,-12.674244999888913,6.47015250000095,20.96853999985001,14.49838749984906,-633.45
Int1_comp175_5_Sub17,TS_comp175_5_Sub17,Int2_comp175_5_Sub17,comp175_5_Sub17,-2952.293668,-2952.26456,-2952.285349,-1120.512102,-3.950739999870052,14.314529999956562,1.269432499862546,5.220172499732598,18.26526999982661,13.045097500094016,-627.45,[H]c1c([H])c(C#N)c([H])c(C(F)(F)F)c1Cl,[H][C+]1[C+](C[N-2])C[C-]([H])[C+](Cl)[C-]1C(F)(F)F,EWG,CF3,unknown,-2953.024494,-2952.991458,-2953.015291,-1120.570971,-21.520112499812853,-0.7900224999315242,-15.745230000053994,5.77488249975886,20.73008999988133,14.95520750012247,-627.45
Int1_comp175_5_Sub18,TS_comp175_5_Sub18,Int2_comp175_5_Sub18,comp175_5_Sub18,-3074.895591,-3074.866157,-3074.88656,-1243.113955,-3.994664999901829,14.475170000121691,1.672287500129528,5.666952500031357,18.46983500002352,12.802882499992164,-635.68,[H]c1c([H])c(C#N)c([H])c(Cl)c1Cl,[H][C+]1[C+](C[N-2])C[C-]([H])[C+](Cl)[C-]1Cl,EWG,Cl,unknown,-3075.613301,-3075.580195,-3075.603664,-1243.160508,-21.062037499970643,-0.2880225000575365,-15.014820000185978,6.047217499784665,20.774014999913106,14.726797500128441,-635.68
Int1_comp175_5_Sub19,TS_comp175_5_Sub19,Int2_comp175_5_Sub19,comp175_5_Sub19,-2849.774319,-2849.743302,-2849.763101,-1017.989663,-5.889715000039644,13.57345250011548,1.1495800000224676,7.039295000062111,19.463167500155123,12.423872500093012,-639.17,[H]c1c([H])c(C#N)c([H])c(C2([H])C([H])([H])C([H])([H])C([H])([H])C([H])([H])C2([H])[H])c1Cl,[H][C+]1[C+](C[N-2])C[C-]([H])[C+](Cl)[C-]1C1([H])C([H])([H])C([H])([H])C([H])([H])C([H])([H])C1([H])[H],steric,Cy,unknown,-2850.649542,-2850.614592,-2850.637217,-1018.192622,-23.651730000066777,-1.7206049999361994,-15.917792499975008,7.73393750009177,21.931125000130578,14.197187500038808,-639.17
Int1_comp175_5_Sub20,TS_comp175_5_Sub20,Int2_comp175_5_Sub20,comp175_5_Sub20,-2772.435141,-2772.404888,-2772.424735,-940.653251,-4.154049999927452,14.829707500011295,2.375714999994329,6.529764999921781,18.983757499938747,12.453992500016966,-633.8,[H]c1c([H])c(C#N)c([H])c(C(C([H])([H])[H])(C([H])([H])[H])C([H])([H])[H])c1Cl,[H][C+]1[C+](C[N-2])C[C-]([H])[C+](Cl)[C-]1C(C([H])([H])[H])(C([H])([H])[H])C([H])([H])[H],steric,tBu,unknown,-2773.27181,-2773.238249,-2773.261081,-940.81859,-21.329980000150215,-0.270452500030558,-14.597532500098112,6.732447500052103,21.059527500119657,14.327080000067554,-633.8
Int1_comp175_5_Sub21,TS_comp175_5_Sub21,Int2_comp175_5_Sub21,comp175_5_Sub21,-2733.187521,-2733.156931,-2733.176624,-901.405713,-4.102594999843348,15.092630000060865,2.735272499942596,6.837867499785943,19.19522499990421,12.357357500118267,-635.4,[H]c1c([H])c(C#N)c([H])c(C([H])(C([H])([H])[H])C([H])([H])[H])c1Cl,[H][C+]1[C+](C[N-2])C[C-]([H])[C+](Cl)[C-]1C([H])(C([H])([H])[H])C([H])([H])[H],steric,iPr,unknown,-2733.997264,-2733.962892,-2733.985504,-901.543897,-21.422222500060002,0.146207499987554,-14.042822500143188,7.379399999916814,21.568430000047556,14.189030000130742,-635.4
Int1_comp175_5_Sub22,TS_comp175_5_Sub22,Int2_comp175_5_Sub22,comp175_5_Sub22,-2654.680794,-2654.650068,-2654.669683,-822.899219,-3.9563874998557935,15.32417750011831,3.015765000019144,6.972152499874937,19.280564999974104,12.308412500099166,-642.01,[H]c1c([H])c(C#N)c([H])c(C([H])([H])[H])c1Cl,[H][C+]1[C+](C[N-2])C[C-]([H])[C+](Cl)[C-]1C([H])([H])[H],steric,Me,unknown,-2655.435409,-2655.40104,-2655.423575,-822.983088,-20.765857500147717,0.8006899998332528,-13.34002249992011,7.4258350002276075,21.56654749998097,14.140712499753363,-642.01
Int1_comp177_0_Sub14,TS_comp177_0_Sub14,Int2_comp177_0_Sub14,comp177_0_Sub14,-4784.517114,-4784.484344,-4784.516374,-2952.733936,-4.962270000027047,15.600904999847671,-4.497919999772648,0.4643500002543987,20.56317499987472,20.09882499962032,-661.4,[H]c1c(C#N)nc(C([H])([H])[H])c(Br)c1[H],[H][C+]1C[C-](Br)[C-](C([H])([H])[H])[N-][C+]1C[N-2],steric,Me,unknown,-4785.258783,-4785.222101,-4785.257087,-2952.804254,-22.15137750021654,0.8665774997382414,-21.08713750004995,1.064240000166592,23.01795499995478,21.95371499978819,-661.4
Int1_comp177_0_Sub15,TS_comp177_0_Sub15,Int2_comp177_0_Sub15,comp177_0_Sub15,-4839.81122,-4839.778509,-4839.810762,-3008.028869,-4.443327499553789,16.082825000343064,-4.15593249985136,0.2873949997024283,20.526152499896853,20.238757500194424,-664.94,[H]c1c(C#N)nc(N([H])C([H])([H])[H])c(Br)c1[H],[H][C+]1C[C-](Br)[C-](N([H])C([H])([H])[H])[N-][C+]1C[N-2],EDG,NHCH3,unknown,-4840.568907,-4840.532575,-4840.568009,-3008.115598,-21.38582750015189,1.412502499644006,-20.822332500005132,0.5634950001467587,22.798329999795897,22.234834999649138,-664.94
Int1_comp177_0_Sub16,TS_comp177_0_Sub16,Int2_comp177_0_Sub16,comp177_0_Sub16,-4859.677457,-4859.649723,-4859.681729,-3027.900786,-0.8791274997065557,16.523957499871358,-3.5598074997869844,-2.6806800000804287,17.403084999577914,20.083764999658342,-655.07,[H]c1c(C#N)nc(OC([H])([H])[H])c(Br)c1[H],[H][C+]1C[C-](Br)C2(OC([H])([H])[H])[N-]C12C[N-2],EDG,OMe,unknown,-4860.423709,-4860.391656,-4860.426747,-3027.975336,-18.28848749998201,1.824769999958562,-20.194832500448,-1.9063450004659899,20.113257499940573,22.019602500406563,-655.07
Int1_comp175_5_Sub23,TS_comp175_5_Sub23,Int2_comp175_5_Sub23,comp175_5_Sub23,-2709.968166,-2709.937414,-2709.956805,-878.185501,-4.640362499983723,14.656517500091866,2.4886650002085275,7.129027500192251,19.29688000007559,12.167852499883338,-646.18,[H]c1c([H])c(C#N)c([H])c(N([H])C([H])([H])[H])c1Cl,[H]C1=C(Cl)C(=[N+]([H])C([H])([H])[H])C([H])=C(C#N)C1,EDG,NHCH3,unknown,-2710.739212,-2710.705012,-2710.727485,-878.285422,-21.687654999960557,-0.2271549999258582,-14.328962499920124,7.3586925000404335,21.4605000000347,14.101807499994266,-646.18
Int1_comp175_5_Sub24,TS_comp175_5_Sub24,Int2_comp175_5_Sub24,comp175_5_Sub24,-2729.830101,-2729.799838,-2729.819459,-898.049924,-3.079142499930469,15.910890000135112,3.598712500188128,6.677855000118598,18.99003250006558,12.312177499946984,-638.88,[H]c1c([H])c(C#N)c([H])c(OC([H])([H])[H])c1Cl,[H]C1=C(Cl)C(=[O+]C([H])([H])[H])C([H])=C(C#N)C1,EDG,OMe,unknown,-2730.588243,-2730.554382,-2730.577134,-898.136926,-20.135847500097555,1.1119300001175247,-13.164950000076772,6.970897500020783,21.24777750021508,14.276880000194296,-638.88
Int1_comp175_5_Sub9,TS_comp175_5_Sub9,Int2_comp175_5_Sub9,comp175_5_Sub9,-2952.292994,-2952.263603,-2952.28416,-1120.512586,-3.2240949998498536,15.218757500170454,2.319239999994238,5.543334999844092,18.442852500020308,12.899517500176216,-623.28,[H]c1c([H])c(C#N)c(C(F)(F)F)c([H])c1Cl,[H][C-]1C[C+](C[N-2])[C+](C(F)(F)F)[C-]([H])[C+]1Cl,EWG,CF3,unknown,-2953.023545,-2952.990416,-2953.013983,-1120.571301,-20.717540000055692,0.07090749989231426,-14.71738499993819,6.000155000117502,20.788447499948006,14.788292499830504,-623.28
Int1_comp177_0_Sub10,TS_comp177_0_Sub10,Int2_comp177_0_Sub10,comp177_0_Sub10,-5204.732879,-5204.701108,-5204.733998,-3372.948403,-5.7767650001108,14.159537499848511,-6.478937499836093,-0.7021724997252932,19.93630249995931,20.638474999684604,-668.49,[H]c1c(C#N)nc(Cl)c(Br)c1[H],[H][C+]1C[C-](Br)C2(Cl)[N-]C12C[N-2],EWG,Cl,unknown,-5205.438232,-5205.40165,-5205.437745,-3372.981566,-23.492345000469186,-0.5371400000706217,-23.186752500313332,0.3055925001558535,22.955205000398564,22.64961250024271,-668.49
Int1_comp177_0_Sub11,TS_comp177_0_Sub11,Int2_comp177_0_Sub11,comp177_0_Sub11,-4979.608854,-4979.57864,-4979.609985,-3147.825372,-5.153030000116132,13.806255000098416,-5.862732500107768,-0.7097024999916357,18.95928500021455,19.668987500206185,-673.32,[H]c1c(C#N)nc(C2([H])C([H])([H])C([H])([H])C([H])([H])C([H])([H])C2([H])[H])c(Br)c1[H],[H][C+]1C[C-](Br)[C-](C2([H])C([H])([H])C([H])([H])C([H])([H])C([H])([H])C2([H])[H])[N-][C+]1C[N-2],steric,Cy,unknown,-4980.470508,-4980.43636,-4980.470757,-3148.014749,-22.923202500408024,-1.4953325000055884,-23.079450000227553,-0.15624749981952846,21.427870000402436,21.584117500221964,-673.32
Int1_comp177_0_Sub12,TS_comp177_0_Sub12,Int2_comp177_0_Sub12,comp177_0_Sub12,-4902.264612,-4902.238125,-4902.26864,-3070.483963,-3.3753224998247333,13.245270000230676,-5.902892500006374,-2.5275700001816404,16.62059250005541,19.14816250023705,-692.29,[H]c1c(C#N)nc(C(C([H])([H])[H])(C([H])([H])[H])C([H])([H])[H])c(Br)c1[H],[H][C+]1C[C-](Br)[C-](C(C([H])([H])[H])(C([H])([H])[H])C([H])([H])[H])[N-][C+]1C[N-2],steric,tBu,unknown,-4903.088196,-4903.057204,-4903.09095,-3070.635616,-20.928379999951403,-1.4808999999706884,-22.656515000011268,-1.728135000059865,19.447479999980715,21.17561500004058,-692.29
Int1_comp177_0_Sub13,TS_comp177_0_Sub13,Int2_comp177_0_Sub13,comp177_0_Sub13,-4863.022017,-4862.992349,-4863.023725,-3031.241552,-3.259862500116242,15.356807499964589,-4.331632499978468,-1.0717699998622263,18.61667000008083,19.688439999943057,-669.75,[H]c1c(C#N)nc(C([H])(C([H])([H])[H])C([H])([H])[H])c(Br)c1[H],[H][C+]1C[C-](Br)[C-](C([H])(C([H])([H])[H])C([H])([H])[H])[N-][C+]1C[N-2],steric,iPr,unknown,-4863.818017,-4863.784428,-4863.818932,-3031.366001,-20.574469999988878,0.5026274998010649,-21.14863250032272,-0.5741625003338413,21.077097499789943,21.651260000123784,-669.75
Int1_comp177_0_Sub2,TS_comp177_0_Sub2,Int2_comp177_0_Sub2,comp177_0_Sub2,-5204.725042,-5204.68982,-5204.722911,-3372.946022,-2.3531249999086867,19.74868000036168,-1.0159224997892125,1.3372025001194745,22.10180500027036,20.76460250015089,-705.48,[H]c1nc(C#N)c(Cl)c([H])c1Br,[H]C12[N-]C1(C[N-2])[C+](Cl)C[C-]2Br,EWG,Cl,unknown,-5205.429274,-5205.390838,-5205.427263,-3372.978974,-19.497680000139326,4.620909999747482,-18.235777499829737,1.2619025003095885,24.118589999886808,22.85668749957722,-705.48
Int1_comp177_0_Sub9,TS_comp177_0_Sub9,Int2_comp177_0_Sub9,comp177_0_Sub9,-5082.125844,-5082.093254,-5082.126029,-3250.341136,-5.922345000028599,14.527879999845936,-6.038432499949522,-0.1160874999209227,20.450224999874536,20.56631249979546,-678.51,[H]c1c(C#N)nc(C(F)(F)F)c(Br)c1[H],[H][C+]1C[C-](Br)C2(C(F)(F)F)[N-]C12C[N-2],EWG,CF3,unknown,-5082.844294,-5082.806467,-5082.842473,-3250.386441,-24.2371875003721,-0.5007450003051872,-23.094509999904176,1.1426775004679257,23.736442500066914,22.59376499959899,-678.51
Int1_comp177_1_Sub10,TS_comp177_1_Sub10,Int2_comp177_1_Sub10,comp177_1_Sub10,-5204.729641,-5204.702717,-5204.736539,-3372.948402,-3.745547499888744,13.149262499973702,-8.074042500231826,-4.328495000343082,16.894809999862446,21.223305000205528,-651.78,[H]c1c(C#N)nc(Cl)c(Br)c1[H],[H][C+]1C[C-](C[N-2])[N-][C+](Cl)[C+]1Br,EWG,Cl,unknown,-5205.434426,-5205.403426,-5205.440366,-3372.981565,-21.10470750000559,-1.652207500037548,-24.832057500011615,-3.7273500000060267,19.45249999996804,23.179849999974067,-651.78
Int1_comp177_1_Sub13,TS_comp177_1_Sub13,Int2_comp177_1_Sub13,comp177_1_Sub13,-4863.021725,-4862.994764,-4863.027014,-3031.241551,-3.0772599996498684,13.84076750008262,-6.396107500045218,-3.31884750039535,16.91802749973249,20.23687500012784,-669.11,[H]c1c(C#N)nc(C([H])(C([H])([H])[H])C([H])([H])[H])c(Br)c1[H],[H][C+]1C[C-](C[N-2])[N-][C+](C([H])(C([H])([H])[H])C([H])([H])[H])[C+]1Br,steric,iPr,unknown,-4863.8183,-4863.786863,-4863.822323,-3031.366,-20.75268000010965,-1.0259625003345718,-23.27711250037055,-2.5244325002609003,19.726717499775077,22.251150000035977,-669.11
Int1_comp177_1_Sub14,TS_comp177_1_Sub14,Int2_comp177_1_Sub14,comp177_1_Sub14,-4784.513998,-4784.486781,-4784.518802,-2952.733946,-3.000705000271182,14.077962500197144,-6.015214999794125,-3.014509999522943,17.078667500468327,20.09317749999127,-670.96,[H]c1c(C#N)nc(C([H])([H])[H])c(Br)c1[H],[H][C+]1C[C-](C[N-2])[N-][C+](C([H])([H])[H])[C+]1Br,steric,Me,unknown,-4785.255154,-4785.224196,-4785.259461,-2952.804255,-19.873552500403093,-0.447407500225836,-22.576194999928703,-2.7026424995256093,19.426145000177257,22.128787499702867,-670.96
Int1_comp177_1_Sub15,TS_comp177_1_Sub15,Int2_comp177_1_Sub15,comp177_1_Sub15,-4839.820584,-4839.792215,-4839.82302,-3008.040078,-3.285589999979948,14.5159574998047,-4.81417999983023,-1.5285899998502828,17.801547499784647,19.33013749963493,-697.16,[H]c1c(C#N)nc(N([H])C([H])([H])[H])c(Br)c1[H],[H]C1=C(Br)C(=[N+]([H])C([H])([H])[H])N=C(C#N)C1,EDG,NHCH3,unknown,-4840.577697,-4840.545441,-4840.579206,-3008.125977,-20.38872999988712,-0.14809000019681662,-21.335627500278633,-0.9468975003915148,20.240639999690302,21.187537500081817,-697.16
Int1_comp177_1_Sub16,TS_comp177_1_Sub16,Int2_comp177_1_Sub16,comp177_1_Sub16,-4859.678906,-4859.651087,-4859.683065,-3027.900784,-1.789630000047282,15.666792499895337,-4.39940250009272,-2.609772500045437,17.45642249994262,20.066194999988056,-679.09,[H]c1c(C#N)nc(OC([H])([H])[H])c(Br)c1[H],[H]C1=C(Br)C(=[O+]C([H])([H])[H])N=C(C#N)C1,EDG,OMe,unknown,-4860.424737,-4860.393062,-4860.428119,-3027.975335,-18.93418500027792,0.9418774998334811,-21.056390000198917,-2.1222049999209958,19.876062500111402,21.998267500032398,-679.09
Int1_comp177_1_Sub6,TS_comp177_1_Sub6,Int2_comp177_1_Sub6,comp177_1_Sub6,-4784.51332,-4784.473195,-4784.503028,-2952.732791,-3.3000225000148475,21.87841500026365,3.158207499944865,6.458229999959713,25.178437500278505,18.7202075003188,-779.91,[H]c1nc(C#N)c([H])c(C([H])([H])[H])c1Br,[H][C+]1[N-][C-](C[N-2])C[C+](C([H])([H])[H])[C+]1Br,steric,Me,unknown,-4785.255936,-4785.212404,-4785.245826,-2952.80325,-20.994894999926146,6.321434999877056,-14.650870000391478,6.344024999534668,27.3163299998032,20.972305000268534,-779.91
Int1_comp177_1_Sub9,TS_comp177_1_Sub9,Int2_comp177_1_Sub9,comp177_1_Sub9,-5082.123201,-5082.095948,-5082.129879,-3250.341135,-4.264490000076648,12.836767500049293,-8.454934999912211,-4.190444999835563,17.10125750012594,21.291702499961502,-641.91,[H]c1c(C#N)nc(C(F)(F)F)c(Br)c1[H],[H][C+]1C[C-](C[N-2])[N-][C+](C(F)(F)F)[C+]1Br,EWG,CF3,unknown,-5082.841494,-5082.809137,-5082.84633,-3250.38644,-22.480815000169514,-2.1767975001398554,-25.515405000212468,-3.0345900000429538,20.30401750002966,23.338607500072612,-641.91
Int1_comp177_1_Sub11,TS_comp177_1_Sub11,Int2_comp177_1_Sub11,comp177_1_Sub11,-4979.608833,-4979.581178,-4979.613211,-3147.825373,-5.1392250000083095,12.214287499908778,-7.886419999778127,-2.747194999769817,17.353512499917088,20.100707499686905,-667.75,[H]c1c(C#N)nc(C2([H])C([H])([H])C([H])([H])C([H])([H])C([H])([H])C2([H])[H])c(Br)c1[H],[H][C+]1C[C-](C[N-2])[N-][C+](C2([H])C([H])([H])C([H])([H])C([H])([H])C([H])([H])C2([H])[H])[C+]1Br,steric,Cy,unknown,-4980.47095,-4980.438833,-4980.474095,-3148.014749,-23.2005575001358,-3.047140000296622,-25.174044999932903,-1.973487499797102,20.15341749983918,22.12690499963628,-667.75
Int1_comp177_1_Sub12,TS_comp177_1_Sub12,Int2_comp177_1_Sub12,comp177_1_Sub12,-4902.269674,-4902.242648,-4902.274548,-3070.489011,-3.3841074999452303,13.574707499898295,-6.442542500070658,-3.058435000125428,16.958814999843526,20.01724999996896,-665.23,[H]c1c(C#N)nc(C(C([H])([H])[H])(C([H])([H])[H])C([H])([H])[H])c(Br)c1[H],[H][C+]1C[C-](C[N-2])[N-][C+](C(C([H])([H])[H])(C([H])([H])[H])C([H])([H])[H])[C+]1Br,steric,tBu,unknown,-4903.093243,-4903.061808,-4903.096883,-3070.640347,-21.12667000030683,-1.4012075003859081,-23.410770000247112,-2.284099999940281,19.725462499920923,22.009562499861204,-665.23
Int1_comp177_6_Sub10,TS_comp177_6_Sub10,Int2_comp177_6_Sub10,comp177_6_Sub10,-5204.723157,-5204.696011,-5204.724388,-3372.946022,-1.1702875001128632,15.863827500111256,-1.9427399996607164,-0.7724524995478532,17.03411500022412,17.806567499771973,-649.97,[H]c1nc(C#N)c(Cl)c([H])c1Br,[H][C-]1[C+](Br)C[N-][C+](C[N-2])[C+]1Cl,EWG,Cl,unknown,-5205.42679,-5205.396219,-5205.427389,-3372.978973,-17.939597500292166,1.2437049998561633,-18.31547000027058,-0.37587249997841354,19.18330250014833,19.559175000126743,-649.97
Int1_comp177_6_Sub11,TS_comp177_6_Sub11,Int2_comp177_6_Sub11,comp177_6_Sub11,-4979.612543,-4979.57663,-4979.603839,-3147.824127,-8.249115000146503,14.28629250024187,-2.787355000239131,5.461759999907372,22.535407500388374,17.073647500481,-651.13,[H]c1nc(C#N)c(C2([H])C([H])([H])C([H])([H])C([H])([H])C([H])([H])C2([H])[H])c([H])c1Br,[H][C-]1[C+](Br)C[N-][C+](C[N-2])[C+]1C1([H])C([H])([H])C([H])([H])C([H])([H])C([H])([H])C1([H])[H],steric,Cy,unknown,-4980.474089,-4980.434015,-4980.463994,-3148.013574,-25.907592500292367,-0.7611575000044013,-19.57297999994921,6.334612500343155,25.146435000287966,18.81182249994481,-651.13
Int1_comp177_6_Sub13,TS_comp177_6_Sub13,Int2_comp177_6_Sub13,comp177_6_Sub13,-4863.018311,-4862.990152,-4863.017561,-3031.240018,-1.896932499847708,15.772839999841608,-1.4263074997518288,0.4706250000958789,17.669772499689316,17.199147499593437,-657.8,[H]c1nc(C#N)c(C([H])(C([H])([H])[H])C([H])([H])[H])c([H])c1Br,[H][C-]1[C+](Br)C[N-][C+](C[N-2])[C+]1C([H])(C([H])([H])[H])C([H])([H])[H],steric,iPr,unknown,-4863.814209,-4863.781863,-4863.811942,-3031.364519,-19.114905000107,1.1822099998687463,-17.69236250020299,1.4225424999040115,20.297114999975747,18.874572500071736,-657.8
Int1_comp177_6_Sub14,TS_comp177_6_Sub14,Int2_comp177_6_Sub14,comp177_6_Sub14,-4784.509534,-4784.481729,-4784.508792,-2952.732441,-1.1439324997513722,16.30370500007075,-0.678327499642819,0.4656050001085532,17.44763749982212,16.98203249971357,-655.54,[H]c1nc(C#N)c(C([H])([H])[H])c([H])c1Br,[H][C-]1[C+](Br)C[N-][C+](C[N-2])[C+]1C([H])([H])[H],steric,Me,unknown,-4785.249953,-4785.218581,-4785.248443,-2952.802433,-17.753229999977975,1.932699999686065,-16.805705000515445,0.9475249994625301,19.68592999966404,18.73840500020151,-655.54
Int1_comp177_6_Sub15,TS_comp177_6_Sub15,Int2_comp177_6_Sub15,comp177_6_Sub15,-4839.812106,-4839.780761,-4839.806631,-3008.031925,-3.081652500280825,16.58733499992536,0.353909999677171,3.435562499957996,19.668987500206185,16.23342500024819,-683.47,[H]c1nc(C#N)c(N([H])C([H])([H])[H])c([H])c1Br,[H]C1=C(Br)CN=C(C#N)C1=[N+]([H])C([H])([H])[H],EDG,NHCH3,unknown,-4840.568881,-4840.533772,-4840.562208,-3008.117955,-19.890495000146302,2.140402500089067,-15.70318750023148,4.187307499914823,22.03089750023537,17.843590000320546,-683.47
Int1_comp177_6_Sub16,TS_comp177_6_Sub16,Int2_comp177_6_Sub16,comp177_6_Sub16,-4859.659914,-4859.631557,-4859.658749,-3027.884017,-0.3934424999340535,17.40057500015496,0.3375949998610394,0.731037499795093,17.794017500089012,17.06298000029392,-662.36,[H]c1nc(C#N)c(OC([H])([H])[H])c([H])c1Br,[H]C1=C(Br)CN=C(C#N)C1=[O+]C([H])([H])[H],EDG,OMe,unknown,-4860.404175,-4860.373111,-4860.403097,-3027.958433,-16.63753500008397,2.8551249997826744,-15.961090000507738,0.6764449995762334,19.492659999866646,18.816215000290413,-662.36
Int1_comp177_6_Sub2,TS_comp177_6_Sub2,Int2_comp177_6_Sub2,comp177_6_Sub2,-5204.723754,-5204.696267,-5204.724235,-3372.946321,-1.3572824997834232,15.890809999829116,-1.6591099998061054,-0.3018275000226822,17.24809249961254,17.54991999963522,-667.76,[H]c1nc(C#N)c([H])c(Cl)c1Br,[H][C+]1[C+](C[N-2])[N-]C[C+](Br)[C-]1Cl,EWG,Cl,unknown,-5205.427788,-5205.396539,-5205.427342,-3372.979487,-18.24330750009608,1.365439999691489,-17.963442500089286,0.2798650000067937,19.60874749978757,19.328882499780775,-667.76
Int1_comp177_6_Sub3,TS_comp177_6_Sub3,Int2_comp177_6_Sub3,comp177_6_Sub3,-4979.606287,-4979.575301,-4979.601329,-3147.823844,-4.501057499693388,14.942657500154157,-1.3899124999863943,3.111144999706994,19.443714999847543,16.33257000014055,-667.34,[H]c1nc(C#N)c([H])c(C2([H])C([H])([H])C([H])([H])C([H])([H])C([H])([H])C2([H])[H])c1Br,[H][C+]1[C+](C[N-2])[N-]C[C+](Br)[C-]1C1([H])C([H])([H])C([H])([H])C([H])([H])C([H])([H])C1([H])[H],steric,Cy,unknown,-4980.467602,-4980.432809,-4980.461734,-3148.013443,-21.91920250008934,-0.08659500020939959,-18.237032500539954,3.6821699995493873,21.83260749987994,18.150437500330554,-667.34
Int1_comp177_6_Sub5,TS_comp177_6_Sub5,Int2_comp177_6_Sub5,comp177_6_Sub5,-4863.019313,-4862.988763,-4863.014963,-3031.239764,-2.685072499855324,16.485052499826907,0.0445525002442082,2.7296250000995315,19.17012499968223,16.4404999995827,-667.89,[H]c1nc(C#N)c([H])c(C([H])(C([H])([H])[H])C([H])([H])[H])c1Br,[H][C+]1[C+](C[N-2])[N-]C[C+](Br)[C-]1C([H])(C([H])([H])[H])C([H])([H])[H],steric,iPr,unknown,-4863.815214,-4863.78081,-4863.809921,-3031.364494,-19.761230000329988,1.827279999666871,-16.43987250022633,3.321357500103659,21.58850999999686,18.2671524998932,-667.89
Int1_comp179_0_Sub13,TS_comp179_0_Sub13,Int2_comp179_0_Sub13,comp179_0_Sub13,-2756.253174,-2756.228061,-2756.250126,-924.474719,-1.9985874998764075,13.759820000215656,-0.0859674998542914,1.912620000022116,15.758407500092062,13.845787500069946,-629.7,[H]c1c(C([H])(C([H])([H])[H])C([H])([H])[H])nc(Cl)c(F)c1[H],[H][C-]1C[C+](F)C2(Cl)[N-]C12C([H])(C([H])([H])[H])C([H])([H])[H],steric,iPr,unknown,-2757.04525,-2757.015672,-2757.040607,-924.595213,-19.332647500127962,-0.7724525000472227,-16.419164999993257,2.9134825001347053,18.56019500008074,15.646712499946034,-629.7
Int1_comp179_0_Sub14,TS_comp179_0_Sub14,Int2_comp179_0_Sub14,comp179_0_Sub14,-2677.743833,-2677.718248,-2677.740449,-845.965873,-1.6879749999472438,14.366612499967744,0.4354850001132604,2.123460000060504,16.054587499914987,13.931127499854483,-629.21,[H]c1c(C([H])([H])[H])nc(Cl)c(F)c1[H],[H][C-]1C[C+](F)C2(Cl)[N-]C12C([H])([H])[H],steric,Me,unknown,-2678.480927,-2678.450962,-2678.476044,-846.032058,-18.599727500052268,0.20331000005739952,-15.535645000012437,3.064082500039831,18.803037500109667,15.738955000069836,-629.21
Int1_comp179_0_Sub15,TS_comp179_0_Sub15,Int2_comp179_0_Sub15,comp179_0_Sub15,-2733.054011,-2733.021276,-2733.042794,-901.266782,-7.504272500029572,13.036940000114612,-0.4656049998945377,7.038667500135034,20.541212500144184,13.50254500000915,-618.15,[H]c1c(N([H])C([H])([H])[H])nc(Cl)c(F)c1[H],[H][C-]1C[C+](F)C2(Cl)[N-]C12N([H])C([H])([H])[H],EDG,NHCH3,unknown,-2733.808126,-2733.77058,-2733.794888,-901.348913,-25.090587499929597,-1.5304724999168684,-16.78374249992885,8.306845000000749,23.56011500001273,15.25327000001198,-618.15
Int1_comp179_0_Sub16,TS_comp179_0_Sub16,Int2_comp179_0_Sub16,comp179_0_Sub16,-2752.911864,-2752.882475,-2752.904735,-921.132762,-2.4045800000641293,16.037017500102024,2.068867499984321,4.473447500048451,18.44159750016616,13.968150000117705,-633.14,[H]c1c(OC([H])([H])[H])nc(Cl)c(F)c1[H],[H][C-]1C[C+](F)C2(Cl)[N-]C12OC([H])([H])[H],EDG,OMe,unknown,-2753.653465,-2753.620027,-2753.645055,-921.203355,-19.37845499994097,1.603890000016861,-14.10117999999585,5.277274999945121,20.98234499995783,15.70507000001271,-633.14
Int1_comp179_0_Sub2,TS_comp179_0_Sub2,Int2_comp179_0_Sub2,comp179_0_Sub2,-3097.95616,-3097.928409,-3097.956092,-1266.18116,0.1694250000002739,17.583177500050624,0.2120950001778965,0.0426700001776225,17.41375250005035,17.371082499872728,-611.91,[H]c1nc(Cl)c(F)c([H])c1Cl,[H]C12[N-]C1(Cl)[C+](F)C[C-]2Cl,EWG,Cl,unknown,-3098.655749,-3098.624704,-3098.655402,-1266.210472,-16.34574750003594,3.134990000074822,-16.12800499994364,0.21774250009229945,19.480737500110763,19.262995000018464,-611.91
Int1_comp177_6_Sub6,TS_comp177_6_Sub6,Int2_comp177_6_Sub6,comp177_6_Sub6,-4784.512666,-4784.48145,-4784.50819,-2952.73279,-2.8902649996939545,16.69777499993188,-0.0815749996513659,2.8086900000425885,19.588039999625835,16.779349999583246,-660.67,[H]c1nc(C#N)c([H])c(C([H])([H])[H])c1Br,[H][C+]1[C+](C[N-2])[N-]C[C+](Br)[C-]1C([H])([H])[H],steric,Me,unknown,-4785.254373,-4785.218937,-4785.248432,-2952.80325,-20.014112500048213,2.221977500025787,-16.286135000400463,3.72797749964775,22.236090000074,18.50811250042625,-660.67
Int1_comp177_6_Sub7,TS_comp177_6_Sub7,Int2_comp177_6_Sub7,comp177_6_Sub7,-4839.803765,-4839.771134,-4839.797003,-3008.022346,-3.8584974996035726,16.617455000420023,0.3846575003842645,4.243154999987837,20.475952500023595,16.23279750003576,-672.32,[H]C1=C(N([H])C([H])([H])[H])[C+](Br)C2([H])[N-]C12C#N,[H][C+]1[C+](C[N-2])[N-]C[C+](Br)[C-]1N([H])C([H])([H])[H],EDG,NHCH3,unknown,-4840.562566,-4840.524699,-4840.553571,-3008.108986,-21.555879999793888,2.2056625002096553,-15.911517500276204,5.644362499517683,23.761542500003543,18.11718000048586,-672.32
Int1_comp177_6_Sub8,TS_comp177_6_Sub8,Int2_comp177_6_Sub8,comp177_6_Sub8,-4859.668667,-4859.632531,-4859.659914,-3027.890331,-1.923914999850922,20.75142499997014,3.568592500192836,5.492507500043757,22.675339999821063,17.182832499777305,-650.72,[H]c1nc(C#N)c([H])c(OC([H])([H])[H])c1Br,[H][C+]1[C+](C[N-2])[N-]C[C+](Br)[C-]1OC([H])([H])[H],EDG,OMe,unknown,-4860.414327,-4860.373177,-4860.403329,-3027.964933,-18.929165000290595,6.892459999719449,-12.027919999879941,6.901245000410654,25.821625000010044,18.92037999959939,-650.72
Int1_comp177_6_Sub9,TS_comp177_6_Sub9,Int2_comp177_6_Sub9,comp177_6_Sub9,-5082.11538,-5082.092804,-5082.121499,-3250.342667,1.6045174998725995,15.770957500060376,-2.2351549999211784,-3.839672499793778,14.166440000187777,18.006112499981555,-650.64,[H]c1nc(C#N)c(C(F)(F)F)c([H])c1Br,[H][C-]1[C+](Br)C[N-][C+](C[N-2])[C+]1C(F)(F)F,EWG,CF3,unknown,-5082.833207,-5082.805541,-5082.837097,-3250.387853,-16.394064999842612,0.9663500001283865,-18.835039999814853,-2.4409749999722408,17.360414999971,19.80138999994324,-650.64
Int1_comp179_0_Sub10,TS_comp179_0_Sub10,Int2_comp179_0_Sub10,comp179_0_Sub10,-3097.962517,-3097.938657,-3097.962106,-1266.184267,-1.8699499998444933,13.102200000021185,-1.6120474998535883,0.2579024999909052,14.972149999865678,14.714247499874771,-611.66,[H][C-]1[C+](F)C2(Cl)[N-]C2(Cl)[C-]1[H],[H][C-]1C[C+](F)C2(Cl)[N-]C12Cl,EWG,Cl,unknown,-3098.662806,-3098.635022,-3098.661397,-1266.213527,-18.85700249983074,-1.4225424999040115,-17.972854999851506,0.8841474999792354,17.43445999992673,16.550312499947495,-611.66
Int1_comp179_0_Sub11,TS_comp179_0_Sub11,Int2_comp179_0_Sub11,comp179_0_Sub11,-2872.839797,-2872.814323,-2872.836131,-1041.058216,-3.9601525000603033,12.0247824999592,-1.6597375000185366,2.3004150000417667,15.984935000019505,13.684519999977738,-630.03,[H]c1c(C2([H])C([H])([H])C([H])([H])C([H])([H])C([H])([H])C2([H])[H])nc(Cl)c(F)c1[H],[H][C-]1C[C+](F)C2(Cl)[N-]C12C1([H])C([H])([H])C([H])([H])C([H])([H])C([H])([H])C1([H])[H],steric,Cy,unknown,-2873.697311,-2873.667665,-2873.692378,-1041.243642,-21.61172750000958,-3.008862500036571,-18.51627000019164,3.0954574998179396,18.602864999973008,15.507407500155068,-630.03
Int1_comp179_0_Sub12,TS_comp179_0_Sub12,Int2_comp179_0_Sub12,comp179_0_Sub12,-2795.505013,-2795.482121,-2795.504349,-963.728762,-0.6155774999439245,13.749152500028572,-0.198917499854474,0.4166600000894505,14.364729999972496,13.948069999883046,-601.02,[H]c1c(C(C([H])([H])[H])(C([H])([H])[H])C([H])([H])[H])nc(Cl)c(F)c1[H],[H][C-]1C[C+](F)[C+](Cl)[N-][C-]1C(C([H])([H])[H])(C([H])([H])[H])C([H])([H])[H],steric,tBu,unknown,-2796.32483,-2796.297013,-2796.322117,-963.876293,-18.391397500007542,-0.9362299999190782,-16.688990000096737,1.7024074999108052,17.455167500088464,15.752760000177659,-601.02
Int1_comp179_0_Sub9,TS_comp179_0_Sub9,Int2_comp179_0_Sub9,comp179_0_Sub9,-2975.356022,-2975.335578,-2975.359112,-1143.582062,0.8220250000647411,13.650634999920612,-1.116950000033512,-1.938975000098253,12.828609999855871,14.767584999954124,-601.89,[H]c1c(C(F)(F)F)nc(Cl)c(F)c1[H],[H][C-]1C[C+](F)C2(Cl)[N-]C12C(F)(F)F,EWG,CF3,unknown,-2976.069194,-2976.04471,-2976.071141,-1143.623604,-16.542155000182106,-1.178445000163606,-17.76389750002238,-1.2217424998402748,15.3637100000185,16.585452499858775,-601.89
Int1_comp181_4_Sub10,TS_comp181_4_Sub10,Int2_comp181_4_Sub10,comp181_4_Sub10,-2652.50212,-2652.476767,-2652.500624,-820.717884,-5.6261649999916585,10.282842500005527,-4.687424999793564,0.938740000198095,15.909007499997188,14.970267499799093,-583.14,[H]c1c(C#N)oc(C([H])([H])Cl)c1[H],[H][C+]1CC2(C[N-2])OC12C([H])([H])Cl,EWG,Cl,unknown,-2653.229328,-2653.199366,-2653.226181,-820.77354,-22.94139999993405,-4.140244999890967,-20.96665749999744,1.9747424999366103,18.80115500004308,16.82641250010647,-583.14
Int1_comp181_4_Sub11,TS_comp181_4_Sub11,Int2_comp181_4_Sub11,comp181_4_Sub11,-2427.375945,-2427.351621,-2427.37423,-595.593124,-4.738252499807913,10.525057500178718,-3.6620899998854384,1.076162499922475,15.263309999986632,14.187147500064157,-563.17,[H]c1c(C#N)oc(C([H])([H])C2([H])C([H])([H])C([H])([H])C([H])([H])C([H])([H])C2([H])[H])c1[H],[H][C+]1CC2(C[N-2])OC12C([H])([H])C1([H])C([H])([H])C([H])([H])C([H])([H])C([H])([H])C1([H])[H],steric,Cy,unknown,-2428.259535,-2428.231581,-2428.257069,-595.805028,-22.137572500108718,-4.596437500023285,-20.590157499877932,1.5474150002307852,17.541135000085433,15.993719999854648,-563.17
Int1_comp179_0_Sub8,TS_comp179_0_Sub8,Int2_comp179_0_Sub8,comp179_0_Sub8,-2752.899806,-2752.865393,-2752.888693,-921.120067,-2.804297499911001,18.78986000000026,4.169110000103444,6.973407500014446,21.59415749991126,14.620749999896816,-662.46,[H]c1nc(Cl)c(F)c([H])c1OC([H])([H])[H],[H]C([H])([H])O[C-]1C[C+](F)C2(Cl)[N-]C12[H],EDG,OMe,unknown,-2753.642625,-2753.602784,-2753.628654,-921.190712,-20.509837500009382,4.490389999862998,-11.743035000099837,8.766802499909545,25.00022749987238,16.233424999962835,-662.46
Int1_comp181_4_Sub12,TS_comp181_4_Sub12,Int2_comp181_4_Sub12,comp181_4_Sub12,-2350.046141,-2350.021822,-2350.044232,-518.265058,-3.6476574998505376,11.61251499993,-2.4497600000927378,1.197897499757801,15.260172499780538,14.062275000022735,-562.18,[H]c1c(C#N)oc(C([H])([H])C(C([H])([H])[H])(C([H])([H])[H])C([H])([H])[H])c1[H],[H][C+]1CC2(C[N-2])OC12C([H])([H])C(C([H])([H])[H])(C([H])([H])[H])C([H])([H])[H],steric,tBu,unknown,-2350.890931,-2350.863085,-2350.888381,-518.438771,-20.664829999974756,-3.191465000003575,-19.064705000162405,1.6001249998123512,17.47336499997118,15.87324000015883,-562.18
Int1_comp181_4_Sub13,TS_comp181_4_Sub13,Int2_comp181_4_Sub13,comp181_4_Sub13,-2310.789078,-2310.765167,-2310.78754,-479.008833,-3.121812499822738,11.88234000003348,-2.15671749983386,0.965094999988878,15.004152499856218,14.03905749986734,-571.54,[H]c1c(C#N)oc(C([H])([H])C([H])(C([H])([H])[H])C([H])([H])[H])c1[H],[H][C+]1CC2(C[N-2])OC12C([H])([H])C([H])(C([H])([H])[H])C([H])([H])[H],steric,iPr,unknown,-2311.607064,-2311.579424,-2311.604708,-479.155802,-20.101334999899336,-2.757235000029823,-18.62294499992231,1.4783899999770256,17.344099999869513,15.865709999892488,-571.54
Int1_comp181_4_Sub14,TS_comp181_4_Sub14,Int2_comp181_4_Sub14,comp181_4_Sub14,-2232.278571,-2232.254955,-2232.278053,-400.49977,-2.2157024998276142,12.603337500139276,-1.890657499934889,0.3250449998927252,14.81903999996689,14.493995000074165,-576.26,[H]C1=C([H])C2(C([H])([H])C([H])([H])[H])OC12C#N,[H][C+]1CC2(C[N-2])OC12C([H])([H])C([H])([H])[H],steric,Me,unknown,-2233.04182,-2233.01467,-2233.040542,-400.592965,-18.59094249996744,-1.5543175000350118,-17.788997500137356,0.8019449998300843,17.036624999932428,16.234680000102344,-576.26
Int1_comp181_5_Sub10,TS_comp181_5_Sub10,Int2_comp181_5_Sub10,comp181_5_Sub10,-2652.504457,-2652.475894,-2652.502125,-820.717887,-7.0907499999322,10.832532499973128,-5.627419999917152,1.4633300000150484,17.923282499905326,16.459952499890278,-608.29,[H]c1c(C#N)oc(C([H])([H])Cl)c1[H],[H][C+]1CC2(C([H])([H])Cl)OC12C[N-2],EWG,Cl,unknown,-2653.231945,-2653.198642,-2653.227895,-820.773541,-24.58293999999853,-3.6853074998981583,-22.04156499999442,2.541375000004109,20.89763250010037,18.356257500096262,-608.29
Int1_comp181_5_Sub11,TS_comp181_5_Sub11,Int2_comp181_5_Sub11,comp181_5_Sub11,-2427.376104,-2427.34963,-2427.375706,-595.593124,-4.8380249999127045,11.774409999949285,-4.588279999829865,0.2497450000828394,16.61243499986199,16.36268999977915,-668.94,[H]c1c(C#N)oc(C([H])([H])C2([H])C([H])([H])C([H])([H])C([H])([H])C([H])([H])C2([H])[H])c1[H],[H][C+]1CC2(C([H])([H])C3([H])C([H])([H])C([H])([H])C([H])([H])C([H])([H])C3([H])[H])OC12C[N-2],steric,Cy,unknown,-2428.259748,-2428.229961,-2428.258586,-595.805027,-22.271857499983696,-3.580515000020057,-21.542702499969835,0.7291550000138614,18.69134249996364,17.962187499949778,-668.94
Int1_comp181_5_Sub12,TS_comp181_5_Sub12,Int2_comp181_5_Sub12,comp181_5_Sub12,-2350.046291,-2350.019346,-2350.044221,-518.265058,-3.741782500040927,13.166205000002265,-2.4428575000388264,1.2989250000021002,16.90798750004319,15.609062500041093,-647.57,[H]c1c(C#N)oc(C([H])([H])C(C([H])([H])[H])(C([H])([H])[H])C([H])([H])[H])c1[H],[H][C+]1CC2(C([H])([H])C(C([H])([H])[H])(C([H])([H])[H])C([H])([H])[H])OC12C[N-2],steric,tBu,unknown,-2350.891366,-2350.861003,-2350.888553,-518.438771,-20.93779249992764,-1.8850100000204861,-19.172634999889908,1.7651575000377306,19.052782499907153,17.287624999869422,-647.57
Int1_comp181_5_Sub13,TS_comp181_5_Sub13,Int2_comp181_5_Sub13,comp181_5_Sub13,-2310.789932,-2310.763763,-2310.78941,-479.008833,-3.657697500039205,12.763350000091975,-3.330142499867464,0.327555000171742,16.42104750013118,16.09349249995944,-651.6,[H]c1c(C#N)oc(C([H])([H])C([H])(C([H])([H])[H])C([H])([H])[H])c1[H],[H][C+]1CC2(C([H])([H])C([H])(C([H])([H])[H])C([H])([H])[H])OC12C[N-2],steric,iPr,unknown,-2311.607931,-2311.578426,-2311.6066,-479.155802,-20.64537750002387,-2.1309900000414927,-19.810175000063737,0.8352024999601326,18.514387499982377,17.679185000022244,-651.6
Int1_comp181_4_Sub15,TS_comp181_4_Sub15,Int2_comp181_4_Sub15,comp181_4_Sub15,-2287.564452,-2287.541017,-2287.564047,-455.783179,-3.766882499977555,10.938580000062077,-3.512744999834468,0.2541375001430879,14.70546250003963,14.451324999896542,-571.71,[H]c1c(C#N)oc(C([H])([H])N([H])C([H])([H])[H])c1[H],[H][C+]1CC2(C[N-2])OC12C([H])([H])N([H])C([H])([H])[H],EDG,NHCH3,unknown,-2288.344791,-2288.317308,-2288.343198,-455.892461,-20.771504999990782,-3.5259225000865513,-19.7718975000177,0.9996074999730808,17.24558249990423,16.24597499993115,-571.71
Int1_comp181_4_Sub16,TS_comp181_4_Sub16,Int2_comp181_4_Sub16,comp181_4_Sub16,-2307.429199,-2307.405318,-2307.428292,-475.649086,-3.038982500031864,11.94634500001456,-2.469839999970702,0.5691425000611616,14.985327500046424,14.416184999985262,-572.51,[H]c1c(C#N)oc(C([H])([H])OC([H])([H])[H])c1[H],[H][C+]1CC2(C[N-2])OC12C([H])([H])OC([H])([H])[H],EDG,OMe,unknown,-2308.196907,-2308.168877,-2308.194852,-475.745685,-20.076235000034046,-2.487410000069019,-18.78672250007952,1.289512499954526,17.588824999965027,16.2993125000105,-572.51
Int1_comp181_4_Sub6,TS_comp181_4_Sub6,Int2_comp181_4_Sub6,comp181_4_Sub6,-2232.281204,-2232.259062,-2232.285143,-400.506919,0.6180875001159336,14.512192499992551,-1.8536349999926929,-2.4717225001086263,13.894104999876618,16.365827499985244,-584.94,[H]C1=C(C([H])([H])[H])C2(C([H])([H])[H])OC12C#N,[H]C([H])([H])[C+]1CC2(C[N-2])OC12C([H])([H])[H],steric,Me,unknown,-2233.043298,-2233.017167,-2233.046682,-400.59808,-16.308725000058075,0.08847749999063126,-18.43218500011858,-2.123460000060504,16.397202500048706,18.52066250010921,-584.94
Int1_comp181_4_Sub7,TS_comp181_4_Sub7,Int2_comp181_4_Sub7,comp181_4_Sub7,-2287.57165,-2287.545536,-2287.566862,-455.793016,-2.110909999842505,14.27562500001912,0.8935599999911403,3.004469999833645,16.386534999861624,13.382065000027978,-627.08,[H]c1c(C#N)oc(C([H])([H])[H])c1N([H])C([H])([H])[H],[H][N+](=C1CC2(C#N)OC12C([H])([H])[H])C([H])([H])[H],EDG,NHCH3,unknown,-2288.350513,-2288.320891,-2288.344766,-455.900022,-19.617532499943735,-1.0297274999327044,-16.01129000013131,3.6062424998124243,18.58780500001103,14.981562500198606,-627.08
Int1_comp181_4_Sub8,TS_comp181_4_Sub8,Int2_comp181_4_Sub8,comp181_4_Sub8,-2307.432136,-2307.411283,-2307.433563,-475.657607,0.4649775001101375,13.55023500010276,-0.4304649999832577,-0.8954425000933952,13.085257499992622,13.980700000086015,-592.8,[H]C1=C(OC([H])([H])[H])C2(C([H])([H])[H])OC12C#N,[H]C([H])([H])OC1=C(C([H])([H])[H])[O+]=C(C#N)C1,EDG,OMe,unknown,-2308.198308,-2308.173912,-2308.198322,-475.752601,-16.615572499996745,-1.3070825001241815,-16.62435750011724,-0.008785000120496989,15.308489999872563,15.31727499999306,-592.8
Int1_comp181_4_Sub9,TS_comp181_4_Sub9,Int2_comp181_4_Sub9,comp181_4_Sub9,-2529.904188,-2529.880137,-2529.90344,-698.123642,-3.310689999916576,11.781312500003196,-2.8413199999602057,0.4693699999563705,15.092002499919772,14.622632499963402,-586.61,[H]c1c(C#N)oc(C([H])([H])C(F)(F)F)c1[H],[H][C+]1CC2(C[N-2])OC12C([H])([H])C(F)(F)F,EWG,CF3,unknown,-2530.64436,-2530.615948,-2530.64218,-698.191779,-20.92900749987848,-3.1004775000906193,-19.561057499907974,1.3679499999705058,17.82852999978786,16.460579999817355,-586.61
Int1_comp181_5_Sub15,TS_comp181_5_Sub15,Int2_comp181_5_Sub15,comp181_5_Sub15,-2287.565918,-2287.538504,-2287.563434,-455.783177,-4.688052499791979,12.514232500007552,-3.129342500017742,1.558709999774237,17.20228499979953,15.643575000025294,-687.27,[H]c1c(C#N)oc(C([H])([H])N([H])C([H])([H])[H])c1[H],[H][C+]1CC2(C([H])([H])N([H])C([H])([H])[H])OC12C[N-2],EDG,NHCH3,unknown,-2288.346729,-2288.315735,-2288.342876,-455.89246,-21.98822749991507,-2.5394925000802004,-19.570470000098226,2.417757499816844,19.44873499983487,17.030977500018025,-687.27
Int1_comp181_5_Sub16,TS_comp181_5_Sub16,Int2_comp181_5_Sub16,comp181_5_Sub16,-2307.43117,-2307.403113,-2307.428604,-475.649086,-4.275784999834116,13.329982500159474,-2.665620000047113,1.610164999787003,17.60576749999359,15.995602500206587,-679.51,[H]c1c(C#N)oc(C([H])([H])OC([H])([H])[H])c1[H],[H][C+]1CC2(C([H])([H])OC([H])([H])[H])OC12C[N-2],EDG,OMe,unknown,-2308.199275,-2308.167502,-2308.195383,-475.745685,-21.56215499999206,-1.624597499893241,-19.119925000165665,2.442229999826395,19.93755750009882,17.495327500272424,-679.51
Int1_comp181_5_Sub2,TS_comp181_5_Sub2,Int2_comp181_5_Sub2,comp181_5_Sub2,-2652.499724,-2652.473188,-2652.497804,-820.722217,-1.403717499808863,15.247622500097576,-0.198917499997151,1.204799999811712,16.65133999990644,15.446540000094728,-579.84,[H]c1c(C([H])([H])[H])oc(C#N)c1Cl,[H]C([H])([H])C1=[O+]C(C#N)=C(Cl)C1,EWG,Cl,unknown,-2653.22609,-2653.194439,-2653.222464,-820.776372,-19.13247500006264,0.7285275000867841,-16.857159999957503,2.275315000105138,19.861002500149425,17.585687500044287,-579.84
Int1_comp181_5_Sub6,TS_comp181_5_Sub6,Int2_comp181_5_Sub6,comp181_5_Sub6,-2232.286948,-2232.25644,-2232.278659,-400.509593,-1.3083374999069974,17.83543249998445,3.8930100000158063,5.201347499922804,19.143769999891447,13.942422499968645,-615.25,[H]C1=C(C([H])([H])[H])C2(C#N)OC12C([H])([H])[H],[H]C([H])([H])[C+]1CC2(C([H])([H])[H])OC12C[N-2],steric,Me,unknown,-2233.049803,-2233.015077,-2233.040606,-400.600782,-18.695107499954133,3.0954574999606166,-12.92399000004309,5.771117499911043,21.79056499991475,16.019447500003707,-615.25
Int1_comp181_5_Sub8,TS_comp181_5_Sub8,Int2_comp181_5_Sub8,comp181_5_Sub8,-2307.441303,-2307.413635,-2307.436508,-475.662156,-2.4328174999928365,14.92885250011767,0.5760450001864115,3.008862500179248,17.361670000110507,14.35280749993126,-614.69,[H]c1c(C([H])([H])[H])oc(C#N)c1OC([H])([H])[H],[H]C([H])([H])[O+]=C1CC2(C([H])([H])[H])OC12C#N,EDG,OMe,unknown,-2308.208007,-2308.176118,-2308.201989,-475.757626,-19.548507500118006,0.4618400000823897,-15.772212500092877,3.7762950000251294,20.010347500200396,16.234052500175267,-614.69
Int1_comp183_4_Sub2,TS_comp183_4_Sub2,Int2_comp183_4_Sub2,comp183_4_Sub2,-5509.423886,-5509.395847,-5509.424661,-3677.643213,-3.3903824997867105,14.20409000009272,-3.8766950000569977,-0.4863125002702873,17.59447249987943,18.08078500014972,-676.63,[H]c1c(C#N)sc(Br)c1Cl,[N-2]C[C+]1CC2(Cl)[C-](Br)[S+]12,EWG,Cl,pi-system,-5510.108618,-5510.075449,-5510.107367,-3677.65485,-21.673850000352104,-0.8603025001821152,-20.888847499979875,0.7850025003722294,20.81354750016999,20.02854499979776,-676.63
Int1_comp183_4_Sub8,TS_comp183_4_Sub8,Int2_comp183_4_Sub8,comp183_4_Sub8,-5164.358943,-5164.334205,-5164.357646,-3332.577999,-3.560434999999416,11.962660000044709,-2.7465675001280943,0.8138674998713213,15.523095000044124,14.7092275001728,-603.65,[H]c1c(C#N)sc(Br)c1OC([H])([H])[H],[H]C([H])([H])OC12C[C+](C[N-2])[S+]1[C-]2Br,EDG,OMe,pi-system,-5165.084523,-5165.0551,-5165.080823,-3332.630033,-22.126905000492343,-3.663972499952024,-19.805155000361765,2.321750000130578,18.46293250054032,16.14118250040974,-603.65
Int1_comp183_5_Sub8,TS_comp183_5_Sub8,Int2_comp183_5_Sub8,comp183_5_Sub8,-5164.365178,-5164.332947,-5164.363476,-3332.58372,-3.882969999898478,16.341982500188124,-2.814965000169422,1.0680049997290553,20.2249525000866,19.156947500357543,-657.98,[H][c-]1[c+](OC([H])([H])[H])[c+](C[N-2])[s+]2[c-]1[Br+]2,[H]C([H])([H])OC1=C(C#N)[S+]=C(Br)C1,EDG,OMe,pi-system,-5165.090835,-5165.053654,-5165.087479,-3332.636815,-21.831980000238218,1.4990974995680517,-19.726090000133354,2.105890000104864,23.33107749980627,21.225187499701406,-657.98
Int1_comp181_5_Sub14,TS_comp181_5_Sub14,Int2_comp181_5_Sub14,comp181_5_Sub14,-2232.278325,-2232.252453,-2232.277094,-400.499771,-2.060710000076256,14.173970000026088,-1.2882574999576946,0.7724525001185611,16.234680000102344,15.462227499983785,-616.4,[H]c1c(C#N)oc(C([H])([H])C([H])([H])[H])c1[H],[H][C+]1CC2(C([H])([H])C([H])([H])[H])OC12C[N-2],steric,Me,unknown,-2233.041658,-2233.012186,-2233.039752,-400.592966,-18.488660000083,0.005020000022994964,-17.292645000106432,1.196014999976569,18.493680000105996,17.297665000129427,-616.4
Int1_comp185_6_Sub6,TS_comp185_6_Sub6,Int2_comp185_6_Sub6,comp185_6_Sub6,-2251.684307,-2251.648334,-2251.667829,-419.903165,-3.684679999935412,18.88837750007255,6.655265000068624,10.339945000004036,22.573057500007963,12.233112500003926,-620.72,[H]c1c(C([H])([H])[H])c(C#N)n(C([H])([H])[H])c1C([H])([H])[H],[H]C([H])([H])C1=C(C#N)[N+](C([H])([H])[H])=C(C([H])([H])[H])C1,steric,Me,unknown,-2252.486525,-2252.445799,-2252.468399,-420.032839,-21.622394999875638,3.9331699999500813,-10.248329999914318,11.37406499996132,25.55556499982572,14.1814999998644,-620.72
Int1_comp185_6_Sub8,TS_comp185_6_Sub8,Int2_comp185_6_Sub8,comp185_6_Sub8,-2326.838542,-2326.804723,-2326.825101,-495.054574,-5.4579949999168775,15.76342749993671,2.976232500118954,8.434227500035831,21.22142249985359,12.787194999817755,-631.49,[H]c1c(OC([H])([H])[H])c(C#N)n(C([H])([H])[H])c1C([H])([H])[H],[H]C([H])([H])OC1=C(C#N)[N+](C([H])([H])[H])=C(C([H])([H])[H])C1,EDG,OMe,unknown,-2327.644995,-2327.605918,-2327.628835,-495.188636,-23.2997025000995,1.2211149998418591,-13.159302500019692,10.140400000079808,24.52081749994136,14.38041749986155,-631.49
Int1_comp187_5_Sub10,TS_comp187_5_Sub10,Int2_comp187_5_Sub10,comp187_5_Sub10,-2975.418692,-2975.388077,-2975.415104,-1143.630453,-8.138047500070229,11.072865000008392,-5.886577500047565,2.251470000022664,19.21091250007862,16.959442500055957,-625.76,[H]c1c(C#N)sc(C([H])([H])Cl)c1[H],[H]C([H])(Cl)[C+]1CC2([H])[C-](C[N-2])[S+]12,EWG,Cl,unknown,-2976.142096,-2976.107092,-2976.137367,-1143.68225,-25.487794999996822,-3.5227850000944727,-22.52034749985569,2.967447500141134,21.96500999990235,18.997562499761216,-625.76
Int1_comp187_5_Sub14,TS_comp187_5_Sub14,Int2_comp187_5_Sub14,comp187_5_Sub14,-2555.192139,-2555.164213,-2555.189632,-723.411369,-3.4512500000610657,14.072315000068729,-1.8781074999665748,1.573142500094491,17.523565000129793,15.950422500035302,-634.18,[H]C1=C(C([H])([H])C([H])([H])[H])[S+]2[C-](C#N)C12[H],[H]C12C[C+](C([H])([H])C([H])([H])[H])[S+]1[C-]2C[N-2],steric,Me,unknown,-2555.951919,-2555.920399,-2555.94876,-723.500563,-20.160320000035767,-0.38152000003549347,-18.17804750011817,1.982272499917599,19.778800000000274,17.796527500082675,-634.18
Int1_comp185_6_Sub2,TS_comp185_6_Sub2,Int2_comp185_6_Sub2,comp185_6_Sub2,-2671.900932,-2671.869475,-2671.890644,-840.118565,-4.453367499956471,15.285900000072274,2.0023525000095788,6.45571999996605,19.739267500028745,13.283547500062696,-603.7,[H]c1c(Cl)c(C#N)n(C([H])([H])[H])c1C([H])([H])[H],[H]C([H])([H])C1=[N+](C([H])([H])[H])C(C#N)=C(Cl)C1,EWG,Cl,unknown,-2672.666252,-2672.629556,-2672.654092,-840.211394,-22.357824999980664,0.6689150000946142,-14.727425000126857,7.6303999998538075,23.02674000007528,15.396340000221471,-603.7
Int1_comp187_5_Sub8,TS_comp187_5_Sub8,Int2_comp187_5_Sub8,comp187_5_Sub8,-2630.355652,-2630.323674,-2630.346629,-798.574376,-3.768765000044141,16.297429999943915,1.8931674999998904,5.661932500044031,20.066194999988056,14.404262499944023,-622.79,[H]c1c(C([H])([H])[H])sc(C#N)c1OC([H])([H])[H],[H]C([H])([H])OC12C[C+](C([H])([H])[H])[S+]1[C-]2C[N-2],EDG,OMe,unknown,-2631.119252,-2631.082812,-2631.109075,-798.665958,-21.37641499996164,1.4896849999485084,-14.990347499891072,6.386067500070567,22.866099999910148,16.48003249983958,-622.79
Int1_comp20_0_Sub10,TS_comp20_0_Sub10,Int2_comp20_0_Sub10,comp20_0_Sub10,-2670.753155,-2670.724084,-2670.747708,-838.967098,-6.768842499888876,11.473210000067697,-3.3508499998865204,3.417992500002356,18.24205249995657,14.824059999954216,-649.3,[H]c1c(Cl)nc2c(c1[H])c([H])c([H])n2[H],[H][C+]1C[c-]2[c+]([H])[c+]([H])n([H])[c-]2[N-][C+]1Cl,EWG,Cl,unknown,-2671.502279,-2671.46859,-2671.494769,-839.044987,-23.885159999905454,-2.745312499988586,-19.172634999961247,4.712524999944208,21.13984749991687,16.42732249997266,-649.3
Int1_comp20_0_Sub11,TS_comp20_0_Sub11,Int2_comp20_0_Sub11,comp20_0_Sub11,-2445.626441,-2445.594037,-2445.616515,-613.836952,-8.922422499873335,11.4110875001532,-2.6938575000471587,6.228564999826176,20.333510000026536,14.10494500020036,-668.57,[H]c1c(C2([H])C([H])([H])C([H])([H])C([H])([H])C([H])([H])C2([H])[H])nc2c(c1[H])c([H])c([H])n2[H],[H][C+]1C[c-]2[c+]([H])[c+]([H])n([H])[c-]2[N-][C+]1C1([H])C([H])([H])C([H])([H])C([H])([H])C([H])([H])C1([H])[H],steric,Cy,unknown,-2446.5323,-2446.495321,-2446.520442,-614.070727,-26.571487499900286,-3.3671649999166675,-19.130592499996055,7.440894999904231,23.20432249998362,15.763427500079388,-668.57
Int1_comp187_5_Sub9,TS_comp187_5_Sub9,Int2_comp187_5_Sub9,comp187_5_Sub9,-2852.819779,-2852.791622,-2852.818425,-1021.036617,-4.952229999909719,12.716287499925444,-4.102594999914686,0.8496349999950326,17.66851749983516,16.81888249984013,-652.03,[H]c1c(C#N)sc(C([H])([H])C(F)(F)F)c1[H],[H]C12C[C+](C([H])([H])C(F)(F)F)[S+]1[C-]2C[N-2],EWG,CF3,unknown,-2853.556114,-2853.523775,-2853.55346,-1021.100919,-22.56929250001747,-2.2765700001019695,-20.90390750008453,1.6653849999329395,20.2927224999155,18.62733749998256,-652.03
Int1_comp20_0_Sub13,TS_comp20_0_Sub13,Int2_comp20_0_Sub13,comp20_0_Sub13,-2329.040272,-2329.008357,-2329.030638,-497.253516,-7.207465000065554,12.819197499950974,-1.1621300000621204,6.045335000003433,20.026662500016528,13.981327500013094,-660.81,[H]c1c(C([H])(C([H])([H])[H])C([H])([H])[H])nc2c(c1[H])c([H])c([H])n2[H],[H][C+]1C[c-]2[c+]([H])[c+]([H])n([H])[c-]2[N-][C+]1C([H])(C([H])([H])[H])C([H])([H])[H],steric,iPr,unknown,-2329.880327,-2329.844211,-2329.868887,-497.42246,-24.24597249992189,-1.5831825000691424,-17.067372500068814,7.178599999853077,22.66278999985275,15.484189999999671,-660.81
Int1_comp20_0_Sub14,TS_comp20_0_Sub14,Int2_comp20_0_Sub14,comp20_0_Sub14,-2250.531104,-2250.49936,-2250.52155,-418.745058,-6.76194000004898,13.157420000167122,-0.7668049999188042,5.995135000130176,19.919360000216106,13.924225000085926,-657.29,[H]c1c(C([H])([H])[H])nc2c(c1[H])c([H])c([H])n2[H],[H][C+]1C[c-]2[c+]([H])[c+]([H])n([H])[c-]2[N-][C+]1C([H])([H])[H],steric,Me,unknown,-2251.316436,-2251.28016,-2251.304963,-418.859725,-23.5205825000412,-0.75739249987123,-16.32127500002639,7.199307500014811,22.76319000016997,15.56388250015516,-657.29
Int1_comp20_0_Sub15,TS_comp20_0_Sub15,Int2_comp20_0_Sub15,comp20_0_Sub15,-2305.837571,-2305.802116,-2305.824164,-474.045637,-10.456659999959044,11.791352500156194,-2.043767500012024,8.41289249994702,22.24801250011524,13.835120000168216,-650.88,[H]c1c(N([H])C([H])([H])[H])nc2c(c1[H])c([H])c([H])n2[H],[H][C+]1C[c-]2[c+]([H])[c+]([H])n([H])[c-]2[N-][C+]1N([H])C([H])([H])[H],EDG,NHCH3,unknown,-2306.639465,-2306.599,-2306.623686,-474.175869,-27.840920000155194,-2.4491325001299913,-17.939597499971143,9.901322500184051,25.391787500025202,15.490464999841151,-650.88
Int1_comp20_0_Sub16,TS_comp20_0_Sub16,Int2_comp20_0_Sub16,comp20_0_Sub16,-2325.699639,-2325.665092,-2325.687724,-493.912739,-7.297824999908755,14.38041749993289,0.1788375001191866,7.476662500027942,21.678242499841645,14.201579999813704,-651.73,[H]c1c(OC([H])([H])[H])nc2c(c1[H])c([H])c([H])n2[H],[H][C+]1C[c-]2[c+]([H])[c+]([H])n([H])[c-]2[N-][C+]1OC([H])([H])[H],EDG,OMe,unknown,-2326.489627,-2326.450661,-2326.475969,-494.031806,-24.2171074999591,0.23405750008677728,-15.646712500053042,8.570394999906057,24.451165000045876,15.880770000139819,-651.73
Int1_comp20_0_Sub18,TS_comp20_0_Sub18,Int2_comp20_0_Sub18,comp20_0_Sub18,-2670.743513,-2670.706386,-2670.73154,-838.96095,-4.576357499859967,18.72083500017453,2.93669999993341,7.513057499793376,23.29719250003449,15.784135000241122,-760.27,[H]c1nc2c(c([H])c1[H])c(Cl)c([H])n2[H],[H][C+]1C[c-]2[c+](Cl)[c+]([H])n([H])[c-]2[N-][C+]1[H],EWG,Cl,unknown,-2671.492016,-2671.450905,-2671.478892,-839.038973,-21.21891250007394,4.578239999926552,-12.98360250003526,8.23531000003868,25.797152500000493,17.561842499961813,-760.27
Int1_comp20_0_Sub7,TS_comp20_0_Sub7,Int2_comp20_0_Sub7,comp20_0_Sub7,-2305.827444,-2305.781692,-2305.798659,-474.031283,-13.109102499968088,15.600277500027602,4.953485000013558,18.06258749998165,28.70937999999569,10.646792500014044,-639.32,[H]c1nc2c(c([H])c1N([H])C([H])([H])[H])c([H])c([H])n2[H],[H]C1=Nc2c(c([H])c([H])n2[H])CC1=[N+]([H])C([H])([H])[H],EDG,NHCH3,unknown,-2306.630995,-2306.57996,-2306.599586,-474.162029,-31.210594999994186,0.8138674999783291,-11.501447499889395,19.70914750010479,32.024462499972515,12.315314999867724,-639.32
Int1_comp22_6_Sub22,TS_comp22_6_Sub22,Int2_comp22_6_Sub22,comp22_6_Sub22,-2250.528227,-2250.499892,-2250.524282,-418.736402,-10.388262499810708,7.391950000170482,-7.912774999854264,2.475487499956444,17.78021249998119,15.304725000024746,-682.26,[H]C1=NC([H])=C(C([H])([H])[H])C2=C([H])C3([H])N([H])C123,[H][C+]1[N-][C+]([H])C23[C-]([C+]([H])[C-]2N3[H])[C-]1C([H])([H])[H],steric,Me,unknown,-2251.313717,-2251.280551,-2251.308585,-418.85132,-27.088547500021605,-6.276882499918202,-23.868217500162245,3.2203299998593593,20.811665000103403,17.591335000244044,-682.26
Int1_comp22_6_Sub23,TS_comp22_6_Sub23,Int2_comp22_6_Sub23,comp22_6_Sub23,-2305.821933,-2305.791918,-2305.815512,-474.02563,-13.198207500064145,5.636205000108987,-9.169030000035434,4.029177500028709,18.83441250017313,14.80523500014442,-702.02,[H]C1=NC([H])=C(N([H])C([H])([H])[H])C2=C([H])C3([H])N([H])C123,[H][C+]1[N-][C+]([H])C23[C-]([C+]([H])[C-]2N3[H])[C-]1N([H])C([H])([H])[H],EDG,NHCH3,unknown,-2306.623965,-2306.588753,-2306.616103,-474.156312,-30.386687500148213,-8.291157500004687,-25.45328249990561,4.933405000242601,22.095530000143526,17.162124999900925,-702.02
Int1_comp22_6_Sub24,TS_comp22_6_Sub24,Int2_comp22_6_Sub24,comp22_6_Sub24,-2325.68163,-2325.652591,-2325.676446,-493.888412,-11.262369999957969,6.9596025000493,-8.009409999895638,3.2529600000623304,18.22197250000727,14.969012499944938,-685.35,[H]C1=NC([H])=C(OC([H])([H])[H])C2=C([H])C3([H])N([H])C123,[H][C+]1[N-][C+]([H])C23[C-]([C+]([H])[C-]2N3[H])[C-]1OC([H])([H])[H],EDG,OMe,unknown,-2326.47161,-2326.437921,-2326.464481,-494.006598,-28.729460000052,-7.589612500135132,-24.25601250000355,4.473447500048451,21.13984749991687,16.666399999868418,-685.35
Int1_comp22_6_Sub9,TS_comp22_6_Sub9,Int2_comp22_6_Sub9,comp22_6_Sub9,-2548.148001,-2548.119916,-2548.145112,-716.358722,-8.79064749999202,8.83268999995721,-6.977800000074694,1.812847499917325,17.62333749994923,15.810490000031905,-677.77,[H]C1=C([H])C2=C([H])C3([H])N([H])C23C(C(F)(F)F)=N1,[H][C+]1[N-][C+](C(F)(F)F)C23[C-]([C+]([H])[C-]2N3[H])[C-]1[H],EWG,CF3,unknown,-2548.91013,-2548.876864,-2548.905818,-716.448979,-26.306682500140823,-5.432267499910495,-23.600902500123766,2.7057800000170573,20.87441500023033,18.16863500021327,-677.77
Int1_comp23_0_Sub10,TS_comp23_0_Sub10,Int2_comp23_0_Sub10,comp23_0_Sub10,-2749.26258,-2749.227818,-2749.257478,-917.479857,-4.676757499963173,17.136397500179896,-1.4752524999136083,3.201505000049565,21.81315500014307,18.611650000093505,-750.03,[H]c1c(Cl)nc2c(c1[H])c(C([H])([H])C([H])([H])[H])c([H])n2[H],[H][C+]1C[c-]2[c+](C([H])([H])C([H])([H])[H])[c+]([H])n([H])[c-]2[N-][C+]1Cl,EWG,Cl,unknown,-2750.065095,-2750.026347,-2750.059,-917.610622,-22.116237499948568,2.198132500014651,-18.291625000116767,3.824612499831801,24.31436999996322,20.489757500131418,-750.03
Int1_comp23_0_Sub11,TS_comp23_0_Sub11,Int2_comp23_0_Sub11,comp23_0_Sub11,-2524.133362,-2524.098571,-2524.125964,-692.349312,-5.509449999929643,16.321902500096144,-0.8672049998079956,4.642245000121648,21.831352500025787,17.18910749990414,-728.85,[H]c1c(C2([H])C([H])([H])C([H])([H])C([H])([H])C([H])([H])C2([H])[H])nc2c(c1[H])c(C([H])([H])C([H])([H])[H])c([H])n2[H],[H][C+]1C[c-]2[c+](C([H])([H])C([H])([H])[H])[c+]([H])n([H])[c-]2[N-][C+]1C1([H])C([H])([H])C([H])([H])C([H])([H])C([H])([H])C1([H])[H],steric,Cy,unknown,-2525.093315,-2525.053954,-2525.084292,-692.636232,-23.754012500093893,0.9450149999682367,-18.09208000004986,5.661932500044031,24.69902750006213,19.0370950000181,-728.85
Int1_comp22_6_Sub12,TS_comp22_6_Sub12,Int2_comp22_6_Sub12,comp22_6_Sub12,-2368.290141,-2368.264263,-2368.285526,-536.498253,-10.427794999924911,5.810650000025248,-7.531882500031202,2.895912499893712,16.23844499995016,13.34253250005645,-690.06,[H]c1nc(C(C([H])([H])[H])(C([H])([H])[H])C([H])([H])[H])c2c(c1[H])c([H])c([H])n2[H],[H]C1=c2c([H])c([H])nc(C(C([H])([H])[H])(C([H])([H])[H])C([H])([H])[H])c2=[N+]([H])C1,steric,tBu,unknown,-2369.157718,-2369.126397,-2369.151908,-536.694481,-27.615647499974898,-7.961720000016044,-23.96987249990559,3.6457750000693068,19.653927499958854,16.008152499889547,-690.06
Int1_comp22_6_Sub13,TS_comp22_6_Sub13,Int2_comp22_6_Sub13,comp22_6_Sub13,-2329.039493,-2329.0109,-2329.035667,-497.246929,-10.85198500006669,7.090122499933784,-8.451169999993056,2.400815000073635,17.942107500000475,15.54129249992684,-703.81,[H]C1=C([H])C2=C([H])C3([H])N([H])C23C(C([H])(C([H])([H])[H])C([H])([H])[H])=N1,[H][C+]1[N-][C+](C([H])(C([H])([H])[H])C([H])([H])[H])C23[C-]([C+]([H])[C-]2N3[H])[C-]1[H],steric,iPr,unknown,-2329.879712,-2329.846176,-2329.874811,-497.415755,-28.06744749997563,-7.02360750003038,-24.99207000010699,3.0753774998686367,21.04383999994525,17.968462500076612,-703.81
Int1_comp22_6_Sub14,TS_comp22_6_Sub14,Int2_comp22_6_Sub14,comp22_6_Sub14,-2250.531405,-2250.502681,-2250.527129,-418.739442,-10.474857500055776,7.5494525000938495,-7.791667499981685,2.683190000074092,18.024310000149622,15.341120000075534,-685.87,[H]C1=C([H])C2=C([H])C3([H])N([H])C23C(C([H])([H])[H])=N1,[H][C+]1[N-][C+](C([H])([H])[H])C23[C-]([C+]([H])[C-]2N3[H])[C-]1[H],steric,Me,unknown,-2251.316319,-2251.282902,-2251.311088,-418.85393,-27.08352750003428,-6.114359999971839,-23.80107499997507,3.2824525000592075,20.96916750006244,17.686715000003232,-685.87
Int1_comp22_6_Sub15,TS_comp22_6_Sub15,Int2_comp22_6_Sub15,comp22_6_Sub15,-2305.832567,-2305.803472,-2305.829184,-474.037149,-12.642869999896789,5.61424250002176,-10.520037500048716,2.122832499848073,18.25711249991855,16.134280000070476,-692.6,[H]C1=C([H])C2=C([H])C3([H])N([H])C23C(N([H])C([H])([H])[H])=N1,[H]C1=c2c([H])c([H])[n-]c(=[N+]([H])C([H])([H])[H])c2=[N+]([H])C1,EDG,NHCH3,unknown,-2306.634129,-2306.600303,-2306.628861,-474.167825,-29.54019000003825,-8.314375000124414,-26.234520000109,3.3056699999292505,21.225814999913837,17.920144999984586,-692.6
Int1_comp20_0_Sub9,TS_comp20_0_Sub9,Int2_comp20_0_Sub9,comp20_0_Sub9,-2548.149113,-2548.120846,-2548.144409,-716.365439,-5.273509999883288,12.464032500205631,-2.3217499999165625,2.951759999966725,17.73754250008892,14.785782500122195,-655.88,[H]c1c(C(F)(F)F)nc2c(c1[H])c([H])c([H])n2[H],[H][C+]1C[c-]2[c+]([H])[c+]([H])n([H])[c-]2[N-][C+]1C(F)(F)F,EWG,CF3,unknown,-2548.91055,-2548.878129,-2548.904295,-716.455526,-22.461990000074366,-2.1178125001461012,-18.536977499925342,3.9250125001490233,20.344177499928264,16.41916499977924,-655.88
Int1_comp22_6_Sub10,TS_comp22_6_Sub10,Int2_comp22_6_Sub10,comp22_6_Sub10,-2670.753234,-2670.725532,-2670.750328,-838.962678,-9.591964999823688,7.791040000090277,-7.768450000004634,1.8235149998190536,17.383004999913965,15.559490000094913,-674.22,[H]C1=C([H])C2=C([H])C3([H])N([H])C23C(Cl)=N1,[H][C+]1[N-][C+](Cl)C23[C-]([C+]([H])[C-]2N3[H])[C-]1[H],EWG,Cl,unknown,-2671.502148,-2671.469459,-2671.498127,-839.040584,-26.56584000005722,-6.053492499982838,-24.04266249993583,2.523177500121392,20.512347500074384,17.989169999952992,-674.22
Int1_comp23_0_Sub14,TS_comp23_0_Sub14,Int2_comp23_0_Sub14,comp23_0_Sub14,-2329.039585,-2329.002725,-2329.030827,-497.257799,-4.08878999994954,19.04086000015127,1.4068550000149571,5.495644999964497,23.12965000010081,17.634005000136312,-737.64,[H]c1c(C([H])([H])[H])nc2c(c1[H])c(C([H])([H])C([H])([H])[H])c([H])n2[H],[H][C+]1C[c-]2[c+](C([H])([H])C([H])([H])[H])[c+]([H])n([H])[c-]2[N-][C+]1C([H])([H])[H],steric,Me,unknown,-2329.878485,-2329.837548,-2329.868509,-497.425192,-21.37578750014157,4.312179999991912,-15.115847499966577,6.259940000174993,25.68796750013348,19.42802749995849,-737.64
Int1_comp22_6_Sub16,TS_comp22_6_Sub16,Int2_comp22_6_Sub16,comp22_6_Sub16,-2325.696807,-2325.667514,-2325.691446,-493.908288,-8.313747499804975,10.067609999942562,-4.949719999809048,3.3640274999959274,18.381357499747537,15.01732999975161,-684.85,[H]C1=C([H])C2=C([H])C3([H])N([H])C23C(OC([H])([H])[H])=N1,[H]C1=c2c([H])c([H])[n-]c(=[O+]C([H])([H])[H])c2=[N+]([H])C1,EDG,OMe,unknown,-2326.486593,-2326.452558,-2326.480364,-494.027347,-25.111295000055662,-3.7543324999735717,-21.202597500008125,3.9086975000475377,21.35696250008209,17.448265000034553,-684.85
Int1_comp22_6_Sub17,TS_comp22_6_Sub17,Int2_comp22_6_Sub17,comp22_6_Sub17,-2548.146872,-2548.121262,-2548.147246,-716.35832,-8.334454999788363,7.7358200000156785,-8.569139999909225,-0.2346850001208622,16.07027499980404,16.304959999924904,-675.28,[H]C1=NC([H])=C(C(F)(F)F)C2=C([H])C3([H])N([H])C123,[H][C+]1[N-][C+]([H])C23[C-]([C+]([H])[C-]2N3[H])[C-]1C(F)(F)F,EWG,CF3,unknown,-2548.908928,-2548.878026,-2548.907713,-716.448326,-25.96218499994052,-6.571179999959895,-25.199772500081963,0.7624124998585557,19.391004999980623,18.628592500122068,-675.28
Int1_comp22_6_Sub18,TS_comp22_6_Sub18,Int2_comp22_6_Sub18,comp22_6_Sub18,-2670.749329,-2670.721262,-2670.746846,-838.957096,-10.64428250009172,6.967760000028704,-9.086199999959206,1.5580825001325138,17.612042500120424,16.05395999998791,-676.08,[H]C1=NC([H])=C(Cl)C2=C([H])C3([H])N([H])C123,[H][C+]1[N-][C+]([H])C23[C-]([C+]([H])[C-]2N3[H])[C-]1Cl,EWG,Cl,unknown,-2671.498361,-2671.465325,-2671.494588,-839.034959,-27.719184999998845,-6.989095000117516,-25.35162750005526,2.3675574999435867,20.73008999988133,18.362532499937743,-676.08
Int1_comp22_6_Sub19,TS_comp22_6_Sub19,Int2_comp22_6_Sub19,comp22_6_Sub19,-2445.623818,-2445.593724,-2445.617439,-613.826407,-13.89347749994954,4.99050750016977,-9.890654999996968,4.002822499952572,18.88398500011931,14.881162500166738,-674.73,[H]C1=NC([H])=C(C2([H])C([H])([H])C([H])([H])C([H])([H])C([H])([H])C2([H])[H])C2=C([H])C3([H])N([H])C123,[H][C+]1[C-]2[C-](C3([H])C([H])([H])C([H])([H])C([H])([H])C([H])([H])C3([H])[H])[C+]([H])[N-][C+]([H])C23[C-]1N3[H],steric,Cy,unknown,-2446.530072,-2446.494937,-2446.522221,-614.060202,-31.77785500002443,-9.73064249997293,-26.851352500121095,4.926502499903336,22.0472125000515,17.120710000148165,-674.73
Int1_comp22_6_Sub20,TS_comp22_6_Sub20,Int2_comp22_6_Sub20,comp22_6_Sub20,-2368.283634,-2368.260583,-2368.284755,-536.491525,-10.56647249986014,3.8980299999317936,-11.269900000010296,-0.7034275001501555,14.464502499791934,15.16792999994209,-692.99,[H]C1=NC([H])=C(C(C([H])([H])[H])(C([H])([H])[H])C([H])([H])[H])C2=C([H])C3([H])N([H])C123,[H][C+]1[C-]2[C-](C(C([H])([H])[H])(C([H])([H])[H])C([H])([H])[H])[C+]([H])[N-][C+]([H])C23[C-]1N3[H],steric,tBu,unknown,-2369.151487,-2369.123359,-2369.151048,-536.687841,-27.87229500004031,-10.221975000087866,-27.596822500093765,0.2754724999465452,17.650319999952444,17.3748475000059,-692.99
Int1_comp22_6_Sub21,TS_comp22_6_Sub21,Int2_comp22_6_Sub21,comp22_6_Sub21,-2329.036604,-2329.007048,-2329.031268,-497.242619,-11.743662499884238,6.802727500088679,-8.395322500062719,3.348339999821519,18.54638999997292,15.198050000151396,-674.01,[H]C1=NC([H])=C(C([H])(C([H])([H])[H])C([H])([H])[H])C2=C([H])C3([H])N([H])C123,[H][C+]1[C-]2[C-](C([H])(C([H])([H])[H])C([H])([H])[H])[C+]([H])[N-][C+]([H])C23[C-]1N3[H],steric,iPr,unknown,-2329.877227,-2329.842724,-2329.870538,-497.411854,-28.955987499979443,-7.30535500006809,-24.75864000008997,4.197347499889474,21.650632499911353,17.45328500002188,-674.01
Int1_comp23_0_Sub13,TS_comp23_0_Sub13,Int2_comp23_0_Sub13,comp23_0_Sub13,-2407.548317,-2407.512222,-2407.540028,-575.765975,-4.437680000067417,18.21193250017529,0.7636675001407411,5.201347500208158,22.64961250024271,17.448265000034553,-730.65,[H]c1c(C([H])(C([H])([H])[H])C([H])([H])[H])nc2c(c1[H])c(C([H])([H])C([H])([H])[H])c([H])n2[H],[H][C+]1C[c-]2[c+](C([H])([H])C([H])([H])[H])[c+]([H])n([H])[c-]2[N-][C+]1C([H])(C([H])([H])[H])C([H])([H])[H],steric,iPr,unknown,-2408.442269,-2408.401993,-2408.432784,-575.98796,-22.013327500065714,3.2598625000449033,-16.061490000040237,5.951837500025476,25.273190000110617,19.32135250008514,-730.65
Int1_comp22_6_Sub11,TS_comp22_6_Sub11,Int2_comp22_6_Sub11,comp22_6_Sub11,-2445.626116,-2445.597688,-2445.622371,-613.830715,-12.632202499852385,5.2063675001954834,-10.282214999864436,2.349987499987946,17.838570000047866,15.48858250005992,-707.0,[H]C1=C([H])C2=C([H])C3([H])N([H])C23C(C2([H])C([H])([H])C([H])([H])C([H])([H])C([H])([H])C2([H])[H])=N1,[H][C+]1[N-][C+](C2([H])C([H])([H])C([H])([H])C([H])([H])C([H])([H])C2([H])[H])C23[C-]([C+]([H])[C-]2N3[H])[C-]1[H],steric,Cy,unknown,-2446.531917,-2446.498683,-2446.52703,-614.064386,-30.310132499877795,-9.455797499882124,-27.243540000129656,3.0665924997481397,20.85433499999567,17.787742500247532,-707.0
Int1_comp23_0_Sub18,TS_comp23_0_Sub18,Int2_comp23_0_Sub18,comp23_0_Sub18,-2749.255977,-2749.220798,-2749.248442,-917.47568,-3.154442499811694,18.9203800001701,1.5737700000215682,4.728212499833262,22.074822499981792,17.34661000014853,-744.08,[H]c1nc2c(c([H])c1[H])c(C([H])([H])C([H])([H])[H])c(Cl)n2[H],[H][C+]1C[c-]2[c+](C([H])([H])C([H])([H])[H])[c+](Cl)n([H])[c-]2[N-][C+]1[H],EWG,Cl,unknown,-2750.058426,-2750.019311,-2750.049982,-917.606399,-20.58137250004279,3.9632899999810434,-15.282762500008857,5.298610000033932,24.544662500023833,19.2460524999899,-744.08
Int1_comp23_0_Sub19,TS_comp23_0_Sub19,Int2_comp23_0_Sub19,comp23_0_Sub19,-2524.134023,-2524.098351,-2524.125245,-692.349484,-5.8162975000109896,16.567882499974473,-0.3081025000781778,5.508194999932812,22.384179999985463,16.87598500005265,-732.24,[H]c1nc2c(c([H])c1[H])c(C([H])([H])C([H])([H])[H])c(C1([H])C([H])([H])C([H])([H])C([H])([H])C([H])([H])C1([H])[H])n2[H],[H][C+]1C[c-]2[c+](C([H])([H])C([H])([H])[H])[c+](C3([H])C([H])([H])C([H])([H])C([H])([H])C([H])([H])C3([H])[H])n([H])[c-]2[N-][C+]1[H],steric,Cy,unknown,-2525.093615,-2525.054058,-2525.083701,-692.636495,-23.77723000017795,1.0447874998590123,-17.55619500004741,6.2210350001305414,24.822017500036964,18.600982499906422,-732.24
Int1_comp23_0_Sub20,TS_comp23_0_Sub20,Int2_comp23_0_Sub20,comp23_0_Sub20,-2446.797893,-2446.761834,-2446.789191,-615.015345,-4.566944999883731,18.06007750013066,0.8935600001694866,5.460505000053217,22.62702250001439,17.166517499961174,-742.72,[H]c1nc2c(c([H])c1[H])c(C([H])([H])C([H])([H])[H])c(C(C([H])([H])[H])(C([H])([H])[H])C([H])([H])[H])n2[H],[H][C+]1C[c-]2[c+](C([H])([H])C([H])([H])[H])[c+](C(C([H])([H])[H])(C([H])([H])[H])C([H])([H])[H])n([H])[c-]2[N-][C+]1[H],steric,tBu,unknown,-2447.719428,-2447.679864,-2447.709709,-615.264815,-22.204087499940783,2.622322499871075,-16.105415000143353,6.098672499797431,24.826409999811858,18.727737500014427,-742.72
Int1_comp23_0_Sub22,TS_comp23_0_Sub22,Int2_comp23_0_Sub22,comp23_0_Sub22,-2329.039581,-2329.003393,-2329.030157,-497.258499,-3.6470299999591305,19.060940000064903,2.266529999948972,5.913559999908102,22.70797000002404,16.79441000011593,-726.97,[H]c1nc2c(c([H])c1[H])c(C([H])([H])C([H])([H])[H])c(C([H])([H])[H])n2[H],[H][C+]1C[c-]2[c+](C([H])([H])C([H])([H])[H])[c+](C([H])([H])[H])n([H])[c-]2[N-][C+]1[H],steric,Me,unknown,-2329.878709,-2329.838405,-2329.868187,-497.426112,-20.939047500067147,4.35171249999911,-14.33649250004379,6.602555000023358,25.290760000066257,18.6882050000429,-726.97
Int1_comp23_0_Sub24,TS_comp23_0_Sub24,Int2_comp23_0_Sub24,comp23_0_Sub24,-2404.190416,-2404.154368,-2404.182177,-572.410087,-3.1745224999036736,19.44559750005681,1.995449999955668,5.169972499859341,22.62011999996048,17.45014750010114,-743.4,[H]c1nc2c(c([H])c1[H])c(C([H])([H])C([H])([H])[H])c(OC([H])([H])[H])n2[H],[H]C1=C([H])[N-]C2=[N+]([H])C(=[O+]C([H])([H])[H])C(C([H])([H])C([H])([H])[H])=C2C1,EDG,OMe,unknown,-2405.034056,-2404.993108,-2405.024045,-572.582392,-20.35358999997584,5.341279999926201,-14.071687500070311,6.281902499905527,25.69486999990204,19.412967499996512,-743.4
Int1_comp23_0_Sub8,TS_comp23_0_Sub8,Int2_comp23_0_Sub8,comp23_0_Sub8,-2404.198331,-2404.149727,-2404.174849,-572.407247,-9.923284999985924,20.575725000057048,4.811670000050583,14.734955000036509,30.49901000004297,15.764055000006463,-761.7,[H]c1nc2c(c([H])c1OC([H])([H])[H])c(C([H])([H])C([H])([H])[H])c([H])n2[H],[H]C1=Nc2c(c(C([H])([H])C([H])([H])[H])c([H])n2[H])CC1=[O+]C([H])([H])[H],EDG,OMe,unknown,-2405.0417,-2404.989562,-2405.017688,-572.578141,-27.817702500178143,4.898892499830367,-12.750172499982568,15.067530000195575,32.71659500000851,17.649064999812936,-761.7
Int1_comp23_0_Sub9,TS_comp23_0_Sub9,Int2_comp23_0_Sub9,comp23_0_Sub9,-2626.658416,-2626.624715,-2626.653955,-794.878077,-3.1807975001018463,17.966580000081365,-0.3815200001068319,2.7992774999950143,21.14737750018321,18.3481000001882,-750.06,[H]c1c(C(F)(F)F)nc2c(c1[H])c(C([H])([H])C([H])([H])[H])c([H])n2[H],[H][C+]1C[c-]2[c+](C([H])([H])C([H])([H])[H])[c+]([H])n([H])[c-]2[N-][C+]1C(F)(F)F,EWG,CF3,unknown,-2627.473699,-2627.435947,-2627.468363,-795.021241,-20.851825000073347,2.83755500004105,-17.503484999966474,3.348340000106873,23.689380000114397,20.341040000007524,-750.06
Int1_comp23_2_Sub10,TS_comp23_2_Sub10,Int2_comp23_2_Sub10,comp23_2_Sub10,-2749.26332,-2749.232398,-2749.252147,-917.477351,-6.713622499956955,12.689932499991984,0.2974349999624337,7.011057499919389,19.403554999948938,12.392497500029547,-700.3,[H]c1nc2c(c(Cl)c1[H])c(C([H])([H])C([H])([H])[H])c([H])n2[H],[H]C1=C(Cl)C2=C(C([H])([H])C([H])([H])[H])C([H])=[N+]([H])C2=NC1,EWG,Cl,unknown,-2750.065177,-2750.029751,-2750.052142,-917.608511,-23.492344999969816,-1.2625300000226503,-15.31288250000415,8.179462499965666,22.229814999947166,14.0503524999815,-700.3
Int1_comp23_2_Sub14,TS_comp23_2_Sub14,Int2_comp23_2_Sub14,comp23_2_Sub14,-2329.041799,-2329.009533,-2329.02812,-497.255462,-6.944542499980315,13.302372500122177,1.6390300001064873,8.583572500086802,20.24691500010249,11.663342500015688,-709.99,[H]c1nc2c(c(C([H])([H])[H])c1[H])c(C([H])([H])C([H])([H])[H])c([H])n2[H],[H]C1=C(C([H])([H])[H])C2=C(C([H])([H])C([H])([H])[H])C([H])=[N+]([H])C2=NC1,steric,Me,unknown,-2329.880845,-2329.84389,-2329.86495,-497.423789,-23.737070000101,-0.5478075000793581,-13.762957500100725,9.974112500000274,23.18926250002164,13.215150000021367,-709.99
Int1_comp23_2_Sub15,TS_comp23_2_Sub15,Int2_comp23_2_Sub15,comp23_2_Sub15,-2384.335891,-2384.300715,-2384.319127,-552.54425,-10.272802500030878,11.800137500169685,0.2466074999480838,10.51940999997896,22.07294000020056,11.5535300002216,-709.54,[H]c1nc2c(c(N([H])C([H])([H])[H])c1[H])c(C([H])([H])C([H])([H])[H])c([H])n2[H],[H]C1=C(N([H])C([H])([H])[H])C2=C(C([H])([H])C([H])([H])[H])C([H])=[N+]([H])C2=NC1,EDG,NHCH3,unknown,-2385.192538,-2385.151569,-2385.172528,-552.728838,-27.90617999988342,-2.1981325000859897,-15.349905000053354,12.556274999830066,25.70804749979743,13.151772499967365,-709.54
Int1_comp23_2_Sub16,TS_comp23_2_Sub16,Int2_comp23_2_Sub16,comp23_2_Sub16,-2404.206519,-2404.171458,-2404.189498,-572.416729,-9.111299999824496,12.889477500201563,1.5693774999613197,10.680677499785816,22.00077750002606,11.320100000240243,-718.62,[H]c1nc2c(c(OC([H])([H])[H])c1[H])c(C([H])([H])C([H])([H])[H])c([H])n2[H],[H]C1=C(OC([H])([H])[H])C2=C(C([H])([H])C([H])([H])[H])C([H])=[N+]([H])C2=NC1,EDG,OMe,unknown,-2405.050408,-2405.010272,-2405.0308,-572.589149,-26.37445250004106,-1.1891124999939962,-14.070432500002141,12.304020000038918,25.185340000047063,12.881320000008145,-718.62
Int1_comp23_2_Sub18,TS_comp23_2_Sub18,Int2_comp23_2_Sub18,comp23_2_Sub18,-2749.255911,-2749.228145,-2749.243538,-917.470695,-6.241115000079844,11.18205000001808,1.5229424999358798,7.764057500015724,17.423165000097924,9.6591075000822,-700.46,[H]c1nc2c(c([H])c1[H])c(C([H])([H])C([H])([H])[H])c(Cl)n2[H],[H]C1=C([H])C2=C(C([H])([H])C([H])([H])[H])C(Cl)=[N+]([H])C2=NC1,EWG,Cl,unknown,-2750.05772,-2750.025268,-2750.043332,-917.602466,-22.606314999852657,-2.242684999902167,-13.57784500010439,9.028469999748268,20.36362999995049,11.335160000202222,-700.46
Int1_comp23_2_Sub19,TS_comp23_2_Sub19,Int2_comp23_2_Sub19,comp23_2_Sub19,-2524.133889,-2524.101465,-2524.119985,-692.344229,-9.029725000030451,11.316334999964395,-0.3049649998007453,8.724760000229708,20.34605999999485,11.621299999765142,-704.09,[H]c1nc2c(c([H])c1[H])c(C([H])([H])C([H])([H])[H])c(C1([H])C([H])([H])C([H])([H])C([H])([H])C([H])([H])C1([H])[H])n2[H],[H]C1=C([H])C2=C(C([H])([H])C([H])([H])[H])C(C3([H])C([H])([H])C([H])([H])C([H])([H])C([H])([H])C3([H])[H])=[N+]([H])C2=NC1,steric,Cy,unknown,-2525.092938,-2525.056193,-2525.077244,-692.631825,-26.282837499844334,-3.2253499999180235,-16.434852500024988,9.847984999819346,23.05748749992631,13.209502500106964,-704.09
Int1_comp23_2_Sub23,TS_comp23_2_Sub23,Int2_comp23_2_Sub23,comp23_2_Sub23,-2384.334889,-2384.305554,-2384.318,-552.547854,-7.382537500051569,11.02517500005746,3.215309999943372,10.59784749999494,18.407712500109028,7.809865000114087,-714.99,[H]c1nc2c(c([H])c1[H])c(C([H])([H])C([H])([H])[H])c(N([H])C([H])([H])[H])n2[H],[H]C1=C([H])C2=C(C([H])([H])C([H])([H])[H])C(=[N+]([H])C([H])([H])[H])[N+]([H])=C2[N-]C1,EDG,NHCH3,unknown,-2385.189435,-2385.155386,-2385.171183,-552.731142,-24.51328749988903,-3.147539999971798,-13.060157499984655,11.453129999904377,21.365747499917234,9.912617500012857,-714.99
Int1_comp23_2_Sub24,TS_comp23_2_Sub24,Int2_comp23_2_Sub24,comp23_2_Sub24,-2404.193178,-2404.162947,-2404.181518,-572.410088,-4.907049999952449,14.06290250016383,2.409600000122793,7.316650000075242,18.96995250011628,11.653302500041036,-707.01,[H]c1nc2c(c([H])c1[H])c(C([H])([H])C([H])([H])[H])c(OC([H])([H])[H])n2[H],[H]C1=C([H])C2=C(C([H])([H])C([H])([H])[H])C(=[O+]C([H])([H])[H])[N+]([H])=C2[N-]C1,EDG,OMe,unknown,-2405.035066,-2405.000313,-2405.021447,-572.582392,-20.987364999945157,0.8201424999981555,-12.441442500048652,8.545922499896506,21.807507499943313,13.261585000046807,-707.01
Int1_comp23_2_Sub7,TS_comp23_2_Sub7,Int2_comp23_2_Sub7,comp23_2_Sub7,-2384.338607,-2384.306636,-2384.323466,-552.545256,-11.345827500032613,8.71597500018055,-1.8448499998365264,9.500977500196086,20.06180250021316,10.560825000017076,-726.67,[H]c1nc2c(c([H])c1N([H])C([H])([H])[H])c(C([H])([H])C([H])([H])[H])c([H])n2[H],[H]C1=C2C(C([H])([H])C([H])([H])[H])=C([H])[N+]([H])=C2[N-]CC1=[N+]([H])C([H])([H])[H],EDG,NHCH3,unknown,-2385.193538,-2385.157501,-2385.176942,-552.728831,-28.53807250000017,-5.924855000093601,-18.1240825000404,10.413989999959767,22.61321749990657,12.199227499946801,-726.67
Int1_comp23_2_Sub9,TS_comp23_2_Sub9,Int2_comp23_2_Sub9,comp23_2_Sub9,-2626.658469,-2626.629262,-2626.649046,-794.875792,-4.6478924998933735,13.679500000133087,1.2650400000876516,5.912932499981025,18.327392500026463,12.414460000045436,-696.76,[H]c1nc2c(c(C(F)(F)F)c1[H])c(C([H])([H])C([H])([H])[H])c([H])n2[H],[H]C1=C(C(F)(F)F)C2=C(C([H])([H])C([H])([H])[H])C([H])=[N+]([H])C2=NC1,EWG,CF3,unknown,-2627.473165,-2627.439647,-2627.462122,-795.019575,-21.562154999920722,-0.5296100000896331,-14.632672499938053,6.929482499982669,21.03254499983109,14.10306249984842,-696.76
Int1_comp27_2_Sub10,TS_comp27_2_Sub10,Int2_comp27_2_Sub10,comp27_2_Sub10,-3442.196838,-3442.16344,-3442.183137,-1610.418906,-1.6704049997775885,19.28684000024361,6.926972500131683,8.597377499909271,20.957245000021203,12.359867500111932,-635.28,[H]c1c([H])c(Cl)c(Cl)c([H])c1Cl,[H][C+]1[C+](Cl)[C+](Cl)C[C-]([H])[C-]1Cl,EWG,Cl,unknown,-3442.906917,-3442.869517,-3442.892195,-1610.457567,-18.901554999932273,4.566944999883731,-9.663499999999772,9.238054999932501,23.468499999816004,14.230444999883503,-635.28
Int1_comp27_2_Sub12,TS_comp27_2_Sub12,Int2_comp27_2_Sub12,comp27_2_Sub12,-3139.738054,-3139.704081,-3139.723248,-1307.96013,-1.6653849999329395,19.6526725001047,7.625380000151836,9.290765000084775,21.31805750003764,12.027292499952864,-571.64,[H]c1c([H])c(C(C([H])([H])[H])(C([H])([H])[H])C([H])([H])[H])c([H])c(Cl)c1Cl,[H][C+]1[C+](Cl)[C+](Cl)C[C-]([H])[C-]1C(C([H])([H])[H])(C([H])([H])[H])C([H])([H])[H],steric,tBu,unknown,-3140.567654,-3140.52906,-3140.550968,-1308.117249,-19.563567500044314,4.654167500020208,-9.093102500084456,10.470464999959859,24.217735000064522,13.747270000104663,-571.64
Int1_comp23_0_Sub16,TS_comp23_0_Sub16,Int2_comp23_0_Sub16,comp23_0_Sub16,-2404.208037,-2404.168299,-2404.197048,-572.425244,-4.720682499852273,20.21491250011195,2.1749150000732698,6.895597499925543,24.935594999964223,18.03999750003868,-744.41,[H]c1c(OC([H])([H])[H])nc2c(c1[H])c(C([H])([H])C([H])([H])[H])c([H])n2[H],[H][C+]1C[c-]2[c+](C([H])([H])C([H])([H])[H])[c+]([H])n([H])[c-]2[N-][C+]1OC([H])([H])[H],EDG,OMe,unknown,-2405.052028,-2405.007967,-2405.039684,-572.597298,-22.277505000040776,5.370772499994416,-14.531644999907769,7.745860000133007,27.648277500035192,19.902417499902185,-744.41
Int1_comp23_0_Sub17,TS_comp23_0_Sub17,Int2_comp23_0_Sub17,comp23_0_Sub17,-2626.654803,-2626.619787,-2626.648106,-794.87609,-2.160482499895693,19.812057499987645,2.041884999981108,4.2023674998768,21.97253999988333,17.770172500006538,-748.52,[H]c1nc2c(c([H])c1[H])c(C([H])([H])C([H])([H])[H])c(C(F)(F)F)n2[H],[H][C+]1C[c-]2[c+](C([H])([H])C([H])([H])[H])[c+](C(F)(F)F)n([H])[c-]2[N-][C+]1[H],EWG,CF3,unknown,-2627.470301,-2627.431362,-2627.462483,-795.019255,-19.96579499988485,4.468427500132464,-15.059999999857894,4.905795000026956,24.434222500017313,19.528427499990357,-748.52
Int1_comp27_2_Sub14,TS_comp27_2_Sub14,Int2_comp27_2_Sub14,comp27_2_Sub14,-3021.977642,-3021.941848,-3021.960618,-1190.199331,-1.9082274998191904,20.552507500115667,8.77433250003321,10.6825599998524,22.460734999934857,11.778175000082456,-624.85,[H]c1c([H])c(C([H])([H])[H])c([H])c(Cl)c1Cl,[H][C+]1[C+](Cl)[C+](Cl)C[C-]([H])[C-]1C([H])([H])[H],steric,Me,unknown,-3022.724888,-3022.684513,-3022.706046,-1190.274904,-19.299390000069252,6.035922499955859,-7.476034999815511,11.823355000253741,25.33531250002511,13.51195749977137,-624.85
Int1_comp27_2_Sub15,TS_comp27_2_Sub15,Int2_comp27_2_Sub15,comp27_2_Sub15,-3077.280878,-3077.238589,-3077.257027,-1245.493709,-7.466622499910613,19.069725000078392,7.499880000040662,14.966502499951275,26.53634749998901,11.56984500003773,-580.37,[H]c1c([H])c(N([H])C([H])([H])[H])c([H])c(Cl)c1Cl,[H][C+]1[C+](Cl)[C+](Cl)C[C-]([H])[C-]1N([H])C([H])([H])[H],EDG,NHCH3,unknown,-3078.045222,-3077.997978,-3078.019101,-1245.585041,-25.698007500108133,3.947602500091989,-9.307079999900907,16.390927500207226,29.645610000200122,13.254682499992896,-580.37
Int1_comp27_2_Sub16,TS_comp27_2_Sub16,Int2_comp27_2_Sub16,comp27_2_Sub16,-3097.137776,-3097.100126,-3097.11928,-1265.357357,-3.230997499903765,20.394377500229552,8.375242500184754,11.60624000008852,23.62537500013332,12.019135000044798,-584.69,[H]c1c([H])c(OC([H])([H])[H])c([H])c(Cl)c1Cl,[H][C+]1[C+](Cl)[C+](Cl)C[C-]([H])[C-]1OC([H])([H])[H],EDG,OMe,unknown,-3097.88923,-3097.84748,-3097.869314,-1265.437472,-20.41257500011227,5.7855500000886195,-7.915284999990604,12.497290000121666,26.19812500020089,13.700835000079223,-584.69
Int1_comp27_2_Sub17,TS_comp27_2_Sub17,Int2_comp27_2_Sub17,comp27_2_Sub17,-3319.59309,-3319.55662,-3319.576712,-1487.814151,-2.3022974998229984,20.58262750018229,7.974897500054112,10.27719499987711,22.884925000005296,12.607730000128186,-622.89,[H]c1c([H])c(Cl)c(Cl)c(C(F)(F)F)c1[H],[H][C-]1C[C+](Cl)[C+](Cl)[C+](C(F)(F)F)[C-]1[H],EWG,CF3,unknown,-3320.315865,-3320.275654,-3320.298693,-1487.865632,-19.455637500031457,5.7767649999681225,-8.680207500128176,10.775429999903281,25.23240249999958,14.456972500096299,-622.89
Int1_comp27_2_Sub13,TS_comp27_2_Sub13,Int2_comp27_2_Sub13,comp27_2_Sub13,-3100.486609,-3100.451143,-3100.469886,-1268.707041,-2.6969950000392373,19.55792000012991,7.796687500076018,10.493682500115256,22.25491500016915,11.761232500053891,-614.49,[H]c1c([H])c(C([H])(C([H])([H])[H])C([H])([H])[H])c([H])c(Cl)c1Cl,[H][C+]1[C+](Cl)[C+](Cl)C[C-]([H])[C-]1C([H])(C([H])([H])[H])C([H])([H])[H],steric,iPr,unknown,-3101.288981,-3101.248604,-3101.270179,-1268.837022,-20.53870250015052,4.797865000014099,-8.740447500118762,11.798255000031759,25.33656750016462,13.53831250013286,-614.49
Int1_comp27_2_Sub18,TS_comp27_2_Sub18,Int2_comp27_2_Sub18,comp27_2_Sub18,-3442.195978,-3442.158457,-3442.178104,-1610.415741,-3.116792500049428,20.427635000074247,8.099142500025778,11.215935000075206,23.544427500123675,12.328492500048467,-632.76,[H]c1c([H])c(Cl)c(Cl)c(Cl)c1[H],[H][C-]1C[C+](Cl)[C+](Cl)[C+](Cl)[C-]1[H],EWG,Cl,unknown,-3442.905742,-3442.864566,-3442.887043,-1610.454736,-19.94069500001956,5.897244999806617,-8.207072500181312,11.733622499838248,25.837939999826176,14.104317499987928,-632.76
Int1_comp27_2_Sub19,TS_comp27_2_Sub19,Int2_comp27_2_Sub19,comp27_2_Sub19,-3217.073856,-3217.033429,-3217.052541,-1385.289346,-5.798099999914257,19.56984250002847,7.57706250005981,13.375162499974069,25.36794249994273,11.99277999996866,-628.12,[H]c1c([H])c(Cl)c(Cl)c(C2([H])C([H])([H])C([H])([H])C([H])([H])C([H])([H])C2([H])[H])c1[H],[H][C-]1C[C+](Cl)[C+](Cl)[C+](C2([H])C([H])([H])C([H])([H])C([H])([H])C([H])([H])C2([H])[H])[C-]1[H],steric,Cy,unknown,-3217.941301,-3217.896893,-3217.918714,-1385.484807,-23.38441499988562,4.481604999956517,-9.211072499929287,14.173342499956334,27.866019999842138,13.692677499885804,-628.12
Int1_comp27_2_Sub21,TS_comp27_2_Sub21,Int2_comp27_2_Sub21,comp27_2_Sub21,-3100.487079,-3100.447311,-3100.466069,-1268.705499,-3.959524999990549,20.994895000068823,9.224249999967356,13.183774999957905,24.95442000005937,11.770645000101467,-621.31,[H]c1c([H])c(Cl)c(Cl)c(C([H])(C([H])([H])[H])C([H])([H])[H])c1[H],[H][C-]1C[C+](Cl)[C+](Cl)[C+](C([H])(C([H])([H])[H])C([H])([H])[H])[C-]1[H],steric,iPr,unknown,-3101.289056,-3101.245311,-3101.266996,-1268.836222,-21.087765000119703,6.362222499845416,-7.245114999970497,13.842650000149206,27.44998749996512,13.607337499815912,-621.31
Int1_comp27_2_Sub22,TS_comp27_2_Sub22,Int2_comp27_2_Sub22,comp27_2_Sub22,-3021.979288,-3021.940653,-3021.959549,-1190.199617,-2.7616274999473944,21.48183499998084,9.62459499995532,12.386222499902717,24.243462499928228,11.857240000025511,-626.61,[H]c1c([H])c(Cl)c(Cl)c(C([H])([H])[H])c1[H],[H][C-]1C[C+](Cl)[C+](Cl)[C+](C([H])([H])[H])[C-]1[H],steric,Me,unknown,-3022.726154,-3022.683845,-3022.705473,-1190.275857,-19.495797499930063,7.053100000027257,-6.518469999950298,12.977327499979765,26.54889749995732,13.571569999977555,-626.61
Int1_comp27_2_Sub23,TS_comp27_2_Sub23,Int2_comp27_2_Sub23,comp27_2_Sub23,-3077.278206,-3077.236809,-3077.2548,-1245.495941,-4.389362499975391,21.587255000000027,10.297902499896168,14.68726499987156,25.97661749997542,11.28935250010386,-631.01,[H]c1c([H])c(Cl)c(Cl)c(N([H])C([H])([H])[H])c1[H],[H]C1=C([H])C(=[N+]([H])C([H])([H])[H])C(Cl)=C(Cl)C1,EDG,NHCH3,unknown,-3078.040738,-3077.995865,-3078.016825,-1245.587639,-21.25405250005656,6.903755000118963,-6.248645000060833,15.005407499995727,28.157807500175522,13.152400000179796,-631.01
Int1_comp27_2_Sub24,TS_comp27_2_Sub24,Int2_comp27_2_Sub24,comp27_2_Sub24,-3097.129928,-3097.091604,-3097.110521,-1265.350942,-2.3317899998198754,21.71651999995902,9.846102500038114,12.17789249985799,24.04830999977889,11.870417499920904,-630.49,[H]c1c([H])c(Cl)c(Cl)c(OC([H])([H])[H])c1[H],[H]C1=C([H])C(=[O+]C([H])([H])[H])C(Cl)=C(Cl)C1,EDG,OMe,unknown,-3097.880231,-3097.838163,-3097.859971,-1265.430344,-19.238522500008912,7.159147500116205,-6.525372499861533,12.71315000014738,26.397670000125117,13.684519999977738,-630.49
Int1_comp27_2_Sub8,TS_comp27_2_Sub8,Int2_comp27_2_Sub8,comp27_2_Sub8,-3097.138354,-3097.088652,-3097.108991,-1265.357084,-3.765000000053647,27.42300500010458,14.660282500011022,18.425282500064668,31.188005000158228,12.76272250009356,-695.62,[H]c1c([H])c(OC([H])([H])[H])c([H])c(Cl)c1Cl,[H]C1=C([H])C(Cl)=C(Cl)CC1=[O+]C([H])([H])[H],EDG,OMe,unknown,-3097.890247,-3097.835961,-3097.858726,-1265.437051,-21.314919999831545,12.749544999912814,-1.5354924999041941,19.77942749992735,34.06446499974436,14.285037499817008,-695.62
Int1_comp27_4_Sub10,TS_comp27_4_Sub10,Int2_comp27_4_Sub10,comp27_4_Sub10,-3442.193388,-3442.158806,-3442.183973,-1610.415741,-1.491567500015094,20.2086375001278,4.416344999978605,5.907912499993699,21.700205000142887,15.792292500149188,-702.62,[H]c1c([H])c(Cl)c(Cl)c(Cl)c1[H],[H][C+]1C[C-](Cl)[C-](Cl)[C+](Cl)[C+]1[H],EWG,Cl,unknown,-3442.90327,-3442.8646,-3442.892594,-1610.454737,-18.388887499871203,5.876537500072914,-11.689697499949148,6.699189999922055,24.265424999944116,17.56623500002206,-702.62
Int1_comp27_4_Sub17,TS_comp27_4_Sub17,Int2_comp27_4_Sub17,comp27_4_Sub17,-3319.591074,-3319.564411,-3319.584861,-1487.81415,-1.037884999947778,15.69314750011415,2.8607725001251083,3.8986575000728863,16.73103250006193,12.832374999989042,-752.25,[H]c1c([H])c(Cl)c(Cl)c(C(F)(F)F)c1[H],[H][C+]1C[C-]([H])[C-](Cl)[C+](Cl)[C+]1C(F)(F)F,EWG,CF3,unknown,-3320.314056,-3320.283445,-3320.306357,-1487.865632,-18.320490000115228,0.8879124999697297,-13.489367499971081,4.831122500144147,19.208402500084958,14.37727999994081,-752.25
Int1_comp27_4_Sub18,TS_comp27_4_Sub18,Int2_comp27_4_Sub18,comp27_4_Sub18,-3442.193385,-3442.166846,-3442.187476,-1610.41574,-1.4903125000182629,15.162909999954763,2.2175849999655384,3.707897499983801,16.653222499973026,12.945324999989223,-732.52,[H]c1c([H])c(Cl)c(Cl)c(Cl)c1[H],[H][C+]1C[C-]([H])[C-](Cl)[C+](Cl)[C+]1Cl,EWG,Cl,unknown,-3442.903268,-3442.872923,-3442.896126,-1610.454735,-18.38888750001388,0.6526000000644672,-13.907282500057363,4.481604999956517,19.041487500078347,14.55988250012183,-732.52
Int1_comp27_4_Sub20,TS_comp27_4_Sub20,Int2_comp27_4_Sub20,comp27_4_Sub20,-3139.730652,-3139.703227,-3139.722507,-1307.952149,-2.028707500085716,15.18048000005308,3.082280000065225,5.110987500150941,17.209187500138796,12.098199999987855,-746.12,[H]c1c([H])c(Cl)c(Cl)c(C(C([H])([H])[H])(C([H])([H])[H])C([H])([H])[H])c1[H],[H][C+]1C[C-]([H])[C-](Cl)[C+](Cl)[C+]1C(C([H])([H])[H])(C([H])([H])[H])C([H])([H])[H],steric,tBu,unknown,-3140.560262,-3140.528608,-3140.550434,-1308.109987,-19.481992499964917,0.38089249996573926,-13.314922500126158,6.167069999838759,19.862884999930657,13.695815000091898,-746.12
Int1_comp27_4_Sub21,TS_comp27_4_Sub21,Int2_comp27_4_Sub21,comp27_4_Sub21,-3100.483374,-3100.456498,-3100.475805,-1268.705499,-1.634637499939231,15.23005249999926,3.1149099999828422,4.749547499922073,16.86468999993849,12.115142500016418,-754.45,[H]c1c([H])c(Cl)c(Cl)c(C([H])(C([H])([H])[H])C([H])([H])[H])c1[H],[H][C+]1C[C-]([H])[C-](Cl)[C+](Cl)[C+]1C([H])(C([H])([H])[H])C([H])([H])[H],steric,iPr,unknown,-3101.285356,-3101.254517,-3101.276359,-1268.83622,-18.767269999985956,0.5842025000231388,-13.12165250004341,5.645617499942546,19.351472500009095,13.705855000066549,-754.45
Int1_comp27_5_Sub10,TS_comp27_5_Sub10,Int2_comp27_5_Sub10,comp27_5_Sub10,-3442.197942,-3442.163422,-3442.189177,-1610.418907,-2.362537499813584,19.29876249999949,3.137499999925808,5.500037499739392,21.66129999981308,16.16126250007369,-697.98,[H]c1c([H])c(Cl)c(Cl)c([H])c1Cl,[H][C+]1C[C-](Cl)[C-](Cl)[C+]([H])[C+]1Cl,EWG,Cl,unknown,-3442.907926,-3442.869258,-3442.897752,-1610.457567,-19.534702499974514,4.729467499830093,-13.150517499970533,6.384185000003981,24.264169999804608,17.879984999800627,-697.98
Int1_comp27_5_Sub11,TS_comp27_5_Sub11,Int2_comp27_5_Sub11,comp27_5_Sub11,-3217.074204,-3217.037365,-3217.061711,-1385.290715,-5.157422499891027,17.959050000029038,2.681935000219937,7.839357500110964,23.116472499920064,15.2771149998091,-713.1,[H]c1c([H])c(C2([H])C([H])([H])C([H])([H])C([H])([H])C([H])([H])C2([H])[H])c([H])c(Cl)c1Cl,[H][C+]1C[C-](Cl)[C-](Cl)[C+]([H])[C+]1C1([H])C([H])([H])C([H])([H])C([H])([H])C([H])([H])C1([H])[H],steric,Cy,unknown,-3217.941747,-3217.900238,-3217.927255,-1385.485656,-23.13153249988204,2.915364999915937,-14.037802500013186,9.093729999868856,26.04689749979798,16.953167499929123,-713.1
Int1_comp27_5_Sub12,TS_comp27_5_Sub12,Int2_comp27_5_Sub12,comp27_5_Sub12,-3139.739976,-3139.705515,-3139.729531,-1307.96013,-2.87143999988416,18.752837499951056,3.682797500047173,6.554237499931332,21.624277499835216,15.070039999903884,-707.62,[H]c1c([H])c(C(C([H])([H])[H])(C([H])([H])[H])C([H])([H])[H])c([H])c(Cl)c1Cl,[H][C+]1C[C-](Cl)[C-](Cl)[C+]([H])[C+]1C(C([H])([H])[H])(C([H])([H])[H])C([H])([H])[H],steric,tBu,unknown,-3140.569239,-3140.530104,-3140.556799,-1308.11725,-20.557527499960315,3.999685000031832,-12.7514274999794,7.8060999999809155,24.557212499992147,16.75111250001123,-707.62
Int1_comp27_5_Sub13,TS_comp27_5_Sub13,Int2_comp27_5_Sub13,comp27_5_Sub13,-3100.486782,-3100.450652,-3100.475361,-1268.707042,-2.804924999909417,19.866650000063828,4.361752500187777,7.166677500097194,22.671574999973245,15.504897499876051,-711.18,[H]c1c([H])c(C([H])(C([H])([H])[H])C([H])([H])[H])c([H])c(Cl)c1Cl,[H][C+]1C[C-](Cl)[C-](Cl)[C+]([H])[C+]1C([H])(C([H])([H])[H])C([H])([H])[H],steric,iPr,unknown,-3101.288727,-3101.247993,-3101.27527,-1268.837022,-20.3793175001249,5.181267499973501,-11.935050000114416,8.444267500010483,25.5605850000984,17.116317500087916,-711.18
Int1_comp27_4_Sub19,TS_comp27_4_Sub19,Int2_comp27_4_Sub19,comp27_4_Sub19,-3217.070422,-3217.044915,-3217.062398,-1385.289346,-3.64326499979029,12.362377500105596,1.39179500005298,5.03505999984327,16.005642499895885,10.970582500052616,-797.3,[H]c1c([H])c(Cl)c(Cl)c(C2([H])C([H])([H])C([H])([H])C([H])([H])C([H])([H])C2([H])[H])c1[H],[H][C+]1C[C-]([H])[C-](Cl)[C+](Cl)[C+]1C1([H])C([H])([H])C([H])([H])C([H])([H])C([H])([H])C1([H])[H],steric,Cy,unknown,-3217.937801,-3217.908441,-3217.928446,-1385.484808,-21.187537500081817,-2.7641375000837343,-15.31727499999306,5.8702625000887565,18.423399999998082,12.553137499909326,-797.3
Int1_comp27_5_Sub14,TS_comp27_5_Sub14,Int2_comp27_5_Sub14,comp27_5_Sub14,-3021.977909,-3021.941792,-3021.965743,-1190.199331,-2.075770000038233,20.587647500026947,5.558394999948746,7.634164999986979,22.66341750006518,15.0292525000782,-708.58,[H]c1c([H])c(C([H])([H])[H])c([H])c(Cl)c1Cl,[H][C+]1C[C-](Cl)[C-](Cl)[C+]([H])[C+]1C([H])([H])[H],steric,Me,unknown,-3022.72454,-3022.684005,-3022.710889,-1190.274904,-19.081020000049875,6.354692500007104,-10.515017499918713,8.566002500131162,25.43571250005698,16.869709999925817,-708.58
Int1_comp27_4_Sub22,TS_comp27_4_Sub22,Int2_comp27_4_Sub22,comp27_4_Sub22,-3021.977366,-3021.948715,-3021.968166,-1190.199615,-1.5568274999930054,16.421675000058258,4.216172499984623,5.772999999977628,17.978502500051263,12.205502500073637,-734.79,[H]c1c([H])c(Cl)c(Cl)c(C([H])([H])[H])c1[H],[H][C+]1C[C-]([H])[C-](Cl)[C+](Cl)[C+]1C([H])([H])[H],steric,Me,unknown,-3022.724247,-3022.691639,-3022.713652,-1190.275856,-18.29978250009617,2.1617374998925243,-11.65141999997445,6.648362500121721,20.461519999988695,13.813157499866975,-734.79
Int1_comp27_4_Sub23,TS_comp27_4_Sub23,Int2_comp27_4_Sub23,comp27_4_Sub23,-3077.265706,-3077.239388,-3077.256526,-1245.48538,-3.172639999979765,13.341905000129373,2.587810000029549,5.760450000009314,16.514545000109138,10.754095000099824,-790.68,[H]c1c([H])c(Cl)c(Cl)c(N([H])C([H])([H])[H])c1[H],[H][C+]1C[C-]([H])[C-](Cl)[C+](Cl)[C+]1N([H])C([H])([H])[H],EDG,NHCH3,unknown,-3078.028969,-3077.99888,-3078.018512,-1245.577759,-20.06870499998172,-1.1878575000685032,-13.506937500069398,6.561767499912321,18.880847499913216,12.319080000000895,-790.68
Int1_comp27_4_Sub24,TS_comp27_4_Sub24,Int2_comp27_4_Sub24,comp27_4_Sub24,-3097.127295,-3097.100033,-3097.120043,-1265.350942,-0.6795824997823274,16.42732249997266,3.871047500142595,4.550629999924922,17.10690499975499,12.556274999830066,-737.32,[H]c1c([H])c(Cl)c(Cl)c(OC([H])([H])[H])c1[H],[H][C+]1C[C-]([H])[C-](Cl)[C+](Cl)[C+]1OC([H])([H])[H],EDG,OMe,unknown,-3097.877461,-3097.84659,-3097.869096,-1265.430344,-17.500347499974396,1.871204999984002,-12.251309999886644,5.249037500087752,19.371552499958398,14.122514999870646,-737.32
Int1_comp27_4_Sub6,TS_comp27_4_Sub6,Int2_comp27_4_Sub6,comp27_4_Sub6,-3021.977919,-3021.939132,-3021.956109,-1190.199331,-2.082044999879713,22.256797500093057,11.60372999995218,13.685774999831892,24.33884249997277,10.653067500140878,-627.89,[H]c1c([H])c(C([H])([H])[H])c([H])c(Cl)c1Cl,[H][C+]1[C+](Cl)[C-](Cl)[C-]([H])C[C+]1C([H])([H])[H],steric,Me,unknown,-3022.724778,-3022.682695,-3022.702733,-1190.274904,-19.230364999815492,7.176717500071845,-5.397127499999215,13.833237499816278,26.407082499887338,12.57384500007106,-627.89
Int1_comp27_4_Sub8,TS_comp27_4_Sub8,Int2_comp27_4_Sub8,comp27_4_Sub8,-3097.1381,-3097.104096,-3097.123441,-1265.357355,-3.435562499957996,17.90194750010187,5.762960000002977,9.198522499960973,21.337510000059865,12.138987500098892,-688.01,[H]c1c([H])c(OC([H])([H])[H])c([H])c(Cl)c1Cl,[H]C1=C(Cl)C(Cl)=C([H])C(=[O+]C([H])([H])[H])C1,EDG,OMe,unknown,-3097.889646,-3097.851482,-3097.873523,-1265.437473,-20.672987500096838,3.274922499935542,-10.555805000172427,10.11718249992441,23.94791000003238,13.830727500107969,-688.01
Int1_comp27_5_Sub15,TS_comp27_5_Sub15,Int2_comp27_5_Sub15,comp27_5_Sub15,-3077.279789,-3077.238576,-3077.262831,-1245.493905,-6.660285000020281,19.20087249996129,3.98086000007936,10.64114500009964,25.861157499981573,15.220012499881932,-706.87,[H]c1c([H])c(N([H])C([H])([H])[H])c([H])c(Cl)c1Cl,[H][C+]1C[C-](Cl)[C-](Cl)[C+]([H])[C+]1N([H])C([H])([H])[H],EDG,NHCH3,unknown,-3078.042533,-3077.997233,-3078.024129,-1245.585347,-23.81864499993071,4.6071049999250135,-12.270134999981792,11.54850999994892,28.425749999855725,16.877239999906806,-706.87
Int1_comp27_5_Sub16,TS_comp27_5_Sub16,Int2_comp27_5_Sub16,comp27_5_Sub16,-3097.138337,-3097.099777,-3097.124599,-1265.357356,-3.5836524998694586,20.61274750010625,5.036942499909856,8.620594999779314,24.19639999997571,15.575805000196397,-701.39,[H]c1c([H])c(OC([H])([H])[H])c([H])c(Cl)c1Cl,[H][C+]1C[C-](Cl)[C-](Cl)[C+]([H])[C+]1OC([H])([H])[H],EDG,OMe,unknown,-3097.889859,-3097.846816,-3097.874335,-1265.437471,-20.807899999970232,6.201582499822962,-11.066590000024235,9.741309999945997,27.009482499793194,17.268172499847196,-701.39
Int1_comp30_5_Sub10,TS_comp30_5_Sub10,Int2_comp30_5_Sub10,comp30_5_Sub10,-2562.493046,-2562.466254,-2562.483834,-730.71572,-1.2901399999529417,15.52184000011863,4.490390000005675,5.780529999958617,16.81198000007157,11.031450000112956,-720.94,[H]c1c([H])c([H])c(C([H])([H])Cl)c([H])c1[H],[H][C+]1C[C-]([H])[C-](C([H])([H])Cl)[C+]([H])[C+]1[H],EWG,Cl,unknown,-2563.25265,-2563.221102,-2563.24157,-730.804494,-18.15231999996911,1.6440499999868052,-11.199620000116397,6.952699999852712,19.796369999955914,12.843670000103202,-720.94
Int1_comp27_5_Sub18,TS_comp27_5_Sub18,Int2_comp27_5_Sub18,comp27_5_Sub18,-3442.194211,-3442.158805,-3442.183972,-1610.41574,-2.008627499993736,20.20863749998512,4.416345000121282,6.424972500115018,22.21726499997885,15.792292499863834,-702.78,[H]c1c([H])c(Cl)c(Cl)c(Cl)c1[H],[H][C+]1C[C-](Cl)[C-](Cl)[C+](Cl)[C+]1[H],EWG,Cl,unknown,-3442.904046,-3442.8646,-3442.892594,-1610.454735,-18.8770825000654,5.875282500076082,-11.690952499945979,7.1861300001194195,24.75236500014148,17.56623500002206,-702.78
Int1_comp27_5_Sub19,TS_comp27_5_Sub19,Int2_comp27_5_Sub19,comp27_5_Sub19,-3217.071542,-3217.033999,-3217.057571,-1385.289347,-4.345437500086291,19.21279499985985,4.421365000108608,8.766802500194899,23.558232499946143,14.791429999751244,-705.76,[H]c1c([H])c(Cl)c(Cl)c(C2([H])C([H])([H])C([H])([H])C([H])([H])C([H])([H])C2([H])[H])c1[H],[H][C+]1C[C-](Cl)[C-](Cl)[C+](C2([H])C([H])([H])C([H])([H])C([H])([H])C([H])([H])C2([H])[H])[C+]1[H],steric,Cy,unknown,-3217.939025,-3217.897076,-3217.923514,-1385.484808,-21.95559750014013,4.367399999816826,-12.222445000102198,9.733152500037932,26.322997499956955,16.589844999919023,-705.76
Int1_comp27_5_Sub21,TS_comp27_5_Sub21,Int2_comp27_5_Sub21,comp27_5_Sub21,-3100.484478,-3100.447602,-3100.471582,-1268.705498,-2.328024999829381,20.81166499996073,5.764214999999808,8.09223999982919,23.139689999790107,15.047449999960918,-704.41,[H]c1c([H])c(Cl)c(Cl)c(C([H])(C([H])([H])[H])C([H])([H])[H])c1[H],[H][C+]1C[C-](Cl)[C-](Cl)[C+](C([H])(C([H])([H])[H])C([H])([H])[H])[C+]1[H],steric,iPr,unknown,-3101.286599,-3101.245386,-3101.272166,-1268.836221,-19.54662500001575,6.314532499965821,-10.489917500124761,9.05670749989099,25.861157499981573,16.804450000090583,-704.41
Int1_comp27_5_Sub22,TS_comp27_5_Sub22,Int2_comp27_5_Sub22,comp27_5_Sub22,-3021.977927,-3021.941229,-3021.965461,-1190.199617,-1.9075999998921127,21.12039500003732,5.914815000190288,7.822415000082401,23.02799499992944,15.205579999847032,-707.7,[H]c1c([H])c(Cl)c(Cl)c(C([H])([H])[H])c1[H],[H][C+]1C[C-](Cl)[C-](Cl)[C+](C([H])([H])[H])[C+]1[H],steric,Me,unknown,-3022.724827,-3022.683943,-3022.711058,-1190.275857,-18.663104999963593,6.99160500003984,-10.0230574998767,8.640047500086894,25.654710000003433,17.01466249991654,-707.7
Int1_comp27_5_Sub23,TS_comp27_5_Sub23,Int2_comp27_5_Sub23,comp27_5_Sub23,-3077.265945,-3077.22856,-3077.252309,-1245.485382,-3.321357499960982,20.1377300000928,5.235232500122606,8.556590000083588,23.459087500053784,14.902497499970195,-706.02,[H]c1c([H])c(Cl)c(Cl)c(N([H])C([H])([H])[H])c1[H],[H]C1=C([H])C(=[N+]([H])C([H])([H])[H])C(Cl)=C(Cl)C1,EDG,NHCH3,unknown,-3078.029247,-3077.987847,-3078.014416,-1245.57776,-20.24252250004224,5.735977499999763,-10.936070000068412,9.30645249997383,25.978500000042004,16.672047500068174,-706.02
Int1_comp27_5_Sub17,TS_comp27_5_Sub17,Int2_comp27_5_Sub17,comp27_5_Sub17,-3319.591761,-3319.55683,-3319.582491,-1487.814151,-1.468350000002374,20.450852500086967,4.348575000007031,5.816925000009405,21.91920250008934,16.102277500079936,-695.78,[H]c1c([H])c(Cl)c(Cl)c(C(F)(F)F)c1[H],[H][C+]1C[C-](Cl)[C-](Cl)[C+](C(F)(F)F)[C+]1[H],EWG,CF3,unknown,-3320.314752,-3320.275629,-3320.304118,-1487.865632,-18.75723000015398,5.792452499857177,-12.08439500002271,6.672835000131272,24.54968250001116,17.876847499879887,-695.78
Int1_comp27_5_Sub24,TS_comp27_5_Sub24,Int2_comp27_5_Sub24,comp27_5_Sub24,-3097.128152,-3097.091961,-3097.116242,-1265.350942,-1.2173499997800263,21.49250250002524,6.2561750000418215,7.473524999821848,22.709852499805265,15.236327499983418,-701.11,[H]c1c([H])c(Cl)c(Cl)c(OC([H])([H])[H])c1[H],[H]C1=C([H])C(=[O+]C([H])([H])[H])C(Cl)=C(Cl)C1,EDG,OMe,unknown,-3097.878428,-3097.838193,-3097.865306,-1265.430344,-18.1071399999405,7.140322500021057,-9.873085000041328,8.234054999899172,25.247462499961557,17.013407500062385,-701.11
Int1_comp27_5_Sub7,TS_comp27_5_Sub7,Int2_comp27_5_Sub7,comp27_5_Sub7,-3077.280488,-3077.235432,-3077.247982,-1245.493713,-7.219387499821437,21.0532525001355,13.17812750018618,20.397515000007616,28.272639999956937,7.875124999949321,-799.14,[H]c1c([H])c(N([H])C([H])([H])[H])c([H])c(Cl)c1Cl,[H]C1=C([H])C(=[N+]([H])C([H])([H])[H])CC(Cl)=C1Cl,EDG,NHCH3,unknown,-3078.043702,-3077.994967,-3078.010645,-1245.58504,-24.744835000017815,5.836377499888954,-4.0015674999557405,20.743267500062075,30.58121249990677,9.837944999844694,-799.14
Int1_comp27_5_Sub8,TS_comp27_5_Sub8,Int2_comp27_5_Sub8,comp27_5_Sub8,-3097.135197,-3097.095476,-3097.117268,-1265.357085,-1.783354999920448,23.141572500142047,9.46709250013896,11.250447500059408,24.92492750006249,13.674480000003086,-722.39,[H]c1c([H])c(OC([H])([H])[H])c([H])c(Cl)c1Cl,[H]C1=C([H])C(Cl)=C(Cl)CC1=[O+]C([H])([H])[H],EDG,OMe,unknown,-3097.886603,-3097.842848,-3097.86747,-1265.437052,-19.027682499970524,8.428580000121428,-7.021725000106471,12.005957499864053,27.456262500091952,15.4503050002279,-722.39
Int1_comp27_5_Sub9,TS_comp27_5_Sub9,Int2_comp27_5_Sub9,comp27_5_Sub9,-3319.596026,-3319.563124,-3319.58884,-1487.819653,-0.6921325000359957,19.953872500200305,3.8170825001361663,4.509215000172162,20.6460050002363,16.13679000006414,-700.54,[H]c1c([H])c(C(F)(F)F)c([H])c(Cl)c1Cl,[H][C+]1C[C-](Cl)[C-](Cl)[C+]([H])[C+]1C(F)(F)F,EWG,CF3,unknown,-3320.319243,-3320.281573,-3320.310129,-1487.870673,-18.4121050000266,5.225819999789678,-12.6930700000554,5.7190349999712,23.637924999816278,17.918889999845078,-700.54
Int1_comp30_5_Sub11,TS_comp30_5_Sub11,Int2_comp30_5_Sub11,comp30_5_Sub11,-2337.364064,-2337.33862,-2337.353989,-505.586241,-1.6020074998789369,14.36410250004542,4.720054999925196,6.322062499804133,15.966109999924356,9.644047500120225,-759.58,[H]c1c([H])c([H])c(C([H])([H])C2([H])C([H])([H])C([H])([H])C([H])([H])C([H])([H])C2([H])[H])c([H])c1[H],[H][C+]1C[C-]([H])[C-](C([H])([H])C2([H])C([H])([H])C([H])([H])C([H])([H])C([H])([H])C2([H])[H])[C+]([H])[C+]1[H],steric,Cy,unknown,-2338.280403,-2338.250792,-2338.268672,-505.830961,-18.95928500014321,-0.3783824999007379,-11.598082500109115,7.361202500034096,18.580902500242473,11.219700000208377,-759.58
Int1_comp30_5_Sub13,TS_comp30_5_Sub13,Int2_comp30_5_Sub13,comp30_5_Sub13,-2220.777917,-2220.752049,-2220.767272,-389.003107,0.2886500001272907,16.520819999950618,6.96838750002712,6.679737499899829,16.232169999823327,9.552432499923498,-730.99,[H]c1c([H])c([H])c(C([H])([H])C([H])(C([H])([H])[H])C([H])([H])[H])c([H])c1[H],[H][C+]1C[C-]([H])[C-](C([H])([H])C([H])(C([H])([H])[H])C([H])([H])[H])[C+]([H])[C+]1[H],steric,iPr,unknown,-2221.628487,-2221.598417,-2221.616163,-389.182875,-16.555959999968906,2.3129649999030732,-8.822650000089567,7.733309999879339,18.86892499987198,11.13561499999264,-730.99
Int1_comp30_5_Sub14,TS_comp30_5_Sub14,Int2_comp30_5_Sub14,comp30_5_Sub14,-2142.267896,-2142.236843,-2142.256861,-310.491481,-0.7184874998267787,18.76726999998596,6.205975000168564,6.924462499995343,19.48575749981273,12.561294999817392,-708.78,[H]c1c([H])c([H])c(C([H])([H])C([H])([H])[H])c([H])c1[H],[H][C+]1C[C-]([H])[C-](C([H])([H])C([H])([H])[H])[C+]([H])[C+]1[H],steric,Me,unknown,-2143.06404,-2143.029077,-2143.051439,-310.618012,-16.817000000130236,5.122282499908408,-8.90987249990502,7.907127500225215,21.939282500038644,14.032154999813429,-708.78
Int1_comp30_5_Sub15,TS_comp30_5_Sub15,Int2_comp30_5_Sub15,comp30_5_Sub15,-2197.554889,-2197.526968,-2197.543444,-365.776246,-2.1165574999352543,15.403869999988444,5.065180000123917,7.181737500059171,17.5204274999237,10.338689999864528,-726.34,[H]c1c([H])c([H])c(C([H])([H])N([H])C([H])([H])[H])c([H])c1[H],[H][C+]1C[C-]([H])[C-](C([H])([H])N([H])C([H])([H])[H])[C+]([H])[C+]1[H],EDG,NHCH3,unknown,-2198.367572,-2198.335538,-2198.354681,-365.918497,-18.728992500082597,1.3723425001020928,-10.639889999888794,8.089102500193803,20.10133500018469,12.012232499990887,-726.34
Int1_comp30_5_Sub16,TS_comp30_5_Sub16,Int2_comp30_5_Sub16,comp30_5_Sub16,-2217.420995,-2217.39152,-2217.409673,-385.645854,0.0809475000809811,18.57650999996821,7.185502499978327,7.104554999897346,18.495562499887228,11.391007499989882,-715.22,[H]c1c([H])c([H])c(C([H])([H])OC([H])([H])[H])c([H])c1[H],[H][C+]1C[C-]([H])[C-](C([H])([H])OC([H])([H])[H])[C+]([H])[C+]1[H],EDG,OMe,unknown,-2218.221041,-2218.187488,-2218.208016,-385.77564,-16.42355749987516,4.630949999971818,-8.250370000036327,8.173187499838832,21.054507499846977,12.881320000008145,-715.22
Int1_comp30_5_Sub18,TS_comp30_5_Sub18,Int2_comp30_5_Sub18,comp30_5_Sub18,-2562.492836,-2562.466515,-2562.483835,-730.715719,-1.1589924998560264,15.357435000034345,4.489135000080182,5.6481274999362086,16.51642749989037,10.86829999995416,-787.0,[H]c1c([H])c([H])c(C([H])([H])Cl)c([H])c1[H],[H][C+]1C[C-]([H])[C-](C([H])([H])Cl)[C+]([H])[C+]1[H],EWG,Cl,unknown,-2563.251214,-2563.221897,-2563.241572,-730.804493,-17.251857499959726,1.144560000035142,-11.201502499968967,6.050354999990759,18.396417499994868,12.346062500004109,-787.0
Int1_comp30_5_Sub23,TS_comp30_5_Sub23,Int2_comp30_5_Sub23,comp30_5_Sub23,-2197.558736,-2197.52812,-2197.544956,-365.776806,-4.179149999899749,15.032390000105949,4.467799999955702,8.646949999855451,19.21154000000569,10.564590000150249,-773.42,[H]c1c([H])c([H])c(C([H])([H])N([H])C([H])([H])[H])c([H])c1[H],[H][C+]1C[C-]([H])[C-](C([H])([H])N([H])C([H])([H])[H])[C+]([H])[C+]1[H],EDG,NHCH3,unknown,-2198.371336,-2198.336657,-2198.356224,-365.91918,-20.66232000012377,1.0987525000794562,-11.179540000095756,9.482780000028015,21.761072500203227,12.278292500175212,-773.42
Int1_comp33_11_Sub23,TS_comp33_11_Sub23,Int2_comp33_11_Sub23,comp33_11_Sub23,-2478.189105,-2478.147932,-2478.165774,-646.403829,-6.278764999913449,19.557292500131496,8.361437500005593,14.640202499919042,25.836057500044944,11.195855000125905,-555.74,[H]c1c([H])c(C(=O)OC([H])([H])[H])c([H])c(N([H])C([H])([H])[H])c1C#N,[H]C1=C(C#N)C(=[N+]([H])C([H])([H])[H])C([H])=C(C([O-])=[O+]C([H])([H])[H])C1,EDG,NHCH3,unknown,-2479.009311,-2478.96467,-2478.985166,-646.552667,-23.478539999861994,4.533687500110375,-8.327552499948467,15.150987499913526,28.01222749997237,12.861240000058842,-555.74
Int1_comp30_5_Sub26,TS_comp30_5_Sub26,Int2_comp30_5_Sub26,comp30_5_Sub26,-2562.495826,-2562.463924,-2562.483817,-730.715718,-3.0358449998257697,16.982659999997338,4.499802500195926,7.535647500021696,20.018504999823108,12.482857499801412,-722.22,[H]c1c([H])c([H])c(C([H])([H])Cl)c([H])c1[H],[H][C+]1C[C-]([H])[C-](C([H])([H])Cl)[C+]([H])[C+]1[H],EWG,Cl,unknown,-2563.255405,-2563.218814,-2563.241367,-730.804493,-19.881709999954467,3.0791425000731465,-11.07286500007973,8.808844999874736,22.960852500027613,14.152007500152877,-722.22
Int1_comp30_5_Sub27,TS_comp30_5_Sub27,Int2_comp30_5_Sub27,comp30_5_Sub27,-2337.365754,-2337.335362,-2337.352659,-505.586241,-2.662482499912357,16.408497500162866,5.554629999958252,8.217112499870609,19.070980000075224,10.853867500204617,-667.25,[H]c1c([H])c([H])c(C([H])([H])C2([H])C([H])([H])C([H])([H])C([H])([H])C([H])([H])C2([H])[H])c([H])c1[H],[H][C+]1C[C-]([H])[C-](C([H])([H])C2([H])C([H])([H])C([H])([H])C([H])([H])C([H])([H])C2([H])[H])[C+]([H])[C+]1[H],steric,Cy,unknown,-2338.281959,-2338.247772,-2338.267427,-505.830961,-19.935674999960895,1.5166674998803842,-10.81684500015541,9.118829999805484,21.45234249984128,12.333512500035795,-667.25
Int1_comp30_5_Sub29,TS_comp30_5_Sub29,Int2_comp30_5_Sub29,comp30_5_Sub29,-2220.780042,-2220.752994,-2220.767276,-389.003107,-1.0447874998590123,15.927832500092336,6.965877500033457,8.01066499989247,16.97261999995135,8.961955000058879,-760.14,[H]c1c([H])c([H])c(C([H])([H])C([H])(C([H])([H])[H])C([H])([H])[H])c([H])c1[H],[H][C+]1C[C-]([H])[C-](C([H])([H])C([H])(C([H])([H])[H])C([H])([H])[H])[C+]([H])[C+]1[H],steric,iPr,unknown,-2221.630454,-2221.599335,-2221.616309,-389.182875,-17.79025250006285,1.7369200000733542,-8.914265000000938,8.87598750006191,19.527172500136203,10.651185000074292,-760.14
Int1_comp33_11_Sub13,TS_comp33_11_Sub13,Int2_comp33_11_Sub13,comp33_11_Sub13,-2501.393016,-2501.363211,-2501.380437,-669.61107,-4.18918999991007,14.513447500167729,3.704132500207322,7.893322500117392,18.7026375000778,10.809314999960408,-675.82,[H]c1c([H])c(C(=O)OC([H])([H])[H])c(C([H])(C([H])([H])[H])C([H])([H])[H])c([H])c1C#N,[H][C+]1[C+](C[N-2])[C-]([H])C[C+]([C+]([O-])OC([H])([H])[H])[C-]1C([H])(C([H])([H])[H])C([H])([H])[H],steric,iPr,unknown,-2502.25266,-2502.218119,-2502.23826,-669.798695,-21.79746750011134,-0.12299000011751104,-12.761467500096728,9.03600000001461,21.674477499993827,12.638477499979217,-675.82
Int1_comp33_11_Sub14,TS_comp33_11_Sub14,Int2_comp33_11_Sub14,comp33_11_Sub14,-2422.88763,-2422.855305,-2422.872429,-591.105386,-4.37618500008,15.907752500000356,5.162442500021029,9.538627500101027,20.28393750008036,10.745309999979328,-676.87,[H]c1c([H])c(C(=O)OC([H])([H])[H])c(C([H])([H])[H])c([H])c1C#N,[H][C+]1[C+](C[N-2])[C-]([H])C[C+]([C+]([O-])OC([H])([H])[H])[C-]1C([H])([H])[H],steric,Me,unknown,-2423.692709,-2423.655647,-2423.675753,-591.239298,-21.449832499990293,1.8065724999331678,-10.80994250003016,10.639889999960133,23.25640499992346,12.616514999963329,-676.87
Int1_comp33_11_Sub15,TS_comp33_11_Sub15,Int2_comp33_11_Sub15,comp33_11_Sub15,-2478.19144,-2478.148224,-2478.167068,-646.407316,-5.555884999955083,21.5621550000634,9.737544999955505,15.293429999910586,27.11804000001848,11.824610000107896,-505.83,[H]c1c([H])c(C(=O)OC([H])([H])[H])c(N([H])C([H])([H])[H])c([H])c1C#N,[H][C+]1[C+](C[N-2])[C-]([H])C[C+]([C+]([O-])OC([H])([H])[H])[C-]1N([H])C([H])([H])[H],EDG,NHCH3,unknown,-2479.012547,-2478.965845,-2478.987418,-646.556976,-22.805232499921146,6.5002724998535655,-7.036785000139787,15.76844749978136,29.305504999774712,13.537057499993352,-505.83
Int1_comp33_11_Sub16,TS_comp33_11_Sub16,Int2_comp33_11_Sub16,comp33_11_Sub16,-2498.038861,-2498.013622,-2498.031138,-666.258639,-3.107379999930515,12.730092500104604,1.7388025001756091,4.846182500106124,15.83747250003512,10.991289999928997,-669.21,[H]c1c([H])c(C(=O)OC([H])([H])[H])c(OC([H])([H])[H])c([H])c1C#N,[H][C+]1[C+](C[N-2])[C-]([H])C[C+]([C+]([O-])OC([H])([H])[H])[C-]1OC([H])([H])[H],EDG,OMe,unknown,-2498.846782,-2498.81802,-2498.838587,-666.394936,-20.46779500004419,-2.419640000097445,-15.325432500115141,5.14236249992905,18.048154999946746,12.905792500017697,-669.21
Int1_comp33_11_Sub17,TS_comp33_11_Sub17,Int2_comp33_11_Sub17,comp33_11_Sub17,-2720.508651,-2720.470639,-2720.490265,-888.725728,-4.802257500003009,19.05027249998483,6.734957500117105,11.537215000120112,23.85252999998784,12.315314999867724,-539.29,[H]c1c([H])c(C(=O)OC([H])([H])[H])c([H])c(C(F)(F)F)c1C#N,[H][C-]1C[C+]([C+]([O-])OC([H])([H])[H])[C-]([H])[C+](C(F)(F)F)[C+]1C[N-2],EWG,CF3,unknown,-2721.289491,-2721.246986,-2721.269372,-888.833646,-22.97716749998642,3.6947199999457325,-10.352495000115027,12.624672499871394,26.671887499932154,14.04721500006076,-539.29
Int1_comp33_11_Sub18,TS_comp33_11_Sub18,Int2_comp33_11_Sub18,comp33_11_Sub18,-2843.112613,-2843.072679,-2843.092151,-1011.327957,-5.889714999825628,19.16887000011343,6.950190000144403,12.839904999970033,25.058584999939058,12.218679999969028,-541.59,[H]c1c([H])c(C(=O)OC([H])([H])[H])c([H])c(Cl)c1C#N,[H][C-]1C[C+]([C+]([O-])OC([H])([H])[H])[C-]([H])[C+](Cl)[C+]1C[N-2],EWG,Cl,unknown,-2843.880632,-2843.836275,-2843.858364,-1011.423581,-23.733932499930575,4.100084999921023,-9.7607625001109,13.973169999819675,27.834017499851598,13.860847500031923,-541.59
Int1_comp33_11_Sub19,TS_comp33_11_Sub19,Int2_comp33_11_Sub19,comp33_11_Sub19,-2617.989328,-2617.949281,-2617.968401,-786.203542,-6.598790000032864,18.530702499941185,6.532902499985198,13.131692500018062,25.12949249997405,11.997799999955989,-534.83,[H]c1c([H])c(C(=O)OC([H])([H])[H])c([H])c(C2([H])C([H])([H])C([H])([H])C([H])([H])C([H])([H])C2([H])[H])c1C#N,[H][C-]1C[C+]([C+]([O-])OC([H])([H])[H])[C-]([H])[C+](C2([H])C([H])([H])C([H])([H])C([H])([H])C([H])([H])C2([H])[H])[C+]1C[N-2],steric,Cy,unknown,-2618.914348,-2618.870121,-2618.891917,-786.455674,-24.752364999856127,3.000077500058751,-10.676912499937998,14.075452499918129,27.752442499914878,13.67698999999675,-534.83
Int1_comp30_5_Sub30,TS_comp30_5_Sub30,Int2_comp30_5_Sub30,comp30_5_Sub30,-2142.268134,-2142.241578,-2142.256427,-310.492904,0.0251000001149748,16.68898999998973,7.371242500187094,7.346142500072119,16.663889999874755,9.317747499802636,-764.49,[H]c1c([H])c([H])c(C([H])([H])C([H])([H])[H])c([H])c1[H],[H][C+]1C[C-]([H])[C-](C([H])([H])C([H])([H])[H])[C+]([H])[C+]1[H],steric,Me,unknown,-2143.06483,-2143.033486,-2143.050862,-310.619184,-16.57729499987937,3.0910650001143836,-7.812375000036411,8.76491999984296,19.668359999993754,10.903440000150795,-764.49
Int1_comp30_5_Sub32,TS_comp30_5_Sub32,Int2_comp30_5_Sub32,comp30_5_Sub32,-2217.423067,-2217.395082,-2217.409669,-385.645854,-1.2192325000606274,16.34135500004703,7.18801249997199,8.407245000032617,17.56058750010766,9.15334250007504,-765.44,[H]c1c([H])c([H])c(C([H])([H])OC([H])([H])[H])c([H])c1[H],[H][C+]1C[C-]([H])[C-](C([H])([H])OC([H])([H])[H])[C+]([H])[C+]1[H],EDG,OMe,unknown,-2218.223456,-2218.191149,-2218.208012,-385.77564,-17.938970000115404,2.333672499850792,-8.247860000042664,9.69111000007274,20.272642499966196,10.581532499893456,-765.44
Int1_comp30_5_Sub9,TS_comp30_5_Sub9,Int2_comp30_5_Sub9,comp30_5_Sub9,-2439.897933,-2439.870358,-2439.88748,-608.122417,-0.1543650000382967,17.148947500005534,6.404892500165715,6.559257500204012,17.30331250004383,10.744054999839818,-721.32,[H]c1c([H])c([H])c(C([H])([H])C(F)(F)F)c([H])c1[H],[H][C+]1C[C-]([H])[C-](C([H])([H])C(F)(F)F)[C+]([H])[C+]1[H],EWG,CF3,unknown,-2440.670219,-2440.638229,-2440.658287,-608.223574,-17.204167500080132,2.869557499888913,-9.716837500150461,7.4873299999296705,20.073724999969045,12.586395000039374,-721.32
Int1_comp30_6_Sub14,TS_comp30_6_Sub14,Int2_comp30_6_Sub14,comp30_6_Sub14,-2142.275165,-2142.232631,-2142.245827,-310.499315,-0.3639499999371764,26.32613500016305,18.045644999953083,18.40959499989026,26.690085000100225,8.280490000209966,-720.47,[H]c1c([H])c(C([H])([H])[H])c([H])c(C([H])([H])[H])c1[H],[H][C+]1[C+]([H])[C-]([H])[C-](C([H])([H])[H])C[C+]1C([H])([H])[H],steric,Me,unknown,-2143.069363,-2143.023986,-2143.040973,-310.623255,-16.86720000007483,11.60686749987292,0.947524999890561,17.814724999965392,28.47406749994775,10.659342499982358,-720.47
Int1_comp33_11_Sub21,TS_comp33_11_Sub21,Int2_comp33_11_Sub21,comp33_11_Sub21,-2501.402116,-2501.362898,-2501.38202,-669.619604,-4.544355000083442,20.0649400001339,8.065885000038406,12.610240000121848,24.609295000217344,11.999055000095495,-534.7,[H]c1c([H])c(C(=O)OC([H])([H])[H])c([H])c(C([H])(C([H])([H])[H])C([H])([H])[H])c1C#N,[H][C-]1C[C+]([C+]([O-])OC([H])([H])[H])[C-]([H])[C+](C([H])(C([H])([H])[H])C([H])([H])[H])[C+]1C[N-2],steric,iPr,unknown,-2502.26171,-2502.218291,-2502.240025,-669.806822,-22.37665000014715,4.868772499906413,-8.769312500045885,13.607337500101266,27.245422500053564,13.638084999952298,-534.7
Int1_comp33_11_Sub10,TS_comp33_11_Sub10,Int2_comp33_11_Sub10,comp33_11_Sub10,-2843.103135,-2843.074682,-2843.092835,-1011.320023,-4.920854999846256,12.933402500090663,1.5423950001007825,6.463249999947038,17.85425749993692,11.391007499989882,-671.7,[H]c1c([H])c(C(=O)OC([H])([H])[H])c(Cl)c([H])c1C#N,[H][C+]1[C+](C[N-2])[C-]([H])C[C+]([C+]([O-])OC([H])([H])[H])[C-]1Cl,EWG,Cl,unknown,-2843.870612,-2843.837831,-2843.859024,-1011.416634,-21.805625000090743,-1.235547499876759,-14.534154999901432,7.271470000189311,20.570077500213984,13.298607500024673,-671.7
Int1_comp33_6_Sub12,TS_comp33_6_Sub12,Int2_comp33_6_Sub12,comp33_6_Sub12,-2540.650064,-2540.617433,-2540.647698,-708.865603,-5.767352499920548,14.708600000103049,-4.282687500102043,1.4846649998185055,20.475952500023595,18.99128750020509,-715.2,[H]c1c([H])c(C(=O)OC([H])([H])[H])c([H])c(C(C([H])([H])[H])(C([H])([H])[H])C([H])([H])[H])c1C#N,[H][C+]1C[C-](C[N-2])[C+](C(C([H])([H])[H])(C([H])([H])[H])C([H])([H])[H])[C+]([H])[C+]1[C-]([O-])OC([H])([H])[H],steric,tBu,unknown,-2541.536978,-2541.50002,-2541.533491,-709.080031,-23.66867250009534,-0.4775275000071133,-21.48058000012668,2.1880924999686613,23.191145000088227,21.003052500119566,-715.2
Int1_comp33_5_Sub13,TS_comp33_5_Sub13,Int2_comp33_5_Sub13,comp33_5_Sub13,-2501.393014,-2501.363209,-2501.380437,-669.611068,-4.189190000052747,14.513447500025052,3.702877500210491,7.892067500263238,18.7026375000778,10.81056999981456,-675.6,[H]c1c([H])c(C(=O)OC([H])([H])[H])c(C([H])(C([H])([H])[H])C([H])([H])[H])c([H])c1C#N,[H][C+]1[C+](C[N-2])[C-]([H])C[C+]([C+]([O-])OC([H])([H])[H])[C-]1C([H])(C([H])([H])[H])C([H])([H])[H],steric,iPr,unknown,-2502.252659,-2502.218118,-2502.238261,-669.798695,-21.79684000018426,-0.12236249990507986,-12.762095000023805,9.034745000160456,21.67447750027918,12.639732500118726,-675.6
Int1_comp33_5_Sub14,TS_comp33_5_Sub14,Int2_comp33_5_Sub14,comp33_5_Sub14,-2422.887626,-2422.85531,-2422.872427,-591.105385,-4.374302500084752,15.9039875000812,5.163070000162122,9.537372500246876,20.27829000016596,10.740917499919078,-677.41,[H]c1c([H])c(C(=O)OC([H])([H])[H])c(C([H])([H])[H])c([H])c1C#N,[H][C+]1[C+](C[N-2])[C-]([H])C[C+]([C+]([O-])OC([H])([H])[H])[C-]1C([H])([H])[H],steric,Me,unknown,-2423.692705,-2423.655651,-2423.675752,-591.239298,-21.44732249999663,1.804062499939505,-10.809315000103084,10.638007499893547,23.251384999936136,12.613377500042589,-677.41
Int1_comp33_5_Sub15,TS_comp33_5_Sub15,Int2_comp33_5_Sub15,comp33_5_Sub15,-2478.191441,-2478.148228,-2478.167067,-646.407316,-5.55651249988216,21.559645000069736,9.738172500167934,15.294685000050094,27.116157499951896,11.821472499901802,-506.01,[H]c1c([H])c(C(=O)OC([H])([H])[H])c(N([H])C([H])([H])[H])c([H])c1C#N,[H][C+]1[C+](C[N-2])[C-]([H])C[C+]([C+]([O-])OC([H])([H])[H])[C-]1N([H])C([H])([H])[H],EDG,NHCH3,unknown,-2479.012546,-2478.965847,-2478.987417,-646.556976,-22.80460499999407,6.499017499999411,-7.036157499927356,15.768447500066713,29.30362249999348,13.535174999926767,-506.01
Int1_comp33_11_Sub24,TS_comp33_11_Sub24,Int2_comp33_11_Sub24,comp33_11_Sub24,-2498.044364,-2498.005859,-2498.025184,-666.264356,-2.9730949998415213,21.188792500149987,9.062355000019409,12.03544999986093,24.161887499991508,12.126437500130578,-554.68,[H]c1c([H])c(C(=O)OC([H])([H])[H])c([H])c(OC([H])([H])[H])c1C#N,[H]C1=C(C#N)C(=[O+]C([H])([H])[H])C([H])=C(C([O-])=[O+]C([H])([H])[H])C1,EDG,OMe,unknown,-2498.852005,-2498.810757,-2498.831914,-666.40051,-20.247542500100906,5.635577499896556,-7.640439999899797,12.607102500201108,25.88311999999746,13.276017499796353,-554.68
Int1_comp33_5_Sub10,TS_comp33_5_Sub10,Int2_comp33_5_Sub10,comp33_5_Sub10,-2843.103134,-2843.074679,-2843.092834,-1011.320023,-4.920227499919179,12.93528500015725,1.5430225000278597,6.463249999947038,17.85551250007643,11.392262500129393,-671.89,[H]c1c([H])c(C(=O)OC([H])([H])[H])c(Cl)c([H])c1C#N,[H][C+]1[C+](C[N-2])[C-]([H])C[C+]([C+]([O-])OC([H])([H])[H])[C-]1Cl,EWG,Cl,unknown,-2843.870611,-2843.837827,-2843.859024,-1011.416634,-21.80499749987831,-1.2330374998830962,-14.534154999901432,7.2708424999768795,20.571959999995215,13.301117500018336,-671.89
Int1_comp33_6_Sub18,TS_comp33_6_Sub18,Int2_comp33_6_Sub18,comp33_6_Sub18,-2843.103739,-2843.072905,-2843.104017,-1011.320705,-4.871910000041169,14.476425000047186,-5.046355000028768,-0.1744449999875996,19.348335000088355,19.522780000075954,-691.83,[H]c1c([H])c(C(=O)OC([H])([H])[H])c(Cl)c([H])c1C#N,[H][C+]1C[C-](C[N-2])[C+]([H])[C+](Cl)[C+]1[C-]([O-])OC([H])([H])[H],EWG,Cl,unknown,-2843.871349,-2843.836127,-2843.870308,-1011.416473,-22.369120000023486,-0.2673150000384794,-21.71589250003194,0.6532274999915444,22.101804999985006,21.448577499993462,-691.83
Int1_comp33_5_Sub16,TS_comp33_5_Sub16,Int2_comp33_5_Sub16,comp33_5_Sub16,-2498.038855,-2498.013627,-2498.031136,-666.258638,-3.10424249979576,12.726327500185448,1.7394300000313478,4.843672499827108,15.830569999981208,10.9868975001541,-669.17,[H]c1c([H])c(C(=O)OC([H])([H])[H])c(OC([H])([H])[H])c([H])c1C#N,[H][C+]1[C+](C[N-2])[C-]([H])C[C+]([C+]([O-])OC([H])([H])[H])[C-]1OC([H])([H])[H],EDG,OMe,unknown,-2498.846777,-2498.818023,-2498.838585,-666.394935,-20.465285000121867,-2.4221499998770923,-15.324804999974049,5.140480000147818,18.043135000244774,12.902655000096956,-669.17
Int1_comp33_5_Sub17,TS_comp33_5_Sub17,Int2_comp33_5_Sub17,comp33_5_Sub17,-2720.508647,-2720.470639,-2720.490265,-888.725726,-4.801002500006177,19.049017499988,6.733702500120273,11.53470500012645,23.85001999999417,12.315314999867724,-539.29,[H]c1c([H])c(C(=O)OC([H])([H])[H])c([H])c(C(F)(F)F)c1C#N,[H][C-]1C[C+]([C+]([O-])OC([H])([H])[H])[C-]([H])[C+](C(F)(F)F)[C+]1C[N-2],EWG,CF3,unknown,-2721.289487,-2721.246986,-2721.269372,-888.833645,-22.975284999991175,3.694092499947317,-10.353122500113443,12.622162499877732,26.66937749993849,14.04721500006076,-539.29
Int1_comp33_5_Sub18,TS_comp33_5_Sub18,Int2_comp33_5_Sub18,comp33_5_Sub18,-2843.112613,-2843.072679,-2843.092149,-1011.327957,-5.889714999825628,19.16887000011343,6.951444999998557,12.841159999824184,25.058584999939058,12.217425000114872,-541.59,[H]c1c([H])c(C(=O)OC([H])([H])[H])c([H])c(Cl)c1C#N,[H][C-]1C[C+]([C+]([O-])OC([H])([H])[H])[C-]([H])[C+](Cl)[C+]1C[N-2],EWG,Cl,unknown,-2843.880632,-2843.836275,-2843.858363,-1011.423581,-23.733932499930575,4.100084999921023,-9.760134999898469,13.973797500032106,27.834017499851598,13.860219999819492,-541.59
Int1_comp33_5_Sub19,TS_comp33_5_Sub19,Int2_comp33_5_Sub19,comp33_5_Sub19,-2617.989327,-2617.949279,-2617.968403,-786.203542,-6.5981624998204325,18.531957500080694,6.531647500131044,13.129809999951476,25.13011999990113,12.00030999994965,-534.76,[H]c1c([H])c(C(=O)OC([H])([H])[H])c([H])c(C2([H])C([H])([H])C([H])([H])C([H])([H])C([H])([H])C2([H])[H])c1C#N,[H][C-]1C[C+]([C+]([O-])OC([H])([H])[H])[C-]([H])[C+](C2([H])C([H])([H])C([H])([H])C([H])([H])C([H])([H])C2([H])[H])[C+]1C[N-2],steric,Cy,unknown,-2618.914348,-2618.870118,-2618.891919,-786.455674,-24.752364999856127,3.0019600001253366,-10.678167500077507,14.07419749977862,27.754324999981463,13.680127500202843,-534.76
Int1_comp33_6_Sub14,TS_comp33_6_Sub14,Int2_comp33_6_Sub14,comp33_6_Sub14,-2422.896551,-2422.861563,-2422.891981,-591.112632,-5.427247499851831,16.527722500075868,-2.559572500100842,2.8676749997509887,21.95496999992769,19.08729500017671,-696.52,[H]c1c([H])c(C(=O)OC([H])([H])[H])c([H])c(C([H])([H])[H])c1C#N,[H][C+]1C[C-](C[N-2])[C+](C([H])([H])[H])[C+]([H])[C+]1[C-]([O-])OC([H])([H])[H],steric,Me,unknown,-2423.702048,-2423.661638,-2423.695081,-591.245239,-23.582077500099956,1.7751974999410436,-19.210284999937528,4.371792500162428,25.357275000041,20.98548249987857,-696.52
Int1_comp33_6_Sub15,TS_comp33_6_Sub15,Int2_comp33_6_Sub15,comp33_6_Sub15,-2478.190592,-2478.154352,-2478.183246,-646.404404,-6.85104499989535,15.8895550000463,-2.241429999976674,4.609614999918676,22.74059999994165,18.13098500002297,-702.34,[H]c1c([H])c(C(=O)OC([H])([H])[H])c([H])c(N([H])C([H])([H])[H])c1C#N,[H][C+]1C[C-](C[N-2])[C+](N([H])C([H])([H])[H])[C+]([H])[C+]1[C-]([O-])OC([H])([H])[H],EDG,NHCH3,unknown,-2479.011077,-2478.970941,-2479.00278,-646.553377,-24.141180000115128,1.044159999931935,-18.934812499919644,5.2063675001954834,25.185340000047063,19.97897249985158,-702.34
Int1_comp33_6_Sub16,TS_comp33_6_Sub16,Int2_comp33_6_Sub16,comp33_6_Sub16,-2498.045294,-2498.01375,-2498.044511,-666.264281,-3.6037324999614384,16.190127500000813,-3.11239999998918,0.491332499972259,19.79385999996225,19.302527499989992,-689.76,[H]c1c([H])c(C(=O)OC([H])([H])[H])c([H])c(OC([H])([H])[H])c1C#N,[H][C+]1C[C-](C[N-2])[C+](OC([H])([H])[H])[C+]([H])[C+]1[C-]([O-])OC([H])([H])[H],EDG,OMe,unknown,-2498.853191,-2498.817302,-2498.85127,-666.400441,-21.035055000110106,1.485292500030937,-19.829627500085962,1.2054275000241432,22.520347500141042,21.3149200001169,-689.76
Int1_comp33_6_Sub17,TS_comp33_6_Sub17,Int2_comp33_6_Sub17,comp33_6_Sub17,-2720.50023,-2720.471342,-2720.503598,-888.718532,-4.033570000017619,14.093650000157538,-6.146989999818118,-2.1134199998004988,18.12722000017516,20.240639999975656,-678.67,[H]c1c([H])c(C(=O)OC([H])([H])[H])c(C(F)(F)F)c([H])c1C#N,[H][C+]1C[C-](C[N-2])[C+]([H])[C+](C(F)(F)F)[C+]1[C-]([O-])OC([H])([H])[H],EWG,CF3,unknown,-2721.281035,-2721.247426,-2721.282852,-888.826698,-22.030897500021354,-0.9412499999777424,-23.17106499992491,-1.140167499903555,21.08964750004361,22.229814999947166,-678.67
Int1_comp33_11_Sub6,TS_comp33_11_Sub6,Int2_comp33_11_Sub6,comp33_11_Sub6,-2422.888938,-2422.845467,-2422.864718,-591.112633,-0.6494625000010501,26.62858999997013,14.548587500150347,15.198050000151396,27.27805249997118,12.080002499819784,-672.59,[H]c1c([H])c(C(=O)OC([H])([H])[H])c([H])c(C([H])([H])[H])c1C#N,[H][C+]1[C+](C[N-2])[C-](C([H])([H])[H])C[C+]([C+]([O-])OC([H])([H])[H])[C-]1[H],steric,Me,unknown,-2423.694663,-2423.647041,-2423.669621,-591.24524,-18.947362500173313,10.93544249985598,-3.233507500040105,15.713855000133208,29.882805000029293,14.168949999896086,-672.59
Int1_comp33_5_Sub11,TS_comp33_5_Sub11,Int2_comp33_5_Sub11,comp33_5_Sub11,-2617.980403,-2617.949691,-2617.967029,-786.195063,-6.3189249999547314,12.952855000184227,2.0732600001159085,8.39218500007064,19.27178000013896,10.87959500006832,-675.67,[H]c1c([H])c(C(=O)OC([H])([H])[H])c(C2([H])C([H])([H])C([H])([H])C([H])([H])C([H])([H])C2([H])[H])c([H])c1C#N,[H][C+]1[C+](C[N-2])[C-]([H])C[C+]([C+]([O-])OC([H])([H])[H])[C-]1C1([H])C([H])([H])C([H])([H])C([H])([H])C([H])([H])C1([H])[H],steric,Cy,unknown,-2618.905655,-2618.870313,-2618.890485,-786.447585,-24.37335500002831,-2.1962499999480656,-14.854179999949508,9.519175000078803,22.177105000080246,12.657930000001443,-675.67
Int1_comp33_6_Sub19,TS_comp33_6_Sub19,Int2_comp33_6_Sub19,comp33_6_Sub19,-2617.982504,-2617.949353,-2617.979512,-786.196694,-6.613849999994841,14.188402500060988,-4.736369999884005,1.877480000110836,20.80225250005583,18.924772499945,-697.1,[H]c1c([H])c(C(=O)OC([H])([H])[H])c(C2([H])C([H])([H])C([H])([H])C([H])([H])C([H])([H])C2([H])[H])c([H])c1C#N,[H][C+]1C[C-](C[N-2])[C+]([H])[C+](C2([H])C([H])([H])C([H])([H])C([H])([H])C([H])([H])C2([H])[H])[C+]1[C-]([O-])OC([H])([H])[H],steric,Cy,unknown,-2618.907869,-2618.869965,-2618.903295,-786.449197,-24.75111000007331,-0.966349999914371,-21.880925000043305,2.8701850000300055,23.78476000015894,20.914575000128934,-697.1
Int1_comp33_5_Sub22,TS_comp33_5_Sub22,Int2_comp33_5_Sub22,comp33_5_Sub22,-2422.89674,-2422.85546,-2422.874249,-591.112511,-5.6217725000027485,20.281427499944016,8.491330000105677,14.113102500108424,25.903199999946764,11.79009749983834,-539.25,[H]c1c([H])c(C(=O)OC([H])([H])[H])c([H])c(C([H])([H])[H])c1C#N,[H][C-]1C[C+]([C+]([O-])OC([H])([H])[H])[C-]([H])[C+](C([H])([H])[H])[C+]1C[N-2],steric,Me,unknown,-2423.701247,-2423.655682,-2423.677108,-591.245105,-23.16353500001526,5.4285024999200004,-8.01631249994955,15.147222500065709,28.59203749993526,13.44481499986955,-539.25
Int1_comp33_5_Sub23,TS_comp33_5_Sub23,Int2_comp33_5_Sub23,comp33_5_Sub23,-2478.189124,-2478.147931,-2478.165774,-646.403825,-6.293197499948349,19.55541000006491,8.35892750001193,14.65212499996028,25.84860750001326,11.19648250005298,-555.59,[H]c1c([H])c(C(=O)OC([H])([H])[H])c([H])c(N([H])C([H])([H])[H])c1C#N,[H]C1=C(C#N)C(=[N+]([H])C([H])([H])[H])C([H])=C(C([O-])=[O+]C([H])([H])[H])C1,EDG,NHCH3,unknown,-2479.009328,-2478.96467,-2478.985167,-646.552668,-23.48858000005066,4.534315000108791,-8.327552499877129,15.161027500173532,28.02289500015945,12.86186749998592,-555.59
Int1_comp33_5_Sub24,TS_comp33_5_Sub24,Int2_comp33_5_Sub24,comp33_5_Sub24,-2498.044363,-2498.006196,-2498.025216,-666.264355,-2.97309499991286,20.976697500186106,9.04164750007169,12.01474249998455,23.949792500098965,11.935050000114416,-544.18,[H]c1c([H])c(C(=O)OC([H])([H])[H])c([H])c(OC([H])([H])[H])c1C#N,[H]C1=C(C#N)C(=[O+]C([H])([H])[H])C([H])=C(C([O-])=[O+]C([H])([H])[H])C1,EDG,OMe,unknown,-2498.852005,-2498.810214,-2498.831936,-666.40051,-20.247542500100906,5.976309999963689,-7.65424500000762,12.593297500093286,26.223852500064595,13.63055499997131,-544.18
Int1_comp33_6_Sub10,TS_comp33_6_Sub10,Int2_comp33_6_Sub10,comp33_6_Sub10,-2843.113179,-2843.079063,-2843.110318,-1011.327782,-6.354692499935766,15.05309749994666,-4.559414999974081,1.795277499961685,21.407789999882425,19.61251249992074,-705.8,[H]c1c([H])c(C(=O)OC([H])([H])[H])c([H])c(Cl)c1C#N,[H][C+]1C[C-](C[N-2])[C+](Cl)[C+]([H])[C+]1[C-]([O-])OC([H])([H])[H],EWG,Cl,unknown,-2843.881258,-2843.842151,-2843.876751,-1011.42346,-24.202674999959868,0.3369675000766392,-21.374532499895054,2.828142500064814,24.539642500036507,21.711499999971693,-705.8
Int1_comp33_6_Sub22,TS_comp33_6_Sub22,Int2_comp33_6_Sub22,comp33_6_Sub22,-2422.889133,-2422.856369,-2422.887171,-591.10715,-4.212407499994129,16.347002500032772,-2.9812524998209256,1.231155000173203,20.5594100000269,19.32825499985369,-690.59,[H]c1c([H])c(C(=O)OC([H])([H])[H])c(C([H])([H])[H])c([H])c1C#N,[H][C+]1C[C-](C[N-2])[C+]([H])[C+](C([H])([H])[H])[C+]1[C-]([O-])OC([H])([H])[H],steric,Me,unknown,-2423.69402,-2423.657023,-2423.690942,-591.240769,-21.349432499958425,1.8661849998539992,-19.417987500126515,1.9314449998319105,23.215617499812424,21.284172499980514,-690.59
Int1_comp33_6_Sub23,TS_comp33_6_Sub23,Int2_comp33_6_Sub23,comp33_6_Sub23,-2478.195953,-2478.160197,-2478.189288,-646.413148,-4.7282124999046005,17.708677499947783,-0.5459249999771032,4.182287499927497,22.436889999852383,18.25460249992489,-705.82,[H]c1c([H])c(C(=O)OC([H])([H])[H])c(N([H])C([H])([H])[H])c([H])c1C#N,[H]C1=C(C([O-])=[O+]C([H])([H])[H])C(=[N+]([H])C([H])([H])[H])C([H])=C(C#N)C1,EDG,NHCH3,unknown,-2479.017477,-2478.977235,-2479.009293,-646.562914,-22.17271249994866,3.0791425000731465,-17.03725250007352,5.135459999875138,25.251855000021806,20.116395000146667,-705.82
Int1_comp33_6_Sub24,TS_comp33_6_Sub24,Int2_comp33_6_Sub24,comp33_6_Sub24,-2498.039211,-2498.007719,-2498.038084,-666.259012,-3.0929474998242767,16.668282499935003,-2.385754999826304,0.7071924999979728,19.76122999975928,19.054037499761307,-697.17,[H]c1c([H])c(C(=O)OC([H])([H])[H])c(OC([H])([H])[H])c([H])c1C#N,[H]C1=C(C([O-])=[O+]C([H])([H])[H])C(=[O+]C([H])([H])[H])C([H])=C(C#N)C1,EDG,OMe,unknown,-2498.847122,-2498.811464,-2498.844982,-666.395309,-20.447087500096472,1.9283075000538474,-19.104237500062595,1.3428500000338772,22.37539500015032,21.032545000116443,-697.17
Int1_comp33_6_Sub9,TS_comp33_6_Sub9,Int2_comp33_6_Sub9,comp33_6_Sub9,-2720.509003,-2720.475393,-2720.507252,-888.725427,-5.212015000038548,15.87825999993214,-4.113262499887753,1.0987525001507947,21.09027499997069,19.991522499819894,-707.42,[H]c1c([H])c(C(=O)OC([H])([H])[H])c([H])c(C(F)(F)F)c1C#N,[H][C+]1C[C-](C[N-2])[C+](C(F)(F)F)[C+]([H])[C+]1[C-]([O-])OC([H])([H])[H],EWG,CF3,unknown,-2721.289954,-2721.251331,-2721.286445,-888.833366,-23.443399999950714,0.7925324999965255,-21.241502500159584,2.20189749979113,24.23593249994724,22.03403500015611,-707.42
Int1_comp34_0_Sub10,TS_comp34_0_Sub10,Int2_comp34_0_Sub10,comp34_0_Sub10,-2711.644866,-2711.617681,-2711.637824,-879.868014,-0.992704999990508,16.06588249995781,3.426150000124437,4.418855000114945,17.058587499948317,12.639732499833372,-695.31,[H]c1c([H])c2c(c([H])c1Cl)OC([H])([H])O2,[H]C1=C(Cl)C([H])=C2OC([H])([H])[O+]=C2C1,EWG,Cl,unknown,-2712.39064,-2712.359286,-2712.382295,-879.942885,-17.9006925000337,1.7739425000868891,-12.664204999914261,5.236487500119438,19.67463500012059,14.43814750000115,-695.31
Int1_comp34_0_Sub11,TS_comp34_0_Sub11,Int2_comp34_0_Sub11,comp34_0_Sub11,-2486.51781,-2486.489616,-2486.508716,-654.738251,-2.6913474998394804,15.000387500151078,3.015137500163405,5.7064850000028855,17.691734999990558,11.985249999987673,-689.47,[H]c1c([H])c(C2([H])C([H])([H])C([H])([H])C([H])([H])C([H])([H])C2([H])[H])c([H])c2c1OC([H])([H])O2,[H]C1=C(C2([H])C([H])([H])C([H])([H])C([H])([H])C([H])([H])C2([H])[H])C([H])=C2OC([H])([H])[O+]=C2C1,steric,Cy,unknown,-2487.421189,-2487.388161,-2487.409974,-654.969053,-20.649770000084118,0.07530000009523974,-13.612357500088592,7.037412499995526,20.725070000179358,13.687657500183832,-689.47
Int1_comp34_0_Sub13,TS_comp34_0_Sub13,Int2_comp34_0_Sub13,comp34_0_Sub13,-2369.931375,-2369.903017,-2369.92238,-538.15459,-0.9506625000253166,16.843982499990773,4.693700000063075,5.644362500088391,17.79464500001609,12.150282499927698,-693.39,[H]c1c([H])c(C([H])(C([H])([H])[H])C([H])([H])[H])c([H])c2c1OC([H])([H])O2,[H]C1=C(C([H])(C([H])([H])[H])C([H])([H])[H])C([H])=C2OC([H])([H])[O+]=C2C1,steric,iPr,unknown,-2370.769517,-2370.736042,-2370.758017,-538.320597,-18.631730000114146,2.3738324999990823,-11.415480000070772,7.216250000043374,21.00556250011323,13.789312500069855,-693.39
Int1_comp33_6_Sub21,TS_comp33_6_Sub21,Int2_comp33_6_Sub21,comp33_6_Sub21,-2501.39542,-2501.362901,-2501.393384,-669.61283,-4.593299999817191,15.81237250009849,-3.315709999903902,1.277589999913289,20.40567249991568,19.128082500002392,-688.47,[H]c1c([H])c(C(=O)OC([H])([H])[H])c(C([H])(C([H])([H])[H])C([H])([H])[H])c([H])c1C#N,[H][C+]1C[C-](C[N-2])[C+]([H])[C+](C([H])(C([H])([H])[H])C([H])([H])[H])[C+]1[C-]([O-])OC([H])([H])[H],steric,iPr,unknown,-2502.255209,-2502.218101,-2502.251785,-669.800389,-22.33397999996953,0.9512900000237323,-20.185419999972396,2.1485599999971328,23.28526999999326,21.13670999999613,-688.47
Int1_comp34_0_Sub14,TS_comp34_0_Sub14,Int2_comp34_0_Sub14,comp34_0_Sub14,-2291.422995,-2291.393876,-2291.413273,-459.646798,-0.5816924998867989,17.690479999993727,5.518862499977217,6.100554999864016,18.27217249988053,12.17161750001651,-690.98,[H]c1c([H])c(C([H])([H])[H])c([H])c2c1OC([H])([H])O2,[H]C1=C(C([H])([H])[H])C([H])=C2OC([H])([H])[O+]=C2C1,steric,Me,unknown,-2292.205779,-2292.172004,-2292.194003,-459.758545,-17.57376499993171,3.6200474999915855,-10.184325000040246,7.389439999891465,21.193812499923297,13.804372500031832,-690.98
Int1_comp34_0_Sub15,TS_comp34_0_Sub15,Int2_comp34_0_Sub15,comp34_0_Sub15,-2346.718888,-2346.688502,-2346.707235,-514.938272,-3.3546149998770147,15.712600000065038,3.957642500137979,7.312257500014994,19.067214999942053,11.75495749992706,-663.83,[H]c1c([H])c(N([H])C([H])([H])[H])c([H])c2c1OC([H])([H])O2,[H]C1=C(N([H])C([H])([H])[H])C([H])=C2OC([H])([H])[O+]=C2C1,EDG,NHCH3,unknown,-2347.518396,-2347.483221,-2347.504747,-515.066265,-20.646632499949362,1.425680000038767,-12.081884999957708,8.564747499991654,22.07231249998813,13.507564999996475,-663.83
Int1_comp34_0_Sub24,TS_comp34_0_Sub24,Int2_comp34_0_Sub24,comp34_0_Sub24,-2366.598471,-2366.569112,-2366.589736,-534.821029,-1.3629299998405031,17.059842499945148,4.118282500089094,5.4812124999295975,18.42277249978565,12.941559999856054,-665.96,[H]c1c([H])c([H])c2c(c1[H])OC([H])(OC([H])([H])[H])O2,[H]C1=C([H])C([H])=C2OC([H])(OC([H])([H])[H])[O+]=C2C1,EDG,OMe,unknown,-2367.385613,-2367.352734,-2367.376276,-534.937995,-17.814724999965392,2.8168474999506543,-11.955757499990796,5.858967499974597,20.631572499916047,14.77260499994145,-665.96
Int1_comp34_0_Sub25,TS_comp34_0_Sub25,Int2_comp34_0_Sub25,comp34_0_Sub25,-2589.044175,-2589.015679,-2589.036646,-757.268253,-0.4091299999657849,17.47210999997435,4.31531750001966,4.724447499985445,17.881239999940135,13.15679249995469,-679.86,[H]c1c([H])c2c(c(C(F)(F)F)c1[H])OC([H])([H])O2,[H]C1=C([H])C(C(F)(F)F)=C2OC([H])([H])[O+]=C2C1,EWG,CF3,unknown,-2589.802544,-2589.769961,-2589.793773,-757.355328,-17.562470000102905,2.8833624999967356,-12.058667499944988,5.503802500157917,20.44583250009964,14.942029999941724,-679.86
Int1_comp34_0_Sub26,TS_comp34_0_Sub26,Int2_comp34_0_Sub26,comp34_0_Sub26,-2711.644144,-2711.614298,-2711.634473,-879.86627,-1.6340099998694768,17.094355000072028,4.434542500004,6.068552499873476,18.728364999941505,12.659812500068028,-688.53,[H]c1c([H])c(Cl)c2c(c1[H])OC([H])([H])O2,[H]C1=C([H])C(Cl)=C2OC([H])([H])[O+]=C2C1,EWG,Cl,unknown,-2712.389784,-2712.355936,-2712.379006,-879.941198,-18.42214500000125,2.8174750000204085,-11.658950000098116,6.763194999903135,21.23962000002166,14.476425000118525,-688.53
Int1_comp34_0_Sub27,TS_comp34_0_Sub27,Int2_comp34_0_Sub27,comp34_0_Sub27,-2486.520748,-2486.488394,-2486.50798,-654.738903,-4.125812499856068,16.176322500107005,3.8861075001759104,8.011920000031978,20.30213499996308,12.290214999931097,-692.63,[H]c1c([H])c2c(c(C3([H])C([H])([H])C([H])([H])C([H])([H])C([H])([H])C3([H])[H])c1[H])OC([H])([H])O2,[H]C1=C([H])C(C2([H])C([H])([H])C([H])([H])C([H])([H])C([H])([H])C2([H])[H])=C2OC([H])([H])[O+]=C2C1,steric,Cy,unknown,-2487.423825,-2487.387082,-2487.40934,-654.969859,-21.79809499989574,1.2581374998910633,-12.708757500087131,9.089337499808607,23.056232499786802,13.966894999978194,-692.63
Int1_comp34_0_Sub17,TS_comp34_0_Sub17,Int2_comp34_0_Sub17,comp34_0_Sub17,-2589.043629,-2589.015463,-2589.036623,-757.267562,-0.500117499807402,17.174047499942162,3.896147500079224,4.3962649998866254,17.674164999749564,13.27789999986294,-646.85,[H]c1c([H])c([H])c2c(c1[H])OC([H])(C(F)(F)F)O2,[H]C1=C([H])C([H])=C2OC([H])(C(F)(F)F)[O+]=C2C1,EWG,CF3,unknown,-2589.802331,-2589.770529,-2589.794333,-757.355453,-17.35037499992501,2.6053800000565275,-12.33162999989787,5.018745000027138,19.955754999981536,14.937009999954398,-646.85
Int1_comp34_6_Sub10,TS_comp34_6_Sub10,Int2_comp34_6_Sub10,comp34_6_Sub10,-2711.644865,-2711.61768,-2711.637824,-879.868014,-0.9920775000634308,16.06651000017024,3.426150000124437,4.418227500187868,17.05858750023367,12.640360000045805,-695.28,[H]c1c([H])c2c(c([H])c1Cl)OC([H])([H])O2,[H]C1=C(Cl)C([H])=C2OC([H])([H])[O+]=C2C1,EWG,Cl,unknown,-2712.390639,-2712.359284,-2712.382295,-879.942885,-17.900065000106622,1.7751974999410436,-12.664204999914261,5.2358600001923605,19.675262500047666,14.439402499855305,-695.28
Int1_comp34_0_Sub18,TS_comp34_0_Sub18,Int2_comp34_0_Sub18,comp34_0_Sub18,-2711.65487,-2711.626339,-2711.648458,-879.875247,-2.731507499880763,15.17169500007526,1.2920224999481889,4.023529999828952,17.903202499956024,13.879672500127072,-604.06,[H]c1c([H])c([H])c2c(c1[H])OC([H])(Cl)O2,[H]C1=C([H])C([H])=C2OC([H])(Cl)[O+]=C2C1,EWG,Cl,unknown,-2712.400892,-2712.368949,-2712.393685,-879.95124,-19.091060000095865,0.9531724998763025,-14.568667500028312,4.5223925000675536,20.044232499972168,15.521839999904614,-604.06
Int1_comp34_0_Sub19,TS_comp34_0_Sub19,Int2_comp34_0_Sub19,comp34_0_Sub19,-2486.52648,-2486.497517,-2486.516877,-654.744975,-3.9124624999666935,14.26182000016098,2.1134200000145142,6.025882499981208,18.17428250012768,12.148400000146466,-677.91,[H]c1c([H])c([H])c2c(c1[H])OC([H])(C1([H])C([H])([H])C([H])([H])C([H])([H])C([H])([H])C1([H])[H])O2,[H]C1=C([H])C([H])=C2OC([H])(C3([H])C([H])([H])C([H])([H])C([H])([H])C([H])([H])C3([H])[H])[O+]=C2C1,steric,Cy,unknown,-2487.4294,-2487.397027,-2487.418871,-654.976444,-21.16431999999776,-0.8502624999934483,-14.557372499914152,6.606947500083606,20.31405750000431,13.707109999920704,-677.91
Int1_comp34_0_Sub20,TS_comp34_0_Sub20,Int2_comp34_0_Sub20,comp34_0_Sub20,-2409.198808,-2409.168819,-2409.188486,-577.418768,-2.99317500000484,15.824922500066805,3.4838800000500214,6.477055000054861,18.818097500071644,12.341042500016783,-680.51,[H]c1c([H])c([H])c2c(c1[H])OC([H])(C(C([H])([H])[H])(C([H])([H])[H])C([H])([H])[H])O2,[H]C1=C([H])C([H])=C2OC([H])(C(C([H])([H])[H])(C([H])([H])[H])C([H])([H])[H])[O+]=C2C1,steric,tBu,unknown,-2410.06268,-2410.029408,-2410.051853,-577.61212,-19.660830000012766,1.2173500000653803,-12.866887499973245,6.79394250003952,20.878180000078146,14.084237500038626,-680.51
Int1_comp34_0_Sub21,TS_comp34_0_Sub21,Int2_comp34_0_Sub21,comp34_0_Sub21,-2369.941066,-2369.911608,-2369.930676,-538.161995,-2.385127499827888,16.09976750015761,4.134597500119241,6.51972499994713,18.4848949999855,11.96517000003837,-683.29,[H]c1c([H])c([H])c2c(c1[H])OC([H])(C([H])(C([H])([H])[H])C([H])([H])[H])O2,[H]C1=C([H])C([H])=C2OC([H])(C([H])(C([H])([H])[H])C([H])([H])[H])[O+]=C2C1,steric,iPr,unknown,-2370.778284,-2370.745323,-2370.767194,-538.328698,-19.049644999986413,1.6333824999423996,-12.090670000006867,6.958974999979546,20.683027499928812,13.724052499949266,-683.29
Int1_comp34_0_Sub22,TS_comp34_0_Sub22,Int2_comp34_0_Sub22,comp34_0_Sub22,-2291.430952,-2291.401456,-2291.421067,-459.652933,-1.7249975000321172,16.783742500035856,4.477839999930353,6.20283749996247,18.508740000067974,12.305902500105503,-691.92,[H]c1c([H])c([H])c2c(c1[H])OC([H])(C([H])([H])[H])O2,[H]C1=C([H])C([H])=C2OC([H])(C([H])([H])[H])[O+]=C2C1,steric,Me,unknown,-2292.213762,-2292.180691,-2292.202893,-459.765997,-17.90696749991085,2.845084999986369,-11.086670000080545,6.820297499830303,20.752052499897218,13.931755000066914,-691.92
Int1_comp34_0_Sub28,TS_comp34_0_Sub28,Int2_comp34_0_Sub28,comp34_0_Sub28,-2409.187524,-2409.155552,-2409.175104,-577.408819,-2.155462499908367,17.906967499946518,5.638087500104234,7.793550000012601,20.062429999854885,12.268879999842284,-692.38,[H]c1c([H])c2c(c(C(C([H])([H])[H])(C([H])([H])[H])C([H])([H])[H])c1[H])OC([H])([H])O2,[H]C1=C([H])C(C(C([H])([H])[H])(C([H])([H])[H])C([H])([H])[H])=C2OC([H])([H])[O+]=C2C1,steric,tBu,unknown,-2410.052023,-2410.016221,-2410.038443,-577.60234,-19.11051250011809,3.355242500089446,-10.589062499945783,8.521450000172308,22.465755000207537,13.944305000035229,-692.38
Int1_comp34_0_Sub29,TS_comp34_0_Sub29,Int2_comp34_0_Sub29,comp34_0_Sub29,-2369.93422,-2369.902235,-2369.921765,-538.15522,-2.340575000011711,17.730012500036594,5.474937500016779,7.81551250002849,20.070587500048305,12.255075000019817,-690.94,[H]c1c([H])c2c(c(C([H])(C([H])([H])[H])C([H])([H])[H])c1[H])OC([H])([H])O2,[H]C1=C([H])C(C([H])(C([H])([H])[H])C([H])([H])[H])=C2OC([H])([H])[O+]=C2C1,steric,iPr,unknown,-2370.771695,-2370.735347,-2370.757523,-538.321544,-19.404182499947353,3.4041875001085486,-10.511252500142234,8.89292999980512,22.808370000055902,13.915440000250783,-690.94
Int1_comp34_0_Sub30,TS_comp34_0_Sub30,Int2_comp34_0_Sub30,comp34_0_Sub30,-2291.426339,-2291.394616,-2291.41389,-459.648394,-1.6785625000066773,18.22762000002868,6.133185000173995,7.811747500180672,19.90618250003536,12.094434999854684,-690.83,[H]c1c([H])c2c(c(C([H])([H])[H])c1[H])OC([H])([H])O2,[H]C1=C([H])C(C([H])([H])[H])=C2OC([H])([H])[O+]=C2C1,steric,Me,unknown,-2292.208427,-2292.172772,-2292.194712,-459.760212,-18.189342500018313,4.184170000065421,-9.583179999988545,8.606162500029768,22.373512500083734,13.767350000053966,-690.83
Int1_comp34_0_Sub31,TS_comp34_0_Sub31,Int2_comp34_0_Sub31,comp34_0_Sub31,-2346.721437,-2346.687087,-2346.705643,-514.940028,-3.8522225000474464,17.70240250017764,6.058512500184179,9.910735000231623,21.554625000225087,11.643889999993462,-702.02,[H]c1c([H])c2c(c(N([H])C([H])([H])[H])c1[H])OC([H])([H])O2,[H]C1=C([H])C(N([H])C([H])([H])[H])=C2OC([H])([H])[O+]=C2C1,EDG,NHCH3,unknown,-2347.520042,-2347.481824,-2347.503122,-515.068028,-20.573215000063385,3.40858000002612,-9.955915000046218,10.617300000017167,23.981795000089505,13.364495000072338,-702.02
Int1_comp34_0_Sub32,TS_comp34_0_Sub32,Int2_comp34_0_Sub32,comp34_0_Sub32,-2366.577475,-2366.544523,-2366.563869,-534.799668,-1.591967499975624,19.085412500038785,6.945797500012816,8.53776499998844,20.67738000001441,12.13961500002597,-699.76,[H]c1c([H])c(OC([H])([H])[H])c2c(c1[H])OC([H])([H])O2,[H]C1=C([H])C(=[O+]C([H])([H])[H])C2=C(C1)OC([H])([H])O2,EDG,OMe,unknown,-2367.364136,-2367.327277,-2367.349351,-534.915904,-18.200010000134057,4.929012500039676,-8.922422499944673,9.277587500189384,23.129022500173733,13.851434999984349,-699.76
Int1_comp34_0_Sub8,TS_comp34_0_Sub8,Int2_comp34_0_Sub8,comp34_0_Sub8,-2366.58154,-2366.545154,-2366.564898,-534.803162,-1.9502699999983968,20.88194500013998,8.49258500003117,10.442855000029567,22.832215000138376,12.389360000108807,-689.59,[H]c1c([H])c2c(c([H])c1OC([H])([H])[H])OC([H])([H])O2,[H]C1=C([H])C2=C(CC1=[O+]C([H])([H])[H])OC([H])([H])O2,EDG,OMe,unknown,-2367.369292,-2367.32797,-2367.350049,-534.919311,-19.297507499931328,6.6320475000915735,-7.222525000098869,12.074982499832458,25.9295550000229,13.854572500190443,-689.59
Int1_comp34_0_Sub9,TS_comp34_0_Sub9,Int2_comp34_0_Sub9,comp34_0_Sub9,-2589.04458,-2589.019078,-2589.039567,-757.271171,1.1677774999051849,17.170282500165683,4.31343500016709,3.1456575002619047,16.0025050002605,12.856847499998594,-689.24,[H]c1c([H])c(C(F)(F)F)c([H])c2c1OC([H])([H])O2,[H]C1=C(C(F)(F)F)C([H])=C2OC([H])([H])[O+]=C2C1,EWG,CF3,unknown,-2589.80341,-2589.773488,-2589.796705,-757.358159,-16.329432500005794,2.446622500100659,-12.122045000141668,4.207387499864126,18.776055000106453,14.568667500242327,-689.24
Int1_comp34_0_Sub23,TS_comp34_0_Sub23,Int2_comp34_0_Sub23,comp34_0_Sub23,-2346.728496,-2346.698025,-2346.71773,-514.947818,-3.393520000064143,15.72703249995726,3.3621450001433573,6.7556650002075,19.120552500021404,12.364887499813904,-688.87,[H]c1c([H])c([H])c2c(c1[H])OC([H])(N([H])C([H])([H])[H])O2,[H]C1=C([H])C([H])=C2OC([H])(N([H])C([H])([H])[H])[O+]=C2C1,EDG,NHCH3,unknown,-2347.527439,-2347.493655,-2347.516283,-515.076685,-19.78256499999077,1.4168949998469316,-12.782174999973108,7.00039000001766,21.1994599998377,14.19906999982004,-688.87
Int1_comp34_6_Sub14,TS_comp34_6_Sub14,Int2_comp34_6_Sub14,comp34_6_Sub14,-2291.422998,-2291.393876,-2291.413272,-459.646797,-0.5842024999518003,17.68985249999531,5.518862500191233,6.103065000143033,18.27405499994711,12.170989999804078,-690.98,[H]c1c([H])c(C([H])([H])[H])c([H])c2c1OC([H])([H])O2,[H]C1=C(C([H])([H])[H])C([H])=C2OC([H])([H])[O+]=C2C1,steric,Me,unknown,-2292.20578,-2292.172004,-2292.194004,-459.758545,-17.57439249985879,3.6200474999915855,-10.184952499967324,7.389439999891465,21.194439999850374,13.804999999958909,-690.98
Int1_comp34_6_Sub15,TS_comp34_6_Sub15,Int2_comp34_6_Sub15,comp34_6_Sub15,-2346.723252,-2346.688502,-2346.707235,-514.938272,-6.093024999811689,15.712600000065038,3.957642500137979,10.050667499949668,21.805624999876727,11.75495749992706,-663.85,[H]c1c([H])c(N([H])C([H])([H])[H])c([H])c2c1OC([H])([H])O2,[H]C1=C(N([H])C([H])([H])[H])C([H])=C2OC([H])([H])[O+]=C2C1,EDG,NHCH3,unknown,-2347.523121,-2347.483222,-2347.504747,-515.066264,-23.61219750009525,1.424425000113274,-12.082512499956124,11.529685000139125,25.036622500208523,13.506937500069398,-663.85
Int1_comp34_6_Sub16,TS_comp34_6_Sub16,Int2_comp34_6_Sub16,comp34_6_Sub16,-2366.582974,-2366.551751,-2366.571123,-534.80316,-2.851359999863518,16.74107250010792,4.585142499980464,7.436502499843982,19.59243249997144,12.155930000127457,-666.98,[H]c1c([H])c2c(c([H])c1OC([H])([H])[H])OC([H])([H])O2,[H]C1=C(OC([H])([H])[H])C([H])=C2OC([H])([H])[O+]=C2C1,EDG,OMe,unknown,-2367.370566,-2367.334489,-2367.356659,-534.919311,-20.096942500053103,2.5413750000754476,-11.370300000042164,8.72664250001094,22.63831750012855,13.911675000117611,-666.98
Int1_comp34_6_Sub17,TS_comp34_6_Sub17,Int2_comp34_6_Sub17,comp34_6_Sub17,-2589.04418,-2589.015679,-2589.036646,-757.268253,-0.412267499886525,17.47210999997435,4.31531750001966,4.727584999906185,17.884377499860875,13.15679249995469,-679.88,[H]c1c([H])c2c(c(C(F)(F)F)c1[H])OC([H])([H])O2,[H]C1=C([H])C(C(F)(F)F)=C2OC([H])([H])[O+]=C2C1,EWG,CF3,unknown,-2589.802548,-2589.769961,-2589.793773,-757.355328,-17.56498000009657,2.8833624999967356,-12.058667499944988,5.50631250015158,20.448342500093304,14.942029999941724,-679.88
Int1_comp34_6_Sub18,TS_comp34_6_Sub18,Int2_comp34_6_Sub18,comp34_6_Sub18,-2711.644145,-2711.614298,-2711.634472,-879.86627,-1.634637500081908,17.094355000072028,4.435169999931077,6.069807500012985,18.728992500153936,12.659185000140951,-688.55,[H]c1c([H])c(Cl)c2c(c1[H])OC([H])([H])O2,[H]C1=C([H])C(Cl)=C2OC([H])([H])[O+]=C2C1,EWG,Cl,unknown,-2712.389785,-2712.355936,-2712.379006,-879.941198,-18.422772499928328,2.8174750000204085,-11.658950000098116,6.763822499830212,21.240247499948737,14.476425000118525,-688.55
Int1_comp34_6_Sub19,TS_comp34_6_Sub19,Int2_comp34_6_Sub19,comp34_6_Sub19,-2486.52075,-2486.488394,-2486.50798,-654.738903,-4.127067499995576,16.176322500107005,3.8861075001759104,8.013175000171486,20.30339000010258,12.290214999931097,-692.64,[H]c1c([H])c2c(c(C3([H])C([H])([H])C([H])([H])C([H])([H])C([H])([H])C3([H])[H])c1[H])OC([H])([H])O2,[H]C1=C([H])C(C2([H])C([H])([H])C([H])([H])C([H])([H])C([H])([H])C2([H])[H])=C2OC([H])([H])[O+]=C2C1,steric,Cy,unknown,-2487.423825,-2487.387082,-2487.40934,-654.969859,-21.79809499989574,1.2581374998910633,-12.708757500087131,9.089337499808607,23.056232499786802,13.966894999978194,-692.64
Int1_comp34_6_Sub21,TS_comp34_6_Sub21,Int2_comp34_6_Sub21,comp34_6_Sub21,-2369.934222,-2369.902236,-2369.921765,-538.15522,-2.3418299998658654,17.729385000109517,5.474937500016779,7.816767499882644,20.071214999975385,12.254447500092738,-690.93,[H]c1c([H])c2c(c(C([H])(C([H])([H])[H])C([H])([H])[H])c1[H])OC([H])([H])O2,[H]C1=C([H])C(C([H])(C([H])([H])[H])C([H])([H])[H])=C2OC([H])([H])[O+]=C2C1,steric,iPr,unknown,-2370.771697,-2370.735347,-2370.757523,-538.321545,-19.404810000088446,3.4048150001069644,-10.510625000143818,8.894184999944628,22.80962500019541,13.915440000250783,-690.93
Int1_comp34_6_Sub22,TS_comp34_6_Sub22,Int2_comp34_6_Sub22,comp34_6_Sub22,-2291.426339,-2291.394616,-2291.41389,-459.648394,-1.6785625000066773,18.22762000002868,6.133185000173995,7.811747500180672,19.90618250003536,12.094434999854684,-690.83,[H]c1c([H])c2c(c(C([H])([H])[H])c1[H])OC([H])([H])O2,[H]C1=C([H])C(C([H])([H])[H])=C2OC([H])([H])[O+]=C2C1,steric,Me,unknown,-2292.208427,-2292.172772,-2292.194712,-459.760212,-18.189342500018313,4.184170000065421,-9.583179999988545,8.606162500029768,22.373512500083734,13.767350000053966,-690.83
Int1_comp34_6_Sub23,TS_comp34_6_Sub23,Int2_comp34_6_Sub23,comp34_6_Sub23,-2346.721432,-2346.687087,-2346.705643,-514.94003,-3.847829999844521,17.703657500174472,6.05976750018101,9.907597500025531,21.551487500019,11.643889999993462,-702.24,[H]c1c([H])c2c(c(N([H])C([H])([H])[H])c1[H])OC([H])([H])O2,[H]C1=C([H])C(N([H])C([H])([H])[H])=C2OC([H])([H])[O+]=C2C1,EDG,NHCH3,unknown,-2347.520039,-2347.481822,-2347.503122,-515.068027,-20.571959999995215,3.409207499881859,-9.956542500044634,10.615417499950581,23.981167499877074,13.365749999926493,-702.24
Int1_comp34_6_Sub24,TS_comp34_6_Sub24,Int2_comp34_6_Sub24,comp34_6_Sub24,-2366.577478,-2366.544523,-2366.56387,-534.799668,-1.5938500000422096,19.085412500038785,6.945170000085739,8.539020000127948,20.679262500080995,12.140242499953048,-699.82,[H]c1c([H])c(OC([H])([H])[H])c2c(c1[H])OC([H])([H])O2,[H]C1=C([H])C(OC([H])([H])[H])=C2OC([H])([H])[O+]=C2C1,EDG,OMe,unknown,-2367.364138,-2367.327277,-2367.349351,-534.915906,-18.20000999999138,4.930267500036507,-8.921167499947842,9.278842500043538,23.130277500027887,13.851434999984349,-699.82
Int1_comp34_6_Sub25,TS_comp34_6_Sub25,Int2_comp34_6_Sub25,comp34_6_Sub25,-2589.043628,-2589.015462,-2589.036621,-757.267561,-0.5001174998787405,17.174047500156178,3.896774999934962,4.396892499813703,17.674165000034918,13.277272500221216,-646.84,[H]c1c([H])c([H])c2c(c1[H])OC([H])(C(F)(F)F)O2,[H]C1=C([H])C([H])=C2OC([H])(C(F)(F)F)[O+]=C2C1,EWG,CF3,unknown,-2589.802325,-2589.770529,-2589.794332,-757.355453,-17.34661000007719,2.6053800000565275,-12.331002499970793,5.015607500106398,19.95199000013372,14.936382500027321,-646.84
Int1_comp34_6_Sub11,TS_comp34_6_Sub11,Int2_comp34_6_Sub11,comp34_6_Sub11,-2486.517876,-2486.489616,-2486.508715,-654.738249,-2.734017499874426,14.999132500154246,3.014510000093651,5.748527499968077,17.733150000028672,11.984622500060595,-689.48,[H]c1c([H])c(C2([H])C([H])([H])C([H])([H])C([H])([H])C([H])([H])C2([H])[H])c([H])c2c1OC([H])([H])O2,[H]C1=C(C2([H])C([H])([H])C([H])([H])C([H])([H])C([H])([H])C2([H])[H])C([H])=C2OC([H])([H])[O+]=C2C1,steric,Cy,unknown,-2487.42124,-2487.388161,-2487.409973,-654.969054,-20.681145000076242,0.07592750009365545,-13.611102499877745,7.070042500198497,20.757072500169897,13.6870299999714,-689.48
Int1_comp34_6_Sub13,TS_comp34_6_Sub13,Int2_comp34_6_Sub13,comp34_6_Sub13,-2369.931376,-2369.903018,-2369.922379,-538.154592,-0.9500349999555624,16.844610000060527,4.695582499986983,5.645617499942546,17.79464500001609,12.149027500073544,-693.48,[H]c1c([H])c(C([H])(C([H])([H])[H])C([H])([H])[H])c([H])c2c1OC([H])([H])O2,[H]C1=C(C([H])(C([H])([H])[H])C([H])([H])[H])C([H])=C2OC([H])([H])[O+]=C2C1,steric,iPr,unknown,-2370.769517,-2370.736042,-2370.758018,-538.320596,-18.632357500112562,2.3732050000006666,-11.416734999996265,7.215622500116297,21.00556250011323,13.789939999996932,-693.48
Int1_comp34_6_Sub27,TS_comp34_6_Sub27,Int2_comp34_6_Sub27,comp34_6_Sub27,-2486.526431,-2486.497518,-2486.516881,-654.744975,-3.881714999830308,14.26119249994855,2.1109100000208514,5.992624999851159,18.142907499778858,12.150282499927698,-677.94,[H]c1c([H])c([H])c2c(c1[H])OC([H])(C1([H])C([H])([H])C([H])([H])C([H])([H])C([H])([H])C1([H])[H])O2,[H]C1=C([H])C([H])=C2OC([H])(C3([H])C([H])([H])C([H])([H])C([H])([H])C([H])([H])C3([H])[H])[O+]=C2C1,steric,Cy,unknown,-2487.429386,-2487.397029,-2487.418873,-654.976444,-21.15553499987726,-0.8515175001329567,-14.55862750005366,6.596907499823601,20.304017499744305,13.707109999920704,-677.94
Int1_comp34_6_Sub26,TS_comp34_6_Sub26,Int2_comp34_6_Sub26,comp34_6_Sub26,-2711.654868,-2711.626338,-2711.648458,-879.875247,-2.7302525000266087,15.172322500002338,1.2920224999481889,4.0222749999747975,17.902575000028946,13.880300000054149,-604.01,[H]c1c([H])c([H])c2c(c1[H])OC([H])(Cl)O2,[H]C1=C([H])C([H])=C2OC([H])(Cl)[O+]=C2C1,EWG,Cl,unknown,-2712.400892,-2712.368948,-2712.393685,-879.95124,-19.091060000095865,0.9538000000887337,-14.568667500028312,4.5223925000675536,20.0448600001846,15.522467500117045,-604.01
Int1_comp34_6_Sub8,TS_comp34_6_Sub8,Int2_comp34_6_Sub8,comp34_6_Sub8,-2366.581535,-2366.545154,-2366.564896,-534.803159,-1.9490149997875503,20.88006250014473,8.491957500175431,10.440972499962982,22.82907749993228,12.3881049999693,-690.31,[H]c1c([H])c2c(c([H])c1OC([H])([H])[H])OC([H])([H])O2,[H]C1=C([H])C2=C(CC1=[O+]C([H])([H])[H])OC([H])([H])O2,EDG,OMe,unknown,-2367.369287,-2367.327974,-2367.350048,-534.919309,-19.29562500000742,6.628282500101079,-7.22315249988327,12.07247250012415,25.9239075001085,13.851434999984349,-690.31
Int1_comp34_6_Sub9,TS_comp34_6_Sub9,Int2_comp34_6_Sub9,comp34_6_Sub9,-2589.04459,-2589.019077,-2589.039567,-757.271174,1.1633850000589518,17.172792500088008,4.315317500162337,3.151932500103385,16.009407500029056,12.857474999925673,-689.23,[H]c1c([H])c(C(F)(F)F)c([H])c2c1OC([H])([H])O2,[H]C1=C(C(F)(F)F)C([H])=C2OC([H])([H])[O+]=C2C1,EWG,CF3,unknown,-2589.803414,-2589.773487,-2589.796704,-757.358159,-16.331942499999457,2.4472500000277364,-12.121417499929237,4.21052500007022,18.779192500027193,14.568667499956973,-689.23
Int1_comp34_7_Sub10,TS_comp34_7_Sub10,Int2_comp34_7_Sub10,comp34_7_Sub10,-2711.644865,-2711.607656,-2711.631413,-879.867995,-1.0040000001046678,22.3446474999426,7.437129999985075,8.441130000089743,23.348647500047264,14.90751749995752,-699.22,[H]c1c([H])c2c(c([H])c1Cl)OC([H])([H])O2,[H]C1=C2OC([H])([H])[O+]=C2C([H])=C(Cl)C1,EWG,Cl,unknown,-2712.390638,-2712.348865,-2712.375578,-879.942886,-17.898809999895775,8.31374750005466,-8.448660000070731,9.450149999825044,26.212557499950435,16.76240750012539,-699.22
Int1_comp34_7_Sub17,TS_comp34_7_Sub17,Int2_comp34_7_Sub17,comp34_7_Sub17,-2589.043296,-2589.015418,-2589.031902,-757.268251,0.1411875001429052,17.63463250006339,7.290922499926182,7.149734999783277,17.493444999920484,10.343710000137207,-793.56,[H]c1c([H])c2c(c(C(F)(F)F)c1[H])OC([H])([H])O2,[H]C1=C2OC([H])([H])[O+]=C2C(C(F)(F)F)=C([H])C1,EWG,CF3,unknown,-2589.802051,-2589.769751,-2589.788776,-757.355327,-17.25374000009765,3.014510000093651,-8.923677499941505,8.330062500156146,20.2682500001913,11.938187500035156,-793.56
Int1_comp34_7_Sub18,TS_comp34_7_Sub18,Int2_comp34_7_Sub18,comp34_7_Sub18,-2711.643286,-2711.612647,-2711.631405,-879.866224,-1.124479999943162,18.10149250009744,6.3308474999959685,7.455327499939131,19.2259725000406,11.770645000101467,-734.04,[H]c1c([H])c(Cl)c2c(c1[H])OC([H])([H])O2,[H]C1=C(Cl)C2=[O+]C([H])([H])OC2=C([H])C1,EWG,Cl,unknown,-2712.388974,-2712.354344,-2712.375654,-879.941195,-17.915752499995676,3.814572500071165,-9.557452499982162,8.358300000013514,21.73032500006684,13.372025000053327,-734.04
Int1_comp34_7_Sub20,TS_comp34_7_Sub20,Int2_comp34_7_Sub20,comp34_7_Sub20,-2409.184789,-2409.153569,-2409.172172,-577.408819,-0.4392499998897392,19.151300000015112,7.477917500024773,7.917167499914512,19.59054999990485,11.67338249999034,-697.66,[H]c1c([H])c2c(c(C(C([H])([H])[H])(C([H])([H])[H])C([H])([H])[H])c1[H])OC([H])([H])O2,[H]C1=C2OC([H])([H])[O+]=C2C(C(C([H])([H])[H])(C([H])([H])[H])C([H])([H])[H])=C([H])C1,steric,tBu,unknown,-2410.050234,-2410.014175,-2410.035238,-577.602339,-17.988542499883238,4.638480000131153,-8.5785524999568,9.409989999926438,22.62702250001439,13.217032500087953,-697.66
Int1_comp34_7_Sub22,TS_comp34_7_Sub22,Int2_comp34_7_Sub22,comp34_7_Sub22,-2291.424387,-2291.392422,-2291.410405,-459.648395,-0.4530549999618927,19.604982500118098,8.320650000001564,8.773704999963456,20.05803750007999,11.284332500116534,-718.01,[H]c1c([H])c2c(c(C([H])([H])[H])c1[H])OC([H])([H])O2,[H]C1=C2OC([H])([H])[O+]=C2C(C([H])([H])[H])=C([H])C1,steric,Me,unknown,-2292.207021,-2292.170467,-2292.190968,-459.760212,-17.307077500105663,5.630557500051907,-7.233819999927675,10.073257500177988,22.93763500015757,12.864377499979582,-718.01
Int1_comp34_6_Sub28,TS_comp34_6_Sub28,Int2_comp34_6_Sub28,comp34_6_Sub28,-2409.198812,-2409.168817,-2409.188486,-577.418767,-2.996312499996918,15.825549999922544,3.4832525000516057,6.479565000048524,18.82186249991946,12.342297499870938,-680.47,[H]c1c([H])c([H])c2c(c1[H])OC([H])(C(C([H])([H])[H])(C([H])([H])[H])C([H])([H])[H])O2,[H]C1=C([H])C([H])=C2OC([H])(C(C([H])([H])[H])(C([H])([H])[H])C([H])([H])[H])[O+]=C2C1,steric,tBu,unknown,-2410.062684,-2410.029407,-2410.051853,-577.61212,-19.66334000000643,1.2179774999924575,-12.866887499973245,6.796452500033183,20.881317499998886,14.084864999965703,-680.47
Int1_comp34_6_Sub29,TS_comp34_6_Sub29,Int2_comp34_6_Sub29,comp34_6_Sub29,-2369.941068,-2369.911605,-2369.930676,-538.161995,-2.3863824999673966,16.101650000224197,4.134597500119241,6.520980000086638,18.4880325001916,11.967052500104955,-683.26,[H]c1c([H])c([H])c2c(c1[H])OC([H])(C([H])(C([H])([H])[H])C([H])([H])[H])O2,[H]C1=C([H])C([H])=C2OC([H])(C([H])(C([H])([H])[H])C([H])([H])[H])[O+]=C2C1,steric,iPr,unknown,-2370.778284,-2370.745322,-2370.767194,-538.328698,-19.049644999986413,1.6340099998694768,-12.090670000006867,6.958974999979546,20.68365499985589,13.724679999876344,-683.26
Int1_comp34_6_Sub30,TS_comp34_6_Sub30,Int2_comp34_6_Sub30,comp34_6_Sub30,-2291.430961,-2291.401455,-2291.421067,-459.652932,-1.7312724999449358,16.783742499964518,4.477212499931937,6.208484999876873,18.515014999909454,12.30653000003258,-691.97,[H]c1c([H])c([H])c2c(c1[H])OC([H])(C([H])([H])[H])O2,[H]C1=C([H])C([H])=C2OC([H])(C([H])([H])[H])[O+]=C2C1,steric,Me,unknown,-2292.213767,-2292.18069,-2292.202893,-459.765997,-17.910105000116943,2.8457124999134464,-11.086670000080545,6.8234350000363975,20.75581750003039,13.932382499993992,-691.97
Int1_comp34_6_Sub31,TS_comp34_6_Sub31,Int2_comp34_6_Sub31,comp34_6_Sub31,-2346.728495,-2346.698025,-2346.717725,-514.947818,-3.392892499851712,15.72703249995726,3.3652825000640973,6.758174999915809,19.119924999808973,12.361749999893163,-688.87,[H]c1c([H])c([H])c2c(c1[H])OC([H])(N([H])C([H])([H])[H])O2,[H]C1=C([H])C([H])=C2OC([H])(N([H])C([H])([H])[H])[O+]=C2C1,EDG,NHCH3,unknown,-2347.527439,-2347.493654,-2347.51628,-515.076685,-19.78256499999077,1.4175225000593628,-12.780292499906523,7.002272500084246,21.20008750005013,14.197814999965885,-688.87
Int1_comp34_6_Sub32,TS_comp34_6_Sub32,Int2_comp34_6_Sub32,comp34_6_Sub32,-2366.598452,-2366.569114,-2366.589736,-534.821029,-1.35100750008462,17.058587500090994,4.118282500089094,5.469290000173714,18.409595000175614,12.9403050000019,-665.87,[H]c1c([H])c([H])c2c(c1[H])OC([H])(OC([H])([H])[H])O2,[H]C1=C([H])C([H])=C2OC([H])(OC([H])([H])[H])[O+]=C2C1,EDG,OMe,unknown,-2367.385584,-2367.352736,-2367.376276,-534.937995,-17.796527500082675,2.8155925000965,-11.955757499990796,5.840770000091879,20.612120000179175,14.771350000087295,-665.87
Int1_comp34_7_Sub31,TS_comp34_7_Sub31,Int2_comp34_7_Sub31,comp34_7_Sub31,-2346.728929,-2346.694548,-2346.712119,-514.947817,-3.6658549998759327,17.908222500086026,6.882420000172829,10.54827500004876,21.57407749996196,11.025802499913198,-718.34,[H]c1c([H])c([H])c2c(c1[H])OC([H])(N([H])C([H])([H])[H])O2,[H]C1=C([H])C2=[O+]C([H])(N([H])C([H])([H])[H])OC2=C([H])C1,EDG,NHCH3,unknown,-2347.528375,-2347.489997,-2347.510165,-515.076685,-20.369904999934647,3.7122899999013725,-8.943130000106407,11.42677499982824,24.08219499983602,12.65542000000778,-718.34
Int1_comp34_7_Sub8,TS_comp34_7_Sub8,Int2_comp34_7_Sub8,comp34_7_Sub8,-2366.57954,-2366.541139,-2366.558482,-534.799669,-2.8871275000585683,21.209500000097705,10.326767500108645,13.213895000167213,24.09662750015628,10.88273249998906,-666.67,[H]c1c([H])c(OC([H])([H])[H])c2c(c1[H])OC([H])([H])O2,[H]C1=C([H])C2=C(OC([H])([H])O2)C(=[O+]C([H])([H])[H])C1,EDG,OMe,unknown,-2367.366145,-2367.323543,-2367.34382,-534.915908,-19.45814750002512,7.274607499967374,-5.4492100000817345,14.008937499943386,26.732754999992494,12.723817500049108,-666.67
Int1_comp36_2_Sub10,TS_comp36_2_Sub10,Int2_comp36_2_Sub10,comp36_2_Sub10,-3038.039518,-3037.99928,-3038.012902,-1206.252359,-7.460347499926456,17.788997500101686,9.241192500138595,16.70154000006505,25.249345000028143,8.547804999963091,-689.64,[H]c1c([H])c(N([H])[H])c(Cl)c([H])c1Cl,[H]C1=C(Cl)C([H])=C(Cl)C(=[N+]([H])[H])C1,EWG,Cl,unknown,-3038.776842,-3038.732506,-3038.749116,-1206.317984,-24.867825000135326,2.953015000106234,-7.4697599999740305,17.398065000161296,27.82084000024156,10.422775000080264,-689.64
Int1_comp34_7_Sub23,TS_comp34_7_Sub23,Int2_comp34_7_Sub23,comp34_7_Sub23,-2346.721962,-2346.685985,-2346.703614,-514.940069,-4.155932499994037,18.419635000007588,7.357437500043602,11.51337000003764,22.575567500001625,11.062197499963986,-695.15,[H]c1c([H])c2c(c(N([H])C([H])([H])[H])c1[H])OC([H])([H])O2,[H]C1=C2OC([H])([H])[O+]=C2C(N([H])C([H])([H])[H])=C([H])C1,EDG,NHCH3,unknown,-2347.521388,-2347.480598,-2347.50085,-515.068015,-21.425987500121835,4.1697374998878445,-8.538392499986855,12.88759500013498,25.59572500000968,12.7081299998747,-695.15
Int1_comp34_7_Sub24,TS_comp34_7_Sub24,Int2_comp34_7_Sub24,comp34_7_Sub24,-2366.577552,-2366.543249,-2366.56135,-534.799668,-1.6402850000676494,19.88484750016056,8.526470000088295,10.166755000155945,21.52513250022821,11.358377500072264,-721.1,[H]c1c([H])c(OC([H])([H])[H])c2c(c1[H])OC([H])([H])O2,[H]C1=C(OC([H])([H])[H])C2=[O+]C([H])([H])OC2=C([H])C1,EDG,OMe,unknown,-2367.364344,-2367.325984,-2367.346557,-534.915909,-18.327392500026463,5.743507499980751,-7.166049999884763,11.1613425001417,24.070900000007214,12.909557499865514,-721.1
Int1_comp36_2_Sub18,TS_comp36_2_Sub18,Int2_comp36_2_Sub18,comp36_2_Sub18,-3038.036758,-3037.99654,-3038.010353,-1206.248559,-8.1129475001336,17.123847499926228,8.456189999909043,16.569137500042643,25.23679500005983,8.667657500017185,-693.48,[H]c1c([H])c(N([H])[H])c([H])c(Cl)c1Cl,[H]C1=C(Cl)C(Cl)=C([H])C(=[N+]([H])[H])C1,EWG,Cl,unknown,-3038.773935,-3038.729622,-3038.746416,-1206.314038,-25.51979750013004,2.286610000076621,-8.251624999997489,17.26817250013255,27.80640750020666,10.53823500007411,-693.48
Int1_comp34_7_Sub25,TS_comp34_7_Sub25,Int2_comp34_7_Sub25,comp34_7_Sub25,-2589.044335,-2589.011005,-2589.029887,-757.267561,-0.9437599999714053,19.97081500015753,8.12235999996716,9.066119999938564,20.91457500012893,11.84845500019037,-722.99,[H]c1c([H])c([H])c2c(c1[H])OC([H])(C(F)(F)F)O2,[H]C1=C([H])C2=[O+]C([H])(C(F)(F)F)OC2=C([H])C1,EWG,CF3,unknown,-2589.803347,-2589.765944,-2589.787363,-757.355454,-17.987287500029083,5.483094999853506,-7.957327499955795,10.029960000073288,23.47038249988259,13.440422499809301,-722.99
Int1_comp34_7_Sub26,TS_comp34_7_Sub26,Int2_comp34_7_Sub26,comp34_7_Sub26,-2711.654648,-2711.622236,-2711.64161,-879.875247,-2.592202500089797,17.746327499924064,5.589142499942454,8.181345000032252,20.33853000001386,12.15718499998161,-721.55,[H]c1c([H])c([H])c2c(c1[H])OC([H])(Cl)O2,[H]C1=C([H])C2=[O+]C([H])(Cl)OC2=C([H])C1,EWG,Cl,unknown,-2712.401121,-2712.364755,-2712.386708,-879.95124,-19.23475749994708,3.5849074999376285,-10.190600000024403,9.044157499922676,22.819664999884708,13.775507499962032,-721.55
Int1_comp34_7_Sub27,TS_comp34_7_Sub27,Int2_comp34_7_Sub27,comp34_7_Sub27,-2486.526982,-2486.492518,-2486.510277,-654.744976,-4.226839999886352,17.39932000001545,6.255547500114744,10.482387500001096,21.6261599999018,11.143772499900706,-718.7,[H]c1c([H])c([H])c2c(c1[H])OC([H])(C1([H])C([H])([H])C([H])([H])C([H])([H])C([H])([H])C1([H])[H])O2,[H]C1=C([H])C2=[O+]C([H])(C3([H])C([H])([H])C([H])([H])C([H])([H])C([H])([H])C3([H])[H])OC2=C([H])C1,steric,Cy,unknown,-2487.430272,-2487.391558,-2487.412034,-654.976444,-21.71150000004303,2.5815350001167303,-10.267154999973798,11.444345000069234,24.29303500015976,12.848690000090528,-718.7
Int1_comp34_7_Sub28,TS_comp34_7_Sub28,Int2_comp34_7_Sub28,comp34_7_Sub28,-2409.198668,-2409.163947,-2409.182023,-577.418766,-2.906579999938117,18.880847500055893,7.538157500158036,10.444737500096153,21.78742749999401,11.342689999897855,-718.44,[H]c1c([H])c([H])c2c(c1[H])OC([H])(C(C([H])([H])[H])(C([H])([H])[H])C([H])([H])[H])O2,[H]C1=C([H])C2=[O+]C([H])(C(C([H])([H])[H])(C([H])([H])[H])C([H])([H])[H])OC2=C([H])C1,steric,tBu,unknown,-2410.063136,-2410.02422,-2410.044798,-577.612118,-19.948225000143225,4.471565000124542,-8.441129999947066,11.50709500019616,24.419790000267767,12.912695000071608,-718.44
Int1_comp34_7_Sub29,TS_comp34_7_Sub29,Int2_comp34_7_Sub29,comp34_7_Sub29,-2369.941588,-2369.907005,-2369.925042,-538.161995,-2.71268249999963,18.98815000007033,7.669932500182028,10.38261500018166,21.700832500069964,11.318217499888306,-715.63,[H]c1c([H])c([H])c2c(c1[H])OC([H])(C([H])(C([H])([H])[H])C([H])([H])[H])O2,[H]C1=C([H])C2=[O+]C([H])(C([H])(C([H])([H])[H])C([H])([H])[H])OC2=C([H])C1,steric,iPr,unknown,-2370.779222,-2370.740558,-2370.761145,-538.328698,-19.6382400000698,4.623420000026499,-8.294922499959512,11.343317500110288,24.2616600000963,12.91834249998601,-715.63
Int1_comp34_7_Sub30,TS_comp34_7_Sub30,Int2_comp34_7_Sub30,comp34_7_Sub30,-2291.431507,-2291.397301,-2291.415152,-459.652932,-2.073887499793301,19.39037750008921,8.18887500004891,10.26276249984221,21.46426499988252,11.201502500040306,-720.39,[H]c1c([H])c([H])c2c(c1[H])OC([H])(C([H])([H])[H])O2,[H]C1=C([H])C2=[O+]C([H])(C([H])([H])[H])OC2=C([H])C1,steric,Me,unknown,-2292.214704,-2292.176434,-2292.19683,-459.765997,-18.4980724999879,5.516352500019224,-7.282137499912693,11.215935000075206,24.014425000007122,12.798489999931917,-720.39
Int1_comp36_2_Sub11,TS_comp36_2_Sub11,Int2_comp36_2_Sub11,comp36_2_Sub11,-2812.913054,-2812.868391,-2812.880824,-981.119794,-11.288725000034106,16.737307500046086,8.935600000125419,20.224325000159524,28.02603250008019,7.801707499920667,-680.07,[H]c1c([H])c(N([H])[H])c(C2([H])C([H])([H])C([H])([H])C([H])([H])C([H])([H])C2([H])[H])c([H])c1Cl,[H]C1=C(Cl)C([H])=C(C2([H])C([H])([H])C([H])([H])C([H])([H])C([H])([H])C2([H])[H])C(=[N+]([H])[H])C1,steric,Cy,unknown,-2813.807973,-2813.759011,-2813.774397,-981.341712,-29.5132074999637,1.2104474999401305,-8.444267500081821,21.068939999881877,30.72365499990383,9.654715000021952,-680.07
Int1_comp36_2_Sub14,TS_comp36_2_Sub14,Int2_comp36_2_Sub14,comp36_2_Sub14,-2617.818719,-2617.776156,-2617.788756,-786.030184,-8.323787499886635,18.384495000096308,10.477995000083524,18.80178249997016,26.708282499982943,7.906500000012784,-678.13,[H]c1c([H])c(N([H])[H])c(C([H])([H])[H])c([H])c1Cl,[H]C1=C(Cl)C([H])=C(C([H])([H])[H])C(=[N+]([H])[H])C1,steric,Me,unknown,-2618.592973,-2618.54645,-2618.562096,-786.133173,-25.458929999855684,3.7342525001312765,-6.083612500049469,19.375317499806215,29.19318249998696,9.817865000180745,-678.13
Int1_comp36_2_Sub16,TS_comp36_2_Sub16,Int2_comp36_2_Sub16,comp36_2_Sub16,-2692.970815,-2692.933451,-2692.946389,-861.18511,-6.547962500018514,16.89794750013988,8.779352499949198,15.327314999967712,23.445910000158392,8.11859500019068,-681.35,[H]c1c([H])c(N([H])[H])c(OC([H])([H])[H])c([H])c1Cl,[H]C1=C(Cl)C([H])=C(OC([H])([H])[H])C(=[N+]([H])[H])C1,EDG,OMe,unknown,-2693.748779,-2693.707949,-2693.723768,-861.291601,-23.813625000014724,1.8071999999315835,-8.119222499903742,15.694402500110982,25.620824999946308,9.926422499835326,-681.35
Int1_comp36_2_Sub17,TS_comp36_2_Sub17,Int2_comp36_2_Sub17,comp36_2_Sub17,-2915.434149,-2915.395342,-2915.409446,-1083.647865,-6.911285000099952,17.440107500126487,8.589847499928283,15.501132500028234,24.35139250022644,8.850260000198205,-694.43,[H]c1c([H])c(N([H])[H])c([H])c(C(F)(F)F)c1Cl,[H]C1=C(Cl)C(C(F)(F)F)=C([H])C(=[N+]([H])[H])C1,EWG,CF3,unknown,-2916.184221,-2916.141271,-2916.158354,-1083.725612,-24.711577500030444,2.239547499981427,-8.480035000134194,16.23154249989625,26.95112500001187,10.71958250011562,-694.43
Int1_comp36_2_Sub9,TS_comp36_2_Sub9,Int2_comp36_2_Sub9,comp36_2_Sub9,-2915.436936,-2915.397113,-2915.410516,-1083.652006,-6.061649999962242,18.927282500081333,10.516900000127976,16.578550000090218,24.98893250004357,8.410382499953357,-711.24,[H]c1c([H])c(N([H])[H])c(C(F)(F)F)c([H])c1Cl,[H]C1=C(Cl)C([H])=C(C(F)(F)F)C(=[N+]([H])[H])C1,EWG,CF3,unknown,-2916.187179,-2916.143325,-2916.15984,-1083.729985,-23.823665000060714,3.6947199999457325,-6.6684424999283465,17.155222500132368,27.518385000006447,10.363162499874079,-711.24
Int1_comp36_6_Sub10,TS_comp36_6_Sub10,Int2_comp36_6_Sub10,comp36_6_Sub10,-3038.034679,-3037.995357,-3038.007952,-1206.248556,-6.810257499855652,17.864297500196926,9.960935000104882,16.771192499960534,24.67455500005257,7.903362500092044,-773.0,[H]c1c([H])c(N([H])[H])c([H])c(Cl)c1Cl,[H][C+]1[C+](Cl)[C+](Cl)C[C-]([H])[C-]1N([H])[H],EWG,Cl,unknown,-3038.772102,-3038.727769,-3038.74399,-1206.314038,-24.36958999996648,3.4493674999231416,-6.729309999988686,17.640279999977793,27.81895749988962,10.178677499911828,-773.0
Int1_comp36_6_Sub11,TS_comp36_6_Sub11,Int2_comp36_6_Sub11,comp36_6_Sub11,-2812.908995,-2812.867293,-2812.878491,-981.120915,-8.038274999822761,18.12973000016882,11.102985000075025,19.141259999897784,26.16800499999158,7.026745000093797,-780.58,[H]c1c([H])c(N([H])[H])c([H])c(C2([H])C([H])([H])C([H])([H])C([H])([H])C([H])([H])C2([H])[H])c1Cl,[H][C+]1[C+](C2([H])C([H])([H])C([H])([H])C([H])([H])C([H])([H])C2([H])[H])[C+](Cl)C[C-]([H])[C-]1N([H])[H],steric,Cy,unknown,-2813.803746,-2813.756846,-2813.771785,-981.342568,-26.32362500002671,3.1061249998623452,-6.268097499940382,20.055527500086328,29.429749999889054,9.374222499802727,-780.58
Int1_comp36_6_Sub14,TS_comp36_6_Sub14,Int2_comp36_6_Sub14,comp36_6_Sub14,-2617.815965,-2617.77485,-2617.786143,-786.030753,-6.238604999800828,19.56105750019333,12.4747000001787,18.713304999979528,25.79966249999416,7.086357500014628,-771.37,[H]c1c([H])c(N([H])[H])c([H])c(C([H])([H])[H])c1Cl,[H][C+]1[C+](C([H])([H])[H])[C+](Cl)C[C-]([H])[C-]1N([H])[H],steric,Me,unknown,-2618.589934,-2618.544177,-2618.559255,-786.133457,-23.37374750005523,5.338769999861199,-4.122675000078004,19.251072499977226,28.71251749991643,9.461444999939204,-771.37
Int1_comp36_6_Sub15,TS_comp36_6_Sub15,Int2_comp36_6_Sub15,comp36_6_Sub15,-2673.114341,-2673.071832,-2673.082906,-841.326766,-7.72138749990944,18.953010000016377,12.004075000011484,19.725462499920923,26.674397499925817,6.948935000004894,-765.71,[H]c1c([H])c(N([H])[H])c([H])c(N([H])C([H])([H])[H])c1Cl,[H][C+]1[C+](N([H])C([H])([H])[H])[C+](Cl)C[C-]([H])[C-]1N([H])[H],EDG,NHCH3,unknown,-2673.904917,-2673.857049,-2673.871857,-841.444999,-25.532974999882754,4.504194999899482,-4.787825000039447,20.745149999843306,30.037169999782236,9.29201999993893,-765.71
Int1_comp36_2_Sub19,TS_comp36_2_Sub19,Int2_comp36_2_Sub19,comp36_2_Sub19,-2812.9128,-2812.869705,-2812.882831,-981.120914,-10.42653999999942,16.615572499996745,8.37900750010391,18.80554750010333,27.042112499996165,8.236564999892835,-682.46,[H]c1c([H])c(N([H])[H])c([H])c(C2([H])C([H])([H])C([H])([H])C([H])([H])C([H])([H])C2([H])[H])c1Cl,[H]C1=C(Cl)C(C2([H])C([H])([H])C([H])([H])C([H])([H])C([H])([H])C2([H])[H])=C([H])C(=[N+]([H])[H])C1,steric,Cy,unknown,-2813.807393,-2813.760038,-2813.775969,-981.342568,-28.61211750002724,1.1031450000683662,-8.893557499874873,19.718560000152365,29.715262500095605,9.99670249994324,-682.46
Int1_comp36_6_Sub16,TS_comp36_6_Sub16,Int2_comp36_6_Sub16,comp36_6_Sub16,-2692.967815,-2692.927337,-2692.939507,-861.182599,-6.241114999937167,19.1588299999961,11.52215500001546,17.763269999952627,25.39994499993327,7.636674999980642,-782.15,[H]c1c([H])c(N([H])[H])c([H])c(OC([H])([H])[H])c1Cl,[H][C+]1[C+](OC([H])([H])[H])[C+](Cl)C[C-]([H])[C-]1N([H])[H],EDG,OMe,unknown,-2693.745448,-2693.700212,-2693.715956,-861.288626,-23.59023500007936,4.795354999877759,-5.08400500000505,18.50623000007431,28.38558999995712,9.879359999882809,-782.15
Int1_comp36_2_Sub20,TS_comp36_2_Sub20,Int2_comp36_2_Sub20,comp36_2_Sub20,-2735.573021,-2735.531493,-2735.544678,-903.784655,-8.217740000011702,17.841080000112868,9.567492499956812,17.785232499968515,26.05882000012457,8.273587500156054,-687.64,[H]c1c([H])c(N([H])[H])c([H])c(C(C([H])([H])[H])(C([H])([H])[H])C([H])([H])[H])c1Cl,[H]C1=C(Cl)C(C(C([H])([H])[H])(C([H])([H])[H])C([H])([H])[H])=C([H])C(=[N+]([H])[H])C1,steric,tBu,unknown,-2736.429592,-2736.38382,-2736.399853,-903.968843,-26.054427499992983,2.6675024999710217,-7.393204999953298,18.661222500039685,28.721929999964004,10.06070749992432,-687.64
Int1_comp36_2_Sub21,TS_comp36_2_Sub21,Int2_comp36_2_Sub21,comp36_2_Sub21,-2696.326129,-2696.283589,-2696.296547,-864.537032,-8.676442499995005,18.01740749995304,9.886262500079397,18.5627050000744,26.693849999948043,8.13114499987364,-687.23,[H]c1c([H])c(N([H])[H])c([H])c(C([H])(C([H])([H])[H])C([H])([H])[H])c1Cl,[H]C1=C(Cl)C(C([H])(C([H])([H])[H])C([H])([H])[H])=C([H])C(=[N+]([H])[H])C1,steric,iPr,unknown,-2697.155201,-2697.108518,-2697.124308,-864.694087,-26.283465000056765,3.010117499962064,-6.8981074999905445,19.38535750006622,29.29358250001883,9.908224999952608,-687.23
Int1_comp36_2_Sub22,TS_comp36_2_Sub22,Int2_comp36_2_Sub22,comp36_2_Sub22,-2617.818855,-2617.776708,-2617.790046,-786.030755,-8.050824999933752,18.396417500137545,10.026822500009873,18.077647499943623,26.447242500071297,8.369595000127674,-690.35,[H]c1c([H])c(N([H])[H])c([H])c(C([H])([H])[H])c1Cl,[H]C1=C(Cl)C(C([H])([H])[H])=C([H])C(=[N+]([H])[H])C1,steric,Me,unknown,-2618.592964,-2618.546671,-2618.562638,-786.133456,-25.275699999961603,3.7731574999617123,-6.246134999924493,19.02956500003711,29.048857499923315,10.019292499886205,-690.35
Int1_comp36_2_Sub23,TS_comp36_2_Sub23,Int2_comp36_2_Sub23,comp36_2_Sub23,-2673.10687,-2673.064412,-2673.077184,-841.316743,-9.322767500003977,17.3196274999313,9.30519749990566,18.62796499990964,26.64239499993528,8.01443000002564,-691.96,[H]c1c([H])c(N([H])[H])c([H])c(N([H])C([H])([H])[H])c1Cl,[H]C1=C(Cl)C(=[N+]([H])C([H])([H])[H])C([H])=C(N([H])[H])C1,EDG,NHCH3,unknown,-2673.89745,-2673.851118,-2673.866698,-841.435675,-26.69824250000829,2.3750874999245752,-7.401362499932702,19.29688000007559,29.073329999932866,9.776449999857277,-691.96
Int1_comp36_2_Sub24,TS_comp36_2_Sub24,Int2_comp36_2_Sub24,comp36_2_Sub24,-2692.969351,-2692.927828,-2692.940835,-861.182599,-7.204955000071891,18.85072750013194,10.688835000121912,17.893790000193803,26.05568250020383,8.161892500010026,-692.09,[H]c1c([H])c(N([H])[H])c([H])c(OC([H])([H])[H])c1Cl,[H]C1=C(Cl)C(=[O+]C([H])([H])[H])C([H])=C(N([H])[H])C1,EDG,OMe,unknown,-2693.746913,-2693.701523,-2693.717402,-861.288626,-24.509522499969876,3.9727024998859406,-5.991370000139682,18.518152499830194,28.482224999855816,9.964072500025623,-692.09
Int1_comp36_6_Sub17,TS_comp36_6_Sub17,Int2_comp36_6_Sub17,comp36_6_Sub17,-2915.435121,-2915.39721,-2915.410554,-1083.651999,-4.92712999997309,18.862022499960744,10.488662499985251,15.415792499958345,23.789152499933834,8.373359999975492,-797.24,[H]c1c([H])c(N([H])[H])c(C(F)(F)F)c([H])c1Cl,[H][C+]1[C+](Cl)C[C-]([H])[C-](N([H])[H])[C+]1C(F)(F)F,EWG,CF3,unknown,-2916.18571,-2916.142657,-2916.159626,-1083.729988,-22.89998500010995,4.1157725000954315,-6.532275000058121,16.36771000005183,27.015757500205382,10.648047500153552,-797.24
Int1_comp36_6_Sub18,TS_comp36_6_Sub18,Int2_comp36_6_Sub18,comp36_6_Sub18,-3038.036208,-3037.998211,-3038.010971,-1206.252361,-5.382067499894561,18.461050000045702,10.45415000000105,15.83621749989561,23.843117499940263,8.006900000044652,-802.29,[H]c1c([H])c(N([H])[H])c(Cl)c([H])c1Cl,[H][C+]1[C+](Cl)C[C-]([H])[C-](N([H])[H])[C+]1Cl,EWG,Cl,unknown,-3038.77413,-3038.73066,-3038.747121,-1206.317983,-23.166672499936,4.110752499822752,-6.218524999994202,16.948147499941797,27.27742499975875,10.329277499816953,-802.29
Int1_comp36_6_Sub19,TS_comp36_6_Sub19,Int2_comp36_6_Sub19,comp36_6_Sub19,-2812.909334,-2812.868651,-2812.880786,-981.119795,-8.953797499936798,16.574784999885708,8.960072499920955,17.913869999857752,25.528582499822505,7.614712499964753,-784.19,[H]c1c([H])c(N([H])[H])c(C2([H])C([H])([H])C([H])([H])C([H])([H])C([H])([H])C2([H])[H])c([H])c1Cl,[H][C+]1[C+](Cl)C[C-]([H])[C-](N([H])[H])[C+]1C1([H])C([H])([H])C([H])([H])C([H])([H])C([H])([H])C1([H])[H],steric,Cy,unknown,-2813.80416,-2813.758291,-2813.773899,-981.34171,-27.121805000080315,1.6609924999440295,-8.133027499868888,18.988777500211427,28.782797500024344,9.794019999812917,-784.19
Int1_comp36_6_Sub20,TS_comp36_6_Sub20,Int2_comp36_6_Sub20,comp36_6_Sub20,-2735.569619,-2735.53134,-2735.543542,-903.784189,-6.375399999883484,17.64467250003804,9.987917500108097,16.36331749999158,24.020072499921525,7.656754999929944,-796.52,[H]c1c([H])c(N([H])[H])c(C(C([H])([H])[H])(C([H])([H])[H])C([H])([H])[H])c([H])c1Cl,[H][C+]1[C+](Cl)C[C-]([H])[C-](N([H])[H])[C+]1C(C([H])([H])[H])(C([H])([H])[H])C([H])([H])[H],steric,tBu,unknown,-2736.426234,-2736.382968,-2736.398767,-903.968396,-24.227775000039173,2.921640000042771,-6.992232500109594,17.23554249992958,27.149415000081945,9.913872500152365,-796.52
Int1_comp36_6_Sub21,TS_comp36_6_Sub21,Int2_comp36_6_Sub21,comp36_6_Sub21,-2696.322251,-2696.282619,-2696.294664,-864.535884,-6.963367499968456,17.905712500021025,10.347475000056363,17.31084250002482,24.86907999998948,7.558237499964662,-789.21,[H]c1c([H])c(N([H])[H])c(C([H])(C([H])([H])[H])C([H])([H])[H])c([H])c1Cl,[H][C+]1[C+](Cl)C[C-]([H])[C-](N([H])[H])[C+]1C([H])(C([H])([H])[H])C([H])([H])[H],steric,iPr,unknown,-2697.151641,-2697.106773,-2697.122435,-864.693311,-24.53650499997309,3.6181649999963383,-6.209740000159059,18.32676499981403,28.15466999996943,9.827905000155397,-789.21
Int1_comp36_6_Sub22,TS_comp36_6_Sub22,Int2_comp36_6_Sub22,comp36_6_Sub22,-2617.815325,-2617.776129,-2617.788036,-786.030183,-6.194679999983066,18.40081000012645,10.92916750008584,17.123847500068905,24.59549000010952,7.471642500040616,-797.84,[H]c1c([H])c(N([H])[H])c(C([H])([H])[H])c([H])c1Cl,[H][C+]1[C+](Cl)C[C-]([H])[C-](N([H])[H])[C+]1C([H])([H])[H],steric,Me,unknown,-2618.589702,-2618.545397,-2618.560953,-786.133175,-23.405122500118694,4.396265000100641,-5.365125000080013,18.03999750003868,27.801387500219334,9.761390000180654,-797.84
Int1_comp36_6_Sub23,TS_comp36_6_Sub23,Int2_comp36_6_Sub23,comp36_6_Sub23,-2673.10482,-2673.063388,-2673.075126,-841.319477,-6.320807499949979,19.67777250004133,12.312177499946984,18.63298499989696,25.998579999991307,7.365595000094345,-785.31,[H]c1c([H])c(N([H])[H])c(N([H])C([H])([H])[H])c([H])c1Cl,[H]C1=C(N([H])[H])C(=[N+]([H])C([H])([H])[H])C([H])=C(Cl)C1,EDG,NHCH3,unknown,-2673.896128,-2673.848826,-2673.864321,-841.439466,-23.489834999904815,6.192170000060742,-3.5309425000025385,19.958892499902277,29.682004999965557,9.72311250006328,-785.31
Int1_comp36_6_Sub24,TS_comp36_6_Sub24,Int2_comp36_6_Sub24,comp36_6_Sub24,-2692.972116,-2692.932354,-2692.944001,-861.185111,-7.363712499885082,17.58694250004112,10.278450000159296,17.64216250004438,24.9506549999262,7.308492499881822,-793.21,[H]c1c([H])c(N([H])[H])c(OC([H])([H])[H])c([H])c1Cl,[H]C1=C(N([H])[H])C(=[O+]C([H])([H])[H])C([H])=C(Cl)C1,EDG,OMe,unknown,-2693.750988,-2693.706053,-2693.721336,-861.291598,-25.201654999863194,2.9950575000714252,-6.595025000042369,18.606629999820825,28.19671249993462,9.590082500113795,-793.21
Int1_comp36_6_Sub9,TS_comp36_6_Sub9,Int2_comp36_6_Sub9,comp36_6_Sub9,-2915.432424,-2915.392711,-2915.405571,-1083.647864,-5.82947499997772,19.09043250009745,11.020782500211226,16.850257500188945,24.91990750007517,8.069649999886224,-780.49,[H]c1c([H])c(N([H])[H])c([H])c(C(F)(F)F)c1Cl,[H][C+]1[C+](C(F)(F)F)[C+](Cl)C[C-]([H])[C-]1N([H])[H],EWG,CF3,unknown,-2916.182544,-2916.13804,-2916.15444,-1083.725613,-23.658632499835335,4.267627500140065,-6.023372499844868,17.635259999990467,27.9262599999754,10.290999999984933,-780.49
Int1_comp39_1_Sub10,TS_comp39_1_Sub10,Int2_comp39_1_Sub10,comp39_1_Sub10,-2501.209384,-2501.182377,-2501.200435,-669.427076,-4.41634499976459,12.5305475000377,1.1991524999686476,5.615497499733237,16.94689249980229,11.331395000069053,-704.75,[H]c1c([H])c(Cl)n([H])c1[H],[H]C1=C([H])C(Cl)=[N+]([H])C1,EWG,Cl,unknown,-2501.922952,-2501.892733,-2501.913275,-669.472431,-19.636357499931876,-0.67393500008194,-13.564039999925228,6.072317500006648,18.962422499849936,12.890104999843288,-704.75
Int1_comp39_1_Sub17,TS_comp39_1_Sub17,Int2_comp39_1_Sub17,comp39_1_Sub17,-2378.613862,-2378.589828,-2378.608516,-546.834831,-2.360027500033937,12.721307499984109,0.9945875001997706,3.354615000233707,15.081335000018044,11.726719999784336,-690.95,[H]c1c(C(F)(F)F)c([H])n([H])c1[H],[H]C1=C(C(F)(F)F)C([H])=[N+]([H])C1,EWG,CF3,unknown,-2379.340986,-2379.312985,-2379.334191,-546.892047,-18.643652500084045,-1.073025000001735,-14.379789999934474,4.263862500149571,17.57062750008231,13.306764999932739,-690.95
Int1_comp39_1_Sub18,TS_comp39_1_Sub18,Int2_comp39_1_Sub18,comp39_1_Sub18,-2501.209377,-2501.183922,-2501.202245,-669.427114,-4.388107500049898,11.58490499992837,0.0872225000651383,4.4753300001150365,15.973012499978267,11.497682499863233,-701.43,[H]c1c(Cl)c([H])n([H])c1[H],[H]C1=C(Cl)C([H])=[N+]([H])C1,EWG,Cl,unknown,-2501.923442,-2501.894385,-2501.915163,-669.472563,-19.86100249986407,-1.6277350000279966,-14.665930000068101,5.19507249979597,18.233267499836074,13.038195000040105,-701.43
Int1_comp39_1_Sub19,TS_comp39_1_Sub19,Int2_comp39_1_Sub19,comp39_1_Sub19,-2276.085517,-2276.05562,-2276.072558,-444.299478,-6.7575474999173935,12.002820000014651,1.3742250001686784,8.131772500086072,18.760367499932045,10.628594999845973,-715.96,[H]c1c(C2([H])C([H])([H])C([H])([H])C([H])([H])C([H])([H])C2([H])[H])c([H])n([H])c1[H],[H]C1=C(C2([H])C([H])([H])C([H])([H])C([H])([H])C([H])([H])C2([H])[H])C([H])=[N+]([H])C1,steric,Cy,unknown,-2276.956817,-2276.922763,-2276.942029,-444.500005,-23.583959999881188,-2.215075000043214,-14.304489999910572,9.279469999970615,21.368884999837974,12.089414999867358,-715.96
Int1_comp39_1_Sub20,TS_comp39_1_Sub20,Int2_comp39_1_Sub20,comp39_1_Sub20,-2198.750569,-2198.725571,-2198.742745,-366.971151,-2.60286999981318,13.083375000104382,2.306690000061593,4.909559999874773,15.686244999917562,10.77668500004279,-711.94,[H]c1c(C(C([H])([H])[H])(C([H])([H])[H])C([H])([H])[H])c([H])n([H])c1[H],[H]C1=C(C(C([H])([H])[H])(C([H])([H])[H])C([H])([H])[H])C([H])=[N+]([H])C1,steric,tBu,unknown,-2199.583713,-2199.554267,-2199.573905,-367.134007,-19.124945000010314,-0.647580000005803,-12.970425000139869,6.154519999870445,18.47736500000451,12.322845000134066,-711.94
Int1_comp39_1_Sub21,TS_comp39_1_Sub21,Int2_comp39_1_Sub21,comp39_1_Sub21,-2159.498598,-2159.469491,-2159.486588,-327.715528,-4.894500000019804,13.370142500165088,2.6417749999289697,7.536274999948773,18.26464250018489,10.728367500236118,-707.65,[H]c1c(C([H])(C([H])([H])[H])C([H])([H])[H])c([H])n([H])c1[H],[H]C1=C(C([H])(C([H])([H])[H])C([H])([H])[H])C([H])=[N+]([H])C1,steric,iPr,unknown,-2160.304578,-2160.271368,-2160.290699,-327.85186,-21.014975000160803,-0.17570000012710807,-12.305902500105503,8.7090725000553,20.839275000033695,12.130202499978395,-707.65
Int1_comp39_1_Sub22,TS_comp39_1_Sub22,Int2_comp39_1_Sub22,comp39_1_Sub22,-2080.98917,-2080.96131,-2080.978408,-249.207796,-3.830259999835377,13.651889999970948,2.9228950000931064,6.7531549999284834,17.482149999806325,10.72899499987784,-713.66,[H]c1c(C([H])([H])[H])c([H])n([H])c1[H],[H]C1=C(C([H])([H])[H])C([H])=[N+]([H])C1,steric,Me,unknown,-2081.739707,-2081.707878,-2081.72737,-249.289943,-19.16134000013244,0.8113574998776585,-11.419872500059682,7.741467500072758,19.9726975000101,12.23122999993734,-713.66
Int1_comp39_1_Sub11,TS_comp39_1_Sub11,Int2_comp39_1_Sub11,comp39_1_Sub11,-2276.08871,-2276.058769,-2276.075805,-444.301393,-7.559492499925824,11.228484999936512,0.5383950001031224,8.097887500028946,18.787977499862336,10.69008999983339,-754.81,[H]c1c([H])c(C2([H])C([H])([H])C([H])([H])C([H])([H])C([H])([H])C2([H])[H])n([H])c1[H],[H]C1=C([H])C(C2([H])C([H])([H])C([H])([H])C([H])([H])C([H])([H])C2([H])[H])=[N+]([H])C1,steric,Cy,unknown,-2276.959759,-2276.926149,-2276.945463,-444.501967,-24.198909999933704,-3.108634999963016,-15.228170000039682,8.970739999894022,21.09027499997069,12.119535000076667,-754.81
Int1_comp39_1_Sub13,TS_comp39_1_Sub13,Int2_comp39_1_Sub13,comp39_1_Sub13,-2159.502281,-2159.472872,-2159.492217,-327.717445,-6.002664999968488,12.45148250016598,0.3124950000670878,6.315160000035576,18.454147500134468,12.138987500098892,-749.44,[H]C1=C([H])C2(C([H])(C([H])([H])[H])C([H])([H])[H])N([H])C12[H],[H]C1=C([H])C(C([H])(C([H])([H])[H])C([H])([H])[H])=[N+]([H])C1,steric,iPr,unknown,-2160.307688,-2160.274784,-2160.297281,-327.85375,-21.7805249999401,-1.1332650001349975,-15.25013250009124,6.530392499848858,20.6472599998051,14.116867499956243,-749.44
Int1_comp39_1_Sub23,TS_comp39_1_Sub23,Int2_comp39_1_Sub23,comp39_1_Sub23,-2136.276975,-2136.249592,-2136.266409,-304.493287,-5.282295000075123,11.900537499987536,1.34787000016388,6.630165000239003,17.18283250006266,10.552667499823656,-723.31,[H]c1c(N([H])C([H])([H])[H])c([H])n([H])c1[H],[H]C1=C(N([H])C([H])([H])[H])C([H])=[N+]([H])C1,EDG,NHCH3,unknown,-2137.044253,-2137.012773,-2137.031898,-304.591404,-21.0971775000246,-1.3434774999609544,-13.344415000123035,7.752762499901564,19.753700000063645,12.000937500162081,-723.31
Int1_comp39_1_Sub24,TS_comp39_1_Sub24,Int2_comp39_1_Sub24,comp39_1_Sub24,-2156.139539,-2156.113725,-2156.130928,-324.359348,-3.087927499801282,13.11035749996492,2.315475000039413,5.403402499840695,16.1982849997662,10.794882499925508,-718.95,[H]c1c(OC([H])([H])[H])c([H])n([H])c1[H],[H]C1=C(OC([H])([H])[H])C([H])=[N+]([H])C1,EDG,OMe,unknown,-2156.894561,-2156.864836,-2156.884453,-324.445458,-18.746562500073907,-0.09412500015471892,-12.40379250010804,6.342769999965867,18.652437499919188,12.30966749995332,-718.95
Int1_comp39_1_Sub9,TS_comp39_1_Sub9,Int2_comp39_1_Sub9,comp39_1_Sub9,-2378.610343,-2378.586655,-2378.606051,-546.832599,-1.5524349998614184,13.311784999991405,1.1407949999019706,2.693229999763389,14.86421999985282,12.170990000089432,-701.49,[H]c1c([H])c(C(F)(F)F)n([H])c1[H],[H]C1=C([H])C(C(F)(F)F)=[N+]([H])C1,EWG,CF3,unknown,-2379.336821,-2379.309721,-2379.331616,-546.889668,-17.52293749991736,-0.517687500048396,-14.25679999995964,3.266137499957722,17.005249999868965,13.739112499911244,-701.49
Int1_comp39_2_Sub14,TS_comp39_2_Sub14,Int2_comp39_2_Sub14,comp39_2_Sub14,-2080.986476,-2080.954982,-2080.973246,-249.207796,-2.139774999965809,17.62270999993298,6.162050000047614,8.301825000013423,19.76248499989879,11.460659999885364,-738.99,[H]c1c(C([H])([H])[H])c([H])n([H])c1[H],[H]C1=C(C([H])([H])[H])CC([H])=[N+]1[H],steric,Me,unknown,-2081.736616,-2081.70239,-2081.72341,-249.289942,-17.222365000105526,4.254450000030658,-8.93560000005408,8.286765000051446,21.476815000136185,13.190050000084739,-738.99
Int1_comp39_2_Sub17,TS_comp39_2_Sub17,Int2_comp39_2_Sub17,comp39_2_Sub17,-2378.607688,-2378.581586,-2378.5946,-546.832597,0.1123225000017669,16.491327500167756,8.325042500097481,8.212720000095715,16.37900500016599,8.166285000070275,-759.52,[H]c1c([H])c(C(F)(F)F)n([H])c1[H],[H]C1=C(C(F)(F)F)[N+]([H])=C([H])C1,EWG,CF3,unknown,-2379.334523,-2379.304778,-2379.320543,-546.889668,-16.080942499991124,2.5840449998963777,-7.308492499881822,8.772450000109302,18.664987499887502,9.8925374997782,-759.52
Int1_comp39_2_Sub18,TS_comp39_2_Sub18,Int2_comp39_2_Sub18,comp39_2_Sub18,-2501.204801,-2501.17766,-2501.19014,-669.427076,-1.5405124998201811,15.490465000197844,7.659264999994946,9.199777499815127,17.030977500018025,7.831200000202898,-762.77,[H]c1c([H])c(Cl)n([H])c1[H],[H]C1=C(Cl)[N+]([H])=C([H])C1,EWG,Cl,unknown,-2501.918643,-2501.888109,-2501.903336,-669.472431,-16.932459999981404,2.2276250000115283,-7.327317499905632,9.605142500075772,19.160084999992932,9.55494249991716,-762.77
Int1_comp39_1_Sub14,TS_comp39_1_Sub14,Int2_comp39_1_Sub14,comp39_1_Sub14,-2080.993243,-2080.963891,-2080.980626,-249.209898,-5.067062499869479,13.351317500141278,2.8501050000450334,7.917167499914512,18.41838000001076,10.501212500096244,-721.14,[H]c1c([H])c(C([H])([H])[H])n([H])c1[H],[H]C1=C([H])C(C([H])([H])[H])=[N+]([H])C1,steric,Me,unknown,-2081.743384,-2081.710518,-2081.729706,-249.292044,-20.150279999936274,0.47313500007170717,-11.567335000061902,8.582944999874371,20.62341500000798,12.04047000013361,-721.14
Int1_comp39_1_Sub15,TS_comp39_1_Sub15,Int2_comp39_1_Sub15,comp39_1_Sub15,-2136.285125,-2136.252002,-2136.267387,-304.493099,-10.514389999884628,10.270292499930209,0.6162050001206865,11.130595000005314,20.784682499814835,9.65408749980952,-738.38,[H]c1c([H])c(N([H])C([H])([H])[H])n([H])c1[H],[H]C1=C([H])C(=[N+]([H])C([H])([H])[H])N([H])C1,EDG,NHCH3,unknown,-2137.051661,-2137.015453,-2137.032866,-304.591007,-25.994815000000813,-3.2742950000084647,-14.200952500029302,11.79386249997151,22.720519999992348,10.926657500020838,-738.38
Int1_comp39_1_Sub16,TS_comp39_1_Sub16,Int2_comp39_1_Sub16,comp39_1_Sub16,-2156.148702,-2156.117078,-2156.133427,-324.364512,-5.597299999921859,14.24675999991365,3.987762499919256,9.585062499841117,19.84405999983551,10.258997499994392,-723.04,[H]c1c([H])c(OC([H])([H])[H])n([H])c1[H],[H]C1=C([H])C(=[O+]C([H])([H])[H])N([H])C1,EDG,OMe,unknown,-2156.903508,-2156.868342,-2156.887087,-324.450624,-21.11913999993348,0.9475249998548918,-10.814962500053156,10.304177499880325,22.066664999788372,11.762487499908048,-723.04
Int1_comp39_2_Sub22,TS_comp39_2_Sub22,Int2_comp39_2_Sub22,comp39_2_Sub22,-2080.98862,-2080.959173,-2080.970586,-249.2099,-2.1648749999916106,16.313117499939978,9.151460000115463,11.316335000107074,18.477992499931588,7.161657499824514,-761.95,[H]c1c([H])c(C([H])([H])[H])n([H])c1[H],[H]C1=C(C([H])([H])[H])[N+]([H])=C([H])C1,steric,Me,unknown,-2081.739034,-2081.70599,-2081.719983,-249.292044,-17.420655000122096,3.314455000031913,-5.466152499985455,11.954502500136641,20.73511000015401,8.780607500017368,-761.95
Int1_comp39_2_Sub23,TS_comp39_2_Sub23,Int2_comp39_2_Sub23,comp39_2_Sub23,-2136.280245,-2136.245282,-2136.256609,-304.493099,-7.452189999911383,14.48709250012726,7.379400000023821,14.831589999935204,21.939282500038644,7.10769250010344,-765.76,[H]c1c([H])c(N([H])C([H])([H])[H])n([H])c1[H],[H]C1=C(N([H])C([H])([H])[H])[N+]([H])=C([H])C1,EDG,NHCH3,unknown,-2137.047002,-2137.008467,-2137.022537,-304.591007,-23.071292499891456,1.1094199999098464,-7.719504999914193,15.351787499977263,24.180712499801302,8.82892499982404,-765.76
Int1_comp39_2_Sub24,TS_comp39_2_Sub24,Int2_comp39_2_Sub24,comp39_2_Sub24,-2156.148703,-2156.113208,-2156.124641,-324.364512,-5.597927499848936,16.675184999917576,9.500977500124748,15.098904999973684,22.273112499766512,7.1742074997928285,-763.83,[H]c1c([H])c(OC([H])([H])[H])n([H])c1[H],[H]C1=C(OC([H])([H])[H])[N+]([H])=C([H])C1,EDG,OMe,unknown,-2156.903508,-2156.864518,-2156.878667,-324.450623,-21.119767499931896,3.3464575000759567,-5.532039999979617,15.58772749995228,24.466225000007853,8.878497500055573,-763.83
Int1_comp39_2_Sub5,TS_comp39_2_Sub5,Int2_comp39_2_Sub5,comp39_2_Sub5,-2159.495666,-2159.465018,-2159.474705,-327.717446,-1.851124999820684,17.380495000134317,11.301902500000836,13.15302749982152,19.231619999955,6.078592500133482,-758.3,[H]c1c([H])c(C([H])(C([H])([H])[H])C([H])([H])[H])n([H])c1[H],[H]C1=C([H])[N+]([H])=C(C([H])(C([H])([H])[H])C([H])([H])[H])C1,steric,iPr,unknown,-2160.301734,-2160.267792,-2160.279555,-327.85375,-18.04439000009893,3.254214999916485,-4.127067500066914,13.917322500032014,21.298605000015414,7.381282499983399,-758.3
Int1_comp39_2_Sub6,TS_comp39_2_Sub6,Int2_comp39_2_Sub6,comp39_2_Sub6,-2080.985832,-2080.957683,-2080.964765,-249.209899,-0.41603249984135,17.247465000006486,12.803509999954912,13.219542499796262,17.663497499847836,4.443955000051574,-749.61,[H]c1c([H])c(C([H])([H])[H])n([H])c1[H],[H]C1=C([H])[N+]([H])=C(C([H])([H])[H])C1,steric,Me,unknown,-2081.737195,-2081.705229,-2081.715586,-249.292044,-16.26668250011072,3.791982499896349,-2.7070349998890464,13.559647500221672,20.058665000007068,6.499017499785396,-749.61
Int1_comp39_2_Sub19,TS_comp39_2_Sub19,Int2_comp39_2_Sub19,comp39_2_Sub19,-2276.088705,-2276.053838,-2276.069273,-444.301393,-7.556355000005084,14.322687500185651,4.637225000027314,12.193580000032398,21.87904250019073,9.685462500158335,-766.17,[H]c1c([H])c(C2([H])C([H])([H])C([H])([H])C([H])([H])C([H])([H])C2([H])[H])n([H])c1[H],[H]C1=C(C2([H])C([H])([H])C([H])([H])C([H])([H])C([H])([H])C2([H])[H])[N+]([H])=C([H])C1,steric,Cy,unknown,-2276.959757,-2276.921412,-2276.938902,-444.501967,-24.19765500007955,-0.1361675001199103,-11.11114249994742,13.08651250013213,24.06148749995964,10.97497499982751,-766.17
Int1_comp39_2_Sub20,TS_comp39_2_Sub20,Int2_comp39_2_Sub20,comp39_2_Sub20,-2198.757144,-2198.723393,-2198.738835,-366.972802,-5.69268000003774,15.48607249992358,5.796217499990348,11.488897500028088,21.17875249996132,9.689854999933232,-766.16,[H][C-]1C2([H])C3(C(C([H])([H])[H])(C([H])([H])[H])C([H])([H])[H])C1([H])[N+]23[H],[H]C1=C(C(C([H])([H])[H])(C([H])([H])[H])C([H])([H])[H])[N+]([H])=C([H])C1,steric,tBu,unknown,-2199.589226,-2199.552317,-2199.569886,-367.135648,-21.55462500004674,1.6057724999051004,-9.418775000153943,12.135849999892798,23.16039749995184,11.024547500059043,-766.16
Int1_comp39_2_Sub7,TS_comp39_2_Sub7,Int2_comp39_2_Sub7,comp39_2_Sub7,-2136.287326,-2136.249577,-2136.25606,-304.495863,-10.161107500027526,13.526390000020283,9.458307499947123,19.61941499997465,23.68749750004781,4.06808250007316,-723.51,[H]C1=C([H])C2(N([H])C([H])([H])[H])N([H])C12[H],[H]C1=C([H])N([H])C(=[N+]([H])C([H])([H])[H])C1,EDG,NHCH3,unknown,-2137.05406,-2137.013726,-2137.022373,-304.594147,-25.529837499962014,-0.2202525000859623,-5.646244999869623,19.88359250009239,25.30958499987605,5.425992499783661,-723.51
Int1_comp39_2_Sub8,TS_comp39_2_Sub8,Int2_comp39_2_Sub8,comp39_2_Sub8,-2156.143526,-2156.111393,-2156.121816,-324.364511,-2.3499874998452697,17.81346999996856,11.273037500145051,13.62302499999032,20.16345749981383,6.54043249982351,-781.59,[H]c1c([H])c(OC([H])([H])[H])n([H])c1[H],[H]C1=C([H])N([H])C(=[O+]C([H])([H])[H])C1,EDG,OMe,unknown,-2156.899129,-2156.863026,-2156.875989,-324.450624,-18.371317499951232,4.2833149999934506,-3.850967500086284,14.520349999864948,22.654632499944682,8.134282500079735,-781.59
Int1_comp40_0_Sub11,TS_comp40_0_Sub11,Int2_comp40_0_Sub11,comp40_0_Sub11,-2618.856859,-2618.830507,-2618.844439,-787.07259,-5.646872499939377,10.889007499973218,2.146677500073224,7.793550000012601,16.535879999912595,8.742329999899994,-777.13,[H]C1=C([H])C2([H])[C-](C3([H])C([H])([H])C([H])([H])C([H])([H])C([H])([H])C3([H])[H])[S+]12,[H]C1([H])C([H])([H])C([H])([H])C([H])([C-]2C3([H])C4([H])C[S+2]243)C([H])([H])C1([H])[H],steric,Cy,unknown,-2619.712376,-2619.681745,-2619.69866,-787.256592,-22.938890000011725,-3.7179374999584525,-14.33210000005488,8.606789999956845,19.220952500053272,10.614162500096427,-777.13
Int1_comp40_0_Sub12,TS_comp40_0_Sub12,Int2_comp40_0_Sub12,comp40_0_Sub12,-2541.524203,-2541.500106,-2541.51387,-709.744025,-3.079769999928885,12.041097500060689,3.404187499894533,6.483957499823418,15.120867499989572,8.636910000166154,-773.2,[H]C1=S23=C(C(C([H])([H])[H])(C([H])([H])[H])C([H])([H])[H])C2([H])C13[H],[H]C([H])([H])C([C-]1C2([H])C3([H])C[S+2]132)(C([H])([H])[H])C([H])([H])[H],steric,tBu,unknown,-2542.340991,-2542.31281,-2542.329629,-709.890346,-19.71416750002078,-2.030589999938286,-12.58451249990145,7.129655000119328,17.683577500082492,10.553922499963164,-773.2
Int1_comp40_0_Sub13,TS_comp40_0_Sub13,Int2_comp40_0_Sub13,comp40_0_Sub13,-2502.269911,-2502.244444,-2502.258192,-670.488407,-3.911834999825601,12.068707500133655,3.441837500227507,7.353672500053108,15.980542499959256,8.626869999906148,-778.24,[H]C1=C([H])C2([H])[C-](C([H])(C([H])([H])[H])C([H])([H])[H])[S+]12,[H]C([H])([H])C([H])([C-]1C2([H])C3([H])C[S+2]132)C([H])([H])[H],steric,iPr,unknown,-2503.060065,-2503.030158,-2503.047029,-670.608147,-20.5129750000728,-1.7463325000139207,-12.332884999894702,8.180090000178097,18.76664250005888,10.586552499880781,-778.24
Int1_comp40_0_Sub14,TS_comp40_0_Sub14,Int2_comp40_0_Sub14,comp40_0_Sub14,-2423.760786,-2423.735881,-2423.74977,-591.980712,-3.014509999808297,12.613377500042589,3.898030000145809,6.912539999954106,15.627887499850884,8.71534749989678,-770.04,[H]C1=C([H])C2([H])[C-](C([H])([H])[H])[S+]12,[H]C([H])([H])[C-]1C2([H])C3([H])C[S+2]132,steric,Me,unknown,-2424.495511,-2424.466344,-2424.483405,-592.046057,-18.96681500005286,-0.6645224999630273,-11.370299999970825,7.596515000082036,18.302292500089834,10.705777500007798,-770.04
Int1_comp40_0_Sub15,TS_comp40_0_Sub15,Int2_comp40_0_Sub15,comp40_0_Sub15,-2479.053822,-2479.026336,-2479.038814,-647.268952,-6.023999999843284,11.223465000127533,3.393520000064143,9.417519999907428,17.247464999970816,7.82994500006339,-799.27,[H]c1sc(N([H])C([H])([H])[H])c([H])c1[H],[H]N([C-]1C2([H])C3([H])C[S+2]132)C([H])([H])[H],EDG,NHCH3,unknown,-2479.805298,-2479.773606,-2479.789193,-647.350184,-22.518465000145795,-2.6317350001326645,-12.41257750005019,10.105887500095605,19.88673000001313,9.780842499917526,-799.27
Int1_comp40_0_Sub16,TS_comp40_0_Sub16,Int2_comp40_0_Sub16,comp40_0_Sub16,-2498.912592,-2498.886843,-2498.900122,-667.131908,-3.3972850000546373,12.76021249988588,4.427640000021427,7.824925000076064,16.15749749994052,8.332572499864455,-792.52,[H]c1sc(OC([H])([H])[H])c([H])c1[H],[H]C([H])([H])O[C-]1C2([H])C3([H])C[S+2]132,EDG,OMe,unknown,-2499.651516,-2499.621602,-2499.637973,-667.200943,-19.66898749992083,-0.8979525000870581,-11.17075499990392,8.498232500016911,18.771034999833773,10.272802499816862,-792.52
Int1_comp40_0_Sub17,TS_comp40_0_Sub17,Int2_comp40_0_Sub17,comp40_0_Sub17,-2721.380453,-2721.359112,-2721.379475,-889.603797,-0.8697150000870124,12.52176249998854,-0.2560200000669965,0.6136950000200159,13.391477500075553,12.777782500055537,-712.89,[H]C1=C([H])C2(C(F)(F)F)[C-]([H])[S+]12,[H][C-]1C2(C(F)(F)F)C3([H])C[S+2]132,EWG,CF3,pi-system,-2722.091923,-2722.065965,-2722.089024,-889.643965,-18.028074999997443,-1.7394299998886709,-16.208952499953284,1.819122500044159,16.288645000108772,14.469522500064613,-712.89
Int1_comp41_3_Sub17,TS_comp41_3_Sub17,Int2_comp41_3_Sub17,comp41_3_Sub17,-2398.462984,-2398.434564,-2398.45044,-566.686267,-0.9079924997763557,16.92555749999883,6.963367500039794,7.87135999981615,17.833549999775187,9.962189999959037,-726.47,[H]C1=C([H])C2(C(F)(F)F)OC12[H],[H][C+]1CC2([H])OC12C(F)(F)F,EWG,CF3,unknown,-2399.177954,-2399.145295,-2399.164167,-566.730766,-17.544900000147265,2.948622500117324,-8.893557499946212,8.651342500201054,20.49352250026459,11.842180000063536,-726.47
Int1_comp41_3_Sub18,TS_comp41_3_Sub18,Int2_comp41_3_Sub18,comp41_3_Sub18,-2521.063254,-2521.032745,-2521.047993,-689.283275,-2.9548975000301425,16.189500000073735,6.621379999975829,9.576277500005972,19.14439750010388,9.568120000097906,-736.52,[H]C1=C([H])C2(Cl)OC12[H],[H][C+]1CC2([H])OC12Cl,EWG,Cl,unknown,-2521.765672,-2521.730837,-2521.749027,-689.316153,-19.00760250002122,2.851359999934857,-8.562864999925068,10.444737500096153,21.85896249995608,11.414224999859925,-736.52
Int1_comp41_3_Sub19,TS_comp41_3_Sub19,Int2_comp41_3_Sub19,comp41_3_Sub19,-2295.945629,-2295.912475,-2295.930257,-464.161761,-5.395244999825621,15.40889000001144,4.250685000075833,9.645929999901456,20.80413499983706,11.158204999935606,-762.98,[H]c1oc(C2([H])C([H])([H])C([H])([H])C([H])([H])C([H])([H])C2([H])[H])c([H])c1[H],[H][C+]1CC2([H])OC12C1([H])C([H])([H])C([H])([H])C([H])([H])C([H])([H])C1([H])[H],steric,Cy,unknown,-2296.805067,-2296.767644,-2296.787634,-464.349841,-22.588744999861348,0.894187499989556,-11.649537499872196,10.939207499989152,23.482932499850904,12.543724999861752,-762.98
Int1_comp41_3_Sub20,TS_comp41_3_Sub20,Int2_comp41_3_Sub20,comp41_3_Sub20,-2218.614564,-2218.582424,-2218.600241,-386.833549,-3.6049874999226006,16.56286249995148,5.382694999999984,8.987682499922585,20.16784999987408,11.180167499951494,-764.22,[H]c1oc(C(C([H])([H])[H])(C([H])([H])[H])C([H])([H])[H])c([H])c1[H],[H][C+]1CC2([H])OC12C(C([H])([H])[H])(C([H])([H])[H])C([H])([H])[H],steric,tBu,unknown,-2219.434676,-2219.398873,-2219.419016,-386.98384,-19.834019999932195,2.6323624999170647,-10.007369999916307,9.826650000015889,22.46638249984926,12.639732499833372,-764.22
Int1_comp41_3_Sub21,TS_comp41_3_Sub21,Int2_comp41_3_Sub21,comp41_3_Sub21,-2179.359229,-2179.326712,-2179.344317,-347.577965,-3.761235000027483,16.643182500034044,5.596045000032035,9.357280000059518,20.404417500061527,11.047137500002007,-764.61,[H]c1oc(C([H])(C([H])([H])[H])C([H])([H])[H])c([H])c1[H],[H][C+]1CC2([H])OC12C([H])(C([H])([H])[H])C([H])([H])[H],steric,iPr,unknown,-2180.153079,-2180.116472,-2180.136281,-347.70177,-20.13082750011023,2.8400649998920358,-9.590082500042456,10.540745000067773,22.970892500002265,12.430147499934492,-764.61
Int1_comp41_3_Sub22,TS_comp41_3_Sub22,Int2_comp41_3_Sub22,comp41_3_Sub22,-2100.849874,-2100.817777,-2100.831615,-269.069929,-2.9335624999413312,17.207304999929534,8.523960000023294,11.457522499964623,20.140867499870865,8.68334499990624,-759.49,[H]c1oc(C([H])([H])[H])c([H])c1[H],[H][C+]1CC2([H])OC12C([H])([H])[H],steric,Me,unknown,-2101.588694,-2101.552461,-2101.569101,-269.139797,-18.617297500043577,4.118909999837825,-6.3226900000522335,12.294607499991344,22.736207499881402,10.441599999890059,-759.49
Int1_comp40_0_Sub18,TS_comp40_0_Sub18,Int2_comp40_0_Sub18,comp40_0_Sub18,-2843.980237,-2843.957132,-2843.972933,-1012.199725,-3.289355000113119,11.209032500021294,1.2939050000147745,4.583260000127893,14.498387500134411,9.91512750000652,-711.71,[H]C1=C([H])C2(Cl)[C-]([H])[S+]12,[H][C-]1C2(Cl)C3([H])C[S+2]132,EWG,Cl,pi-system,-2844.679007,-2844.651339,-2844.670265,-1012.228111,-19.871670000122492,-2.510000000011985,-14.386065000132646,5.485604999989846,17.361670000110507,11.876065000120661,-711.71
Int1_comp40_0_Sub19,TS_comp40_0_Sub19,Int2_comp40_0_Sub19,comp40_0_Sub19,-2618.856756,-2618.830183,-2618.844395,-787.072416,-5.691425000040908,10.983132500020927,2.0651024999938272,7.756527500034736,16.674557500061837,8.918030000027102,-764.02,[H]c1sc([H])c(C2([H])C([H])([H])C([H])([H])C([H])([H])C([H])([H])C2([H])[H])c1[H],[H][C-]1C2(C3([H])C([H])([H])C([H])([H])C([H])([H])C([H])([H])C3([H])[H])C3([H])C[S+2]132,steric,Cy,unknown,-2619.712408,-2619.681391,-2619.69862,-787.256234,-23.18361499996456,-3.7204475000947923,-14.531645000121785,8.651969999842777,19.46316749986977,10.811197500026992,-764.02
Int1_comp40_0_Sub20,TS_comp40_0_Sub20,Int2_comp40_0_Sub20,comp40_0_Sub20,-2541.520086,-2541.500027,-2541.51458,-709.743775,-0.6532274999202059,11.933795000046246,2.801787500060016,3.455014999980221,12.587022499966452,9.13200749998623,-771.86,[H]c1sc([H])c(C(C([H])([H])[H])(C([H])([H])[H])C([H])([H])[H])c1[H],[H][C-]1C2(C(C([H])([H])[H])(C([H])([H])[H])C([H])([H])[H])C3([H])C[S+2]132,steric,tBu,unknown,-2542.337161,-2542.312697,-2542.330285,-709.88984,-17.628357499936556,-2.2771974998863698,-13.31366749998665,4.3146899999499055,15.351160000050186,11.03647000010028,-771.86
Int1_comp40_0_Sub21,TS_comp40_0_Sub21,Int2_comp40_0_Sub21,comp40_0_Sub21,-2502.269532,-2502.244117,-2502.258446,-670.488458,-3.6420099997934585,12.305902499962826,3.3144550001924244,6.956464999985883,15.947912499756285,8.991447499770402,-760.43,[H]c1sc([H])c(C([H])(C([H])([H])[H])C([H])([H])[H])c1[H],[H][C-]1C2(C([H])(C([H])([H])[H])C([H])([H])[H])C3([H])C[S+2]132,steric,iPr,unknown,-2503.05958,-2503.029937,-2503.04728,-670.607949,-20.33288250009946,-1.7318999999076823,-12.614632499896743,7.7182500002027155,18.600982500191776,10.88273249998906,-760.43
Int1_comp40_0_Sub22,TS_comp40_0_Sub22,Int2_comp40_0_Sub22,comp40_0_Sub22,-2423.759678,-2423.735512,-2423.749715,-591.980751,-2.29476749984201,12.869397499966908,3.957015000139563,6.251782499981573,15.164164999808918,8.912382499827345,-764.25,[H]c1sc([H])c(C([H])([H])[H])c1[H],[H][C-]1C2(C([H])([H])[H])C3([H])C[S+2]132,steric,Me,unknown,-2424.494615,-2424.466071,-2424.483424,-592.046056,-18.405202500044027,-0.4938424998945834,-11.382850000010478,7.0223525000335485,17.911360000149443,10.889007500115895,-764.25
Int1_comp40_0_Sub23,TS_comp40_0_Sub23,Int2_comp40_0_Sub23,comp40_0_Sub23,-2479.052224,-2479.027293,-2479.041112,-647.269139,-4.90391249996037,10.740289999992,2.0688675001269985,6.9727800000873685,15.644202499952373,8.671422499865002,-769.18,[H]c1sc([H])c(N([H])C([H])([H])[H])c1[H],[H][C-]1C2(N([H])C([H])([H])[H])C3([H])C[S+2]132,EDG,NHCH3,unknown,-2479.804037,-2479.774437,-2479.791336,-647.350382,-21.60294249996042,-3.0289425000572123,-13.633064999893634,7.9698775000667865,18.573999999903208,10.604122499836421,-769.18
Int1_comp40_0_Sub24,TS_comp40_0_Sub24,Int2_comp40_0_Sub24,comp40_0_Sub24,-2498.913684,-2498.889994,-2498.904391,-667.133766,-2.916619999984107,11.948855000008225,2.9147375000601983,5.831357500044305,14.86547499999233,9.034117499948024,-758.28,[H]C1=C([H])C2(OC([H])([H])[H])[C-]([H])[S+]12,[H][C-]1C2(OC([H])([H])[H])C3([H])C[S+2]132,EDG,OMe,unknown,-2499.653074,-2499.625198,-2499.642628,-667.203083,-19.303782499915485,-1.811592500134509,-12.748917500057075,6.55486499985841,17.492189999780976,10.937324999922566,-758.28
Int1_comp40_0_Sub6,TS_comp40_0_Sub6,Int2_comp40_0_Sub6,comp40_0_Sub6,-2423.754096,-2423.731588,-2423.75373,-591.980759,1.2129575000051318,15.336727500015286,1.4426225001386683,0.2296650001335365,14.123770000010154,13.894104999876618,-772.15,[H]C1=C(C([H])([H])[H])C2([H])[C-]([H])[S+]12,[H][C-]1C2([H])C3(C([H])([H])[H])C[S+2]123,steric,Me,unknown,-2424.489528,-2424.46231,-2424.487627,-592.046059,-15.211227500046789,1.8680675000632618,-14.01834999999096,1.192877500055829,17.07929500011005,15.886417500054222,-772.15
Int1_comp40_0_Sub9,TS_comp40_0_Sub9,Int2_comp40_0_Sub9,comp40_0_Sub9,-2721.378186,-2721.357048,-2721.373403,-889.600663,-1.413757499854853,11.850337500185615,1.5875750000580524,3.0013324999129054,13.26409500004047,10.262762500127565,-680.28,[H]C1=C([H])C2([H])[C-](C(F)(F)F)[S+]12,[H]C12C[S+2]13[C-](C(F)(F)F)C23[H],EWG,CF3,unknown,-2722.089701,-2722.063932,-2722.083461,-889.64105,-18.46293249996961,-2.292885000060778,-14.547332500153516,3.915599999816095,16.170047499908833,12.254447500092738,-680.28
Int1_comp40_4_Sub17,TS_comp40_4_Sub17,Int2_comp40_4_Sub17,comp40_4_Sub17,-2721.375449,-2721.350595,-2721.365561,-889.600663,0.3037100000179293,15.899595000163629,6.508430000046985,6.204720000029056,15.5958850001457,9.391165000116644,-740.32,[H]C1=C([H])C2([H])[C-](C(F)(F)F)[S+]12,[H][C+]1CC2([H])[C-](C(F)(F)F)[S+]12,EWG,CF3,unknown,-2722.086336,-2722.057646,-2722.075596,-889.64105,-16.351394999950344,1.6515799998251168,-9.612045000129683,6.739349999820661,18.00297499977546,11.2636249999548,-740.32
Int1_comp40_4_Sub18,TS_comp40_4_Sub18,Int2_comp40_4_Sub18,comp40_4_Sub18,-2843.97317,-2843.947104,-2843.96161,-1012.195888,-1.2625300000939887,15.093885000129037,5.991370000139682,7.253900000233671,16.356415000223024,9.102514999989353,-742.91,[H]c1sc(Cl)c([H])c1[H],[H][C+]1CC2([H])[C-](Cl)[S+]12,EWG,Cl,unknown,-2844.671179,-2844.641332,-2844.658897,-1012.224356,-17.315862500012145,1.4131299998564373,-9.608907499923589,7.706955000088556,18.728992499868582,11.022037499780026,-742.91
Int1_comp40_4_Sub19,TS_comp40_4_Sub19,Int2_comp40_4_Sub19,comp40_4_Sub19,-2618.853551,-2618.826305,-2618.844387,-787.073632,-2.917247500053861,14.17961750001183,2.8331624999808014,5.750410000034663,17.09686500006569,11.346455000031028,-756.14,[H]C1=C([H])C2([H])[C-](C3([H])C([H])([H])C([H])([H])C([H])([H])C([H])([H])C3([H])[H])[S+]12,[H][C+]1CC2([H])[C-](C3([H])C([H])([H])C([H])([H])C([H])([H])C([H])([H])C3([H])[H])[S+]12,steric,Cy,unknown,-2619.708194,-2619.677321,-2619.69789,-787.257382,-19.81895999989888,-0.44615250008632756,-13.353199999958179,6.465759999940701,19.372807499812552,12.907047499871851,-756.14
Int1_comp40_4_Sub20,TS_comp40_4_Sub20,Int2_comp40_4_Sub20,comp40_4_Sub20,-2541.52222,-2541.495317,-2541.512606,-709.744026,-1.834809999861875,15.04682250010518,4.197975000173244,6.032785000035119,16.881632499967054,10.848847499931937,-752.68,[H]C1=S23=C(C(C([H])([H])[H])(C([H])([H])[H])C([H])([H])[H])C2([H])C13[H],[H][C+]1CC2([H])[C-](C(C([H])([H])[H])(C([H])([H])[H])C([H])([H])[H])[S+]12,steric,tBu,unknown,-2542.338605,-2542.308238,-2542.327857,-709.890347,-18.21632499995019,0.8389674999506269,-11.471955000142202,6.7443699998079865,19.055292499900816,12.310922500092829,-752.68
Int1_comp40_4_Sub22,TS_comp40_4_Sub22,Int2_comp40_4_Sub22,comp40_4_Sub22,-2423.757727,-2423.730434,-2423.743563,-591.980713,-1.0943600000192075,16.03199750004336,7.79355000008394,8.887910000103147,17.126357500062568,8.23844749995942,-751.11,[H]C1=C([H])C2([H])[C-](C([H])([H])[H])[S+]12,[H][C+]1CC2([H])[C-](C([H])([H])[H])[S+]12,steric,Me,unknown,-2424.491994,-2424.461133,-2424.477197,-592.046058,-16.759269999990636,2.6060075001262817,-7.4741525001056175,9.285117499885018,19.365277500116918,10.0801600002319,-751.11
Int1_comp40_4_Sub23,TS_comp40_4_Sub23,Int2_comp40_4_Sub23,comp40_4_Sub23,-2479.050203,-2479.021427,-2479.034124,-647.268952,-3.753077499798394,14.303862499983495,6.336495000195725,10.08957249999412,18.05693999978189,7.96736749978777,-754.15,[H]c1sc(N([H])C([H])([H])[H])c([H])c1[H],[H][C+]1CC2([H])[C-](N([H])C([H])([H])[H])[S+]12,EDG,NHCH3,unknown,-2479.801139,-2479.76865,-2479.784215,-647.350184,-19.908692500100358,0.478155000005529,-9.288882500089528,10.61981000001083,20.386847500105887,9.767037500095057,-754.15
Int1_comp40_4_Sub24,TS_comp40_4_Sub24,Int2_comp40_4_Sub24,comp40_4_Sub24,-2498.90912,-2498.882606,-2498.893988,-667.131909,-1.2179774998497803,15.419557499948835,8.277352500146549,9.49532999999633,16.637534999798618,7.1422049998022885,-754.09,[H]c1sc(OC([H])([H])[H])c([H])c1[H],[H][C+]1CC2([H])[C-](OC([H])([H])[H])[S+]12,EDG,OMe,unknown,-2499.647417,-2499.617892,-2499.631763,-667.200942,-17.097492500064106,1.4294449998865844,-7.274607499896035,9.822885000168071,18.52693749995069,8.70405249978262,-754.09
Int1_comp40_4_Sub5,TS_comp40_4_Sub5,Int2_comp40_4_Sub5,comp40_4_Sub5,-2502.26423,-2502.236017,-2502.245876,-670.489311,0.2202524999432853,17.92390999997508,11.737387500114096,11.51713500017081,17.703657500031795,6.186522499860985,-757.79,[H]C1=S23=C(C([H])(C([H])([H])[H])C([H])([H])[H])C2([H])C13[H],[H][C-]1[S+]2[C+](C([H])(C([H])([H])[H])C([H])([H])[H])CC12[H],steric,iPr,unknown,-2503.053673,-2503.022122,-2503.03493,-670.60868,-16.16753749991517,3.6307150001073296,-4.406304999861277,11.761232500053893,19.7982525000225,8.037019999968606,-757.79
Int1_comp40_4_Sub7,TS_comp40_4_Sub7,Int2_comp40_4_Sub7,comp40_4_Sub7,-2479.055894,-2479.022149,-2479.028665,-647.268659,-7.508037500020066,13.666950000093436,9.578160000143896,17.086197500163962,21.174987500113502,4.08878999994954,-729.92,[H]C1=C(N([H])C([H])([H])[H])[S+]2[C-]([H])C12[H],[H][C-]1[S+]2C(=[N+]([H])C([H])([H])[H])CC12[H],EDG,NHCH3,unknown,-2479.806484,-2479.769605,-2479.779179,-647.34953,-23.67306500015559,-0.5314925000135418,-6.539177500112032,17.133887500043556,23.141572500142047,6.0076850000984905,-729.92
Int1_comp40_4_Sub8,TS_comp40_4_Sub8,Int2_comp40_4_Sub8,comp40_4_Sub8,-2498.901832,-2498.878726,-2498.893589,-667.131907,3.353987500021276,17.853002500082766,8.526470000159634,5.172482500138358,14.49901500006149,9.326532499923132,-779.57,[H][C-]1C(=[O+]C([H])([H])[H])[S+]2[C-]([H])C12[H],[H][C-]1[S+]2C(=[O+]C([H])([H])[H])CC12[H],EDG,OMe,unknown,-2499.640128,-2499.613597,-2499.63154,-667.200941,-12.524272500053542,4.123929999932159,-7.135302499962393,5.388970000091149,16.6482024999857,11.259232499894551,-779.57
Int1_comp40_4_Sub9,TS_comp40_4_Sub9,Int2_comp40_4_Sub9,comp40_4_Sub9,-2721.377899,-2721.346588,-2721.373073,-889.603797,0.7329200000043556,20.38057250012173,3.7612349999204753,3.02831499991612,19.64765250011737,16.619337500201254,-690.64,[H]C1=C([H])C2(C(F)(F)F)[C-]([H])[S+]12,[H][C+]1CC2(C(F)(F)F)[C-]([H])[S+]12,EWG,CF3,unknown,-2722.088822,-2722.053456,-2722.082811,-889.643964,-16.08282500012905,6.109339999913175,-12.310922500164168,3.771902499964881,22.192165000042223,18.420262500077342,-690.64
Int1_comp41_0_Sub10,TS_comp41_0_Sub10,Int2_comp41_0_Sub10,comp41_0_Sub10,-2521.062778,-2521.038199,-2521.055597,-689.283275,-2.6562074999282004,12.767115000011133,1.849870000037868,4.506077499966068,15.423322499939331,10.917244999973263,-775.84,[H]C1=C([H])C2(Cl)OC12[H],[H]C1=C([H])C(Cl)=[O+]C1,EWG,Cl,unknown,-2521.765142,-2521.735975,-2521.756488,-689.316154,-18.67440000014909,-0.37210750005925775,-13.244015000019829,5.430385000129263,18.302292500089834,12.871907499960571,-775.84
Int1_comp41_0_Sub11,TS_comp41_0_Sub11,Int2_comp41_0_Sub11,comp41_0_Sub11,-2295.944656,-2295.918377,-2295.933911,-464.161761,-4.7846875000117,11.705385000087889,1.9578000000150555,6.742487500026755,16.490072500099586,9.747585000072831,-764.24,[H]c1oc(C2([H])C([H])([H])C([H])([H])C([H])([H])C([H])([H])C2([H])[H])c([H])c1[H],[H]C1=C([H])C(C2([H])C([H])([H])C([H])([H])C([H])([H])C([H])([H])C2([H])[H])=[O+]C1,steric,Cy,unknown,-2296.804075,-2296.773232,-2296.791676,-464.34984,-21.966892500040274,-2.612910000037516,-14.186519999923064,7.78037250011721,19.353982500002758,11.573609999885548,-764.24
Int1_comp41_0_Sub12,TS_comp41_0_Sub12,Int2_comp41_0_Sub12,comp41_0_Sub12,-2218.612384,-2218.588291,-2218.607279,-386.833551,-2.235782499955264,12.882575000040646,0.9676050001608872,3.2033875001161505,15.11835749999591,11.91496999987976,-752.82,[H]c1oc(C(C([H])([H])[H])(C([H])([H])[H])C([H])([H])[H])c([H])c1[H],[H]C1=C([H])C(C(C([H])([H])[H])(C([H])([H])[H])C([H])([H])[H])=[O+]C1,steric,tBu,unknown,-2219.433136,-2219.404499,-2219.42585,-386.983841,-18.867042500090747,-0.8973250001599808,-14.295077500077014,4.5719650000137335,17.969717499930766,13.397752499917033,-752.82
Int1_comp41_0_Sub13,TS_comp41_0_Sub13,Int2_comp41_0_Sub13,comp41_0_Sub13,-2179.358215,-2179.332235,-2179.347857,-347.577963,-3.126205000061333,13.176245000155262,3.373439999936494,6.499644999997827,16.302450000216595,9.802805000218768,-762.41,[H]c1oc(C([H])(C([H])([H])[H])C([H])([H])[H])c([H])c1[H],[H]C1=C([H])C(C([H])(C([H])([H])[H])C([H])([H])[H])=[O+]C1,steric,iPr,unknown,-2180.152107,-2180.121639,-2180.140147,-347.701769,-19.521524999936446,-0.40285499998162777,-12.016625000051135,7.5048999998853105,19.118669999954818,11.613770000069508,-762.41
Int1_comp41_0_Sub14,TS_comp41_0_Sub14,Int2_comp41_0_Sub14,comp41_0_Sub14,-2100.848618,-2100.822954,-2100.838586,-269.069928,-2.1460499999321314,13.958109999929036,4.149030000154141,6.295080000086273,16.104159999861167,9.809079999774896,-755.82,[H]c1oc(C([H])([H])[H])c([H])c1[H],[H]C1=C([H])C(C([H])([H])[H])=[O+]C1,steric,Me,unknown,-2101.587529,-2101.557266,-2101.575982,-269.139796,-17.886887499961546,1.1031450001040355,-10.641144999921295,7.245742500040251,18.99003250006558,11.74429000002533,-755.82
Int1_comp41_0_Sub15,TS_comp41_0_Sub15,Int2_comp41_0_Sub15,comp41_0_Sub15,-2156.143308,-2156.114263,-2156.131758,-324.355336,-7.970505000029533,10.255232500110909,-0.7228799999226965,7.247625000106836,18.22573750014044,10.978112500033603,-782.15,[H]c1oc(N([H])C([H])([H])[H])c([H])c1[H],[H]C1=C([H])C(N([H])C([H])([H])[H])=[O+]C1,EDG,NHCH3,unknown,-2156.89799,-2156.864998,-2156.884952,-324.441639,-23.294682499969497,-2.592202500018459,-15.113337499937245,8.181345000032252,20.702479999951038,12.521134999918786,-782.15
Int1_comp41_0_Sub16,TS_comp41_0_Sub16,Int2_comp41_0_Sub16,comp41_0_Sub16,-2176.004235,-2175.976202,-2175.991399,-344.223097,-3.6821699998704105,13.908537500161202,4.372420000053836,8.054589999924247,17.590707500031613,9.536117500107366,-773.46,[H]c1oc(OC([H])([H])[H])c([H])c1[H],[H]C1=C([H])C(OC([H])([H])[H])=[O+]C1,EDG,OMe,unknown,-2176.747054,-2176.714823,-2176.732964,-344.296501,-19.656437499988186,0.5685150000984152,-10.814962499910479,8.841475000077708,20.2249525000866,11.383477500008894,-773.46
Int1_comp41_0_Sub17,TS_comp41_0_Sub17,Int2_comp41_0_Sub17,comp41_0_Sub17,-2398.466712,-2398.441939,-2398.462681,-566.688742,-1.6942499998600624,13.850807500199949,0.8352025001028096,2.529452499962872,15.545057500060013,13.01560500009714,-789.14,[H]c1oc([H])c(C(F)(F)F)c1[H],[H]C1=[O+]CC([H])=C1C(F)(F)F,EWG,CF3,pi-system,-2399.182525,-2399.152369,-2399.175771,-566.73333,-18.8042925001065,0.11859750005726255,-14.566157500105987,4.238135000000511,18.92289000016376,14.68475500016325,-789.14
Int1_comp41_0_Sub18,TS_comp41_0_Sub18,Int2_comp41_0_Sub18,comp41_0_Sub18,-2521.062714,-2521.036887,-2521.054549,-689.282281,-3.239782500024262,12.96665999993536,1.8837550000949927,5.123537500119255,16.20644249995962,11.082904999840366,-773.66,[H]c1oc([H])c(Cl)c1[H],[H]C1=[O+]CC([H])=C1Cl,EWG,Cl,unknown,-2521.76532,-2521.73472,-2521.755536,-689.315243,-19.357747499993252,-0.15624749996220544,-13.218287500084784,6.139459999908468,19.201500000031047,13.062040000122579,-773.66
Int1_comp41_0_Sub19,TS_comp41_0_Sub19,Int2_comp41_0_Sub19,comp41_0_Sub19,-2295.941206,-2295.91333,-2295.932261,-464.157736,-5.145499999921128,12.346690000145202,0.4674875001038003,5.6129875000249285,17.49219000006633,11.8792025000414,-757.14,[H]c1oc([H])c(C2([H])C([H])([H])C([H])([H])C([H])([H])C([H])([H])C2([H])[H])c1[H],[H]C1=[O+]CC([H])=C1C1([H])C([H])([H])C([H])([H])C([H])([H])C([H])([H])C1([H])[H],steric,Cy,unknown,-2296.800837,-2296.768043,-2296.78954,-464.345851,-22.438144999884884,-1.8599100000481883,-15.349277500161946,7.088867499722937,20.578234999836695,13.489367500113758,-757.14
Int1_comp41_0_Sub20,TS_comp41_0_Sub20,Int2_comp41_0_Sub20,comp41_0_Sub20,-2218.607254,-2218.582821,-2218.602001,-386.829475,-1.5743974999486454,13.757310000079316,1.7218599999330308,3.2962574998816763,15.33170750002796,12.035450000146284,-756.32,[H]c1oc([H])c(C(C([H])([H])[H])(C([H])([H])[H])C([H])([H])[H])c1[H],[H]C1=[O+]CC([H])=C1C(C([H])([H])[H])(C([H])([H])[H])C([H])([H])[H],steric,tBu,unknown,-2219.428542,-2219.399023,-2219.420686,-386.979858,-18.483640000095676,0.03953250000719777,-13.553999999986246,4.92964000010943,18.523172500102874,13.593532499993444,-756.32
Int1_comp41_0_Sub21,TS_comp41_0_Sub21,Int2_comp41_0_Sub21,comp41_0_Sub21,-2179.354551,-2179.327111,-2179.346126,-347.573749,-3.471329999867692,13.747270000033325,1.8153575001250035,5.286687499992695,17.218599999901016,11.93191249990832,-757.63,[H]c1oc([H])c(C([H])(C([H])([H])[H])C([H])([H])[H])c1[H],[H]C1=[O+]CC([H])=C1C([H])(C([H])([H])[H])C([H])([H])[H],steric,iPr,unknown,-2180.148587,-2180.116235,-2180.137726,-347.697642,-19.9024175001162,0.39846249999271777,-13.087139999987869,6.815277500128332,20.30088000010892,13.485602499980587,-757.63
Int1_comp41_0_Sub22,TS_comp41_0_Sub22,Int2_comp41_0_Sub22,comp41_0_Sub22,-2100.84466,-2100.817753,-2100.833878,-269.065779,-2.265902500057564,14.618240000188509,4.499802500124588,6.765705000182152,16.88414250024607,10.11843750006392,-750.31,[H]c1oc([H])c(C([H])([H])[H])c1[H],[H]C1=[O+]CC([H])=C1C([H])([H])[H],steric,Me,unknown,-2101.583572,-2101.552269,-2101.571342,-269.135739,-17.949637500017133,1.6929950001129157,-10.275312500131548,7.6743249998855845,19.64263250013005,11.968307500244464,-750.31
Int1_comp41_0_Sub23,TS_comp41_0_Sub23,Int2_comp41_0_Sub23,comp41_0_Sub23,-2156.134724,-2156.106671,-2156.12253,-324.351453,-5.020627499951047,12.58263000004888,2.631107499991572,7.651734999942619,17.603257499999927,9.951522500057308,-752.95,[H]c1oc([H])c(N([H])C([H])([H])[H])c1[H],[H]C1=[O+]CC([H])=C1N([H])C([H])([H])[H],EDG,NHCH3,unknown,-2156.889998,-2156.857452,-2156.87633,-324.437167,-21.085882500088786,-0.663267500144542,-12.509212500055895,8.576670000032891,20.422614999944244,11.845944999911353,-752.95
Int1_comp41_0_Sub24,TS_comp41_0_Sub24,Int2_comp41_0_Sub24,comp41_0_Sub24,-2175.995984,-2175.96902,-2175.98563,-344.215884,-3.0308250000167902,13.889085000067638,3.4663099999873737,6.497135000004164,16.91991000008443,10.422775000080264,-757.85,[H]c1oc([H])c(OC([H])([H])[H])c1[H],[H]C1=[O+]CC([H])=C1OC([H])([H])[H],EDG,OMe,unknown,-2176.73909,-2176.707775,-2176.72733,-344.289589,-18.99630750004974,0.6538550000612986,-11.616907500132925,7.379399999916814,19.650162500111037,12.270762500194223,-757.85
Int1_comp41_0_Sub6,TS_comp41_0_Sub6,Int2_comp41_0_Sub6,comp41_0_Sub6,-2100.840617,-2100.815731,-2100.836748,-269.065779,0.2710800001716507,15.8870449999813,2.698877499963146,2.427797499791496,15.615964999809648,13.188167500018151,-747.89,[H]c1oc([H])c(C([H])([H])[H])c1[H],[H]C1=[O+]CC(C([H])([H])[H])=C1[H],steric,Me,unknown,-2101.580036,-2101.550376,-2101.573858,-269.135739,-15.730797499912086,2.880852499896065,-11.854102500140442,3.876694999771644,18.61164999980815,14.734955000036507,-747.89
Int1_comp41_0_Sub7,TS_comp41_0_Sub7,Int2_comp41_0_Sub7,comp41_0_Sub7,-2156.134535,-2156.100165,-2156.116066,-324.353657,-3.51902000003264,18.04815500016076,8.070277500027316,11.589297500059956,21.5671750001934,9.977877500133443,-750.99,[H]C1=C(N([H])C([H])([H])[H])C2([H])OC12[H],[H]C1=[O+]CC(N([H])C([H])([H])[H])=C1[H],EDG,NHCH3,unknown,-2156.888995,-2156.852206,-2156.870952,-324.439639,-18.905319999887098,4.179777499969504,-7.583337500150975,11.321982499736123,23.0850974998566,11.763115000120479,-750.99
Int1_comp41_0_Sub9,TS_comp41_0_Sub9,Int2_comp41_0_Sub9,comp41_0_Sub9,-2398.462903,-2398.440127,-2398.461801,-566.686268,-0.8565374999776054,13.435402500178668,-0.1650324998686869,0.6915050001089185,14.291940000156274,13.600435000047357,-796.48,[H]c1oc(C(F)(F)F)c([H])c1[H],[H]C1=C([H])C(C(F)(F)F)=[O+]C1,EWG,CF3,unknown,-2399.178274,-2399.1504,-2399.174698,-566.730766,-17.745699999925648,-0.2547649999988266,-15.501759999883973,2.2439400000416754,17.49093499992682,15.246994999885146,-796.48
Int1_comp41_3_Sub23,TS_comp41_3_Sub23,Int2_comp41_3_Sub23,comp41_3_Sub23,-2156.143823,-2156.110666,-2156.118943,-324.360659,-4.953484999870881,15.852532500032764,10.65871500009095,15.612199999961833,20.806017499903646,5.193817499941815,-761.64,[H]c1oc(N([H])C([H])([H])[H])c([H])c1[H],[H][C+]1CC2([H])OC12N([H])C([H])([H])[H],EDG,NHCH3,unknown,-2156.89839,-2156.861756,-2156.872907,-324.446226,-20.66733999989708,2.3204950001337465,-4.676757499963173,15.990582499933907,22.987835000030827,6.99725250009692,-761.64
Int1_comp41_3_Sub24,TS_comp41_3_Sub24,Int2_comp41_3_Sub24,comp41_3_Sub24,-2176.004679,-2175.970264,-2175.984121,-344.223096,-3.9614075000214655,17.634005000029305,8.938737500081828,12.900145000103294,21.59541250005077,8.695267499947477,-752.83,[H]c1oc(OC([H])([H])[H])c([H])c1[H],[H][C+]1CC2([H])OC12OC([H])([H])[H],EDG,OMe,unknown,-2176.747662,-2176.708854,-2176.725647,-344.2965,-20.038585000164773,4.313434999988743,-6.224172500158289,13.814412500006483,24.352020000153516,10.537607500147033,-752.83
Int1_comp41_3_Sub5,TS_comp41_3_Sub5,Int2_comp41_3_Sub5,comp41_3_Sub5,-2179.351505,-2179.327807,-2179.336041,-347.577794,0.9782724999912772,15.848767499970933,10.681932500032332,9.703660000041054,14.870494999979655,5.166834999938601,-741.75,[H]c1oc(C([H])(C([H])([H])[H])C([H])([H])[H])c([H])c1[H],[H][C+]1CC2(C([H])(C([H])([H])[H])C([H])([H])[H])OC12[H],steric,iPr,unknown,-2180.145331,-2180.117256,-2180.128799,-347.701347,-15.534390000122613,2.0826724999851365,-5.1605600000614515,10.373830000061162,17.61706250010775,7.243232500046588,-741.75
Int1_comp41_3_Sub6,TS_comp41_3_Sub6,Int2_comp41_3_Sub6,comp41_3_Sub6,-2100.843875,-2100.81658,-2100.825776,-269.069928,0.8301825000441454,17.957794999960868,12.187304999976902,11.357122499932755,17.127612499916722,5.770489999983965,-756.79,[H]c1oc(C([H])([H])[H])c([H])c1[H],[H][C+]1CC2(C([H])([H])[H])OC12[H],steric,Me,unknown,-2101.583083,-2101.551643,-2101.56425,-269.139795,-15.097650000012521,4.630950000114495,-3.279942499958537,11.817707500053984,19.728600000127017,7.910892500073032,-756.79
Int1_comp41_3_Sub7,TS_comp41_3_Sub7,Int2_comp41_3_Sub7,comp41_3_Sub7,-2156.144737,-2156.106624,-2156.118629,-324.358346,-6.978427500001772,16.93748000004007,9.404342500012037,16.382770000013807,23.91590750004184,7.533137500028033,-813.41,[H]c1oc(N([H])C([H])([H])[H])c([H])c1[H],[H][C+]1CC2(N([H])C([H])([H])[H])OC12[H],EDG,NHCH3,unknown,-2156.898807,-2156.857558,-2156.872893,-324.443817,-22.440655000021223,3.4430924999033152,-6.1796200001280965,16.261034999893127,25.88374749992454,9.622712500031412,-813.41
Int1_comp41_3_Sub8,TS_comp41_3_Sub8,Int2_comp41_3_Sub8,comp41_3_Sub8,-2175.995676,-2175.969172,-2175.984881,-344.223097,1.6886025000526672,18.319862500009805,8.462465000142885,6.7738625000902175,16.631259999957138,9.85739749986692,-767.6,[H]c1oc(OC([H])([H])[H])c([H])c1[H],[H][C+]1CC2(OC([H])([H])[H])OC12[H],EDG,OMe,unknown,-2176.738725,-2176.70806,-2176.726769,-344.2965,-14.43061750012717,4.811670000014914,-6.928227499950168,7.502390000177002,19.242287500142083,11.739897499965082,-767.6
Int1_comp41_3_Sub9,TS_comp41_3_Sub9,Int2_comp41_3_Sub9,comp41_3_Sub9,-2398.463665,-2398.432475,-2398.45856,-566.688742,0.2177424999496224,19.78946750004468,3.421130000065773,3.2033875001161505,19.571725000095057,16.368337499978907,-698.78,[H]C1=C(C(F)(F)F)C2([H])OC12[H],[H]C12C[C+](C(F)(F)F)C1([H])O2,EWG,CF3,unknown,-2399.178711,-2399.143452,-2399.172272,-566.73333,-16.411007500013852,5.714015000126551,-12.370534999870983,4.040472500142869,22.125022500140403,18.084549999997535,-698.78
Int1_comp42_0_Sub10,TS_comp42_0_Sub10,Int2_comp42_0_Sub10,comp42_0_Sub10,-2540.473498,-2540.445969,-2540.463775,-708.689728,-5.3337499998738735,11.940697500100155,0.76743249991722,6.1011824997910935,17.27444749997403,11.173265000182935,-710.86,[H]c1c(Cl)c(C([H])([H])[H])n([H])c1[H],[H]C1=C(Cl)C(C([H])([H])[H])=[N+]([H])C1,EWG,Cl,unknown,-2541.213353,-2541.182188,-2541.202446,-708.760429,-21.144240000048455,-1.5882025001278066,-14.300097499850324,6.8441425001981315,19.55603749992065,12.711894999722517,-710.86
Int1_comp42_0_Sub11,TS_comp42_0_Sub11,Int2_comp42_0_Sub11,comp42_0_Sub11,-2315.343876,-2315.314854,-2315.331876,-483.55818,-6.542314999890095,11.66898999993009,0.9876849999318438,7.529999999821939,18.211304999820182,10.681304999998249,-720.53,[H]c1c(C2([H])C([H])([H])C([H])([H])C([H])([H])C([H])([H])C2([H])[H])c(C([H])([H])[H])n([H])c1[H],[H]C1=C(C2([H])C([H])([H])C([H])([H])C([H])([H])C([H])([H])C2([H])[H])C(C([H])([H])[H])=[N+]([H])C1,steric,Cy,unknown,-2316.24137,-2316.207747,-2316.227209,-483.784314,-23.73707000013667,-2.6386374999725604,-14.851042500100107,8.886027500036562,21.098432500164108,12.212405000127546,-720.53
Int1_comp42_0_Sub12,TS_comp42_0_Sub12,Int2_comp42_0_Sub12,comp42_0_Sub12,-2238.008848,-2237.983009,-2237.999287,-406.227999,-3.500822499900238,12.713150000040372,2.4987050000048328,5.999527499905071,16.21397249994061,10.21444500003554,-725.5,[H]c1c(C(C([H])([H])[H])(C([H])([H])[H])C([H])([H])[H])c(C([H])([H])[H])n([H])c1[H],[H]C1=C(C(C([H])([H])[H])(C([H])([H])[H])C([H])([H])[H])C(C([H])([H])[H])=[N+]([H])C1,steric,tBu,unknown,-2238.868355,-2238.837885,-2238.856398,-406.416733,-20.32723500004238,-1.2073099999480519,-12.8242174999383,7.503017500104079,19.119925000094327,11.616907499990248,-725.5
Int1_comp42_0_Sub14,TS_comp42_0_Sub14,Int2_comp42_0_Sub14,comp42_0_Sub14,-2120.251442,-2120.22176,-2120.240732,-288.468382,-4.888225000071316,13.737230000130012,1.8322999999395504,6.720525000010866,18.625455000201327,11.90493000019046,-720.52,[H]c1c(C([H])([H])[H])c(C([H])([H])[H])n([H])c1[H],[H]C1=C(C([H])([H])[H])C(C([H])([H])[H])=[N+]([H])C1,steric,Me,unknown,-2121.027886,-2120.994186,-2121.016311,-288.575741,-20.655417499927182,0.4913325000435975,-13.392104999931291,7.263312499995891,21.14674999997078,13.883437499974889,-720.52
Int1_comp42_0_Sub15,TS_comp42_0_Sub15,Int2_comp42_0_Sub15,comp42_0_Sub15,-2175.539259,-2175.509661,-2175.525501,-343.753726,-6.440032500041326,12.132712500007727,2.1931124999916563,8.633145000032982,18.572745000049053,9.939600000016071,-726.81,[H]C1=C(N([H])C([H])([H])[H])C2(C([H])([H])[H])N([H])C12[H],[H]C1=C(N([H])C([H])([H])[H])C(C([H])([H])[H])=[N+]([H])C1,EDG,NHCH3,unknown,-2176.332237,-2176.298859,-2176.317153,-343.876994,-22.59941250004843,-1.6547174999955416,-13.134202499976055,9.465210000072375,20.94469500005289,11.479484999980514,-726.81
Int1_comp42_0_Sub16,TS_comp42_0_Sub16,Int2_comp42_0_Sub16,comp42_0_Sub16,-2195.402277,-2195.374621,-2195.391359,-363.620818,-3.8835975000395706,13.470542500089948,2.9674474999271183,6.851044999966689,17.35414000012952,10.50309500016283,-723.92,[H]c1c(OC([H])([H])[H])c(C([H])([H])[H])n([H])c1[H],[H]C([H])([H])OC12[C-](C([H])([H])[H])[N+2]13([H])CC23[H],EDG,OMe,unknown,-2196.183003,-2196.151364,-2196.170532,-363.732086,-19.884847500089222,-0.03137499992078574,-12.059295000086081,7.825552500003141,19.853472500168436,12.027920000165295,-723.92
Int1_comp42_0_Sub18,TS_comp42_0_Sub18,Int2_comp42_0_Sub18,comp42_0_Sub18,-2540.470903,-2540.44404,-2540.462638,-708.687141,-5.328729999886548,11.527802500143878,-0.1424424999257212,5.186287499960827,16.856532500030426,11.6702450000696,-688.94,[H]c1c([H])c(C([H])([H])Cl)n([H])c1[H],[H]C1=C([H])C(C([H])([H])Cl)=[N+]([H])C1,EWG,Cl,unknown,-2541.212084,-2541.181853,-2541.202843,-708.759157,-21.146122499901026,-2.176170000070101,-15.347395000059691,5.798727499841334,18.969952499830924,13.17122499998959,-688.94
Int1_comp42_0_Sub19,TS_comp42_0_Sub19,Int2_comp42_0_Sub19,comp42_0_Sub19,-2315.340726,-2315.312928,-2315.331843,-483.556589,-5.564042499898818,11.87920250014841,0.0100400000816591,5.574082499980477,17.443245000047227,11.86916250006675,-680.42,[H]c1c([H])c(C([H])([H])C2([H])C([H])([H])C([H])([H])C([H])([H])C([H])([H])C2([H])[H])n([H])c1[H],[H]C1=C([H])C(C([H])([H])C2([H])C([H])([H])C([H])([H])C([H])([H])C([H])([H])C2([H])[H])=[N+]([H])C1,steric,Cy,unknown,-2316.239161,-2316.208177,-2316.229224,-483.784213,-22.414299999980756,-2.971839999987367,-16.17883250010067,6.235467499880087,19.44245999999339,13.206992500113302,-680.42
Int1_comp42_0_Sub20,TS_comp42_0_Sub20,Int2_comp42_0_Sub20,comp42_0_Sub20,-2238.013286,-2237.984381,-2238.005027,-406.229268,-5.4893699998733325,12.6485174999182,-0.3068475000456772,5.182522499827655,18.13788749979153,12.955364999963876,-697.23,[H]c1c([H])c(C([H])([H])C(C([H])([H])[H])(C([H])([H])[H])C([H])([H])[H])n([H])c1[H],[H]C1=C([H])C(C([H])([H])C(C([H])([H])[H])(C([H])([H])[H])C([H])([H])[H])=[N+]([H])C1,steric,tBu,unknown,-2238.872878,-2238.840749,-2238.864594,-406.418874,-21.82194000008522,-1.6609924999796988,-16.623730000083157,5.198210000002064,20.16094750010552,14.962737500103458,-697.23
Int1_comp42_0_Sub21,TS_comp42_0_Sub21,Int2_comp42_0_Sub21,comp42_0_Sub21,-2198.754488,-2198.727929,-2198.746045,-366.973394,-3.654559999975788,13.011212499965552,1.6434225001310665,5.297982500106855,16.66577249994134,11.367789999834486,-700.92,[H]c1c([H])c(C([H])([H])C([H])(C([H])([H])[H])C([H])([H])[H])n([H])c1[H],[H]C1=C([H])C(C([H])([H])C([H])(C([H])([H])[H])C([H])([H])[H])=[N+]([H])C1,steric,iPr,unknown,-2199.587133,-2199.557271,-2199.577761,-367.136177,-19.909320000027435,-1.170915000111279,-14.02839000003695,5.880929999990485,18.738404999916156,12.857474999925671,-700.92
Int1_comp42_0_Sub22,TS_comp42_0_Sub22,Int2_comp42_0_Sub22,comp42_0_Sub22,-2120.246705,-2120.21736,-2120.234345,-288.462655,-5.509449999965312,12.904537499985196,2.246450000142346,7.755900000107658,18.413987499950508,10.65808749984285,-716.86,[H]c1c([H])c(C([H])([H])C([H])([H])[H])n([H])c1[H],[H]C1=C([H])C(C([H])([H])C([H])([H])[H])=[N+]([H])C1,steric,Me,unknown,-2121.024659,-2120.991968,-2121.011226,-288.572095,-20.91834000011943,-0.4047374999055364,-12.489132500070923,8.429207500048506,20.513602500213892,12.084395000165387,-716.86
Int1_comp42_0_Sub23,TS_comp42_0_Sub23,Int2_comp42_0_Sub23,comp42_0_Sub23,-2175.532852,-2175.504038,-2175.521784,-343.746715,-6.819042499833472,11.261742500030891,0.1261275000382511,6.945169999871723,18.080784999864363,11.13561499999264,-711.3,[H]c1c([H])c(C([H])([H])N([H])C([H])([H])[H])n([H])c1[H],[H]C1=C([H])C(C([H])([H])N([H])C([H])([H])[H])=[N+]([H])C1,EDG,NHCH3,unknown,-2176.32734,-2176.295254,-2176.315466,-343.872191,-22.540427499912,-2.4064625000950457,-15.089492500033117,7.450934999878882,20.133964999816953,12.683029999938071,-711.3
Int1_comp42_0_Sub24,TS_comp42_0_Sub24,Int2_comp42_0_Sub24,comp42_0_Sub24,-2195.399638,-2195.371176,-2195.389227,-363.617924,-4.043609999849593,13.81629500000173,2.489292499992928,6.532902499842521,17.859904999851324,11.327002500008804,-705.37,[H]c1c([H])c(C([H])([H])OC([H])([H])[H])n([H])c1[H],[H]C1=C([H])C(C([H])([H])OC([H])([H])[H])=[N+]([H])C1,EDG,OMe,unknown,-2196.181804,-2196.150022,-2196.170505,-363.730869,-19.896142499918028,0.04706250009519408,-12.806020000055582,7.090122499862446,19.943205000013222,12.853082500150776,-705.37
Int1_comp42_0_Sub9,TS_comp42_0_Sub9,Int2_comp42_0_Sub9,comp42_0_Sub9,-2417.876388,-2417.850907,-2417.868535,-586.095841,-3.311317500057669,12.678010000022084,1.6164399999851753,4.927757500042844,15.989327500079751,11.061570000036909,-710.02,[H]c1c(C(F)(F)F)c(C([H])([H])[H])n([H])c1[H],[H]C1=C(C(F)(F)F)C(C([H])([H])[H])=[N+]([H])C1,EWG,CF3,unknown,-2418.629415,-2418.59982,-2418.620041,-586.178601,-19.82021499996705,-1.2493524999845818,-13.93803000012241,5.88218499984464,18.570862499982468,12.688677500137828,-710.02
Int1_comp42_4_Sub10,TS_comp42_4_Sub10,Int2_comp42_4_Sub10,comp42_4_Sub10,-2540.467968,-2540.434858,-2540.45396,-708.687142,-3.486389999901008,17.290135000005762,5.303630000163935,8.790020000064942,20.77652499990677,11.986504999841827,-611.36,[H]c1c([H])c(C([H])([H])Cl)n([H])c1[H],[H]C1=C([H])[N+]([H])=C(C([H])([H])Cl)C1,EWG,Cl,unknown,-2541.208653,-2541.173149,-2541.194576,-708.759157,-18.993170000129,3.2855899998372706,-10.159852499959356,8.833317500169642,22.27875999996627,13.445442499796627,-611.36
Int1_comp42_4_Sub11,TS_comp42_4_Sub11,Int2_comp42_4_Sub11,comp42_4_Sub11,-2315.339155,-2315.308634,-2315.320631,-483.556589,-4.57824000003356,14.573687500051308,7.045570000010599,11.62381000004416,19.151927500084867,7.5281175000407075,-703.31,[H]c1c([H])c(C([H])([H])C2([H])C([H])([H])C([H])([H])C([H])([H])C([H])([H])C2([H])[H])n([H])c1[H],[H]C1=C([H])[N+]([H])=C(C([H])([H])C2([H])C([H])([H])C([H])([H])C([H])([H])C([H])([H])C2([H])[H])C1,steric,Cy,unknown,-2316.237202,-2316.203644,-2316.218283,-483.784213,-21.18502749987414,-0.12738250010642105,-9.31335500009908,11.871672499775059,21.057644999767717,9.185972499992658,-703.31
Int1_comp42_4_Sub13,TS_comp42_4_Sub13,Int2_comp42_4_Sub13,comp42_4_Sub13,-2198.753354,-2198.717757,-2198.734389,-366.973394,-2.942974999917567,19.39414250011538,8.957562499927292,11.90053749984486,22.337117500032942,10.436580000188089,-655.45,[H]c1c([H])c(C([H])([H])C([H])(C([H])([H])[H])C([H])([H])[H])n([H])c1[H],[H]C1=C([H])[N+]([H])=C(C([H])([H])C([H])(C([H])([H])[H])C([H])([H])[H])C1,steric,iPr,unknown,-2199.585747,-2199.54721,-2199.566333,-367.136177,-19.0396050000831,5.142362499857711,-6.8573200001648615,12.182284999918238,24.18196749994081,11.999682500022573,-655.45
Int1_comp42_4_Sub14,TS_comp42_4_Sub14,Int2_comp42_4_Sub14,comp42_4_Sub14,-2120.242166,-2120.20513,-2120.221433,-288.462656,-2.66059999995278,20.57949000015455,10.349357499944604,13.009957499897382,23.24009000010733,10.230132500209947,-675.7,[H]c1c([H])c(C([H])([H])C([H])([H])[H])n([H])c1[H],[H]C1=C([H])[N+]([H])=C(C([H])([H])C([H])([H])[H])C1,steric,Me,unknown,-2121.019912,-2120.980286,-2120.999134,-288.572094,-17.940225000147905,6.925089999993759,-4.9020300001078,13.038195000040105,24.865315000141663,11.827120000101559,-675.7
Int1_comp42_4_Sub16,TS_comp42_4_Sub16,Int2_comp42_4_Sub16,comp42_4_Sub16,-2195.395274,-2195.360785,-2195.378372,-363.617924,-1.3051999999149189,20.33664750016129,9.300804999988088,10.606004999903009,21.64184750007621,11.035842500173205,-641.38,[H]c1c([H])c(C([H])([H])OC([H])([H])[H])n([H])c1[H],[H]C1=C([H])[N+]([H])=C(C([H])([H])OC([H])([H])[H])C1,EDG,OMe,unknown,-2196.177106,-2196.139973,-2196.160014,-363.730871,-16.946892500087642,6.354065000080027,-6.221662500057619,10.725230000030024,23.30095750016767,12.575727500137646,-641.38
Int1_comp42_4_Sub17,TS_comp42_4_Sub17,Int2_comp42_4_Sub17,comp42_4_Sub17,-2417.870767,-2417.837279,-2417.85457,-586.094593,-0.567259999851899,20.446460000169395,9.596357500097952,10.16361749994985,21.01372000002129,10.850102500071444,-683.68,[H]c1c([H])c(C(F)(F)F)n([H])c1C([H])([H])[H],[H]C1=C(C(F)(F)F)[N+]([H])=C(C([H])([H])[H])C1,EWG,CF3,unknown,-2418.62336,-2418.586644,-2418.60686,-586.176873,-17.105022500045095,5.934267499998498,-6.751272499933236,10.353750000111859,23.039290000043593,12.685539999931734,-683.68
Int1_comp42_4_Sub18,TS_comp42_4_Sub18,Int2_comp42_4_Sub18,comp42_4_Sub18,-2540.467336,-2540.432488,-2540.44973,-708.688541,-2.2119375000511354,19.655182500098363,8.835827500163305,11.04776500021444,21.86712000014949,10.819354999935058,-682.32,[H]c1c([H])c(C([H])([H])[H])n([H])c1Cl,[H]C1=C(Cl)[N+]([H])=C(C([H])([H])[H])C1,EWG,Cl,unknown,-2541.207137,-2541.169054,-2541.189145,-708.759072,-18.0952174999706,5.80186499997609,-6.805237499939665,11.289980000030937,23.89708249994669,12.607102499915754,-682.32
Int1_comp42_4_Sub19,TS_comp42_4_Sub19,Int2_comp42_4_Sub19,comp42_4_Sub19,-2315.345181,-2315.308231,-2315.324459,-483.562408,-4.708132500026636,18.477992500074265,8.294922500102189,13.003055000128825,23.1861250001009,10.183069999972076,-674.51,[H]c1c([H])c(C2([H])C([H])([H])C([H])([H])C([H])([H])C([H])([H])C2([H])[H])n([H])c1C([H])([H])[H],[H]C1=C(C2([H])C([H])([H])C([H])([H])C([H])([H])C([H])([H])C2([H])[H])[N+]([H])=C(C([H])([H])[H])C1,steric,Cy,unknown,-2316.242424,-2316.20154,-2316.220511,-483.788283,-21.90790750004652,3.746802499956914,-8.157500000021116,13.750407500025403,25.654710000003433,11.90430249997803,-674.51
Int1_comp42_4_Sub20,TS_comp42_4_Sub20,Int2_comp42_4_Sub20,comp42_4_Sub20,-2238.011921,-2237.978092,-2237.993893,-406.233874,-1.742567499809411,19.48513000017101,9.570002500164492,11.312569999973904,21.227697499980422,9.91512750000652,-678.33,[H]c1c([H])c(C(C([H])([H])[H])(C([H])([H])[H])C([H])([H])[H])n([H])c1C([H])([H])[H],[H]C1=C(C(C([H])([H])[H])(C([H])([H])[H])C([H])([H])[H])[N+]([H])=C(C([H])([H])[H])C1,steric,tBu,unknown,-2238.870512,-2238.832921,-2238.85161,-406.421964,-18.398299999990115,5.190052499879982,-6.537295000116785,11.86100499987333,23.588352499870098,11.727347499996768,-678.33
Int1_comp42_4_Sub21,TS_comp42_4_Sub21,Int2_comp42_4_Sub21,comp42_4_Sub21,-2198.758887,-2198.722253,-2198.738053,-366.978559,-3.173894999905258,19.81394000012557,9.899440000046129,13.073334999951385,22.987835000030827,9.914500000079444,-677.96,[H]c1c([H])c(C([H])(C([H])([H])[H])C([H])([H])[H])n([H])c1C([H])([H])[H],[H]C1=C(C([H])(C([H])([H])[H])C([H])([H])[H])[N+]([H])=C(C([H])([H])[H])C1,steric,iPr,unknown,-2199.591291,-2199.550441,-2199.568848,-367.139824,-20.229972500145266,5.40340250005471,-6.146989999960795,14.082982500184471,25.633375000199976,11.550392500015505,-677.96
Int1_comp42_4_Sub22,TS_comp42_4_Sub22,Int2_comp42_4_Sub22,comp42_4_Sub22,-2120.250386,-2120.213286,-2120.229454,-288.470867,-2.666247500045529,20.614002499960407,10.468582500178629,13.134830000224156,23.28025000000593,10.14541999978178,-672.94,[H]c1c([H])c(C([H])([H])[H])n([H])c1C([H])([H])[H],[H]C1=C(C([H])([H])[H])[N+]([H])=C(C([H])([H])[H])C1,steric,Me,unknown,-2121.026719,-2120.986322,-2121.005135,-288.578223,-18.36567000000116,6.98344749984642,-4.821709999953896,13.543960000047264,25.34911749984758,11.805157499800316,-672.94
Int1_comp42_4_Sub23,TS_comp42_4_Sub23,Int2_comp42_4_Sub23,comp42_4_Sub23,-2175.547496,-2175.499403,-2175.515399,-343.754199,-11.311942500011156,18.86641500019934,8.828925000145063,20.14086750015622,30.17835750021049,10.037490000054277,-677.65,[H]C1=C([H])C2(C([H])([H])[H])N([H])C12N([H])C([H])([H])[H],[H]C1=C(N([H])C([H])([H])[H])[N+]([H])=C(C([H])([H])[H])C1,EDG,NHCH3,unknown,-2176.340717,-2176.288751,-2176.307486,-343.877323,-27.71416500004719,4.894499999948465,-6.861712500118102,20.852452499929086,32.60866499999565,11.756212500066567,-677.65
Int1_comp42_4_Sub24,TS_comp42_4_Sub24,Int2_comp42_4_Sub24,comp42_4_Sub24,-2195.405328,-2195.367146,-2195.383136,-363.62524,-3.023294999821786,20.9359100000394,10.902185000118294,13.92547999994008,23.959204999861186,10.033724999921104,-688.47,[H]c1c([H])c(C([H])([H])[H])n([H])c1OC([H])([H])[H],[H]C1=C(OC([H])([H])[H])[N+]([H])=C(C([H])([H])[H])C1,EDG,OMe,unknown,-2196.187514,-2196.144518,-2196.163332,-363.736825,-19.741777500129416,7.238212499952255,-4.567572500060493,15.174205000068923,26.97999000008167,11.805785000012747,-688.47
Int1_comp42_4_Sub7,TS_comp42_4_Sub7,Int2_comp42_4_Sub7,comp42_4_Sub7,-2175.538752,-2175.492569,-2175.508105,-343.754337,-5.738487499886418,23.24134500006849,13.492505000141506,19.230992500027924,28.97983249995491,9.748839999926986,-615.52,[H]C1=C(N([H])C([H])([H])[H])C2([H])N([H])C12C([H])([H])[H],[H]C1=C(N([H])C([H])([H])[H])CC(C([H])([H])[H])=[N+]1[H],EDG,NHCH3,unknown,-2176.33273,-2176.283674,-2176.301478,-343.877535,-22.569292500053137,8.2133475001298,-2.958662499913629,19.61063000013951,30.782640000182937,11.172010000043429,-615.52
Int1_comp42_4_Sub8,TS_comp42_4_Sub8,Int2_comp42_4_Sub8,comp42_4_Sub8,-2195.399763,-2195.360674,-2195.377507,-363.62043,-2.5495324998765057,21.97881500004584,11.41610749996218,13.965639999838686,24.528347499922347,10.56270750008366,-630.15,[H]c1c(OC([H])([H])[H])c([H])n([H])c1C([H])([H])[H],[H]C1=C(OC([H])([H])[H])CC(C([H])([H])[H])=[N+]1[H],EDG,OMe,unknown,-2196.181784,-2196.1388,-2196.157437,-363.731628,-19.407319999939432,7.565139999875896,-4.1295774999179,15.277742500021532,26.972459999815328,11.694717499793796,-630.15
Int1_comp42_4_Sub9,TS_comp42_4_Sub9,Int2_comp42_4_Sub9,comp42_4_Sub9,-2417.870374,-2417.837391,-2417.854753,-586.093119,-1.2455874999940877,19.451245000042547,8.55659000001225,9.802177500006335,20.696832500036635,10.894655000030298,-631.56,[H]c1c([H])c(C([H])([H])C(F)(F)F)n([H])c1[H],[H]C1=C([H])[N+]([H])=C(C([H])([H])C(F)(F)F)C1,EWG,CF3,unknown,-2418.624514,-2418.588574,-2418.608509,-586.17751,-17.42944000008208,5.122910000049501,-7.386302500113402,10.04313749996868,22.552350000131582,12.509212500162903,-631.56
Int1_comp43_0_Sub10,TS_comp43_0_Sub10,Int2_comp43_0_Sub10,comp43_0_Sub10,-2883.241011,-2883.217157,-2883.238048,-1051.460753,-3.1299699999448194,11.83841500007304,-1.2706875000020543,1.8592824999427648,14.96838500001786,13.109102500075096,-663.36,[H]C1=C([H])C2(Cl)[C-](C([H])([H])[H])[S+]12,[H]C([H])([H])[C-]1C2(Cl)C3([H])C[S+2]132,EWG,Cl,unknown,-2883.965282,-2883.937081,-2883.960623,-1051.51466,-19.699735000057217,-2.00360750000641,-16.77621249994786,2.9235225001093568,17.696127500050807,14.77260499994145,-663.36
Int1_comp43_0_Sub13,TS_comp43_0_Sub13,Int2_comp43_0_Sub13,comp43_0_Sub13,-2541.524091,-2541.499641,-2541.519347,-709.744654,-2.6147925001041017,12.72758250011094,0.3620675000846063,2.976860000188708,15.342375000215045,12.365515000026337,-716.98,[H]C1=S23=C(C([H])([H])[H])C2(C([H])(C([H])([H])[H])C([H])([H])[H])C13[H],[H]C([H])([H])[C-]1C2(C([H])(C([H])([H])[H])C([H])([H])[H])C3([H])C[S+2]132,steric,iPr,unknown,-2542.339851,-2542.311073,-2542.333465,-709.889816,-19.33139250013113,-1.273197499924379,-15.32417750011831,4.00721500001282,18.05819500020675,14.050980000193931,-716.98
Int1_comp43_0_Sub14,TS_comp43_0_Sub14,Int2_comp43_0_Sub14,comp43_0_Sub14,-2463.019467,-2462.993629,-2463.013292,-631.23963,-2.865792499969757,13.347552500043776,1.009020000020655,3.874812499990412,16.213345000013533,12.33853250002312,-709.43,[H]C1=S23=C(C([H])([H])[H])C2(C([H])([H])[H])C13[H],[H]C([H])([H])[C-]1C2(C([H])([H])[H])C3([H])C[S+2]132,steric,Me,unknown,-2463.780191,-2463.749885,-2463.77207,-631.330261,-19.265504999940788,-0.24849000015734646,-14.169577500037178,5.09592749990361,19.01701499978344,13.921087499879832,-709.43
Int1_comp43_0_Sub15,TS_comp43_0_Sub15,Int2_comp43_0_Sub15,comp43_0_Sub15,-2518.311087,-2518.285628,-2518.304301,-686.52875,-4.434542500004,11.54097999996793,-0.1763275000541853,4.258214999949814,15.97552249997193,11.717307500022116,-730.48,[H]C1=C([H])C2(N([H])C([H])([H])[H])[C-](C([H])([H])[H])[S+]12,[H]N(C([H])([H])[H])C12[C-](C([H])([H])[H])[S+2]13CC23[H],EDG,NHCH3,unknown,-2519.089958,-2519.058535,-2519.079736,-686.635443,-22.142592500024705,-2.4246600000847707,-15.72828750009677,6.414304999927936,19.717932499939934,13.303627500011999,-730.48
Int1_comp43_0_Sub16,TS_comp43_0_Sub16,Int2_comp43_0_Sub16,comp43_0_Sub16,-2538.173144,-2538.148599,-2538.167915,-706.393554,-2.710799999861706,12.691187499988814,0.5703975000579931,3.281197499919699,15.40198749985052,12.12078999993082,-718.09,[H]C1=C([H])C2(OC([H])([H])[H])[C-](C([H])([H])[H])[S+]12,[H]C([H])([H])OC12[C-](C([H])([H])[H])[S+2]13CC23[H],EDG,OMe,unknown,-2538.939598,-2538.909469,-2538.931229,-706.488313,-20.115767500005575,-1.2098200001557302,-14.86421999992416,5.251547500081415,18.905947499849844,13.65439999976843,-718.09
Int1_comp43_0_Sub17,TS_comp43_0_Sub17,Int2_comp43_0_Sub17,comp43_0_Sub17,-2760.643114,-2760.617218,-2760.638521,-928.862057,-3.63134249989173,12.618397500172591,-0.7492349998204872,2.8821075000712426,16.24974000006432,13.367632499993078,-649.63,[H]C1=C([H])C2([H])[C-](C([H])([H])C(F)(F)F)[S+]12,[H]C([H])([C-]1C2([H])C3([H])C[S+2]132)C(F)(F)F,EWG,CF3,unknown,-2761.3815,-2761.351813,-2761.375608,-928.929537,-20.541212500001507,-1.912620000164793,-16.843982499919434,3.6972300000820724,18.628592499836714,14.931362499754641,-649.63
Int1_comp43_0_Sub18,TS_comp43_0_Sub18,Int2_comp43_0_Sub18,comp43_0_Sub18,-2883.23981,-2883.214294,-2883.235982,-1051.455773,-5.501292500021577,10.509997500074064,-3.099222500093788,2.402069999927789,16.01129000009564,13.609220000167852,-647.52,[H]C1=C([H])C2([H])[C-](C([H])([H])Cl)[S+]12,[H]C([H])(Cl)[C-]1C2([H])C3([H])C[S+2]132,EWG,Cl,unknown,-2883.965007,-2883.935714,-2883.959947,-1051.510953,-21.853314999899,-3.4719575001514613,-18.67816499992557,3.175149999973428,18.381357499747537,15.20620749977411,-647.52
Int1_comp43_0_Sub19,TS_comp43_0_Sub19,Int2_comp43_0_Sub19,comp43_0_Sub19,-2658.112674,-2658.084136,-2658.104333,-826.327908,-5.958739999936711,11.94885500007956,-0.7247625000962898,5.233977499840421,17.907595000016272,12.673617500175853,-701.01,[H]C1=C([H])C2([H])[C-](C([H])([H])C3([H])C([H])([H])C([H])([H])C([H])([H])C([H])([H])C3([H])[H])[S+]12,[H]C([H])([C-]1C2([H])C3([H])C[S+2]132)C1([H])C([H])([H])C([H])([H])C([H])([H])C([H])([H])C1([H])[H],steric,Cy,unknown,-2658.995082,-2658.962752,-2658.98547,-826.538996,-23.1283949999613,-2.8413199999602057,-17.09686500006569,6.031529999895611,20.287075000001096,14.255545000105485,-701.01
Int1_comp43_0_Sub20,TS_comp43_0_Sub20,Int2_comp43_0_Sub20,comp43_0_Sub20,-2580.781684,-2580.754582,-2580.77484,-748.9998,-4.150284999936957,12.856220000071517,0.1443250000636453,4.294610000000603,17.006505000008474,12.711895000007871,-698.34,[H]C1=C([H])C2([H])[C-](C([H])([H])C(C([H])([H])[H])(C([H])([H])[H])C([H])([H])[H])[S+]12,[H]C([H])([H])C(C([H])([H])[H])(C([H])([H])[H])C([H])([H])[C-]1C2([H])C3([H])C[S+2]132,steric,tBu,unknown,-2581.625395,-2581.594546,-2581.617271,-749.172755,-20.966029999999023,-1.608282499863094,-15.868220000028828,5.097809999970195,19.35774750013593,14.259937500165734,-698.34
Int1_comp43_0_Sub21,TS_comp43_0_Sub21,Int2_comp43_0_Sub21,comp43_0_Sub21,-2541.527033,-2541.49863,-2541.518614,-709.744716,-4.42199249982167,13.400890000051788,0.8609300000378539,5.282922499859524,17.822882499873458,12.539960000013934,-705.65,[H]C1=C([H])C2([H])[C-](C([H])([H])C([H])(C([H])([H])[H])C([H])([H])[H])[S+]12,[H]C([H])([H])C([H])(C([H])([H])[H])C([H])([H])[C-]1C2([H])C3([H])C[S+2]132,steric,iPr,unknown,-2542.343761,-2542.311542,-2542.334002,-709.890867,-21.125415000095984,-0.907992499990371,-15.00164250007657,6.123772500019413,20.217422500105613,14.0936500000862,-705.65
Int1_comp43_0_Sub22,TS_comp43_0_Sub22,Int2_comp43_0_Sub22,comp43_0_Sub22,-2463.015679,-2462.988601,-2463.008325,-631.233941,-4.058670000025586,12.93277500002091,0.5559650001657701,4.614635000191356,16.991445000046497,12.37680999985514,-710.33,[H]C1=C([H])C2([H])[C-](C([H])([H])C([H])([H])[H])[S+]12,[H]C([H])([H])C([H])([H])[C-]1C2([H])C3([H])C[S+2]132,steric,Me,unknown,-2463.777921,-2463.746904,-2463.769266,-631.326674,-20.0919224999231,-0.6287550000533315,-14.66090999986676,5.43101250005634,19.46316749986977,14.032154999813429,-710.33
Int1_comp43_0_Sub23,TS_comp43_0_Sub23,Int2_comp43_0_Sub23,comp43_0_Sub23,-2518.302414,-2518.275546,-2518.29573,-686.518576,-5.376420000051496,11.483250000185024,-1.1822099997974078,4.194210000254088,16.85967000023652,12.665459999982431,-693.73,[H]C1=C([H])C2([H])[C-](C([H])([H])N([H])C([H])([H])[H])[S+]12,[H]N(C([H])([H])[H])C([H])([H])[C-]1C2([H])C3([H])C[S+2]132,EDG,NHCH3,unknown,-2519.081371,-2519.050665,-2519.073352,-686.627349,-21.83323500016371,-2.5652200001579217,-16.801312499955827,5.031922500207884,19.26801500000579,14.236092499797905,-693.73
Int1_comp43_0_Sub24,TS_comp43_0_Sub24,Int2_comp43_0_Sub24,comp43_0_Sub24,-2538.168464,-2538.141749,-2538.162286,-706.386953,-3.916227499885849,12.847435000093697,-0.0395325001142055,3.876694999771644,16.763662499979546,12.886967500207902,-685.98,[H]C1=C([H])C2([H])[C-](C([H])([H])OC([H])([H])[H])[S+]12,[H]C([H])([H])OC([H])([H])[C-]1C2([H])C3([H])C[S+2]132,EDG,OMe,unknown,-2538.934804,-2538.904184,-2538.92728,-706.483127,-20.36174750002658,-1.1476975000272205,-15.640437499961877,4.721310000064705,19.21404999999936,14.492739999934656,-685.98
Int1_comp43_0_Sub9,TS_comp43_0_Sub9,Int2_comp43_0_Sub9,comp43_0_Sub9,-2760.640097,-2760.617634,-2760.638528,-928.863083,-1.0943599999478693,13.001172499919562,-0.1098124999367655,0.9845475000111036,14.095532499867431,13.110984999856328,-674.92,[H]C1=C([H])C2(C(F)(F)F)[C-](C([H])([H])[H])[S+]12,[H]C([H])([H])[C-]1C2(C(F)(F)F)C3([H])C[S+2]132,EWG,CF3,unknown,-2761.377753,-2761.350269,-2761.373756,-928.92897,-18.545762500117178,-1.299552500000516,-16.037644999957763,2.5081175001594147,17.246210000116662,14.738092499957247,-674.92
Int1_comp43_4_Sub10,TS_comp43_4_Sub10,Int2_comp43_4_Sub10,comp43_4_Sub10,-2883.237109,-2883.203168,-2883.223119,-1051.455771,-3.807670000088592,17.490307499999744,4.97105499986219,8.778724999950782,21.297977500088336,12.519252500137554,-578.78,[H]C1=C(C([H])([H])Cl)[S+]2[C-]([H])C12[H],[H][C-]1[S+]2[C+](C([H])([H])Cl)CC12[H],EWG,Cl,unknown,-2883.963599,-2883.925206,-2883.947679,-1051.510951,-20.971050000129026,3.120557500039922,-10.981249999954343,9.989800000174682,24.091607500168948,14.101807499994266,-578.78
Int1_comp43_4_Sub11,TS_comp43_4_Sub11,Int2_comp43_4_Sub11,comp43_4_Sub11,-2658.107387,-2658.074159,-2658.09291,-826.327908,-2.6411474999662232,18.20942250018163,6.443170000140412,9.084317500106636,20.85057000014785,11.76625250004122,-619.93,[H]C1=S23=C(C([H])([H])C4([H])C([H])([H])C([H])([H])C([H])([H])C([H])([H])C4([H])[H])C2([H])C13[H],[H][C-]1[S+]2[C+](C([H])([H])C3([H])C([H])([H])C([H])([H])C([H])([H])C([H])([H])C3([H])[H])CC12[H],steric,Cy,unknown,-2658.990595,-2658.953345,-2658.974644,-826.538996,-20.312802500150156,3.061572500046168,-10.303549999953248,10.009252500196908,23.374375000196324,13.365122499999416,-619.93
Int1_comp43_4_Sub12,TS_comp43_4_Sub12,Int2_comp43_4_Sub12,comp43_4_Sub12,-2580.777275,-2580.740686,-2580.759156,-748.9998,-1.3836374998595602,21.575960000028545,9.986035000041513,11.369672499901071,22.959597499888105,11.589924999987034,-602.85,[H]C1=S23=C(C([H])([H])C(C([H])([H])[H])(C([H])([H])[H])C([H])([H])[H])C2([H])C13[H],[H][C-]1[S+]2[C+](C([H])([H])C(C([H])([H])[H])(C([H])([H])[H])C([H])([H])[H])CC12[H],steric,tBu,unknown,-2581.621733,-2581.581114,-2581.602078,-749.172754,-18.668752499949335,6.819669999974565,-6.33523999991354,12.333512500035795,25.4884224999239,13.154909999888105,-602.85
Int1_comp43_4_Sub14,TS_comp43_4_Sub14,Int2_comp43_4_Sub14,comp43_4_Sub14,-2463.009898,-2462.975458,-2462.993368,-631.233942,-0.4304649998405807,21.180635000099244,9.942110000081072,10.372574999921651,21.611099999939825,11.238525000018171,-641.02,[H]C1=C(C([H])([H])C([H])([H])[H])[S+]2[C-]([H])C12[H],[H][C-]1[S+]2[C+](C([H])([H])C([H])([H])[H])CC12[H],steric,Me,unknown,-2463.772797,-2463.734254,-2463.755005,-631.326674,-16.876612500051067,7.309120000022915,-5.712132499988627,11.16448000006244,24.185732500073982,13.021252500011542,-641.02
Int1_comp43_4_Sub15,TS_comp43_4_Sub15,Int2_comp43_4_Sub15,comp43_4_Sub15,-2518.29631,-2518.263599,-2518.281447,-686.517713,-2.08769250007947,18.438460000102737,7.238840000129016,9.326532500208486,20.526152500182206,11.19961999997372,-604.56,[H]C1=S23=C(C([H])([H])N([H])C([H])([H])[H])C2([H])C13[H],[H][C-]1[S+]2[C+](C([H])([H])N([H])C([H])([H])[H])CC12[H],EDG,NHCH3,unknown,-2519.077541,-2519.039114,-2519.059584,-686.626538,-19.93881250009565,4.1741299998767545,-8.670795000080602,11.268017500015048,24.112942499972405,12.844924999957357,-604.56
Int1_comp43_4_Sub16,TS_comp43_4_Sub16,Int2_comp43_4_Sub16,comp43_4_Sub16,-2538.16363,-2538.130406,-2538.149304,-706.386954,-0.8822649999839882,19.96579499988485,8.107300000005182,8.98956499998917,20.84805999986884,11.858494999879667,-603.01,[H]C1=C(C([H])([H])OC([H])([H])[H])[S+]2[C-]([H])C12[H],[H][C-]1[S+]2[C+](C([H])([H])OC([H])([H])[H])CC12[H],EDG,OMe,unknown,-2538.931332,-2538.893259,-2538.914768,-706.483128,-18.18244000010708,5.708367499998133,-7.788530000096614,10.393910000010465,23.89080750010521,13.496897500094747,-603.01
Int1_comp43_4_Sub17,TS_comp43_4_Sub17,Int2_comp43_4_Sub17,comp43_4_Sub17,-2760.634607,-2760.604458,-2760.622921,-928.861407,1.2989250000734387,20.21742250017695,8.631889999964812,7.332964999891374,18.91849750010352,11.58553250021214,-645.18,[H]C1=C(C([H])([H])[H])[S+]2[C-](C(F)(F)F)C12[H],[H]C([H])([H])[C+]1CC2([H])[C-](C(F)(F)F)[S+]12,EWG,CF3,unknown,-2761.372718,-2761.337826,-2761.360014,-928.92712,-16.547175000098093,5.347554999981696,-8.575414999964721,7.971760000133372,21.89473000007979,13.922969999946417,-645.18
Int1_comp43_4_Sub18,TS_comp43_4_Sub18,Int2_comp43_4_Sub18,comp43_4_Sub18,-2883.231948,-2883.200006,-2883.218832,-1051.456144,-0.3350850000100536,19.70852000003504,7.895205000041301,8.230290000051355,20.04360500004509,11.813314999993736,-646.46,[H]c1c(Cl)sc(C([H])([H])[H])c1[H],[H]C([H])([H])[C+]1CC2([H])[C-](Cl)[S+]12,EWG,Cl,unknown,-2883.957661,-2883.920604,-2883.942495,-1051.509946,-17.875592500025732,5.377674999976989,-8.358927499940592,9.51666500008514,23.25326750000272,13.73660249991758,-646.46
Int1_comp43_4_Sub19,TS_comp43_4_Sub19,Int2_comp43_4_Sub19,comp43_4_Sub19,-2658.113007,-2658.077858,-2658.095609,-826.332168,-3.494547499880412,18.561450000006232,7.422697500092852,10.917244999973263,22.055997499886644,11.13875249991338,-630.45,[H]C([H])([H])C1=S23=C(C4([H])C([H])([H])C([H])([H])C([H])([H])C([H])([H])C4([H])[H])C2([H])C13[H],[H]C([H])([H])[C+]1CC2([H])[C-](C3([H])C([H])([H])C([H])([H])C([H])([H])C([H])([H])C3([H])[H])[S+]12,steric,Cy,unknown,-2658.995564,-2658.955565,-2658.976224,-826.541747,-21.70459749991778,3.394774999846959,-9.568747500024983,12.135849999892798,25.09937249976474,12.963522499871942,-630.45
Int1_comp43_4_Sub21,TS_comp43_4_Sub21,Int2_comp43_4_Sub21,comp43_4_Sub21,-2541.526051,-2541.491293,-2541.509294,-709.748255,-1.585064999850374,20.22558000001368,8.929952500068339,10.515017499918711,21.810644999864053,11.29562749994534,-625.55,[H]C([H])([H])C1=S23=C(C([H])(C([H])([H])[H])C([H])([H])[H])C2([H])C13[H],[H]C([H])([H])[C+]1CC2([H])[C-](C([H])(C([H])([H])[H])C([H])([H])[H])[S+]12,steric,iPr,unknown,-2542.343239,-2542.303676,-2542.32439,-709.89333,-19.25232749990272,5.5734549999820615,-7.4245800001594375,11.827747499743282,24.82578249988478,12.998035000141499,-625.55
Int1_comp43_4_Sub22,TS_comp43_4_Sub22,Int2_comp43_4_Sub22,comp43_4_Sub22,-2463.016218,-2462.982457,-2463.000483,-631.240518,-0.2698250001034807,20.91520249998468,9.60388750015028,9.87371250025376,21.18502750008816,11.311314999834394,-639.58,[H]C1=C(C([H])([H])[H])[S+]2[C-](C([H])([H])[H])C12[H],[H]C([H])([H])[C+]1CC2([H])[C-](C([H])([H])[H])[S+]12,steric,Me,unknown,-2463.778299,-2463.739604,-2463.760379,-631.331188,-17.49658250005524,6.784530000063285,-6.2517824999102345,11.244800000145005,24.281112500118525,13.03631249997352,-639.58
Int1_comp43_4_Sub23,TS_comp43_4_Sub23,Int2_comp43_4_Sub23,comp43_4_Sub23,-2518.308788,-2518.272462,-2518.290055,-686.528153,-3.3665374998469133,19.42802750010117,8.388420000080146,11.75495749992706,22.79456499994808,11.03960750002102,-615.74,[H]c1c(N([H])C([H])([H])[H])sc(C([H])([H])[H])c1[H],[H]N([C-]1[S+]2[C+](C([H])([H])[H])CC12[H])C([H])([H])[H],EDG,NHCH3,unknown,-2519.087546,-2519.046086,-2519.066616,-686.63507,-20.86312000011617,5.153030000116132,-7.729545000031521,13.133575000084647,26.0161500002323,12.882575000147654,-615.74
Int1_comp43_4_Sub24,TS_comp43_4_Sub24,Int2_comp43_4_Sub24,comp43_4_Sub24,-2538.169339,-2538.13244,-2538.150224,-706.39115,-1.831672499941135,21.322450000169223,10.162990000094112,11.994662500035249,23.15412250011036,11.159460000075114,-639.65,[H]c1c(OC([H])([H])[H])sc(C([H])([H])[H])c1[H],[H]C([H])([H])O[C-]1[S+]2[C+](C([H])([H])[H])CC12[H],EDG,OMe,unknown,-2538.936242,-2538.89339,-2538.914213,-706.485662,-19.673380000123757,7.216249999900697,-5.850182499996777,13.82319750012698,26.889630000024454,13.066432499897473,-639.65
Int1_comp43_4_Sub8,TS_comp43_4_Sub8,Int2_comp43_4_Sub8,comp43_4_Sub8,-2538.170786,-2538.13152,-2538.14982,-706.396458,0.5911050000057116,25.23052000014701,13.747270000033325,13.156165000027611,24.63941500014129,11.483250000113683,-611.69,[H]C1=C(C([H])([H])[H])[S+]2[C-]([H])C12OC([H])([H])[H],[H][C-]1[S+]2[C+](C([H])([H])[H])CC12OC([H])([H])[H],EDG,OMe,unknown,-2538.937819,-2538.893536,-2538.913951,-706.491326,-17.108787500178266,10.678794999933245,-2.1316175000399085,14.977170000138358,27.78758250011151,12.810412499973154,-611.69
Int1_comp43_4_Sub9,TS_comp43_4_Sub9,Int2_comp43_4_Sub9,comp43_4_Sub9,-2760.638907,-2760.605843,-2760.624535,-928.862057,-0.991449999922338,19.756210000199985,8.026980000136632,9.01843000005897,20.747660000122323,11.729230000063351,-597.42,[H]C1=C(C([H])([H])C(F)(F)F)[S+]2[C-]([H])C12[H],[H][C-]1[S+]2[C+](C([H])([H])C(F)(F)F)CC12[H],EWG,CF3,unknown,-2761.378093,-2761.340875,-2761.362105,-928.929537,-18.403319999906103,4.950975000055564,-8.370850000124506,10.032469999781597,23.354294999961667,13.32182500018007,-597.42
Int1_comp43_5_Sub17,TS_comp43_5_Sub17,Int2_comp43_5_Sub17,comp43_5_Sub17,-2760.642346,-2760.612565,-2760.627091,-928.862057,-3.149422499967045,15.538155000148777,6.4230900001911095,9.572512500158156,18.68757750011582,9.115064999957667,-754.42,[H]C1=C([H])C2([H])[C-](C([H])([H])C(F)(F)F)[S+]12,[H][C+]1CC2([H])[C-](C([H])([H])C(F)(F)F)[S+]12,EWG,CF3,unknown,-2761.381377,-2761.347516,-2761.364707,-928.929537,-20.464030000125035,0.783747500090044,-10.003605000139828,10.460424999985207,21.24777750021508,10.787352500229872,-754.42
Int1_comp43_5_Sub18,TS_comp43_5_Sub18,Int2_comp43_5_Sub18,comp43_5_Sub18,-2883.239105,-2883.209555,-2883.224012,-1051.455772,-5.059532499995498,13.4830925001296,4.41132499999128,9.470857499986778,18.5426250001251,9.07176750013832,-739.59,[H]C1=C([H])C2([H])[C-](C([H])([H])Cl)[S+]12,[H][C+]1CC2([H])[C-](C([H])([H])Cl)[S+]12,EWG,Cl,unknown,-2883.965133,-2883.931116,-2883.948623,-1051.510952,-21.933007500054487,-0.5873400000865558,-11.572982500101148,10.360024999953339,21.34566749996793,10.985642500014592,-739.59
Int1_comp43_5_Sub19,TS_comp43_5_Sub19,Int2_comp43_5_Sub19,comp43_5_Sub19,-2658.110009,-2658.080622,-2658.09308,-826.327906,-4.287707499946691,14.152635000079954,6.335239999984879,10.62294749993157,18.440342500026645,7.817395000095075,-742.32,[H]C1=C([H])C2([H])[C-](C([H])([H])C3([H])C([H])([H])C([H])([H])C([H])([H])C([H])([H])C3([H])[H])[S+]12,[H][C+]1CC2([H])[C-](C([H])([H])C3([H])C([H])([H])C([H])([H])C([H])([H])C([H])([H])C3([H])[H])[S+]12,steric,Cy,unknown,-2658.993002,-2658.959681,-2658.9748,-826.538995,-21.823822500116137,-0.9148949999016054,-10.402067499989869,11.421755000126268,20.90892750021453,9.487172500088263,-742.32
Int1_comp43_5_Sub20,TS_comp43_5_Sub20,Int2_comp43_5_Sub20,comp43_5_Sub20,-2580.781088,-2580.75154,-2580.763767,-748.999801,-3.7756675000267137,14.765702499958875,7.093260000139878,10.868927500166592,18.54136999998559,7.672442499818999,-734.0,[H]C1=C([H])C2([H])[C-](C([H])([H])C(C([H])([H])[H])(C([H])([H])[H])C([H])([H])[H])[S+]12,[H][C+]1CC2([H])[C-](C([H])([H])C(C([H])([H])[H])(C([H])([H])[H])C([H])([H])[H])[S+]12,steric,tBu,unknown,-2581.625335,-2581.591654,-2581.606793,-749.172754,-20.929007500092496,0.20582000012240087,-9.293902499934177,11.635105000158319,21.134827500214897,9.499722500056578,-734.0
Int1_comp43_5_Sub21,TS_comp43_5_Sub21,Int2_comp43_5_Sub21,comp43_5_Sub21,-2541.52612,-2541.494863,-2541.507758,-709.744715,-3.8497124999111065,15.764055000149142,7.672442499961676,11.522154999872782,19.61376750006025,8.091612500187466,-746.18,[H]C1=C([H])C2([H])[C-](C([H])([H])C([H])(C([H])([H])[H])C([H])([H])[H])[S+]12,[H][C+]1CC2([H])[C-](C([H])([H])C([H])(C([H])([H])[H])C([H])([H])[H])[S+]12,steric,iPr,unknown,-2542.343492,-2542.307949,-2542.323756,-709.890866,-20.957245000021203,1.3459874999546173,-8.57290499989972,12.384340000121483,22.30323249997582,9.918892499854337,-746.18
Int1_comp43_5_Sub22,TS_comp43_5_Sub22,Int2_comp43_5_Sub22,comp43_5_Sub22,-2463.014931,-2462.984216,-2462.99761,-631.233941,-3.5893000000692155,15.68436250013633,7.279627500097376,10.868927500166592,19.273662500205543,8.404735000038954,-750.84,[H]C1=C([H])C2([H])[C-](C([H])([H])C([H])([H])[H])[S+]12,[H][C+]1CC2([H])[C-](C([H])([H])C([H])([H])[H])[S+]12,steric,Me,unknown,-2463.777868,-2463.742774,-2463.759133,-631.326674,-20.058665000078406,1.9628200001093887,-8.302452500011839,11.756212500066567,22.021485000187795,10.265272500121227,-750.84
Int1_comp43_5_Sub23,TS_comp43_5_Sub23,Int2_comp43_5_Sub23,comp43_5_Sub23,-2518.301693,-2518.27188,-2518.284608,-686.518576,-4.923992499838334,13.78366500022679,5.796845000131441,10.720837499969775,18.707657500065125,7.986820000095349,-739.06,[H]C1=C([H])C2([H])[C-](C([H])([H])N([H])C([H])([H])[H])[S+]12,[H][C+]1CC2([H])[C-](C([H])([H])N([H])C([H])([H])[H])[S+]12,EDG,NHCH3,unknown,-2519.08119,-2519.04716,-2519.062945,-686.627349,-21.719657499951097,-0.3658325000751006,-10.270920000106969,11.448737499844128,21.353824999875997,9.905087500031868,-739.06
Int1_comp43_5_Sub24,TS_comp43_5_Sub24,Int2_comp43_5_Sub24,comp43_5_Sub24,-2538.167822,-2538.137693,-2538.151002,-706.386954,-3.512744999905806,15.39320249994404,7.041804999984436,10.55454999989024,18.905947499849844,8.351397499959603,-745.66,[H]C1=C([H])C2([H])[C-](C([H])([H])OC([H])([H])[H])[S+]12,[H][C+]1CC2([H])[C-](C([H])([H])OC([H])([H])[H])[S+]12,EDG,OMe,unknown,-2538.934765,-2538.900289,-2538.916611,-706.483129,-20.3360200000202,1.2976699998625918,-8.944385000103239,11.39163499991696,21.63368999988279,10.24205499996583,-745.66
Int1_comp43_5_Sub5,TS_comp43_5_Sub5,Int2_comp43_5_Sub5,comp43_5_Sub5,-2541.525776,-2541.496424,-2541.506129,-709.749145,-0.8540274999126041,17.564352500098153,11.474465000135863,12.328492500048467,18.41838000001076,6.089887499962288,-758.4,[H]C([H])([H])C1=S23=C(C([H])(C([H])([H])[H])C([H])([H])[H])C2([H])C13[H],[H]C([H])([H])[C-]1[S+]2[C+](C([H])(C([H])([H])[H])C([H])([H])[H])CC12[H],steric,iPr,unknown,-2542.342184,-2542.308337,-2542.320819,-709.893833,-18.274682500088204,2.9643100000063782,-4.868145000050674,13.40653750003753,21.238992500094582,7.8324550000570525,-758.4
Int1_comp43_5_Sub6,TS_comp43_5_Sub6,Int2_comp43_5_Sub6,comp43_5_Sub6,-2463.016226,-2462.98911,-2462.995947,-631.240519,-0.2742175000923907,16.74107250003658,12.450855000096226,12.725072500188617,17.01529000012897,4.290217499940354,-740.32,[H]C1=C(C([H])([H])[H])[S+]2[C-](C([H])([H])[H])C12[H],[H]C([H])([H])[C+]1CC2([H])[C-](C([H])([H])[H])[S+]12,steric,Me,unknown,-2463.778304,-2463.746281,-2463.756557,-631.331189,-17.499092499977564,2.5953399998678606,-3.8528500001172006,13.646242499860364,20.094432499845425,6.448189999985061,-740.32
Int1_comp43_5_Sub7,TS_comp43_5_Sub7,Int2_comp43_5_Sub7,comp43_5_Sub7,-2518.316875,-2518.281475,-2518.287028,-686.527577,-8.802569999961918,13.410930000169117,9.926422499906664,18.728992499868585,22.213500000131035,3.4845075002624526,-731.3,[H]C1=C(N([H])C([H])([H])[H])[S+]2[C-](C([H])([H])[H])C12[H],[H][N+](=C1CC2([H])[C-](C([H])([H])[H])[S+]12)C([H])([H])[H],EDG,NHCH3,unknown,-2519.093519,-2519.054726,-2519.06298,-686.63403,-25.263777499991704,-0.9211699998857625,-6.100555000078032,19.163222499913672,24.34260750010594,5.179385000192269,-731.3
Int1_comp43_5_Sub8,TS_comp43_5_Sub8,Int2_comp43_5_Sub8,comp43_5_Sub8,-2538.166681,-2538.138654,-2538.153794,-706.391149,-0.1644050000129482,17.422537500170847,7.922187500187192,8.08659250020014,17.586942500183795,9.500349999983657,-781.96,[H][C-]1C(=[O+]C([H])([H])[H])[S+]2[C-](C([H])([H])[H])C12[H],[H]C([H])([H])[O+]=C1CC2([H])[C-](C([H])([H])[H])[S+]12,EDG,OMe,pi-system,-2538.932328,-2538.89941,-2538.917682,-706.485661,-17.2179724999026,3.4380725000229972,-8.027607499849694,9.190365000052907,20.656044999925598,11.465679999872691,-781.96
Int1_comp43_5_Sub9,TS_comp43_5_Sub9,Int2_comp43_5_Sub9,comp43_5_Sub9,-2760.6401,-2760.603797,-2760.629169,-928.863084,-1.0956150000160392,21.68451749989714,5.7635875001440695,6.859202500160109,22.78013249991318,15.92092999975307,-674.51,[H]C1=C([H])C2(C(F)(F)F)[C-](C([H])([H])[H])[S+]12,[H][C+]1CC2(C(F)(F)F)[C-](C([H])([H])[H])[S+]12,EWG,CF3,unknown,-2761.377755,-2761.336979,-2761.365453,-928.928971,-18.546389999972916,7.040549999916266,-10.826884999916047,7.71950500005687,25.586939999889182,17.867434999832312,-674.51
Int1_comp44_0_Sub10,TS_comp44_0_Sub10,Int2_comp44_0_Sub10,comp44_0_Sub10,-2560.328954,-2560.302834,-2560.31973,-728.547815,-3.682797499975834,12.70750250001896,2.1052624999637715,5.788059999939605,16.390299999994795,10.60224000005519,-763.12,[H]c1oc(C([H])([H])[H])c(Cl)c1[H],[H]C1=C(Cl)C(C([H])([H])[H])=[O+]C1,EWG,Cl,unknown,-2561.05757,-2561.026596,-2561.046694,-728.606128,-20.214284999970857,-0.7781000001043026,-13.389595000080305,6.824689999890552,19.436184999866555,12.611494999976003,-763.12
Int1_comp44_0_Sub11,TS_comp44_0_Sub11,Int2_comp44_0_Sub11,comp44_0_Sub11,-2335.202317,-2335.177561,-2335.196172,-503.421533,-3.460035000074555,12.074355000083727,0.3959525001060626,3.8559875001806176,15.534390000158282,11.678402499977665,-760.75,[H]c1oc(C([H])([H])[H])c(C2([H])C([H])([H])C([H])([H])C([H])([H])C([H])([H])C2([H])[H])c1[H],[H]C1=C(C2([H])C([H])([H])C([H])([H])C([H])([H])C([H])([H])C2([H])[H])C(C([H])([H])[H])=[O+]C1,steric,Cy,unknown,-2336.087923,-2336.058096,-2336.07926,-503.635061,-21.105335000039673,-2.3888925001394057,-15.669302499996007,5.436032500043666,18.716442499900268,13.280409999856602,-760.75
Int1_comp44_0_Sub13,TS_comp44_0_Sub13,Int2_comp44_0_Sub13,comp44_0_Sub13,-2218.615274,-2218.591379,-2218.609987,-386.837512,-1.563730000082586,13.430382500084336,1.7538625001732555,3.317592500255841,14.99411250016692,11.67651999991108,-758.81,[H]c1oc(C([H])([H])[H])c(C([H])(C([H])([H])[H])C([H])([H])[H])c1[H],[H]C1=C(C([H])(C([H])([H])[H])C([H])([H])[H])C(C([H])([H])[H])=[O+]C1,steric,iPr,unknown,-2219.435443,-2219.406329,-2219.427509,-386.986574,-18.59972749990959,-0.3306924999498051,-13.621142500066412,4.978584999843179,18.269034999959786,13.290450000116607,-758.81
Int1_comp44_0_Sub14,TS_comp44_0_Sub14,Int2_comp44_0_Sub14,comp44_0_Sub14,-2140.1093,-2140.082213,-2140.100654,-308.329423,-2.890892499977724,14.106199999983176,2.534472500164213,5.425365000141937,16.9970924999609,11.571727499818962,-749.89,[H]c1oc(C([H])([H])[H])c(C([H])([H])[H])c1[H],[H]C1=C(C([H])([H])[H])C(C([H])([H])[H])=[O+]C1,steric,Me,unknown,-2140.874041,-2140.842275,-2140.863262,-308.424555,-18.986895000037833,0.9462700000007374,-12.223072499922267,6.763822500115566,19.93316500003857,13.169342499923005,-749.89
Int1_comp44_0_Sub15,TS_comp44_0_Sub15,Int2_comp44_0_Sub15,comp44_0_Sub15,-2195.398931,-2195.370178,-2195.388173,-363.614556,-5.713387500056797,12.329119999975546,1.0372575001633777,6.750645000220175,18.042507500032343,11.291862499812169,-758.48,[H]c1oc(C([H])([H])[H])c(N([H])C([H])([H])[H])c1[H],[H]C1=C(N([H])C([H])([H])[H])C(C([H])([H])[H])=[O+]C1,EDG,NHCH3,unknown,-2196.180176,-2196.14672,-2196.167278,-363.725502,-22.24236499991548,-1.248725000128843,-14.148869999946783,8.093494999968698,20.993639999786637,12.90014499981794,-758.48
Int1_comp44_0_Sub16,TS_comp44_0_Sub16,Int2_comp44_0_Sub16,comp44_0_Sub16,-2215.260758,-2215.233294,-2215.251882,-383.48003,-3.424894999877921,13.808764999985073,2.144795000042308,5.569689999920229,17.233659999862994,11.663969999942765,-759.13,[H]c1oc(C([H])([H])[H])c(OC([H])([H])[H])c1[H],[H]C1=C(OC([H])([H])[H])C(C([H])([H])[H])=[O+]C1,EDG,OMe,unknown,-2216.029863,-2215.997847,-2216.018961,-383.57899,-19.85723750015893,0.23280249991159963,-13.016232500166893,6.8410049999920375,20.09004000007053,13.249035000078493,-759.13
Int1_comp44_0_Sub17,TS_comp44_0_Sub17,Int2_comp44_0_Sub17,comp44_0_Sub17,-2437.726463,-2437.70543,-2437.720574,-605.950197,-0.6249899999201602,12.573217500072644,3.0703575000953265,3.695347500015487,13.198207499992805,9.502859999977318,-767.7,[H]c1oc(C([H])([H])C(F)(F)F)c([H])c1[H],[H]C1=C([H])C(C([H])([H])C(F)(F)F)=[O+]C1,EWG,CF3,unknown,-2438.469158,-2438.443675,-2438.461949,-606.021734,-17.69298999991605,-1.7024074999821437,-13.169342499994343,4.523647499921708,15.990582499933907,11.4669350000122,-767.7
Int1_comp44_0_Sub18,TS_comp44_0_Sub18,Int2_comp44_0_Sub18,comp44_0_Sub18,-2560.323592,-2560.301795,-2560.319005,-728.54423,-2.567730000080246,11.109887500128934,0.3106125001431792,2.8783425002234253,13.67761750020918,10.799274999985755,-781.55,[H]c1oc(C([H])([H])Cl)c([H])c1[H],[H]C1=C([H])C(C([H])([H])Cl)=[O+]C1,EWG,Cl,unknown,-2561.053397,-2561.026969,-2561.047189,-728.603593,-19.18644000006907,-2.602869999991526,-15.290919999916923,3.895520000152146,16.583570000077543,12.688049999925397,-781.55
Int1_comp44_0_Sub19,TS_comp44_0_Sub19,Int2_comp44_0_Sub19,comp44_0_Sub19,-2335.197134,-2335.176209,-2335.191197,-503.415461,-4.017882499950218,9.112554999928337,-0.2924150000107772,3.725467499939441,13.130437499878552,9.404969999939112,-749.79,[H]c1oc(C([H])([H])C2([H])C([H])([H])C([H])([H])C([H])([H])C([H])([H])C2([H])[H])c([H])c1[H],[H]C1=C([H])C(C([H])([H])C2([H])C([H])([H])C([H])([H])C([H])([H])C([H])([H])C2([H])[H])=[O+]C1,steric,Cy,unknown,-2336.083979,-2336.058792,-2336.076621,-503.63056,-21.45485250001329,-5.6500099998957864,-16.837707500113623,4.617144999899665,15.804842500117502,11.187697500217837,-749.79
Int1_comp44_0_Sub21,TS_comp44_0_Sub21,Int2_comp44_0_Sub21,comp44_0_Sub21,-2218.610396,-2218.589168,-2218.604614,-386.8322,-1.8360649999657144,11.484505000074847,1.7921400001479526,3.6282050001136654,13.32057000004056,9.692364999926896,-767.37,[H]c1oc(C([H])([H])C([H])(C([H])([H])[H])C([H])([H])[H])c([H])c1[H],[H]C1=C([H])C(C([H])([H])C([H])(C([H])([H])[H])C([H])([H])[H])=[O+]C1,steric,iPr,unknown,-2219.431534,-2219.406022,-2219.424331,-386.982553,-18.670007499910497,-2.6612275000938723,-14.15012500012196,4.519882499788537,16.008779999816625,11.488897500028088,-767.37
Int1_comp44_0_Sub22,TS_comp44_0_Sub22,Int2_comp44_0_Sub22,comp44_0_Sub22,-2140.100822,-2140.076862,-2140.092719,-308.32289,-1.670404999884596,13.364495000108008,3.414227499904854,5.08463249978945,15.034899999992604,9.950267500203154,-764.63,[H]c1oc(C([H])([H])C([H])([H])[H])c([H])c1[H],[H]C1=C([H])C(C([H])([H])C([H])([H])[H])=[O+]C1,steric,Me,unknown,-2140.867264,-2140.839178,-2140.857823,-308.41988,-17.667890000015092,-0.04392500013878475,-11.743662499919907,5.924227500095185,17.623964999876307,11.699737499781122,-764.63
Int1_comp44_0_Sub23,TS_comp44_0_Sub23,Int2_comp44_0_Sub23,comp44_0_Sub23,-2195.386872,-2195.363699,-2195.379194,-363.605892,-3.5830249999780506,10.958032500048631,1.234919999985351,4.817944999963402,14.541057500026682,9.72311250006328,-760.41,[H]c1oc(C([H])([H])N([H])C([H])([H])[H])c([H])c1[H],[H]C1=C([H])C(C([H])([H])N([H])C([H])([H])[H])=[O+]C1,EDG,NHCH3,unknown,-2196.170158,-2196.142163,-2196.16056,-363.718435,-20.390612499953704,-2.8237500000045657,-14.367867499893237,6.022745000060468,17.56686249994914,11.54411749988867,-760.41
Int1_comp44_0_Sub24,TS_comp44_0_Sub24,Int2_comp44_0_Sub24,comp44_0_Sub24,-2215.252016,-2215.229266,-2215.245376,-383.473645,-1.94587749990248,12.329747500152308,2.220722500135963,4.166600000038443,14.275625000054788,10.109025000016343,-758.96,[H]c1oc(C([H])([H])OC([H])([H])[H])c([H])c1[H],[H]C1=C([H])C(C([H])([H])OC([H])([H])[H])=[O+]C1,EDG,OMe,unknown,-2216.022832,-2215.995655,-2216.014839,-383.573946,-18.610395000096673,-1.5568275001356824,-13.594787499990275,5.015607500106398,17.05356749996099,12.037959999854593,-758.96
Int1_comp44_0_Sub6,TS_comp44_0_Sub6,Int2_comp44_0_Sub6,comp44_0_Sub6,-2140.105705,-2140.080789,-2140.100848,-308.32979,-0.4047374999055364,15.23005249999926,2.643030000032809,3.0477674999383453,15.634789999904797,12.587022499966452,-755.91,[H]c1oc(C([H])([H])[H])c([H])c1C([H])([H])[H],[H]C1=C(C([H])([H])[H])C[O+]=C1C([H])([H])[H],steric,Me,unknown,-2140.871332,-2140.84115,-2140.863713,-308.425027,-16.99081750011942,1.9483874998604733,-12.209895000133884,4.780922499985536,18.939204999979893,14.158282499994357,-755.91
Int1_comp44_0_Sub7,TS_comp44_0_Sub7,Int2_comp44_0_Sub7,comp44_0_Sub7,-2195.400458,-2195.365363,-2195.385434,-363.617804,-4.633460000001151,17.38865250011372,4.7941000001662815,9.427560000167432,22.022112500114872,12.59455249994744,-752.61,[H]c1oc(C([H])([H])[H])c([H])c1N([H])C([H])([H])[H],[H]C1=C(N([H])C([H])([H])[H])C[O+]=C1C([H])([H])[H],EDG,NHCH3,unknown,-2196.181136,-2196.142655,-2196.165444,-363.729032,-20.629690000099146,3.517137499930385,-10.782960000133954,9.846729999965191,24.14682750002953,14.30009750006434,-752.61
Int1_comp44_0_Sub8,TS_comp44_0_Sub8,Int2_comp44_0_Sub8,comp44_0_Sub8,-2215.261656,-2215.232053,-2215.246485,-383.48009,-3.950740000012729,14.625142499957065,5.569062499993152,9.51980250000588,18.5758824999698,9.056079999963911,-758.21,[H]c1oc(C([H])([H])[H])c([H])c1OC([H])([H])[H],[H]C1=C(OC([H])([H])[H])C[O+]=C1C([H])([H])[H],EDG,OMe,unknown,-2216.030557,-2215.996421,-2216.013865,-383.578966,-20.307782500055822,1.1125575000802712,-9.833552499962792,10.47423000009303,21.420340000136093,10.946110000043063,-758.21
Int1_comp44_0_Sub9,TS_comp44_0_Sub9,Int2_comp44_0_Sub9,comp44_0_Sub9,-2437.731453,-2437.706572,-2437.72651,-605.952738,-2.1617374998925243,13.451089999996384,0.9399950000522496,3.1017324999447737,15.612827499888908,12.511094999944136,-765.84,[H]c1oc(C([H])([H])[H])c(C(F)(F)F)c1[H],[H]C1=C(C(F)(F)F)C(C([H])([H])[H])=[O+]C1,EWG,CF3,pi-system,-2438.473057,-2438.442855,-2438.465566,-606.022933,-19.387240000132806,-0.43548499989924494,-14.686637499944482,4.7006025001883245,18.95175500023356,14.251152500045237,-765.84
Int1_comp44_4_Sub10,TS_comp44_4_Sub10,Int2_comp44_4_Sub10,comp44_4_Sub10,-2560.318945,-2560.291151,-2560.312612,-728.544228,0.3470075000512906,17.787742500104855,4.320964999934063,3.973957499882772,17.440735000053564,13.466777500170792,-597.06,[H]C1=C([H])C2(C([H])([H])Cl)OC12[H],[H][C+]1CC2(C([H])([H])Cl)OC12[H],EWG,Cl,unknown,-2561.047645,-2561.017073,-2561.041119,-728.603591,-15.578315000047382,3.605615000028024,-11.483249999971008,4.095065000076374,19.183930000075406,15.088864999999032,-597.06
Int1_comp44_4_Sub11,TS_comp44_4_Sub11,Int2_comp44_4_Sub11,comp44_4_Sub11,-2335.193374,-2335.162951,-2335.182197,-503.416542,-0.980154999915186,18.110277500182264,6.0334124999978656,7.013567499913052,19.09043250009745,12.076865000184398,-653.3,[H]C1=C([H])C2(C([H])([H])C3([H])C([H])([H])C([H])([H])C([H])([H])C([H])([H])C3([H])[H])OC12[H],[H][C+]1CC2(C([H])([H])C3([H])C([H])([H])C([H])([H])C([H])([H])C([H])([H])C3([H])[H])OC12[H],steric,Cy,unknown,-2336.079147,-2336.045861,-2336.067692,-503.631684,-17.71746249996127,3.169502499952017,-10.52945000006062,7.188012499900651,20.88696499991329,13.698952500012638,-653.3
Int1_comp44_4_Sub12,TS_comp44_4_Sub12,Int2_comp44_4_Sub12,comp44_4_Sub12,-2257.865886,-2257.831617,-2257.849983,-426.088598,-1.2662949999774753,20.237502500161924,8.712837500010124,9.9791324999876,21.5037975001394,11.5246650001518,-661.83,[H]c1oc(C([H])([H])C(C([H])([H])[H])(C([H])([H])[H])C([H])([H])[H])c([H])c1[H],[H][C+]1CC2(C([H])([H])C(C([H])([H])[H])(C([H])([H])[H])C([H])([H])[H])OC12[H],steric,tBu,unknown,-2258.714076,-2258.676097,-2258.696867,-426.265604,-18.35061000014619,5.481212499965267,-7.551962500087512,10.798647500058678,23.831822500111457,13.033175000052779,-661.83
Int1_comp44_4_Sub13,TS_comp44_4_Sub13,Int2_comp44_4_Sub13,comp44_4_Sub13,-2218.607878,-2218.576857,-2218.595944,-386.833366,0.4756450001902124,19.941322500053644,7.964229999974037,7.488584999783825,19.465677499863432,11.977092500079609,-655.82,[H]C1=C([H])C2(C([H])([H])C([H])(C([H])([H])[H])C([H])([H])[H])OC12[H],[H][C+]1CC2(C([H])([H])C([H])(C([H])([H])[H])C([H])([H])[H])OC12[H],steric,iPr,unknown,-2219.427776,-2219.394075,-2219.415748,-386.983657,-15.619102500015742,5.528274999882115,-8.07153249995281,7.547570000062933,21.147377499897857,13.599807499834924,-655.82
Int1_comp44_4_Sub14,TS_comp44_4_Sub14,Int2_comp44_4_Sub14,comp44_4_Sub14,-2140.096415,-2140.065143,-2140.081921,-308.32289,1.0949875000532927,20.718167500161115,10.189972500061655,9.094985000008364,19.623180000107823,10.528195000099458,-656.44,[H]C1=C([H])C2(C([H])([H])C([H])([H])[H])OC12[H],[H][C+]1CC2(C([H])([H])C([H])([H])[H])OC12[H],steric,Me,unknown,-2140.861782,-2140.827762,-2140.847251,-308.41988,-14.227934999996847,7.119615000037669,-5.10973250011844,9.118202499878407,21.347550000034516,12.22934750015611,-656.44
Int1_comp44_4_Sub15,TS_comp44_4_Sub15,Int2_comp44_4_Sub15,comp44_4_Sub15,-2195.38057,-2195.352457,-2195.371344,-363.605629,0.206447500192155,17.847355000097025,5.995762499985915,5.78931499979376,17.64090749990487,11.85159250011111,-635.02,[H]C1=C([H])C2(C([H])([H])N([H])C([H])([H])[H])OC12[H],[H][C+]1CC2(C([H])([H])N([H])C([H])([H])[H])OC12[H],EDG,NHCH3,unknown,-2196.162684,-2196.132004,-2196.153386,-363.718644,-15.569529999962555,3.682169999941749,-9.73503499999751,5.834494999965045,19.251699999904304,13.417204999939258,-635.02
Int1_comp44_4_Sub16,TS_comp44_4_Sub16,Int2_comp44_4_Sub16,comp44_4_Sub16,-2215.246403,-2215.217554,-2215.237442,-383.47436,2.0249424999882137,20.12769000015382,7.647969999987794,5.62302749999958,18.10274750016561,12.479720000166026,-636.84,[H]C1=C([H])C2(C([H])([H])OC([H])([H])[H])OC12[H],[H][C+]1CC2(C([H])([H])OC([H])([H])[H])OC12[H],EDG,OMe,unknown,-2216.016028,-2215.984429,-2216.006911,-383.574631,-13.911047500012188,5.917324999934266,-8.190129999974403,5.720917500037785,19.828372499946454,14.107454999908668,-636.84
Int1_comp44_4_Sub17,TS_comp44_4_Sub17,Int2_comp44_4_Sub17,comp44_4_Sub17,-2437.723227,-2437.693876,-2437.713948,-605.951329,2.115930000079516,20.533682500163195,7.938502500003324,5.822572499923808,18.41775250008368,12.595180000159871,-689.26,[H]C1=C([H])C2(C(F)(F)F)OC12C([H])([H])[H],[H][C+]1CC2(C([H])([H])[H])OC12C(F)(F)F,EWG,CF3,unknown,-2438.463529,-2438.430808,-2438.453679,-606.021202,-14.49462250007258,6.037804999951106,-8.313747500125999,6.180874999946582,20.532427500023687,14.351552500077105,-689.26
Int1_comp44_4_Sub18,TS_comp44_4_Sub18,Int2_comp44_4_Sub18,comp44_4_Sub18,-2560.322192,-2560.291088,-2560.310839,-728.547644,0.4530549999975619,19.97081500008619,7.577062499917133,7.124007499919571,19.51776000008863,12.393752500169056,-688.69,[H]C1=C([H])C2(C([H])([H])[H])OC12Cl,[H][C+]1CC2(C([H])([H])[H])OC12Cl,EWG,Cl,unknown,-2561.049823,-2561.015312,-2561.037803,-728.605841,-15.533134999876097,6.122517500022582,-7.990585000085844,7.542549999790253,21.65565249989868,14.113102500108425,-688.69
Int1_comp44_4_Sub19,TS_comp44_4_Sub19,Int2_comp44_4_Sub19,comp44_4_Sub19,-2335.202608,-2335.17004,-2335.188204,-503.425184,-1.351634999976028,19.08478500007604,7.686875000032245,9.038510000008271,20.436420000052067,11.397910000043794,-691.61,[H]c1c(C([H])([H])[H])oc(C2([H])C([H])([H])C([H])([H])C([H])([H])C([H])([H])C2([H])[H])c1[H],[H]C1=C(C2([H])C([H])([H])C([H])([H])C([H])([H])C([H])([H])C2([H])[H])[O+]=C(C([H])([H])[H])C1,steric,Cy,unknown,-2336.087542,-2336.051018,-2336.072067,-503.638781,-18.531957500152032,4.38685249991039,-8.821395000057066,9.710562500094966,22.91881000006242,13.208247499967456,-691.61
Int1_comp44_4_Sub20,TS_comp44_4_Sub20,Int2_comp44_4_Sub20,comp44_4_Sub20,-2257.871111,-2257.84049,-2257.858466,-426.097264,0.8929325000997324,20.10761000002617,8.827669999969885,7.934737499870152,19.21467749992644,11.279940000056284,-694.06,[H]c1c(C([H])([H])[H])oc(C(C([H])([H])[H])(C([H])([H])[H])C([H])([H])[H])c1[H],[H]C1=C(C(C([H])([H])[H])(C([H])([H])[H])C([H])([H])[H])[O+]=C(C([H])([H])[H])C1,steric,tBu,unknown,-2258.717281,-2258.682904,-2258.703774,-426.273021,-15.707580000113381,5.863987500140269,-7.231937500039436,8.475642500073945,21.57156750025365,13.095925000179705,-694.06
Int1_comp44_4_Sub21,TS_comp44_4_Sub21,Int2_comp44_4_Sub21,comp44_4_Sub21,-2218.616145,-2218.583984,-2218.602243,-386.841541,0.4179150000862819,20.598942500141103,9.14142000017648,8.7235050000902,20.181027500054824,11.457522499964623,-689.49,[H]c1c(C([H])([H])[H])oc(C([H])(C([H])([H])[H])C([H])([H])[H])c1[H],[H]C1=C(C([H])(C([H])([H])[H])C([H])([H])[H])[O+]=C(C([H])([H])[H])C1,steric,iPr,unknown,-2219.435438,-2219.399379,-2219.420431,-386.990498,-16.134279999999137,6.492742500015254,-6.717387500018788,9.41689249998035,22.62702250001439,13.210130000034042,-689.49
Int1_comp44_4_Sub22,TS_comp44_4_Sub22,Int2_comp44_4_Sub22,comp44_4_Sub22,-2140.1095,-2140.075275,-2140.093602,-308.333638,-0.3714799999538343,21.10470749996992,9.604515000113024,9.97599500006686,21.47618749992376,11.500192499856894,-687.33,[H]c1c(C([H])([H])[H])oc(C([H])([H])[H])c1[H],[H]C1=C(C([H])([H])[H])[O+]=C(C([H])([H])[H])C1,steric,Me,unknown,-2140.875258,-2140.836072,-2140.857092,-308.428842,-17.06047000005057,7.528744999932115,-5.661305000152623,11.399164999897948,24.589214999982687,13.190050000084739,-687.33
Int1_comp44_4_Sub23,TS_comp44_4_Sub23,Int2_comp44_4_Sub23,comp44_4_Sub23,-2195.39719,-2195.362993,-2195.380852,-363.61983,-1.311475000041753,20.14714249992636,8.940620000184083,10.252095000225836,21.45861749996812,11.206522499742276,-692.43,[H]c1c(N([H])C([H])([H])[H])oc(C([H])([H])[H])c1[H],[H]C1=C(N([H])C([H])([H])[H])[O+]=C(C([H])([H])[H])C1,EDG,NHCH3,unknown,-2196.177927,-2196.140002,-2196.160883,-363.730828,-17.48905250014559,6.3088849999087415,-6.79394250003952,10.69511000010607,23.79793750005433,13.102827499948262,-692.43
Int1_comp44_4_Sub24,TS_comp44_4_Sub24,Int2_comp44_4_Sub24,comp44_4_Sub24,-2215.258242,-2215.227368,-2215.245718,-383.486352,2.12095000013818,21.494385000163163,9.979759999986015,7.858809999847836,19.373435000024983,11.514625000177148,-674.49,[H]c1c(OC([H])([H])[H])oc(C([H])([H])[H])c1[H],[H][C+]1CC2(C([H])([H])[H])OC12OC([H])([H])[H],EDG,OMe,unknown,-2216.026941,-2215.991766,-2216.013203,-383.585186,-14.135692500051391,7.936619999936738,-5.515097499986723,8.620595000064668,22.07231249998813,13.451717499923461,-674.49
Int1_comp44_4_Sub7,TS_comp44_4_Sub7,Int2_comp44_4_Sub7,comp44_4_Sub7,-2195.396905,-2195.353364,-2195.375582,-363.615524,-3.834652499984799,23.48732500001816,9.545529999976594,13.380182499961393,27.32197750000296,13.941795000041566,-642.7,[H]c1oc(C([H])([H])[H])c([H])c1N([H])C([H])([H])[H],[H][N+](=C1CC2(C([H])([H])[H])OC12[H])C([H])([H])[H],EDG,NHCH3,unknown,-2196.178648,-2196.132183,-2196.156678,-363.726441,-20.694322500042972,8.4624649998932,-6.9081474998938575,13.786175000149115,29.156787499936172,15.370612499787057,-642.7
Int1_comp44_4_Sub8,TS_comp44_4_Sub8,Int2_comp44_4_Sub8,comp44_4_Sub8,-2215.253275,-2215.219638,-2215.238514,-383.480087,1.3064550000544273,22.41367250005368,10.56898249999648,9.262527499942053,21.10721749999925,11.8446900000572,-645.45,[H]c1oc(C([H])([H])[H])c([H])c1OC([H])([H])[H],[H]C([H])([H])[O+]=C1CC2(C([H])([H])[H])OC12[H],EDG,OMe,unknown,-2216.023488,-2215.985394,-2216.006187,-383.578964,-15.873239999909146,8.030745000091457,-5.016862499996222,10.856377499912924,23.903985000000603,13.047607500087679,-645.45
Int1_comp44_4_Sub9,TS_comp44_4_Sub9,Int2_comp44_4_Sub9,comp44_4_Sub9,-2437.722367,-2437.694298,-2437.714346,-605.950198,1.9458775001521644,19.559175000126743,6.979054999928849,5.033177499776684,17.61329749997458,12.580120000197894,-636.74,[H]C1=C([H])C2(C([H])([H])C(F)(F)F)OC12[H],[H][C+]1CC2(C([H])([H])C(F)(F)F)OC12[H],EWG,CF3,unknown,-2438.463921,-2438.433169,-2438.455765,-606.021736,-14.405517500012195,4.891362500063394,-9.287627500092697,5.117889999919498,19.29688000007559,14.178990000156091,-636.74
Int1_comp44_5_Sub13,TS_comp44_5_Sub13,Int2_comp44_5_Sub13,comp44_5_Sub13,-2218.613904,-2218.584462,-2218.602566,-386.835034,-2.2589999998253063,16.21585500018554,4.855595000046691,7.114594999871997,18.474855000010848,11.360260000138853,-734.63,[H]c1oc(C([H])([H])[H])c(C([H])(C([H])([H])[H])C([H])([H])[H])c1[H],[H]C([H])([H])C([H])([C+]1CC2([H])OC12C([H])([H])[H])C([H])([H])[H],steric,iPr,unknown,-2219.433842,-2219.399946,-2219.420905,-386.984186,-19.09356999994685,2.1761699999987627,-10.975602499968602,8.11796749997825,21.269739999945614,13.151772499967365,-734.63
Int1_comp44_5_Sub17,TS_comp44_5_Sub17,Int2_comp44_5_Sub17,comp44_5_Sub17,-2437.730124,-2437.698273,-2437.714042,-605.950197,-2.922267500041187,17.064235000076735,7.169187500019518,10.091455000060703,19.98650250011792,9.895047500057215,-767.63,[H]c1oc(C([H])([H])C(F)(F)F)c([H])c1[H],[H][C+]1CC2([H])OC12C([H])([H])C(F)(F)F,EWG,CF3,unknown,-2438.472654,-2438.437013,-2438.455445,-606.021734,-19.88673000008447,2.477997499878768,-9.088082500025791,10.798647500058678,22.364727499963237,11.56607999990456,-767.63
Int1_comp44_5_Sub18,TS_comp44_5_Sub18,Int2_comp44_5_Sub18,comp44_5_Sub18,-2560.326901,-2560.296245,-2560.311384,-728.544228,-4.645382499899711,14.591257500042616,5.091534999986038,9.736917499885749,19.236639999942327,9.499722500056578,-741.08,[H]C1=C([H])C2(C([H])([H])Cl)OC12[H],[H][C+]1CC2([H])OC12C([H])([H])Cl,EWG,Cl,unknown,-2561.056364,-2561.021669,-2561.039705,-728.603592,-21.048860000003913,0.7222524998886115,-10.595337500072617,10.453522499931296,21.771112499892524,11.317589999961228,-741.08
Int1_comp44_5_Sub19,TS_comp44_5_Sub19,Int2_comp44_5_Sub19,comp44_5_Sub19,-2335.200152,-2335.166603,-2335.184306,-503.416542,-5.2333499998776745,15.81864749997564,4.710014999986214,9.943364999863888,21.051997499853314,11.108632499989426,-755.41,[H]c1oc(C([H])([H])C2([H])C([H])([H])C([H])([H])C([H])([H])C([H])([H])C2([H])[H])c([H])c1[H],[H][C+]1CC2([H])OC12C([H])([H])C1([H])C([H])([H])C([H])([H])C([H])([H])C([H])([H])C1([H])[H],steric,Cy,unknown,-2336.086833,-2336.049101,-2336.069145,-503.631684,-22.540427499912,1.1364024999487299,-11.441207499970147,11.099219999941852,23.67682999986073,12.577609999918877,-755.41
Int1_comp44_5_Sub20,TS_comp44_5_Sub20,Int2_comp44_5_Sub20,comp44_5_Sub20,-2257.869576,-2257.837914,-2257.851319,-426.088598,-3.581769999981219,16.286134999936763,7.874497500129252,11.45626750011047,19.867904999917982,8.411637499807512,-754.57,[H]c1oc(C([H])([H])C(C([H])([H])[H])(C([H])([H])[H])C([H])([H])[H])c([H])c1[H],[H][C+]1CC2([H])OC12C([H])([H])C(C([H])([H])[H])(C([H])([H])[H])C([H])([H])[H],steric,tBu,unknown,-2258.717479,-2258.681724,-2258.698047,-426.265604,-20.485992499962578,1.9502699999627282,-8.29241249993018,12.193580000032398,22.436262499925306,10.242682499892908,-754.57
Int1_comp44_5_Sub21,TS_comp44_5_Sub21,Int2_comp44_5_Sub21,comp44_5_Sub21,-2218.614575,-2218.581094,-2218.594623,-386.833366,-3.7267224999719417,17.282604999989104,8.79315750009269,12.519880000064632,21.00932749996105,8.489447499896414,-757.59,[H]c1oc(C([H])([H])C([H])(C([H])([H])[H])C([H])([H])[H])c([H])c1[H],[H][C+]1CC2([H])OC12C([H])([H])C([H])(C([H])([H])[H])C([H])([H])[H],steric,iPr,unknown,-2219.435446,-2219.397991,-2219.414408,-386.983658,-20.431399999993403,3.071612500092158,-7.230055000079858,13.201344999913545,23.50301250008556,10.301667500172016,-757.59
Int1_comp44_5_Sub22,TS_comp44_5_Sub22,Int2_comp44_5_Sub22,comp44_5_Sub22,-2140.103518,-2140.071166,-2140.084742,-308.32289,-3.3621449998936725,16.938734999929892,8.4197950000366,11.781939999930271,20.300879999823565,8.518939999893291,-759.5,[H]c1oc(C([H])([H])C([H])([H])[H])c([H])c1[H],[H][C+]1CC2([H])OC12C([H])([H])C([H])([H])[H],steric,Me,unknown,-2140.86994,-2140.833557,-2140.850028,-308.419881,-19.34645250005744,3.483880000014352,-6.851672499929435,12.494780000128003,22.83033250007179,10.335552499943788,-759.5
Int1_comp44_5_Sub23,TS_comp44_5_Sub23,Int2_comp44_5_Sub23,comp44_5_Sub23,-2195.389511,-2195.357823,-2195.371501,-363.60716,-4.443327499839143,15.440892500180324,6.8579475000206,11.301274999859745,19.884220000019468,8.582945000159725,-753.47,[H]c1oc(C([H])([H])N([H])C([H])([H])[H])c([H])c1[H],[H][C+]1CC2([H])OC12C([H])([H])N([H])C([H])([H])[H],EDG,NHCH3,unknown,-2196.172672,-2196.136961,-2196.153521,-363.720102,-20.922105000109923,1.4865474998850914,-8.90485250013171,12.017252499978213,22.408652499995014,10.391400000016802,-753.47
Int1_comp44_5_Sub24,TS_comp44_5_Sub24,Int2_comp44_5_Sub24,comp44_5_Sub24,-2215.254598,-2215.223368,-2215.237303,-383.474358,-3.118674999937668,16.47815000009402,7.733937500127439,10.852612500065106,19.59682500003169,8.74421249996658,-751.58,[H]c1oc(C([H])([H])OC([H])([H])[H])c([H])c1[H],[H][C+]1CC2([H])OC12C([H])([H])OC([H])([H])[H],EDG,OMe,unknown,-2216.02502,-2215.989873,-2216.006674,-383.574631,-19.553527500033994,2.5012149999984956,-8.041412500135863,11.512114999898131,22.05474250003249,10.542627500134358,-751.58
Int1_comp44_5_Sub5,TS_comp44_5_Sub5,Int2_comp44_5_Sub5,comp44_5_Sub5,-2218.616722,-2218.592184,-2218.599983,-386.841542,0.0564749999287528,15.454070000004378,10.56019750001866,10.503722500089909,15.397595000075626,4.893872499985719,-743.08,[H]c1c(C([H])([H])[H])oc(C([H])(C([H])([H])[H])C([H])([H])[H])c1[H],[H]C1=C(C([H])([H])[H])[O+]=C(C([H])(C([H])([H])[H])C([H])([H])[H])C1,steric,iPr,unknown,-2219.437023,-2219.407337,-2219.41834,-386.990498,-17.128867499984892,1.4990974999247442,-5.405285000121296,11.723582499863596,18.627964999909636,6.90438250004604,-743.08
Int1_comp44_5_Sub6,TS_comp44_5_Sub6,Int2_comp44_5_Sub6,comp44_5_Sub6,-2140.109501,-2140.081033,-2140.089738,-308.333636,-0.3733624998777429,17.490307500106752,12.027919999986947,12.401282499864692,17.863669999984495,5.462387500119803,-760.45,[H]c1c(C([H])([H])[H])oc(C([H])([H])[H])c1[H],[H]C1=C(C([H])([H])[H])[O+]=C(C([H])([H])[H])C1,steric,Me,unknown,-2140.87526,-2140.841855,-2140.853785,-308.428842,-17.061724999904726,3.8999124998913715,-3.5861624998987907,13.475562500005935,20.961637499796097,7.486074999790162,-760.45
Int1_comp44_5_Sub7,TS_comp44_5_Sub7,Int2_comp44_5_Sub7,comp44_5_Sub7,-2195.409528,-2195.369781,-2195.382357,-363.621445,-8.040157500032024,16.901085000131957,9.00964500008115,17.049802500113174,24.94124250016398,7.891440000050807,-815.63,[H]c1c(N([H])C([H])([H])[H])oc(C([H])([H])[H])c1[H],[H][C+]1CC2(N([H])C([H])([H])[H])OC12C([H])([H])[H],EDG,NHCH3,unknown,-2196.189798,-2196.146623,-2196.162372,-363.732442,-23.925319999946737,3.166992499922685,-6.715504999880864,17.209815000065873,27.092312499869422,9.882497499803549,-815.63
Int1_comp44_5_Sub8,TS_comp44_5_Sub8,Int2_comp44_5_Sub8,comp44_5_Sub8,-2215.262305,-2215.233472,-2215.248984,-383.486352,-0.428582500059349,17.664125000131605,7.930345000166596,8.358927500225946,18.092707500190954,9.733779999965009,-770.32,[H]c1c(OC([H])([H])[H])oc(C([H])([H])[H])c1[H],[H][C+]1CC2(OC([H])([H])[H])OC12C([H])([H])[H],EDG,OMe,unknown,-2216.031531,-2215.998239,-2216.016621,-383.585186,-17.015917500056048,3.874812499990412,-7.6598925001360385,9.35602499992001,20.89073000004646,11.53470500012645,-770.32
Int1_comp44_5_Sub9,TS_comp44_5_Sub9,Int2_comp44_5_Sub9,comp44_5_Sub9,-2437.73019,-2437.696035,-2437.721631,-605.952738,-1.3692050001100142,20.06305750006732,4.001567500098417,5.370772500208432,21.43226250017733,16.0614899999689,-690.45,[H]c1oc(C([H])([H])[H])c(C(F)(F)F)c1[H],[H]C([H])([H])C12OC1([H])C[C+]2C(F)(F)F,EWG,CF3,unknown,-2438.471226,-2438.432724,-2438.461065,-606.022934,-18.23766000011034,5.922345000099938,-11.861632500014423,6.3760275000959155,24.160005000210276,17.78397750011436,-690.45
Int1_comp45_2_Sub10,TS_comp45_2_Sub10,Int2_comp45_2_Sub10,comp45_2_Sub10,-2748.754916,-2748.73418,-2748.752987,-916.976436,-2.0142749998368004,10.997565000127167,-0.8038274998253314,1.210447500011469,13.011839999963968,11.8013924999525,-798.33,[H]C1=C(C(=O)OC([H])([H])[H])C2(Cl)OC12[H],[H]C1=C(C([O-])=[O+]C([H])([H])[H])C(Cl)=[O+]C1,EWG,Cl,unknown,-2749.496336,-2749.470645,-2749.49269,-917.046474,-19.222835000119858,-3.1017324999447737,-16.934970000046405,2.2878650000734524,16.121102500175084,13.833237500101632,-798.33
Int1_comp45_2_Sub11,TS_comp45_2_Sub11,Int2_comp45_2_Sub11,comp45_2_Sub11,-2523.63953,-2523.618362,-2523.635708,-691.856778,-4.694954999917229,8.587964999933035,-2.296649999837257,2.398305000079972,13.282919999850265,10.884614999770292,-761.3,[H]c1oc(C2([H])C([H])([H])C([H])([H])C([H])([H])C([H])([H])C2([H])[H])c(C(=O)OC([H])([H])[H])c1[H],[H]C1=C(C([O-])=[O+]C([H])([H])[H])C(C2([H])C([H])([H])C([H])([H])C([H])([H])C([H])([H])C2([H])[H])=[O+]C1,steric,Cy,unknown,-2524.538047,-2524.512259,-2524.532716,-692.083041,-22.450695000031544,-6.268725000081474,-19.105492500130765,3.345202499900779,16.18196999995007,12.836767500049291,-761.3
Int1_comp45_2_Sub12,TS_comp45_2_Sub12,Int2_comp45_2_Sub12,comp45_2_Sub12,-2446.302019,-2446.281379,-2446.298048,-614.523052,-2.3198675000639923,10.631732500052069,0.1719349999939368,2.491802500057929,12.95160000011606,10.45979750005813,-755.07,[H]c1oc(C(C([H])([H])[H])(C([H])([H])[H])C([H])([H])[H])c(C(=O)OC([H])([H])[H])c1[H],[H]C1=C(C([O-])=[O+]C([H])([H])[H])C(C(C([H])([H])[H])(C([H])([H])[H])C([H])([H])[H])=[O+]C1,steric,tBu,unknown,-2447.162261,-2447.137066,-2447.157466,-614.711758,-19.625062499960393,-3.8151999998555652,-16.6162000000665,3.008862499893894,15.809862500104828,12.801000000210934,-755.07
Int1_comp45_2_Sub13,TS_comp45_2_Sub13,Int2_comp45_2_Sub13,comp45_2_Sub13,-2407.052589,-2407.031081,-2407.048805,-575.272956,-2.7377824998649203,10.758487500017395,-0.3633224998674222,2.374459999997498,13.496269999882315,11.121809999884816,-760.39,[H]c1oc(C([H])(C([H])([H])[H])C([H])([H])[H])c(C(=O)OC([H])([H])[H])c1[H],[H]C1=C(C([O-])=[O+]C([H])([H])[H])C(C([H])(C([H])([H])[H])C([H])([H])[H])=[O+]C1,steric,iPr,unknown,-2407.885509,-2407.859386,-2407.880114,-575.434444,-19.977717500140102,-3.585535000078721,-16.592355000055363,3.3853625000847387,16.39218250006138,13.006819999976642,-760.39
Int1_comp45_2_Sub14,TS_comp45_2_Sub14,Int2_comp45_2_Sub14,comp45_2_Sub14,-2328.544578,-2328.522094,-2328.539152,-496.765252,-2.545139999958934,11.563570000089245,0.8596750001480302,3.4048150001069644,14.108710000048177,10.703894999941213,-757.23,[H]c1oc(C([H])([H])[H])c(C(=O)OC([H])([H])[H])c1[H],[H]C1=C(C([O-])=[O+]C([H])([H])[H])C(C([H])([H])[H])=[O+]C1,steric,Me,unknown,-2329.322514,-2329.295119,-2329.315323,-496.872829,-19.111767499972245,-1.9214049999285976,-14.599414999879343,4.512352500092902,17.190362500043648,12.678009999950746,-757.23
Int1_comp45_2_Sub16,TS_comp45_2_Sub16,Int2_comp45_2_Sub16,comp45_2_Sub16,-2403.696173,-2403.673602,-2403.690968,-571.917676,-2.0249424998098675,12.138360000171817,1.2411950001478544,3.266137499957722,14.163302499981684,10.89716500002396,-770.34,[H]c1oc(OC([H])([H])[H])c(C(=O)OC([H])([H])[H])c1[H],[H]C1=C(C([O-])=[O+]C([H])([H])[H])C(OC([H])([H])[H])=[O+]C1,EDG,OMe,unknown,-2404.47797,-2404.450796,-2404.471321,-572.028297,-19.104237499991257,-2.0525525000968514,-14.931990000038411,4.172247499952846,17.051684999894405,12.87943749994156,-770.34
Int1_comp45_2_Sub6,TS_comp45_2_Sub6,Int2_comp45_2_Sub6,comp45_2_Sub6,-2328.537018,-2328.514859,-2328.5368,-496.762138,0.2447250000598444,14.149497500123545,0.3815200001425012,0.1367950000826567,13.9047725000637,13.767977499981043,-750.87,[H]C([H])([H])OC(=O)C1=C(C([H])([H])[H])C2([H])OC12[H],[H]C1=[O+]CC(C([H])([H])[H])=C1C([O-])=[O+]C([H])([H])[H],steric,Me,unknown,-2329.314964,-2329.288191,-2329.31297,-496.869398,-16.52709500011312,0.2729624999172131,-15.275859999990615,1.2512350001225059,16.800057500030334,15.548822499907828,-750.87
Int1_comp45_2_Sub9,TS_comp45_2_Sub9,Int2_comp45_2_Sub9,comp45_2_Sub9,-2626.15004,-2626.131753,-2626.153963,-794.374457,-0.1964074999321496,11.278684999988116,-2.6580900000661245,-2.461682500133975,11.475092499920263,13.93677500005424,-835.12,[H]C1=C(C(=O)OC([H])([H])[H])C2(C(F)(F)F)OC12[H],[H]C1=C(C([O-])=[O+]C([H])([H])[H])C(C(F)(F)F)=[O+]C1,EWG,CF3,unknown,-2626.903843,-2626.88069,-2626.905744,-794.456544,-17.61455250004275,-3.086044999984381,-18.807430000098577,-1.192877500055829,14.528507500058367,15.721385000114196,-835.12
Int1_comp47_1_Sub10,TS_comp47_1_Sub10,Int2_comp47_1_Sub10,comp47_1_Sub10,-2671.902038,-2671.873481,-2671.895376,-840.116436,-6.483330000039018,11.436187500018493,-2.302924999892753,4.180405000146266,17.91951750005751,13.739112499911244,-725.58,[H]c1c([H])c(C([H])([H])Cl)n(C([H])([H])[H])c1C#N,[H]C1=C(C#N)[N+](C([H])([H])[H])=C(C([H])([H])Cl)C1,EWG,Cl,unknown,-2672.667636,-2672.634722,-2672.659664,-840.211067,-23.431477500123492,-2.777942499906203,-18.429047499912485,5.002430000211007,20.65353500021729,15.651105000006282,-725.58
Int1_comp47_1_Sub11,TS_comp47_1_Sub11,Int2_comp47_1_Sub11,comp47_1_Sub11,-2446.775913,-2446.745553,-2446.767624,-614.987727,-8.10478999994018,10.946109999900386,-2.903442500017377,5.201347499922804,19.050899999840567,13.849552499917763,-723.47,[H]c1c([H])c(C([H])([H])C2([H])C([H])([H])C([H])([H])C([H])([H])C([H])([H])C2([H])[H])n(C([H])([H])[H])c1C#N,[H]C1=C(C#N)[N+](C([H])([H])[H])=C(C([H])([H])C2([H])C([H])([H])C([H])([H])C([H])([H])C([H])([H])C2([H])[H])C1,steric,Cy,unknown,-2447.698782,-2447.664406,-2447.688868,-615.23835,-25.85550999999583,-4.284569999954613,-19.634475000150644,6.2210349998451875,21.57094000004122,15.349905000196031,-723.47
Int1_comp47_1_Sub13,TS_comp47_1_Sub13,Int2_comp47_1_Sub13,comp47_1_Sub13,-2330.190203,-2330.158829,-2330.180636,-498.404417,-6.598789999997194,13.088395000091708,-0.5954974999589524,6.003292500038242,19.687185000088903,13.68389250005066,-719.27,[H]c1c([H])c(C([H])([H])C([H])(C([H])([H])[H])C([H])([H])[H])n(C([H])([H])[H])c1C#N,[H]C1=C(C#N)[N+](C([H])([H])[H])=C(C([H])([H])C([H])(C([H])([H])[H])C([H])([H])[H])C1,steric,iPr,unknown,-2331.047181,-2331.012008,-2331.036248,-498.590089,-23.759659999972627,-1.6886025001240057,-16.899202499958363,6.860457500014263,22.07105749984862,15.210599999834358,-719.27
Int1_comp47_1_Sub14,TS_comp47_1_Sub14,Int2_comp47_1_Sub14,comp47_1_Sub14,-2251.678317,-2251.648203,-2251.669872,-419.894195,-5.554629999851244,13.341904999951026,-0.2553924998902346,5.299237499961009,18.89653499980227,13.59729749984126,-727.72,[H]c1c([H])c(C([H])([H])C([H])([H])[H])n(C([H])([H])[H])c1C#N,[H]C1=C(C#N)[N+](C([H])([H])[H])=C(C([H])([H])C([H])([H])[H])C1,steric,Me,unknown,-2252.480709,-2252.446005,-2252.471161,-420.026025,-22.248639999970976,-0.4718799998786949,-16.25726999997397,5.991369999997005,21.77676000009228,15.785390000095276,-727.72
Int1_comp47_1_Sub15,TS_comp47_1_Sub15,Int2_comp47_1_Sub15,comp47_1_Sub15,-2306.963349,-2306.932527,-2306.958758,-475.17637,-7.347397499997612,11.993407500109754,-4.466545000065878,2.880852499931734,19.34080500010737,16.459952500175632,-715.52,[H]c1c([H])c(C([H])([H])N([H])C([H])([H])[H])n(C([H])([H])[H])c1C#N,[H]C1=C(C#N)[N+](C([H])([H])[H])=C(C([H])([H])N([H])C([H])([H])[H])C1,EDG,NHCH3,unknown,-2307.78186,-2307.746967,-2307.777869,-475.324017,-24.230912500031252,-2.335555000024385,-21.72656000000501,2.5043525000262434,21.895357500006867,19.391004999980623,-715.52
Int1_comp47_1_Sub16,TS_comp47_1_Sub16,Int2_comp47_1_Sub16,comp47_1_Sub16,-2326.829775,-2326.800983,-2326.823831,-495.047798,-4.208642500039304,13.858337500002593,-0.478782500039614,3.7298599999996895,18.06698000004189,14.337120000042203,-706.51,[H]c1c([H])c(C([H])([H])OC([H])([H])[H])n(C([H])([H])[H])c1C#N,[H]C1=C(C#N)[N+](C([H])([H])[H])=C(C([H])([H])OC([H])([H])[H])C1,EDG,OMe,unknown,-2327.636485,-2327.603523,-2327.629158,-495.183612,-21.112237500022246,-0.4285825001663568,-16.514545000144807,4.597692499877439,20.68365499985589,16.08596249997845,-706.51
Int1_comp47_1_Sub6,TS_comp47_1_Sub6,Int2_comp47_1_Sub6,comp47_1_Sub6,-2251.686335,-2251.651533,-2251.670609,-419.903165,-4.957249999861375,16.88100499993297,4.910815000192628,9.868065000054004,21.838254999794344,11.970189999740342,-765.41,[H]c1c(C([H])([H])[H])c(C#N)n(C([H])([H])[H])c1C([H])([H])[H],[H]C([H])([H])C1=C(C#N)[N+](C([H])([H])[H])=C(C([H])([H])[H])C1,steric,Me,unknown,-2252.488112,-2252.449279,-2252.471286,-420.032839,-22.6182375000009,1.7494700000416685,-12.059922499977489,10.558315000023413,24.36770750004257,13.809392500019158,-765.41
Int1_comp47_1_Sub9,TS_comp47_1_Sub9,Int2_comp47_1_Sub9,comp47_1_Sub9,-2549.305757,-2549.275146,-2549.296941,-717.521,-5.953092500022308,13.25531000006265,-0.421052500007022,5.532040000015286,19.20840250008496,13.676362500069672,-743.0,[H]c1c([H])c(C([H])([H])C(F)(F)F)n(C([H])([H])[H])c1C#N,[H]C1=C(C#N)[N+](C([H])([H])[H])=C(C([H])([H])C(F)(F)F)C1,EWG,CF3,unknown,-2550.084491,-2550.049523,-2550.074117,-717.628211,-23.25013000008198,-1.3077100001225972,-16.740445000109503,6.509684999972478,21.942419999959384,15.432734999986906,-743.0
Int1_comp49_0_Sub10,TS_comp49_0_Sub10,Int2_comp49_0_Sub10,comp49_0_Sub10,-2936.153047,-2936.133541,-2936.166458,-1104.37412,-2.29476749984201,9.945247499930474,-10.710170000068048,-8.415402500226037,12.240014999772484,20.65541749999852,-558.24,[H]C1=C(C#N)C2(Cl)[C-]([H])[S+]12,[H][C-]1C2(Cl)C3(C[N-2])C[S+2]132,EWG,Cl,pi-system,-2936.849187,-2936.824725,-2936.860649,-1104.398698,-19.616277499911234,-4.266372500000557,-26.808682500157488,-7.192405000246254,15.349904999910677,22.54231000015693,-558.24
Int1_comp49_0_Sub11,TS_comp49_0_Sub11,Int2_comp49_0_Sub11,comp49_0_Sub11,-2711.032294,-2711.011641,-2711.043195,-879.252528,-2.821240000010903,10.138517500013222,-9.661617500075865,-6.84037750006496,12.959757500024123,19.800135000089085,-548.05,[H]C1=C(C2([H])C([H])([H])C([H])([H])C([H])([H])C([H])([H])C2([H])[H])C2(C#N)[C-]([H])[S+]12,[H][C-]1C2(C3([H])C([H])([H])C([H])([H])C([H])([H])C([H])([H])C3([H])[H])C3(C[N-2])C[S+2]132,steric,Cy,unknown,-2711.885328,-2711.860198,-2711.894514,-879.433085,-20.7169124999146,-4.947837499920809,-26.481127500057084,-5.764215000142485,15.76907499999379,21.533290000136276,-548.05
Int1_comp49_0_Sub12,TS_comp49_0_Sub12,Int2_comp49_0_Sub12,comp49_0_Sub12,-2633.696572,-2633.679574,-2633.710001,-801.922056,0.4731350001608803,11.13938000019715,-7.953562499893962,-8.426697500054843,10.66624500003627,19.092942500091112,-552.27,[H]C1=C(C(C([H])([H])[H])(C([H])([H])[H])C([H])([H])[H])C2(C#N)[C-]([H])[S+]12,[H][C-]1C2(C(C([H])([H])[H])(C([H])([H])[H])C([H])([H])[H])C3(C[N-2])C[S+2]132,steric,tBu,unknown,-2634.5107,-2634.489721,-2634.523179,-802.065099,-16.549057499879325,-3.384734999943646,-24.379629999869792,-7.830572499990467,13.164322499935679,20.994894999926146,-552.27
Int1_comp49_0_Sub13,TS_comp49_0_Sub13,Int2_comp49_0_Sub13,comp49_0_Sub13,-2594.445188,-2594.425205,-2594.456805,-762.668352,-0.9826650000158564,11.556667500071,-8.27233249980253,-7.289667499786674,12.539332500086855,19.82899999987353,-549.25,[H]c1sc([H])c(C([H])(C([H])([H])[H])C([H])([H])[H])c1C#N,[H][C-]1C2(C([H])(C([H])([H])[H])C([H])([H])[H])C3(C[N-2])C[S+2]132,steric,iPr,unknown,-2595.232898,-2595.208263,-2595.242635,-762.784366,-18.38826000015814,-2.9297975000221754,-24.49822750006973,-6.1099674999115905,15.458462500135965,21.568430000047556,-549.25
Int1_comp49_0_Sub14,TS_comp49_0_Sub14,Int2_comp49_0_Sub14,comp49_0_Sub14,-2515.937121,-2515.917328,-2515.948462,-684.160348,-0.943132499901651,11.47697500005819,-8.059609999840234,-7.116477499938583,12.42010749995984,19.536584999898423,-555.1,[H]c1sc([H])c(C([H])([H])[H])c1C#N,[H][C-]1C2(C([H])([H])[H])C3(C[N-2])C[S+2]132,steric,Me,unknown,-2516.670254,-2516.645317,-2516.679154,-684.221961,-18.238287500108754,-2.590320000023212,-23.82303749999096,-5.584749999882206,15.647967500085542,21.232717499967748,-555.1
Int1_comp49_0_Sub15,TS_comp49_0_Sub15,Int2_comp49_0_Sub15,comp49_0_Sub15,-2571.235876,-2571.204,-2571.235634,-739.446821,-8.650087500061545,11.352102499945431,-8.498232500016911,0.1518550000446339,20.002190000006976,19.850334999962342,-552.86,[H]c1sc([H])c(N([H])C([H])([H])[H])c1C#N,[H][C-]1C2(N([H])C([H])([H])[H])C3(C[N-2])C[S+2]132,EDG,NHCH3,unknown,-2571.985644,-2571.948955,-2571.9833,-739.524799,-26.11466749991223,-3.0923199998971995,-24.643807499916193,1.470859999996037,23.02234750001503,21.551487500018993,-552.86
Int1_comp49_0_Sub16,TS_comp49_0_Sub16,Int2_comp49_0_Sub16,comp49_0_Sub16,-2591.086377,-2591.065824,-2591.097259,-759.309613,-0.937484999987248,11.959522500195304,-7.765940000010971,-6.828455000023723,12.897007500182552,19.72546250020628,-542.62,[H]C1=C(C#N)C2(OC([H])([H])[H])[C-]([H])[S+]12,[H][C-]1C2(OC([H])([H])[H])C3(C[N-2])C[S+2]132,EDG,OMe,pi-system,-2591.822721,-2591.797702,-2591.832001,-759.374807,-18.000464999995813,-2.3010424998975054,-23.823665000132053,-5.823200000136239,15.699422500098308,21.522622500234547,-542.62
Int1_comp49_0_Sub2,TS_comp49_0_Sub2,Int2_comp49_0_Sub2,comp49_0_Sub2,-2936.151901,-2936.131515,-2936.163489,-1104.371724,-3.079142500001808,9.713072500088629,-10.350612499905765,-7.271469999903957,12.792215000090437,20.0636849999944,-555.57,[H]c1sc(Cl)c([H])c1C#N,[H]C12[C-](Cl)[S+2]13CC23C[N-2],EWG,Cl,pi-system,-2936.848223,-2936.822685,-2936.857694,-1104.396304,-20.51360249992854,-4.488507500010428,-26.456654999833518,-5.943052499904979,16.02509499991811,21.96814749982309,-555.57
Int1_comp49_0_Sub3,TS_comp49_0_Sub3,Int2_comp49_0_Sub3,comp49_0_Sub3,-2711.034706,-2711.013159,-2711.044584,-879.252067,-4.624047499882238,8.896695000009629,-10.822492500069814,-6.198445000187576,13.520742499891869,19.719187500079443,-571.93,[H]C1=C(C#N)C2([H])[C-](C3([H])C([H])([H])C([H])([H])C([H])([H])C([H])([H])C3([H])[H])[S+]12,[H]C1([H])C([H])([H])C([H])([H])C([H])([C-]2C3([H])C4(C[N-2])C[S+2]243)C([H])([H])C1([H])[H],steric,Cy,pi-system,-2711.887589,-2711.86152,-2711.895705,-879.432568,-22.46010750000778,-6.101810000003525,-27.55289749999065,-5.09278999998287,16.358297500004255,21.451087499987125,-571.93
Int1_comp49_0_Sub4,TS_comp49_0_Sub4,Int2_comp49_0_Sub4,comp49_0_Sub4,-2633.703355,-2633.68197,-2633.713255,-801.922848,-3.286217499978364,10.13287000002748,-9.498467499988408,-6.2122500000100445,13.419087500005844,19.63133750001589,-567.49,[H]C1=C(C#N)C2([H])[C-](C(C([H])([H])[H])(C([H])([H])[H])C([H])([H])[H])[S+]12,[H]C([H])([H])C([C-]1C2([H])C3(C[N-2])C[S+2]132)(C([H])([H])[H])C([H])([H])[H],steric,tBu,pi-system,-2634.517793,-2634.491885,-2634.5258,-802.065529,-20.730090000024006,-4.472819999978697,-25.754482499965548,-5.024392499941541,16.25727000004531,21.28166249998685,-567.49
Int1_comp49_0_Sub5,TS_comp49_0_Sub5,Int2_comp49_0_Sub5,comp49_0_Sub5,-2594.44784,-2594.426731,-2594.458059,-762.66793,-2.911599999854104,10.334297500018296,-9.324022500000808,-6.412422500146704,13.2458974998724,19.658320000019103,-568.94,[H]C1=C(C#N)C2([H])[C-](C([H])(C([H])([H])[H])C([H])([H])[H])[S+]12,[H]C([H])([H])C([H])([C-]1C2([H])C3(C[N-2])C[S+2]132)C([H])([H])[H],steric,iPr,pi-system,-2595.234962,-2595.209429,-2595.243542,-762.783647,-20.134592500029385,-4.112635000032014,-25.518542500133208,-5.383950000103823,16.02195749999737,21.405907500101193,-568.94
Int1_comp49_0_Sub6,TS_comp49_0_Sub6,Int2_comp49_0_Sub6,comp49_0_Sub6,-2515.938685,-2515.917136,-2515.947941,-684.15922,-2.632362499988403,10.889635000042972,-8.440502499877311,-5.808139999888908,13.521997500031375,19.330137499920284,-567.28,[H]C1=C(C#N)C2([H])[C-](C([H])([H])[H])[S+]12,[H]C([H])([H])[C-]1C2([H])C3(C[N-2])C[S+2]132,steric,Me,unknown,-2516.671279,-2516.644912,-2516.678595,-684.220769,-19.62945500009198,-3.0841625001318107,-24.220244999915508,-4.590789999823528,16.54529249996017,21.136082499783697,-567.28
Int1_comp49_0_Sub8,TS_comp49_0_Sub8,Int2_comp49_0_Sub8,comp49_0_Sub8,-2591.091544,-2591.068487,-2591.097462,-759.309907,-3.995292499900245,10.47297500002486,-7.708837500083803,-3.713545000183558,14.468267499925105,18.181812500108663,-595.48,[H]c1sc(OC([H])([H])[H])c([H])c1C#N,[H]C([H])([H])O[C-]1C2([H])C3(C[N-2])C[S+2]132,EDG,OMe,pi-system,-2591.829056,-2591.800885,-2591.83213,-759.375204,-21.72656000000501,-4.04925750004935,-23.655494999843256,-1.9289349998382477,17.67730249995566,19.606237499793906,-595.48
Int1_comp49_0_Sub9,TS_comp49_0_Sub9,Int2_comp49_0_Sub9,comp49_0_Sub9,-2813.550428,-2813.533654,-2813.567228,-981.775531,0.234057500051108,10.759742500156904,-10.30794249987082,-10.541999999921927,10.525685000105796,21.067685000027723,-571.1,[H]C1=C(C#N)C2(C(F)(F)F)[C-]([H])[S+]12,[H][C-]1C2(C(F)(F)F)C3(C[N-2])C[S+2]132,EWG,CF3,pi-system,-2814.259279,-2814.237523,-2814.273993,-981.812155,-17.504739999963306,-3.852849999903185,-26.73777499990848,-9.233034999945176,13.65189000006012,22.884925000005296,-571.1
Int1_comp49_2_Sub10,TS_comp49_2_Sub10,Int2_comp49_2_Sub10,comp49_2_Sub10,-2936.15955,-2936.134844,-2936.152484,-1104.371284,-8.154989999813438,7.348024999996028,-3.7210750000218695,4.433914999791568,15.503014999809466,11.069100000017896,-636.88,[H]c1sc(Cl)c(C#N)c1[H],[H]C12C[S+2]13[C-](Cl)C23C[N-2],EWG,Cl,pi-system,-2936.855953,-2936.826075,-2936.847021,-1104.395964,-25.577527500126962,-6.8290824999508,-19.9726975000101,5.604830000116863,18.74844500017616,13.143615000059299,-636.88
Int1_comp49_2_Sub11,TS_comp49_2_Sub11,Int2_comp49_2_Sub11,comp49_2_Sub11,-2711.043081,-2711.019133,-2711.035352,-879.254148,-8.573532499826797,6.453837500184818,-3.723584999872856,4.849947499953942,15.027370000011617,10.177422500057672,-708.43,[H]C1=C([H])C2(C#N)[C-](C3([H])C([H])([H])C([H])([H])C([H])([H])C([H])([H])C3([H])[H])[S+]12,[H]C1([H])C([H])([H])C([H])([H])C([H])([C-]2C3(C[N-2])C4([H])C[S+2]243)C([H])([H])C1([H])[H],steric,Cy,pi-system,-2711.896355,-2711.867465,-2711.88694,-879.434682,-26.634237499955873,-8.505762499926561,-20.726324999962173,5.907912499993699,18.12847500002931,12.220562500035612,-708.43
Int1_comp49_2_Sub12,TS_comp49_2_Sub12,Int2_comp49_2_Sub12,comp49_2_Sub12,-2633.710749,-2633.685709,-2633.701873,-801.923351,-7.610319999833166,8.102280000160533,-2.0406299999129374,5.569689999920229,15.7125999999937,10.14291000007347,-706.67,[H]C1=C([H])C2(C#N)[C-](C(C([H])([H])[H])(C([H])([H])[H])C([H])([H])[H])[S+]12,[H]C([H])([H])C([C-]1C2(C[N-2])C3([H])C[S+2]132)(C([H])([H])[H])C([H])([H])[H],steric,tBu,pi-system,-2634.525477,-2634.495601,-2634.515064,-802.066288,-25.075527500110297,-6.328337500073644,-18.541370000128268,6.5341574999820295,18.747190000036653,12.213032500054624,-706.67
Int1_comp49_2_Sub13,TS_comp49_2_Sub13,Int2_comp49_2_Sub13,comp49_2_Sub13,-2594.456091,-2594.432467,-2594.448894,-762.669706,-6.974662499939939,7.849397500014277,-2.45854499999922,4.516117499940719,14.824059999954216,10.307942500013496,-703.61,[H]C1=C([H])C2(C#N)[C-](C([H])(C([H])([H])[H])C([H])([H])[H])[S+]12,[H]C([H])([H])C([H])([C-]1C2(C[N-2])C3([H])C[S+2]132)C([H])([H])[H],steric,iPr,pi-system,-2595.243754,-2595.215153,-2595.234757,-762.785542,-24.462460000088697,-6.515332500100897,-18.81684250014615,5.645617499942546,17.9471274999878,12.301510000045255,-703.61
Int1_comp49_2_Sub14,TS_comp49_2_Sub14,Int2_comp49_2_Sub14,comp49_2_Sub14,-2515.948517,-2515.922802,-2515.939051,-684.160823,-7.796059999792249,8.340102500059459,-1.8561449998080093,5.939914999984239,16.136162499851707,10.196247499867468,-687.82,[H]C1=C([H])C2(C#N)[C-](C([H])([H])[H])[S+]12,[H]C([H])([H])[C-]1C2(C[N-2])C3([H])C[S+2]132,steric,Me,pi-system,-2516.681089,-2516.650683,-2516.67004,-684.222461,-24.72350000014302,-5.6437349999472985,-17.79025250002718,6.93324750011584,19.07976500019572,12.14651750007988,-687.82
Int1_comp49_2_Sub15,TS_comp49_2_Sub15,Int2_comp49_2_Sub15,comp49_2_Sub15,-2571.243982,-2571.215332,-2571.229504,-739.450395,-11.493917499944075,6.483957499894757,-2.4089724999103623,9.084945000033713,17.977874999838832,8.89292999980512,-765.75,[H]c1sc(N([H])C([H])([H])[H])c(C#N)c1[H],[H]N([C-]1C2(C[N-2])C3([H])C[S+2]132)C([H])([H])[H],EDG,NHCH3,pi-system,-2571.992877,-2571.959271,-2571.976979,-739.527466,-28.979832500097586,-7.892067500120561,-19.003837500030727,9.97599500006686,21.087764999977026,11.111769999910166,-765.75
Int1_comp49_2_Sub16,TS_comp49_2_Sub16,Int2_comp49_2_Sub16,comp49_2_Sub16,-2591.098446,-2591.071249,-2591.086822,-759.310062,-8.229034999911846,8.837082500017459,-0.9349750000649236,7.294059999846922,17.066117499929305,9.772057500082385,-725.75,[H]c1sc(OC([H])([H])[H])c(C#N)c1[H],[H]C([H])([H])O[C-]1C2(C[N-2])C3([H])C[S+2]132,EDG,OMe,pi-system,-2591.835937,-2591.803709,-2591.822462,-759.375994,-25.548662499914485,-5.325592499894469,-17.093100000075196,8.455562499839289,20.223070000020016,11.767507500180727,-725.75
Int1_comp49_2_Sub2,TS_comp49_2_Sub2,Int2_comp49_2_Sub2,comp49_2_Sub2,-2936.158468,-2936.136437,-2936.158288,-1104.374116,-5.698955000021897,8.125497499959238,-5.586005000021714,0.1129500000001826,13.824452499981136,13.711502499980952,-632.39,[H]C1=C(Cl)C2(C#N)[C-]([H])[S+]12,[H][C-]1C2(C[N-2])C3(Cl)C[S+2]132,EWG,Cl,pi-system,-2936.855089,-2936.82717,-2936.853083,-1104.398693,-23.32292000004088,-5.803747499971337,-22.064154999937386,1.2587650001034945,17.519172500069544,16.26040749996605,-632.39
Int1_comp49_2_Sub9,TS_comp49_2_Sub9,Int2_comp49_2_Sub9,comp49_2_Sub9,-2813.557399,-2813.534839,-2813.553962,-981.772063,-6.316414999818392,7.83998500010938,-4.159697499913193,2.1567174999051986,14.156399999927771,11.999682500022573,-618.16,[H]C1=C([H])C2(C#N)[C-](C(F)(F)F)[S+]12,[H]C12C[S+2]13[C-](C(F)(F)F)C23C[N-2],EWG,CF3,pi-system,-2814.266272,-2814.238602,-2814.261055,-981.808718,-24.049564999918402,-6.686639999953741,-20.775897499979692,3.2736674999387105,17.36292499996466,14.089257500025951,-618.16
Int1_comp4_2_Sub10,TS_comp4_2_Sub10,Int2_comp4_2_Sub10,comp4_2_Sub10,-3169.491121,-3169.45241,-3169.471777,-1337.70428,-7.260802500002228,17.030350000090948,4.877557499884233,12.13835999988646,24.291152500093176,12.152792500206717,-644.89,[H]c1nc2c(c(Cl)c1[H])c(Cl)c(C([H])([H])[H])n2[H],[H]C1=NC2=[N+]([H])C(C([H])([H])[H])=C(Cl)C2=C(Cl)C1,EWG,Cl,unknown,-3170.254128,-3170.211973,-3170.23415,-1337.796277,-24.235932500089916,2.216329999968707,-11.699737500209153,12.536194999880763,26.452262500058623,13.91606750017786,-644.89
Int1_comp4_2_Sub11,TS_comp4_2_Sub11,Int2_comp4_2_Sub11,comp4_2_Sub11,-2944.363975,-2944.32327,-2944.341984,-1112.574507,-8.909245000049282,16.6331425001664,4.890107499995224,13.799352500044506,25.54238750021568,11.743035000171176,-639.82,[H]c1nc2c(c(Cl)c1[H])c(C1([H])C([H])([H])C([H])([H])C([H])([H])C([H])([H])C1([H])[H])c(C([H])([H])[H])n2[H],[H]C1=NC2=[N+]([H])C(C([H])([H])[H])=C(C3([H])C([H])([H])C([H])([H])C([H])([H])C([H])([H])C3([H])[H])C2=C(Cl)C1,steric,Cy,unknown,-2945.284503,-2945.240391,-2945.261916,-1112.823155,-26.430299999900058,1.2499800001256745,-12.256957499943724,14.173342499956334,27.680280000025732,13.506937500069398,-639.82
Int1_comp4_2_Sub13,TS_comp4_2_Sub13,Int2_comp4_2_Sub13,comp4_2_Sub13,-2827.777341,-2827.736825,-2827.755505,-995.9906,-7.198052499946641,18.2257375000691,6.504037499986737,13.702089999933378,25.423790000015742,11.721700000082365,-637.93,[H]c1nc2c(c(Cl)c1[H])c(C([H])(C([H])([H])[H])C([H])([H])[H])c(C([H])([H])[H])n2[H],[H]C1=NC2=[N+]([H])C(C([H])([H])[H])=C(C([H])(C([H])([H])[H])C([H])([H])[H])C2=C(Cl)C1,steric,iPr,unknown,-2828.632363,-2828.588447,-2828.609964,-996.174245,-24.403475000094943,3.153814999955955,-10.348102500126117,14.055372499968826,27.557290000050898,13.501917500082072,-637.93
Int1_comp4_2_Sub14,TS_comp4_2_Sub14,Int2_comp4_2_Sub14,comp4_2_Sub14,-2749.273228,-2749.233549,-2749.252353,-917.487121,-6.800217499952339,18.09835500003402,6.2988450001481056,13.099062500100445,24.89857249998636,11.799509999885911,-645.83,[H]c1nc2c(c(Cl)c1[H])c(C([H])([H])[H])c(C([H])([H])[H])n2[H],[H]C1=NC2=[N+]([H])C(C([H])([H])[H])=C(C([H])([H])[H])C2=C(Cl)C1,steric,Me,unknown,-2750.073026,-2750.030014,-2750.051556,-917.616134,-23.6341600000398,3.355870000016523,-10.161734999954604,13.472425000085195,26.990030000056322,13.517604999971127,-645.83
Int1_comp4_2_Sub15,TS_comp4_2_Sub15,Int2_comp4_2_Sub15,comp4_2_Sub15,-2804.559845,-2804.520342,-2804.539555,-972.772769,-7.408265000057952,17.37986750020724,5.323710000184576,12.731975000242528,24.788132500265192,12.056157500022664,-645.54,[H]c1nc2c(c(Cl)c1[H])c(N([H])C([H])([H])[H])c(C([H])([H])[H])n2[H],[H]C1=NC2=[N+]([H])C(C([H])([H])[H])=C(N([H])C([H])([H])[H])C2=C(Cl)C1,EDG,NHCH3,unknown,-2805.376474,-2805.333624,-2805.355575,-972.918447,-24.346372500096436,2.5420025000738633,-11.232250000034014,13.114122500062422,26.8883750001703,13.774252500107877,-645.54
Int1_comp4_2_Sub16,TS_comp4_2_Sub16,Int2_comp4_2_Sub16,comp4_2_Sub16,-2824.42154,-2824.382672,-2824.401855,-992.636323,-6.241742499864245,18.14792749990886,6.110594999981345,12.35233749984559,24.389669999773105,12.037332499927516,-646.2,[H]c1nc2c(c(Cl)c1[H])c(OC([H])([H])[H])c(C([H])([H])[H])n2[H],[H]C1=NC2=[N+]([H])C(C([H])([H])[H])=C(OC([H])([H])[H])C2=C(Cl)C1,EDG,OMe,unknown,-2825.225219,-2825.183003,-2825.204927,-992.769107,-23.14470999999145,3.3458299998991947,-10.41148000018012,12.733229999811329,26.490539999890643,13.757310000079315,-646.2
Int1_comp4_2_Sub17,TS_comp4_2_Sub17,Int2_comp4_2_Sub17,comp4_2_Sub17,-3007.627704,-3007.59199,-3007.612085,-1175.845562,-4.312179999956243,18.09835500010536,5.488742499910586,9.800922499866829,22.4105350000616,12.609612500194771,-654.34,[H]c1nc2c(c([H])c(C(F)(F)F)n2[H])c(Cl)c1[H],[H]C1=NC2=[N+]([H])C(C(F)(F)F)=C([H])C2=C(Cl)C1,EWG,CF3,unknown,-3008.377489,-3008.338171,-3008.361023,-1175.923945,-21.5332899999936,3.1387550000653164,-11.200874999970551,10.332415000023047,24.672045000058915,14.339630000035868,-654.34
Int1_comp4_2_Sub19,TS_comp4_2_Sub19,Int2_comp4_2_Sub19,comp4_2_Sub19,-2905.109987,-2905.071705,-2905.090758,-1073.320065,-9.194129999758047,14.827825000230064,2.872067500239268,12.066197499997315,24.02195499998811,11.955757499990796,-643.29,[H]c1nc2c(c([H])c(C3([H])C([H])([H])C([H])([H])C([H])([H])C([H])([H])C3([H])[H])n2[H])c(Cl)c1[H],[H]C1=NC2=[N+]([H])C(C3([H])C([H])([H])C([H])([H])C([H])([H])C([H])([H])C3([H])[H])=C([H])C2=C(Cl)C1,steric,Cy,unknown,-2906.004188,-2905.962279,-2905.984001,-1073.542719,-26.506227499922375,-0.20832999990204826,-13.838884999873358,12.667342500049017,26.297897500020326,13.63055499997131,-643.29
Int1_comp4_2_Sub20,TS_comp4_2_Sub20,Int2_comp4_2_Sub20,comp4_2_Sub20,-2827.779385,-2827.740889,-2827.76001,-995.991776,-7.742722499855574,16.413517499936177,4.415090000053112,12.157812499908689,24.15623999979175,11.998427499883064,-647.68,[H]c1nc2c(c([H])c(C(C([H])([H])[H])(C([H])([H])[H])C([H])([H])[H])n2[H])c(Cl)c1[H],[H]C1=NC2=[N+]([H])C(C(C([H])([H])[H])(C([H])([H])[H])C([H])([H])[H])=C([H])C2=C(Cl)C1,steric,tBu,unknown,-2828.635078,-2828.593033,-2828.614855,-996.176228,-24.862804999862647,1.520432499942217,-12.172872499870664,12.689932499991983,26.383237499804864,13.69330499981288,-647.68
Int1_comp4_2_Sub21,TS_comp4_2_Sub21,Int2_comp4_2_Sub21,comp4_2_Sub21,-2788.523638,-2788.485524,-2788.504674,-956.736535,-7.425207500015176,16.49132749995374,4.474702500187959,11.899910000203135,23.91653499996892,12.01662499976578,-644.84,[H]c1nc2c(c([H])c(C([H])(C([H])([H])[H])C([H])([H])[H])n2[H])c(Cl)c1[H],[H]C1=NC2=[N+]([H])C(C([H])(C([H])([H])[H])C([H])([H])[H])=C([H])C2=C(Cl)C1,steric,iPr,unknown,-2789.352242,-2789.310587,-2789.332377,-956.89409,-24.42480999996974,1.713702500024965,-11.959522500123967,12.465287499845772,26.138512499994704,13.673225000148932,-644.84
Int1_comp4_2_Sub22,TS_comp4_2_Sub22,Int2_comp4_2_Sub22,comp4_2_Sub22,-2710.0149,-2709.977175,-2709.996264,-878.229163,-6.568042500039155,17.10439500004668,5.126047500112918,11.694090000152071,23.672437500085834,11.97834749993376,-645.07,[H]c1nc2c(c([H])c(C([H])([H])[H])n2[H])c(Cl)c1[H],[H]C1=NC2=[N+]([H])C(C([H])([H])[H])=C([H])C2=C(Cl)C1,steric,Me,unknown,-2710.788591,-2710.7475,-2710.769332,-878.332499,-23.132160000023134,2.6524425000090446,-11.04713749993067,12.085022500092464,25.78460250003218,13.699579999939715,-645.07
Int1_comp4_2_Sub23,TS_comp4_2_Sub23,Int2_comp4_2_Sub23,comp4_2_Sub23,-2765.311004,-2765.272154,-2765.290669,-933.519424,-10.23452500005618,14.143850000173472,2.525687500043716,12.760212500099897,24.378375000229653,11.618162500129756,-639.87,[H]c1nc2c(c([H])c(N([H])C([H])([H])[H])n2[H])c(Cl)c1[H],[H]C1=NC2=[N+]([H])C(N([H])C([H])([H])[H])=C([H])C2=C(Cl)C1,EDG,NHCH3,unknown,-2766.100744,-2766.058466,-2766.079729,-933.638405,-27.052152499899478,-0.5227074999643833,-13.865240000020833,13.186912499878645,26.529444999935095,13.34253250005645,-639.87
Int1_comp4_2_Sub24,TS_comp4_2_Sub24,Int2_comp4_2_Sub24,comp4_2_Sub24,-2785.171625,-2785.133113,-2785.152177,-953.386683,-6.069179999943231,18.09710000010853,6.134440000063819,12.20362000000705,24.16628000005176,11.962660000044709,-647.68,[H]c1nc2c(c([H])c(OC([H])([H])[H])n2[H])c(Cl)c1[H],[H]C1=NC2=[N+]([H])C(OC([H])([H])[H])=C([H])C2=C(Cl)C1,EDG,OMe,unknown,-2785.949874,-2785.907895,-2785.929643,-953.494179,-22.88304249993871,3.458780000113393,-10.188089999959402,12.694952499979308,26.341822500052103,13.646870000072795,-647.68
Int1_comp4_2_Sub8,TS_comp4_2_Sub8,Int2_comp4_2_Sub8,comp4_2_Sub8,-2824.43645,-2824.399233,-2824.420186,-992.657915,-2.048787500035018,21.30487999999957,8.156872500165377,10.205660000200396,23.35366750003459,13.148007499834192,-685.92,[H]c1c(OC([H])([H])[H])nc2c(c([H])c(C([H])([H])[H])n2[H])c1Cl,[H]C1=C(C([H])([H])[H])[N+]([H])=C2[N-]C(=[O+]C([H])([H])[H])CC(Cl)=C12,EDG,OMe,unknown,-2825.241261,-2825.199752,-2825.223309,-992.790773,-19.615650000126834,6.431247499956498,-8.350770000032526,11.264880000094308,26.046897500083332,14.782017499989024,-685.92
Int1_comp4_2_Sub9,TS_comp4_2_Sub9,Int2_comp4_2_Sub9,comp4_2_Sub9,-3046.892901,-3046.855112,-3046.874535,-1215.107231,-6.526000000073964,17.186597499910476,4.998665000077835,11.5246650001518,23.71259749998444,12.18793249983264,-645.87,[H]c1nc2c(c(Cl)c1[H])c(C(F)(F)F)c(C([H])([H])[H])n2[H],[H]C1=NC2=[N+]([H])C(C([H])([H])[H])=C(C(F)(F)F)C2=C(Cl)C1,EWG,CF3,unknown,-3047.668934,-3047.627653,-3047.650106,-1215.211917,-23.712597499841763,2.1912300000320784,-11.898027499993873,11.81456999984789,25.90382749987384,14.089257500025951,-645.87
Int1_comp51_2_Sub10,TS_comp51_2_Sub10,Int2_comp51_2_Sub10,comp51_2_Sub10,-3303.453683,-3303.431651,-3303.453744,-1471.673181,-3.2830799999862847,10.54200000020728,-3.321357499818305,-0.0382774998320201,13.825080000193566,13.863357500025586,-622.94,[H]C1=C([H])C2(Cl)[C-](Cl)[S+]12,[H]C12C[S+2]13[C-](Cl)C23Cl,EWG,Cl,unknown,-3304.142094,-3304.114969,-3304.13975,-1471.690109,-20.555017499966652,-3.5340800002086326,-19.084157499970615,1.470859999996037,17.02093749975802,15.550077499761983,-622.94
Int1_comp51_2_Sub11,TS_comp51_2_Sub11,Int2_comp51_2_Sub11,comp51_2_Sub11,-3078.337301,-3078.312969,-3078.33435,-1246.553848,-5.134832499948061,10.133497500025896,-3.2830799999862847,1.8517524999617765,15.268329999973956,13.41657750001218,-676.07,[H]C1=C([H])C2(Cl)[C-](C3([H])C([H])([H])C([H])([H])C([H])([H])C([H])([H])C3([H])[H])[S+]12,[H]C1([H])C([H])([H])C([H])([H])C([H])([C-]2C3(Cl)C4([H])C[S+2]243)C([H])([H])C1([H])[H],steric,Cy,unknown,-3079.182119,-3079.15358,-3079.177423,-1246.72658,-22.785152500043182,-4.876930000099833,-19.838412500063782,2.9467399999793997,17.90822249994335,14.96148249996395,-676.07
Int1_comp51_2_Sub12,TS_comp51_2_Sub12,Int2_comp51_2_Sub12,comp51_2_Sub12,-3001.001251,-3000.978484,-3000.999537,-1169.221589,-2.7559800000329915,11.530312499923523,-1.6804450000375937,1.0755349999953978,14.286292499956517,13.21075749996112,-677.32,[H]C1=S23=C(C(C([H])([H])[H])(C([H])([H])[H])C([H])([H])[H])C2(Cl)C13[H],[H]C([H])([H])C([C-]1C2(Cl)C3([H])C[S+2]132)(C([H])([H])[H])C([H])([H])[H],steric,tBu,unknown,-3001.807445,-3001.780645,-3001.804251,-1169.356797,-19.716050000016025,-2.8990499999571284,-17.711815000082538,2.0042349999334874,16.817000000058897,14.81276500012541,-677.32
Int1_comp51_2_Sub13,TS_comp51_2_Sub13,Int2_comp51_2_Sub13,comp51_2_Sub13,-2961.750262,-2961.726744,-2961.747675,-1129.969556,-3.4110899999484445,11.346455000031028,-1.7877474999806964,1.6233424999677482,14.757544999979473,13.134202500011725,-673.94,[H]C1=C([H])C2(Cl)[C-](C([H])(C([H])([H])[H])C([H])([H])[H])[S+]12,[H]C([H])([H])C([H])([C-]1C2(Cl)C3([H])C[S+2]132)C([H])([H])[H],steric,iPr,unknown,-2962.529454,-2962.501563,-2962.525091,-1130.077718,-20.398770000004447,-2.897167499890543,-17.66098749999685,2.7377825000075973,17.501602500113904,14.763820000106307,-673.94
Int1_comp51_2_Sub14,TS_comp51_2_Sub14,Int2_comp51_2_Sub14,comp51_2_Sub14,-2883.241012,-2883.217157,-2883.238048,-1051.460754,-3.1299699999448194,11.83904250000012,-1.270060000074977,1.859909999869842,14.969012499944938,13.109102500075096,-663.37,[H]C1=C([H])C2(Cl)[C-](C([H])([H])[H])[S+]12,[H]C([H])([H])[C-]1C2(Cl)C3([H])C[S+2]132,steric,Me,unknown,-2883.96528,-2883.937081,-2883.960623,-1051.51466,-19.69847999991771,-2.00360750000641,-16.77621249994786,2.9222674999698484,17.6948724999113,14.77260499994145,-663.37
Int1_comp51_2_Sub15,TS_comp51_2_Sub15,Int2_comp51_2_Sub15,comp51_2_Sub15,-2938.527002,-2938.503077,-2938.523468,-1106.744965,-4.2462924997659,10.766645000210817,-2.028707499800362,2.2175849999655384,15.012937499976715,12.795352500011177,-707.81,[H]C1=C([H])C2(Cl)[C-](N([H])C([H])([H])[H])[S+]12,[H]N([C-]1C2(Cl)C3([H])C[S+2]132)C([H])([H])[H],EDG,NHCH3,unknown,-2939.267548,-2939.23959,-2939.262684,-1106.814954,-20.937164999929223,-3.3935200001354815,-17.88500499993063,3.0521599999985938,17.54364499979374,14.491484999795148,-707.81
Int1_comp51_2_Sub16,TS_comp51_2_Sub16,Int2_comp51_2_Sub16,comp51_2_Sub16,-2958.387242,-2958.363952,-2958.384922,-1126.608088,-2.437209999839069,12.177264999930912,-0.9814100000903636,1.455799999748706,14.614474999769982,13.158675000021276,-682.27,[H]C1=C([H])C2(Cl)[C-](OC([H])([H])[H])[S+]12,[H]C([H])([H])O[C-]1C2(Cl)C3([H])C[S+2]132,EDG,OMe,unknown,-2959.115774,-2959.087821,-2959.111305,-1126.665471,-19.499562499920557,-1.959055000047556,-16.695264999938217,2.80429749998234,17.540507499873,14.736209999890661,-682.27
Int1_comp51_2_Sub9,TS_comp51_2_Sub9,Int2_comp51_2_Sub9,comp51_2_Sub9,-3180.852942,-3180.833698,-3180.857426,-1349.076002,-1.0479249999224294,11.02768500012246,-3.861634999952344,-2.8137100000299142,12.07561000004489,14.889320000074804,-581.86,[H]C1=C([H])C2(Cl)[C-](C(F)(F)F)[S+]12,[H]C12C[S+2]13[C-](C(F)(F)F)C23Cl,EWG,CF3,unknown,-3181.553384,-3181.529696,-3181.556099,-1349.105001,-18.29476249996617,-3.430542500113347,-19.998425000016482,-1.7036625000503136,14.864219999852821,16.567882499903135,-581.86
Int1_comp53_7_Sub10,TS_comp53_7_Sub10,Int2_comp53_7_Sub10,comp53_7_Sub10,-3114.045216,-3114.007625,-3114.03202,-1282.261601,-5.236487499976761,18.351864999893337,3.044002499947851,8.280489999924612,23.588352499870098,15.307862499945486,-660.3,[H]C1=S23=C([H])C2(c2c([H])c([H])c(C([H])([H])[H])c(Cl)c2[H])C13[H],[H][C+]1C[C-](C([H])([H])[H])[C-](Cl)[C+]([H])[C+]1C12[C-]([H])[S+2]13[C-]([H])C23[H],EWG,Cl,unknown,-3114.846547,-3114.805201,-3114.832726,-1282.391076,-22.742482500008236,3.202132499976642,-14.069805000003726,8.67267750000451,25.94461499998488,17.271937499980368,-660.3
Int1_comp53_7_Sub15,TS_comp53_7_Sub15,Int2_comp53_7_Sub15,comp53_7_Sub15,-2749.111469,-2749.071511,-2749.095521,-917.326062,-6.360967499919923,18.712677499981112,3.6464024999250455,10.007369999844968,25.073644999901035,15.066275000056066,-667.04,[H]C1=S23=C([H])C2(c2c([H])c([H])c(C([H])([H])[H])c(N([H])C([H])([H])[H])c2[H])C13[H],[H][C+]1C[C-](C([H])([H])[H])[C-](N([H])C([H])([H])[H])[C+]([H])[C+]1C12[C-]([H])[S+2]13[C-]([H])C23[H],EDG,NHCH3,unknown,-2749.966651,-2749.923168,-2749.949902,-917.509446,-23.830567500114626,3.4550150001228985,-13.320569999897884,10.509997500216741,27.285582500237524,16.775585000020783,-667.04
Int1_comp53_7_Sub18,TS_comp53_7_Sub18,Int2_comp53_7_Sub18,comp53_7_Sub18,-3114.040246,-3114.00458,-3114.028466,-1282.257953,-4.406932499931031,17.973482500206615,2.985017499954097,7.391949999885128,22.38041500013765,14.988465000252518,-681.73,[H]C1=S23=C([H])C2(c2c([H])c([H])c(C([H])([H])[H])c([H])c2Cl)C13[H],[H][C+]1C[C-](C([H])([H])[H])[C-]([H])[C+](Cl)[C+]1C12[C-]([H])[S+2]13[C-]([H])C23[H],EWG,Cl,unknown,-3114.842287,-3114.8022,-3114.828736,-1282.387145,-22.536035000030097,2.6185574998805805,-14.03278250002586,8.503252500004237,25.154592499910677,16.65133999990644,-681.73
Int1_comp53_7_Sub22,TS_comp53_7_Sub22,Int2_comp53_7_Sub22,comp53_7_Sub22,-2693.818074,-2693.781147,-2693.80386,-862.036219,-4.132087499840225,19.039604999940423,4.787197500041032,8.919284999881256,23.171692499780647,14.252407499899393,-678.02,[H]C1=S23=C([H])C2(c2c([H])c([H])c(C([H])([H])[H])c([H])c2C([H])([H])[H])C13[H],[H][C+]1C[C-](C([H])([H])[H])[C-]([H])[C+](C([H])([H])[H])[C+]1C12[C-]([H])[S+2]13[C-]([H])C23[H],steric,Me,unknown,-2694.657115,-2694.615636,-2694.641045,-862.202527,-22.18839999998039,3.8396725000077936,-12.104474999900674,10.083925000079716,26.028072499988184,15.944147499908468,-678.02
Int1_comp53_7_Sub24,TS_comp53_7_Sub24,Int2_comp53_7_Sub24,comp53_7_Sub24,-2768.974848,-2768.939873,-2768.962482,-937.193128,-4.047374999840088,17.899437500179545,3.712290000115388,7.759664999955476,21.946812500019632,14.187147500064157,-679.03,[H]C1=S23=C([H])C2(c2c([H])c([H])c(C([H])([H])[H])c([H])c2OC([H])([H])[H])C13[H],[H]C1=C(C23C([H])=S24=C([H])C34[H])C(=[O+]C([H])([H])[H])C([H])=C(C([H])([H])[H])C1,EDG,OMe,unknown,-2769.817146,-2769.778772,-2769.804065,-937.362859,-21.99952249995789,2.080162499884466,-13.791194999922425,8.208327500035466,24.079684999842357,15.87135749980689,-679.03
Int1_comp53_7_Sub26,TS_comp53_7_Sub26,Int2_comp53_7_Sub26,comp53_7_Sub26,-3114.037643,-3114.001041,-3114.024591,-1282.256341,-3.785080000002949,19.18267500007857,4.405050000149799,8.190130000152749,22.967755000081524,14.777624999928776,-675.11,[H]C1=C(c2c([H])c([H])c(C([H])([H])[H])c([H])c2[H])C2(Cl)[C-]([H])[S+]12,[H][C+]1C[C-](C([H])([H])[H])[C-]([H])[C+]([H])[C+]1C12[C-]([H])[S+2]13[C-]([H])C23Cl,EWG,Cl,unknown,-3114.839781,-3114.798996,-3114.825195,-1282.385713,-21.862100000162172,3.7304874999267668,-12.709385000014208,9.152715000147964,25.59258750008894,16.439872499940975,-675.11
Int1_comp53_7_Sub30,TS_comp53_7_Sub30,Int2_comp53_7_Sub30,comp53_7_Sub30,-2693.819061,-2693.782459,-2693.805505,-862.037352,-4.040472500000192,18.927282500081333,4.465917500210139,8.506390000210331,22.967755000081524,14.461364999871194,-671.7,[H]C1=S23=C([H])C2(C([H])([H])[H])C13c1c([H])c([H])c(C([H])([H])[H])c([H])c1[H],[H][C+]1C[C-](C([H])([H])[H])[C-]([H])[C+]([H])[C+]1C12[C-]([H])[S+2]13[C-]([H])C23C([H])([H])[H],steric,Me,unknown,-2694.658688,-2694.617154,-2694.643051,-862.203933,-22.29319250000117,3.769392499971218,-12.48097500002018,9.812217499980989,26.062584999972387,16.2503674999914,-671.7
Int1_comp53_7_Sub31,TS_comp53_7_Sub31,Int2_comp53_7_Sub31,comp53_7_Sub31,-2749.105668,-2749.071305,-2749.094746,-917.31932,-6.951445000069896,14.611337500063255,-0.0978900001095439,6.853554999960352,21.56278250013316,14.7092275001728,-670.83,[H]C1=C(c2c([H])c([H])c(C([H])([H])[H])c([H])c2[H])C2(N([H])C([H])([H])[H])[C-]([H])[S+]12,[H][C+]1C[C-](C([H])([H])[H])[C-]([H])[C+]([H])[C+]1C12[C-]([H])[S+2]13[C-]([H])C23N([H])C([H])([H])[H],EDG,NHCH3,unknown,-2749.961812,-2749.922816,-2749.948606,-917.501714,-25.645925000025613,-1.1759349998845892,-17.359159999974167,8.286765000051446,24.469990000141024,16.18322500008958,-670.83
Int1_comp57_1_Sub2,TS_comp57_1_Sub2,Int2_comp57_1_Sub2,comp57_1_Sub2,-5876.716564,-5876.688818,-5876.715634,-4044.944064,1.7381749997491625,19.148790000164126,2.321749999845224,0.5835750000960616,17.410615000414964,16.827040000318902,-650.75,[H]c1c(Cl)sc(Br)c1Cl,ClC1=[S+]C(Br)=C(Cl)C1,EWG,Cl,pi-system,-5877.393499,-5877.36033,-5877.390129,-4044.947794,-16.614317499928575,4.199229999670706,-14.499642500273922,2.114674999654653,20.81354749959928,18.698872499944628,-650.75
Int1_comp57_2_Sub8,TS_comp57_2_Sub8,Int2_comp57_2_Sub8,comp57_2_Sub8,-5531.653097,-5531.623099,-5531.649332,-3699.876996,-0.5214525001815673,18.30229249980448,1.841085000060048,2.362537500241615,18.823744999986047,16.461207499744432,-643.67,[H]c1c(Br)sc(Cl)c1OC([H])([H])[H],[H]C([H])([H])OC12C[C+]3[Br+][S+2]31[C-]2Cl,EDG,OMe,pi-system,-5532.370184,-5532.335343,-5532.364642,-3699.92118,-18.684440000480436,3.178287499894168,-15.20683499998654,3.477605000493895,21.862727500374604,18.38512249988071,-643.67
Int1_comp59_2_Sub10,TS_comp59_2_Sub10,Int2_comp59_2_Sub10,comp59_2_Sub10,-3342.714866,-3342.683496,-3342.708684,-1510.930461,-5.732212499866591,13.952462499943294,-1.853007500101285,3.879204999765306,19.68467499980989,15.80547000004458,-630.85,[H]c1c(Cl)sc(C([H])([H])Cl)c1[H],[H]C([H])(Cl)[C+]1CC2([H])[C-](Cl)[S+]12,EWG,Cl,unknown,-3343.430276,-3343.394518,-3343.422835,-1510.974323,-23.044937500100673,-0.6067925001087815,-18.37570999997581,4.669227500124862,22.43814499999189,17.76891749986703,-630.85
Int1_comp59_2_Sub13,TS_comp59_2_Sub13,Int2_comp59_2_Sub13,comp59_2_Sub13,-3000.998694,-3000.96828,-3000.99198,-1169.219857,-2.2382924998419185,16.846492500055774,1.9747425002219643,4.213035000063883,19.084784999897693,14.87174999983381,-678.93,[H]c1c(Cl)sc(C([H])([H])C([H])(C([H])([H])[H])C([H])([H])[H])c1[H],[H]C12C[C+](C([H])([H])C([H])(C([H])([H])[H])C([H])([H])[H])[S+]1[C-]2Cl,steric,iPr,unknown,-3001.805099,-3001.771336,-3001.797567,-1169.354858,-19.46065750016146,1.7256250000662021,-14.73432750010943,4.72633000005203,21.186282500227662,16.459952500175632,-678.93
Int1_comp59_2_Sub14,TS_comp59_2_Sub14,Int2_comp59_2_Sub14,comp59_2_Sub14,-2922.486873,-2922.457198,-2922.480607,-1090.709429,-1.3641849998373343,17.25687750001839,2.567730000080246,3.9319149999175806,18.621062499855725,14.689147499938144,-628.45,[H]c1c(Cl)sc(C([H])([H])C([H])([H])[H])c1[H],[H]C12C[C+](C([H])([H])C([H])([H])[H])[S+]1[C-]2Cl,steric,Me,unknown,-2923.238589,-2923.205242,-2923.231607,-1090.79063,-18.028702500067197,2.8965399999634656,-13.64749750014255,4.381204999924648,20.925242500030663,16.544037500106015,-628.45
Int1_comp59_2_Sub8,TS_comp59_2_Sub8,Int2_comp59_2_Sub8,comp59_2_Sub8,-2997.642524,-2997.611325,-2997.631993,-1165.865919,-0.8377124998111185,18.73966000019834,5.770490000126642,6.608202499937761,19.57737250000946,12.9691700000717,-624.72,[H]c1c(C([H])([H])[H])sc(Cl)c1OC([H])([H])[H],[H]C([H])([H])OC12C[C+](C([H])([H])[H])[S+]1[C-]2Cl,EDG,OMe,unknown,-2998.397763,-2998.361991,-2998.385885,-1165.948676,-18.736522499992248,3.710407499834787,-11.283077500119703,7.453444999872545,22.446929999827034,14.99348499995449,-624.72
Int1_comp59_2_Sub9,TS_comp59_2_Sub9,Int2_comp59_2_Sub9,comp59_2_Sub9,-3220.115822,-3220.08625,-3220.111315,-1388.336322,-2.654325000004292,15.90210500022863,0.1738175000605224,2.828142500064814,18.55643000023292,15.728287500168108,-654.41,[H]c1c(Cl)sc(C([H])([H])C(F)(F)F)c1[H],[H]C12C[C+](C([H])([H])C(F)(F)F)[S+]1[C-]2Cl,EWG,CF3,unknown,-3220.844089,-3220.810388,-3220.838382,-1388.392701,-20.180400000127747,0.9669775000554637,-16.599257499966598,3.5811425001611497,21.14737750018321,17.56623500002206,-654.41
Int1_comp5_11_Sub8,TS_comp5_11_Sub8,Int2_comp5_11_Sub8,comp5_11_Sub8,-2499.234197,-2499.183175,-2499.201464,-667.445326,-8.5346275000677,23.48167749999675,12.005329999936976,20.539957500004675,32.01630500006445,11.476347500059774,-697.72,[H]c1c(OC([H])([H])[H])c([H])c2nc(C([H])([H])[H])oc2c1OC([H])([H])[H],[H]C1=c2[n-]c(C([H])([H])[H])[o+]c2=C(OC([H])([H])[H])CC1=[O+]C([H])([H])[H],EDG,OMe,unknown,-2500.068448,-2500.011718,-2500.032507,-667.606725,-26.665612500019336,8.932462499847986,-4.112634999960676,22.55297750005866,35.59807499986732,13.045097499808662,-697.72
Int1_comp5_7_Sub10,TS_comp5_7_Sub10,Int2_comp5_7_Sub10,comp5_7_Sub10,-2844.288486,-2844.257986,-2844.279885,-1012.510797,-1.5179224998772156,17.620827500026905,3.879205000121999,5.397127499999215,19.13874999990412,13.741622499904906,-656.07,[H]c1c(OC([H])([H])[H])c([H])c2nc(C([H])([H])[H])oc2c1Cl,[H]C1=C(Cl)c2[o+]c(C([H])([H])[H])[n-]c2CC1=[O+]C([H])([H])[H],EWG,Cl,unknown,-2845.080504,-2845.045684,-2845.070376,-1012.631184,-18.88273000005114,2.966819999857364,-12.527410000116959,6.355319999934181,21.849549999908504,15.494229999974323,-656.07
Int1_comp5_7_Sub11,TS_comp5_7_Sub11,Int2_comp5_7_Sub11,comp5_7_Sub11,-2619.165394,-2619.133114,-2619.153162,-787.383762,-3.9921549999795047,16.26354499995813,3.683425000045588,7.675580000025093,20.25569999993764,12.58011999991254,-663.05,[H]c1c(OC([H])([H])[H])c([H])c2nc(C([H])([H])[H])oc2c1C1([H])C([H])([H])C([H])([H])C([H])([H])C([H])([H])C1([H])[H],[H]C1=C(C2([H])C([H])([H])C([H])([H])C([H])([H])C([H])([H])C2([H])[H])c2[o+]c(C([H])([H])[H])[n-]c2CC1=[O+]C([H])([H])[H],steric,Cy,unknown,-2620.114943,-2620.077759,-2620.10133,-787.660584,-22.044702500057838,1.2882575001003715,-13.50254500000915,8.542157500048688,23.33296000015821,14.790802500109521,-663.05
Int1_comp5_7_Sub12,TS_comp5_7_Sub12,Int2_comp5_7_Sub12,comp5_7_Sub12,-2541.833207,-2541.800522,-2541.821293,-710.0537,-2.6587174999932017,17.85112000008752,4.817317500107663,7.476035000100865,20.50983750008072,13.033802499979856,-662.0,[H]c1c(OC([H])([H])[H])c([H])c2nc(C([H])([H])[H])oc2c1C(C([H])([H])[H])(C([H])([H])[H])C([H])([H])[H],[H]C1=C(C(C([H])([H])[H])(C([H])([H])[H])C([H])([H])[H])c2[o+]c(C([H])([H])[H])[n-]c2CC1=[O+]C([H])([H])[H],steric,tBu,unknown,-2542.744367,-2542.706967,-2542.730677,-710.292582,-20.42951749985548,3.0389824999605253,-11.839042500000119,8.59047499985536,23.468499999816004,14.878024999960644,-662.0
Int1_comp5_7_Sub13,TS_comp5_7_Sub13,Int2_comp5_7_Sub13,comp5_7_Sub13,-2502.578666,-2502.546898,-2502.567529,-670.800322,-1.928934999838248,18.005485000054477,5.059532500138175,6.988467499976423,19.934419999892725,12.945952499916302,-658.83,[H]c1c(OC([H])([H])[H])c([H])c2nc(C([H])([H])[H])oc2c1C([H])(C([H])([H])[H])C([H])([H])[H],[H]C1=C(C([H])(C([H])([H])[H])C([H])([H])[H])c2[o+]c(C([H])([H])[H])[n-]c2CC1=[O+]C([H])([H])[H],steric,iPr,unknown,-2503.462653,-2503.426082,-2503.449582,-671.012052,-19.68655750001915,3.2617450000401504,-11.484505000110516,8.202052499908632,22.9483025000593,14.746250000150667,-658.83
Int1_comp5_7_Sub14,TS_comp5_7_Sub14,Int2_comp5_7_Sub14,comp5_7_Sub14,-2424.070895,-2424.039187,-2424.059649,-592.292925,-1.6942499998600624,18.20252000012772,5.362615000157689,7.056865000017751,19.896769999987782,12.839904999970033,-665.89,[H]c1c(OC([H])([H])[H])c([H])c2nc(C([H])([H])[H])oc2c1C([H])([H])[H],[H]C1=C(C([H])([H])[H])c2[o+]c(C([H])([H])[H])[n-]c2CC1=[O+]C([H])([H])[H],steric,Me,unknown,-2424.899388,-2424.863191,-2424.886493,-592.450132,-18.84256999986718,3.8710475000712563,-10.750957499965068,8.091612499902112,22.713617499938437,14.622005000036324,-665.89
Int1_comp5_7_Sub15,TS_comp5_7_Sub15,Int2_comp5_7_Sub15,comp5_7_Sub15,-2479.367607,-2479.332396,-2479.351994,-647.585198,-4.479722500032608,17.61518000018384,5.317434999986404,9.797157500019011,22.09490250021645,12.297745000197438,-672.77,[H]c1c(OC([H])([H])[H])c([H])c2nc(C([H])([H])[H])oc2c1N([H])C([H])([H])[H],[H]C1=C(N([H])C([H])([H])[H])c2[o+]c(C([H])([H])[H])[n-]c2CC1=[O+]C([H])([H])[H],EDG,NHCH3,unknown,-2480.212566,-2480.172883,-2480.195362,-647.758397,-21.925477500144837,2.975604999835184,-11.129967500006899,10.795510000137938,24.90108249998002,14.105572499842083,-672.77
Int1_comp5_7_Sub16,TS_comp5_7_Sub16,Int2_comp5_7_Sub16,comp5_7_Sub16,-2499.222478,-2499.189902,-2499.210393,-667.445322,-1.1834650000082547,19.25797500003113,6.39987250017839,7.583337500186644,20.4414400000394,12.858102499852748,-667.47,[H]c1c(OC([H])([H])[H])c([H])c2nc(C([H])([H])[H])oc2c1OC([H])([H])[H],[H]C1=C(OC([H])([H])[H])Cc2[n-]c(C([H])([H])[H])[o+]c2C1=[O+]C([H])([H])[H],EDG,OMe,unknown,-2500.055448,-2500.018449,-2500.041657,-667.606725,-18.508112500069558,4.708759999882375,-9.854260000160195,8.653852499909362,23.216872499951933,14.56302000004257,-667.47
Int1_comp5_7_Sub7,TS_comp5_7_Sub7,Int2_comp5_7_Sub7,comp5_7_Sub7,-2479.358411,-2479.332212,-2479.348849,-647.576251,-4.3234750000704025,12.116397500155928,1.6766800000470994,6.000155000117502,16.43987250022633,10.439717500108827,-665.93,[H]c1c(OC([H])([H])[H])c(N([H])C([H])([H])[H])c([H])c2oc(C([H])([H])[H])nc12,[H]C1=C(N([H])C([H])([H])[H])C(=[O+]C([H])([H])[H])Cc2[n-]c(C([H])([H])[H])[o+]c21,EDG,NHCH3,unknown,-2480.203439,-2480.173577,-2480.192965,-647.749797,-21.594784999981016,-2.85638000006486,-15.022350000166966,6.57243499981405,18.738404999916156,12.165970000102106,-665.93
Int1_comp5_7_Sub8,TS_comp5_7_Sub8,Int2_comp5_7_Sub8,comp5_7_Sub8,-2499.212192,-2499.182188,-2499.212681,-667.441472,2.8551250000680284,21.682634999901893,2.5482775000580205,-0.3068475000100079,18.827509999833865,19.13435749984388,-655.43,[H]c1c(OC([H])([H])[H])c(OC([H])([H])[H])c([H])c2oc(C([H])([H])[H])nc12,[H]C1=C(OC([H])([H])[H])C(=[O+]C([H])([H])[H])Cc2[n-]c(C([H])([H])[H])[o+]c21,EDG,OMe,unknown,-2500.045115,-2500.010484,-2500.043771,-667.601934,-15.030507499932355,6.700445000061563,-14.187147500064157,0.8433599998681984,21.73095249999392,20.88759250012572,-655.43
Int1_comp5_7_Sub9,TS_comp5_7_Sub9,Int2_comp5_7_Sub9,comp5_7_Sub9,-2721.688048,-2721.658999,-2721.681562,-889.912575,-0.127382499963744,18.100864999885005,3.942582499890648,4.069964999854392,18.22824749984875,14.158282499994357,-643.05,[H]c1c(OC([H])([H])[H])c([H])c2nc(C([H])([H])[H])oc2c1C(F)(F)F,[H]C1=C(C(F)(F)F)c2[o+]c(C([H])([H])[H])[n-]c2CC1=[O+]C([H])([H])[H],EWG,CF3,unknown,-2722.493082,-2722.459296,-2722.484694,-890.045143,-18.016152499956206,3.184562500021002,-12.752682500118908,5.263469999837298,21.200714999977208,15.93724500013991,-643.05
Int1_comp63_0_Sub10,TS_comp63_0_Sub10,Int2_comp63_0_Sub10,comp63_0_Sub10,-2540.457334,-2540.427311,-2540.451682,-708.676808,-3.2981400000196004,15.541292500140855,0.2484900001573464,3.546630000176947,18.839432500160456,15.292802499983509,-665.14,[H]c1c(Cl)c([H])n(C([H])([H])[H])c1[H],[H]C1=C(Cl)C([H])=[N+](C([H])([H])[H])C1,EWG,Cl,unknown,-2541.197959,-2541.164422,-2541.191898,-708.747501,-19.596825000031686,1.447642500125994,-15.793547500003342,3.8032775000283436,21.04446750015768,17.241190000129336,-665.14
Int1_comp63_0_Sub11,TS_comp63_0_Sub11,Int2_comp63_0_Sub11,comp63_0_Sub11,-2315.333317,-2315.298911,-2315.321762,-483.548596,-5.930502500008004,15.659262500128364,1.320260000019573,7.250762500027577,21.589765000136367,14.33900250010879,-669.85,[H]c1c(C2([H])C([H])([H])C([H])([H])C([H])([H])C([H])([H])C2([H])[H])c([H])n(C([H])([H])[H])c1[H],[H]C1=C(C2([H])C([H])([H])C([H])([H])C([H])([H])C([H])([H])C2([H])[H])C([H])=[N+](C([H])([H])[H])C1,steric,Cy,unknown,-2316.230845,-2316.192786,-2316.218651,-483.774557,-23.255150000033638,0.6268724999510766,-15.603415000091019,7.651734999942619,23.882022499984714,16.230287500042095,-669.85
Int1_comp63_0_Sub12,TS_comp63_0_Sub12,Int2_comp63_0_Sub12,comp63_0_Sub12,-2237.99962,-2237.968831,-2237.991831,-406.220365,-2.5005874999644107,16.81950999998122,2.387010000179828,4.887597500144238,19.320097499945632,14.432499999801394,-669.76,[H]c1c(C(C([H])([H])[H])(C([H])([H])[H])C([H])([H])[H])c([H])n(C([H])([H])[H])c1[H],[H]C1=C(C(C([H])([H])[H])(C([H])([H])[H])C([H])([H])[H])C([H])=[N+](C([H])([H])[H])C1,steric,tBu,unknown,-2238.858765,-2238.824122,-2238.850182,-406.408566,-19.434302499978315,2.3041799999965917,-14.04847000009326,5.385832499885055,21.738482499974907,16.352650000089852,-669.76
Int1_comp63_0_Sub13,TS_comp63_0_Sub13,Int2_comp63_0_Sub13,comp63_0_Sub13,-2198.746099,-2198.712896,-2198.735857,-366.964776,-3.79825749993401,17.036625000039436,2.62859749996224,6.42685499989625,20.83488249997345,14.408027500077196,-671.52,[H]c1c(C([H])(C([H])([H])[H])C([H])([H])[H])c([H])n(C([H])([H])[H])c1[H],[H]C1=C(C([H])(C([H])([H])[H])C([H])([H])[H])C([H])=[N+](C([H])([H])[H])C1,steric,iPr,unknown,-2199.578191,-2199.541404,-2199.567287,-367.126397,-20.435165000055235,2.648677499947212,-13.59290499992369,6.842260000131546,23.083842500002447,16.2415824998709,-671.52
Int1_comp63_0_Sub14,TS_comp63_0_Sub14,Int2_comp63_0_Sub14,comp63_0_Sub14,-2120.236628,-2120.20428,-2120.227161,-288.457073,-2.688837500024164,17.609532500091092,3.2517050001725067,5.940542500196671,20.298370000115256,14.357827499918583,-667.34,[H]c1c(C([H])([H])[H])c([H])n(C([H])([H])[H])c1[H],[H]C1=C(C([H])([H])[H])C([H])=[N+](C([H])([H])[H])C1,steric,Me,unknown,-2121.013385,-2120.977581,-2121.003437,-288.564437,-18.649300000141125,3.8177099999205666,-12.406929999921772,6.242370000219353,22.46701000006169,16.22463999984234,-667.34
Int1_comp63_0_Sub15,TS_comp63_0_Sub15,Int2_comp63_0_Sub15,comp63_0_Sub15,-2175.525814,-2175.494114,-2175.516286,-343.744447,-3.8258675000069786,16.065882499993478,2.152952500021712,5.978820000028691,19.891750000000457,13.912929999971766,-665.98,[H]c1c(N([H])C([H])([H])[H])c([H])n(C([H])([H])[H])c1[H],[H]C1=C(N([H])C([H])([H])[H])C([H])=[N+](C([H])([H])[H])C1,EDG,NHCH3,unknown,-2176.319405,-2176.284171,-2176.309249,-343.86804,-20.165967500128517,1.9433675001228323,-13.793077499953341,6.372890000175175,22.10933500025135,15.736445000076174,-665.98
Int1_comp63_0_Sub16,TS_comp63_0_Sub16,Int2_comp63_0_Sub16,comp63_0_Sub16,-2195.388022,-2195.357696,-2195.379612,-363.608898,-2.418384999993606,16.611180000043504,2.858889999951515,5.277274999945121,19.02956500003711,13.752290000091987,-664.67,[H]c1c(OC([H])([H])[H])c([H])n(C([H])([H])[H])c1[H],[H]C1=C(OC([H])([H])[H])C([H])=[N+](C([H])([H])[H])C1,EDG,OMe,unknown,-2196.169317,-2196.135663,-2196.16026,-363.720424,-18.614787499942906,2.5030974999580735,-12.931520000095418,5.683267499847489,21.11788499990098,15.434617500053491,-664.67
Int1_comp63_0_Sub18,TS_comp63_0_Sub18,Int2_comp63_0_Sub18,comp63_0_Sub18,-2540.453298,-2540.425204,-2540.448445,-708.676982,-0.6563649999122845,16.97261999995135,2.388892500032398,3.0452574999446824,17.628984999863633,14.58372749991895,-665.59,[H]c1c([H])c(Cl)n(C([H])([H])[H])c1[H],[H]C1=C([H])C(Cl)=[N+](C([H])([H])[H])C1,EWG,Cl,unknown,-2541.193792,-2541.162274,-2541.188658,-708.747807,-16.790017500055683,2.9875275000904367,-13.568432500056815,3.2215849999988677,19.77754500014612,16.55596000014725,-665.59
Int1_comp63_0_Sub19,TS_comp63_0_Sub19,Int2_comp63_0_Sub19,comp63_0_Sub19,-2315.331859,-2315.299298,-2315.321114,-483.549679,-4.336024999860371,16.096002500131448,2.406462500166384,6.742487500026755,20.43202749999182,13.689539999965064,-663.26,[H]c1c([H])c(C2([H])C([H])([H])C([H])([H])C([H])([H])C([H])([H])C2([H])[H])n(C([H])([H])[H])c1[H],[H]C1=C([H])C(C2([H])C([H])([H])C([H])([H])C([H])([H])C([H])([H])C2([H])[H])=[N+](C([H])([H])[H])C1,steric,Cy,unknown,-2316.229228,-2316.193418,-2316.218293,-483.775943,-21.370767500118575,1.1000075000762877,-14.509054999964803,6.8617125001537715,22.470775000194863,15.609062500041091,-663.26
Int1_comp63_0_Sub20,TS_comp63_0_Sub20,Int2_comp63_0_Sub20,comp63_0_Sub20,-2237.990719,-2237.963501,-2237.984866,-406.215866,0.2616675001240764,17.340962499948773,3.9344250001965975,3.672757500072521,17.079294999824697,13.406537499752176,-671.31,[H]c1c([H])c(C(C([H])([H])[H])(C([H])([H])[H])C([H])([H])[H])n(C([H])([H])[H])c1[H],[H]C1=C([H])C(C(C([H])([H])[H])(C([H])([H])[H])C([H])([H])[H])=[N+](C([H])([H])[H])C1,steric,tBu,unknown,-2238.85093,-2238.819854,-2238.843992,-406.405218,-16.61871000006016,2.881480000072827,-12.265115000065805,4.353594999994357,19.50019000013299,15.146595000138632,-671.31
Int1_comp63_0_Sub21,TS_comp63_0_Sub21,Int2_comp63_0_Sub21,comp63_0_Sub21,-2198.745463,-2198.713038,-2198.7351,-366.965615,-2.8726950000593376,17.473992500147943,3.630087500144583,6.502782500203921,20.34668750020728,13.84390500000336,-663.71,[H]c1c([H])c(C([H])(C([H])([H])[H])C([H])([H])[H])n(C([H])([H])[H])c1[H],[H]C1=C([H])C(C([H])(C([H])([H])[H])C([H])([H])[H])=[N+](C([H])([H])[H])C1,steric,iPr,unknown,-2199.577344,-2199.541772,-2199.567013,-367.127494,-19.215304999889185,3.106124999969353,-12.73260249991992,6.482702499969264,22.321429999858537,15.838727499889274,-663.71
Int1_comp63_0_Sub23,TS_comp63_0_Sub23,Int2_comp63_0_Sub23,comp63_0_Sub23,-2175.526109,-2175.494125,-2175.516176,-343.745499,-3.3508499998865204,16.719109999949353,2.882107499999904,6.232957499886425,20.06995999983588,13.837002499949447,-668.89,[H]c1c([H])c(N([H])C([H])([H])[H])n(C([H])([H])[H])c1[H],[H]C1=C([H])C(=[N+]([H])C([H])([H])[H])N(C([H])([H])[H])C1,EDG,NHCH3,unknown,-2176.319981,-2176.284657,-2176.309687,-343.869788,-19.43053750005916,2.7352724999069267,-12.971052499959939,6.459485000099221,22.165809999966086,15.706324999866865,-668.89
Int1_comp63_0_Sub24,TS_comp63_0_Sub24,Int2_comp63_0_Sub24,comp63_0_Sub24,-2195.394062,-2195.357174,-2195.382044,-363.612902,-3.695974999835556,19.45124499993554,3.845320000100543,7.541294999936099,23.147219999771096,15.605924999834995,-676.79,[H]c1c([H])c(OC([H])([H])[H])n(C([H])([H])[H])c1[H],[H]C1=C([H])C(=[O+]C([H])([H])[H])N(C([H])([H])[H])C1,EDG,OMe,unknown,-2196.175737,-2196.134462,-2196.163105,-363.725262,-19.607492500040422,6.292569999985602,-11.680912500078335,7.926579999962087,25.900062500026024,17.973482500063938,-676.79
Int1_comp63_0_Sub25,TS_comp63_0_Sub25,Int2_comp63_0_Sub25,comp63_0_Sub25,-2417.859102,-2417.829152,-2417.853644,-586.07894,-3.069729999882896,15.723895000179198,0.3551650001733719,3.4248950000562672,18.793625000062093,15.368730000005826,-703.23,[H]c1c([H])c([H])n(C([H])([H])C(F)(F)F)c1[H],[H]C1=C([H])C([H])=[N+](C([H])([H])C(F)(F)F)C1,EWG,CF3,unknown,-2418.614167,-2418.580568,-2418.607755,-586.162907,-20.10008000011652,0.9832925000856108,-16.076550000002214,4.023530000114306,21.08337250020213,17.059842500087825,-703.23
Int1_comp63_0_Sub26,TS_comp63_0_Sub26,Int2_comp63_0_Sub26,comp63_0_Sub26,-2540.459901,-2540.430319,-2540.455495,-708.676786,-4.922737500055519,13.639967500018884,-2.157972500044707,2.7647650000108115,18.5627050000744,15.79794000006359,-703.29,[H]c1c([H])c([H])n(C([H])([H])Cl)c1[H],[H]C1=C([H])C([H])=[N+](C([H])([H])Cl)C1,EWG,Cl,unknown,-2541.201316,-2541.168694,-2541.196737,-708.748541,-21.0507425000705,-0.580437499961306,-18.177420000119753,2.8733224999507456,20.470305000109192,17.596982500158447,-703.29
Int1_comp63_0_Sub29,TS_comp63_0_Sub29,Int2_comp63_0_Sub29,comp63_0_Sub29,-2198.746734,-2198.715204,-2198.73844,-366.96527,-3.886734999853303,15.898339999988451,1.317749999990241,5.204484999843544,19.78507499984176,14.58058999999821,-695.4,[H]c1c([H])c([H])n(C([H])([H])C([H])(C([H])([H])[H])C([H])([H])[H])c1[H],[H]C1=C([H])C([H])=[N+](C([H])([H])C([H])(C([H])([H])[H])C([H])([H])[H])C1,steric,iPr,unknown,-2199.579521,-2199.545636,-2199.571412,-367.128093,-20.205500000100045,1.0573375000770113,-15.11710249989207,5.088397500207975,21.262837500177056,16.17443999996908,-695.4
Int1_comp63_0_Sub30,TS_comp63_0_Sub30,Int2_comp63_0_Sub30,comp63_0_Sub30,-2120.234512,-2120.203746,-2120.22695,-288.454539,-2.9511324999326405,16.35453249997809,1.7940224999291845,4.745154999861825,19.30566499991073,14.560510000048907,-662.39,[H]c1c([H])c([H])n(C([H])([H])C([H])([H])[H])c1[H],[H]C1=C([H])C([H])=[N+](C([H])([H])C([H])([H])[H])C1,steric,Me,unknown,-2121.012953,-2120.979264,-2121.005166,-288.563897,-18.717069999970022,2.4227774999468465,-13.830727499965292,4.88634250000473,21.13984749991687,16.25350499991214,-662.39
Int1_comp63_0_Sub31,TS_comp63_0_Sub31,Int2_comp63_0_Sub31,comp63_0_Sub31,-2175.524492,-2175.495241,-2175.517646,-343.741689,-4.726957499943438,13.628045000013316,-0.4310924998033272,4.295865000140111,18.35500249995676,14.059137499816645,-655.85,[H]c1c([H])c([H])n(C([H])([H])N([H])C([H])([H])[H])c1[H],[H]C1=C([H])C([H])=[N+](C([H])([H])N([H])C([H])([H])[H])C1,EDG,NHCH3,unknown,-2176.319364,-2176.287902,-2176.312027,-343.867124,-20.71502999999069,-0.9726250000412051,-16.111062499986417,4.6039675000042735,19.742404999949486,15.138437499945212,-655.85
Int1_comp63_0_Sub32,TS_comp63_0_Sub32,Int2_comp63_0_Sub32,comp63_0_Sub32,-2195.392065,-2195.361734,-2195.385871,-363.612473,-2.712054999929876,16.320647500027974,1.1746800001017732,3.886735000031649,19.03270249995785,15.1459674999262,-652.8,[H]c1c([H])c([H])n(C([H])([H])OC([H])([H])[H])c1[H],[H]C1=C([H])C([H])=[N+](C([H])([H])OC([H])([H])[H])C1,EDG,OMe,unknown,-2196.174508,-2196.141563,-2196.167961,-363.725525,-18.671262500050005,2.0017249999041553,-14.56302000007824,4.108242499971766,20.67298749995416,16.564744999982395,-652.8
Int1_comp63_0_Sub7,TS_comp63_0_Sub7,Int2_comp63_0_Sub7,comp63_0_Sub7,-2175.528,-2175.488309,-2175.507017,-343.74279,-6.237349999803996,18.66875250016335,6.929482500125346,13.166832499929342,24.906102499967343,11.739270000038005,-682.47,[H]c1c(N([H])C([H])([H])[H])c([H])n(C([H])([H])[H])c1[H],[H]C1=C([H])N(C([H])([H])[H])CC1=[N+]([H])C([H])([H])[H],EDG,NHCH3,unknown,-2176.321816,-2176.279102,-2176.3006,-343.86632,-22.758170000111306,4.044864999989102,-9.445130000051734,13.313040000059573,26.803035000100408,13.489995000040835,-682.47
Int1_comp63_0_Sub8,TS_comp63_0_Sub8,Int2_comp63_0_Sub8,comp63_0_Sub8,-2195.390078,-2195.356083,-2195.376764,-363.608898,-3.708524999875209,17.6233374999849,4.646010000005134,8.354534999880343,21.331862499860108,12.977327499979763,-664.3,[H]c1c(OC([H])([H])[H])c([H])n(C([H])([H])[H])c1[H],[H]C1=C([H])N(C([H])([H])[H])CC1=[O+]C([H])([H])[H],EDG,OMe,unknown,-2196.172216,-2196.134248,-2196.157811,-363.720424,-20.433909999987065,3.39101000007048,-11.394772500051715,9.03913749993535,23.824920000057546,14.785782500122195,-664.3
Int1_comp63_0_Sub9,TS_comp63_0_Sub9,Int2_comp63_0_Sub9,comp63_0_Sub9,-2417.863279,-2417.833807,-2417.858123,-586.084485,-2.21131000005272,16.282370000053277,1.0240800000539707,3.2353900001066904,18.493680000106,15.258289999999306,-662.13,[H]c1c(C(F)(F)F)c([H])n(C([H])([H])[H])c1[H],[H]C1=C(C(F)(F)F)C([H])=[N+](C([H])([H])[H])C1,EWG,CF3,unknown,-2418.616745,-2418.583368,-2418.611057,-586.167035,-19.1274549998613,1.8166124999791577,-15.558235000026741,3.5692199998345586,20.944067499840457,17.3748475000059,-662.13
Int1_comp63_1_Sub17,TS_comp63_1_Sub17,Int2_comp63_1_Sub17,comp63_1_Sub17,-2417.859724,-2417.829608,-2417.842463,-586.081526,-1.8373199998555376,17.06047000008624,8.993957500120757,10.831277499976297,18.89778999994178,8.066512499965484,-763.01,[H]c1c([H])c(C(F)(F)F)n(C([H])([H])[H])c1[H],[H]C1=C(C(F)(F)F)[N+](C([H])([H])[H])=C([H])C1,EWG,CF3,unknown,-2418.612643,-2418.578906,-2418.594629,-586.164507,-18.139770000000794,3.0301974998400283,-6.835985000147389,11.303784999853406,21.169967499840823,9.866182499987417,-763.01
Int1_comp63_1_Sub18,TS_comp63_1_Sub18,Int2_comp63_1_Sub18,comp63_1_Sub18,-2540.454041,-2540.426803,-2540.43901,-708.676981,-1.1232249999463306,15.968620000132034,8.308727499995996,9.431952499942328,17.091845000078365,7.6598925001360385,-763.31,[H]c1c([H])c(Cl)n(C([H])([H])[H])c1[H],[H]C1=C(Cl)[N+](C([H])([H])[H])=C([H])C1,EWG,Cl,unknown,-2541.194376,-2541.163195,-2541.178172,-708.747807,-17.156477499986522,2.409599999908778,-6.988467499976423,10.1680100000101,19.5660774998953,9.398067499885201,-763.31
Int1_comp63_1_Sub19,TS_comp63_1_Sub19,Int2_comp63_1_Sub19,comp63_1_Sub19,-2315.330738,-2315.30158,-2315.3165,-483.549678,-3.633225000029654,14.663420000145775,5.301120000098933,8.934345000128587,18.29664500017543,9.362300000046844,-766.38,[H]c1c([H])c(C2([H])C([H])([H])C([H])([H])C([H])([H])C([H])([H])C2([H])[H])n(C([H])([H])[H])c1[H],[H]C1=C(C2([H])C([H])([H])C([H])([H])C([H])([H])C([H])([H])C2([H])[H])[N+](C([H])([H])[H])=C([H])C1,steric,Cy,unknown,-2316.228925,-2316.19498,-2316.212097,-483.775943,-21.180634999956567,0.11985249984007851,-10.621065000079,10.559569999877567,21.300487499796645,10.740917499919078,-766.38
Int1_comp63_1_Sub22,TS_comp63_1_Sub22,Int2_comp63_1_Sub22,comp63_1_Sub22,-2120.23755,-2120.207418,-2120.218789,-288.458626,-2.292884999846762,16.614945000069667,9.479642500035936,11.7725274998827,18.90782999991643,7.135302500033731,-766.66,[H]c1c([H])c(C([H])([H])[H])n(C([H])([H])[H])c1[H],[H]C1=C(C([H])([H])[H])[N+](C([H])([H])[H])=C([H])C1,steric,Me,unknown,-2121.014513,-2120.980544,-2120.994478,-288.566597,-18.001720000063983,3.3138274999799933,-5.429757500059509,12.571962500004474,21.315547500043976,8.743585000039502,-766.66
Int1_comp63_1_Sub23,TS_comp63_1_Sub23,Int2_comp63_1_Sub23,comp63_1_Sub23,-2175.523283,-2175.49427,-2175.505088,-343.74222,-3.635107499953562,14.57054999995222,7.782255000112457,11.41736250006602,18.205657499905783,6.788294999839764,-766.98,[H]c1c([H])c(N([H])C([H])([H])[H])n(C([H])([H])[H])c1[H],[H]C1=C(N([H])C([H])([H])[H])[N+](C([H])([H])[H])=C([H])C1,EDG,NHCH3,unknown,-2176.31625,-2176.283188,-2176.296896,-343.865644,-19.68969499993989,1.0567100000429264,-7.545059999926593,12.144635000013295,20.746404999982815,8.60176999996952,-766.98
Int1_comp63_1_Sub24,TS_comp63_1_Sub24,Int2_comp63_1_Sub24,comp63_1_Sub24,-2195.392482,-2195.361707,-2195.3731,-363.613803,-2.1391475000565663,17.172165000053923,10.023057500197725,12.16220500025429,19.31131250011049,7.1491074998562,-763.8,[H]c1c([H])c(OC([H])([H])[H])n(C([H])([H])[H])c1[H],[H]C1=C(OC([H])([H])[H])[N+](C([H])([H])[H])=C([H])C1,EDG,OMe,unknown,-2196.17399,-2196.138922,-2196.153027,-363.725425,-18.408967499891844,3.5962024999091113,-5.2546849999308165,13.154282499961027,22.005169999800955,8.850887499839928,-763.8
Int1_comp63_3_Sub10,TS_comp63_3_Sub10,Int2_comp63_3_Sub10,comp63_3_Sub10,-2540.457333,-2540.427311,-2540.451682,-708.676808,-3.297512499807169,15.541292500140855,0.2484900001573464,3.546002499964516,18.838804999948024,15.292802499983509,-665.14,[H]c1c(Cl)c([H])n(C([H])([H])[H])c1[H],[H]C1=C(Cl)C([H])=[N+](C([H])([H])[H])C1,EWG,Cl,unknown,-2541.197958,-2541.164422,-2541.191898,-708.747501,-19.59619750010461,1.447642500125994,-15.793547500003342,3.8026500001012664,21.043840000230603,17.241190000129336,-665.14
Int1_comp63_3_Sub11,TS_comp63_3_Sub11,Int2_comp63_3_Sub11,comp63_3_Sub11,-2315.333321,-2315.298911,-2315.321762,-483.548596,-5.9330125000016665,15.659262500128364,1.320260000019573,7.253272500021239,21.59227500013003,14.33900250010879,-669.89,[H]c1c(C2([H])C([H])([H])C([H])([H])C([H])([H])C([H])([H])C2([H])[H])c([H])n(C([H])([H])[H])c1[H],[H]C1=C(C2([H])C([H])([H])C([H])([H])C([H])([H])C([H])([H])C2([H])[H])C([H])=[N+](C([H])([H])[H])C1,steric,Cy,unknown,-2316.23085,-2316.192785,-2316.218652,-483.774557,-23.258287499954378,0.6274999998781539,-15.604042500018096,7.654244999936282,23.88578749983253,16.23154249989625,-669.89
Int1_comp63_3_Sub12,TS_comp63_3_Sub12,Int2_comp63_3_Sub12,comp63_3_Sub12,-2237.999616,-2237.968832,-2237.991832,-406.220365,-2.498077499970748,16.818882500054144,2.3863824999673966,4.884459999938144,19.31696000002489,14.432500000086748,-669.77,[H]c1c(C(C([H])([H])[H])(C([H])([H])[H])C([H])([H])[H])c([H])n(C([H])([H])[H])c1[H],[H]C1=C(C(C([H])([H])[H])(C([H])([H])[H])C([H])([H])[H])C([H])=[N+](C([H])([H])[H])C1,steric,tBu,unknown,-2238.858761,-2238.824122,-2238.850183,-406.408566,-19.431792499984653,2.3041799999965917,-14.049097500020338,5.382694999964315,21.735972499981244,16.35327750001693,-669.77
Int1_comp63_3_Sub13,TS_comp63_3_Sub13,Int2_comp63_3_Sub13,comp63_3_Sub13,-2198.746099,-2198.712897,-2198.735857,-366.964776,-3.79825749993401,17.03599750011236,2.62859749996224,6.42685499989625,20.83425500004637,14.40740000015012,-671.52,[H]c1c(C([H])(C([H])([H])[H])C([H])([H])[H])c([H])n(C([H])([H])[H])c1[H],[H]C1=C(C([H])(C([H])([H])[H])C([H])([H])[H])C([H])=[N+](C([H])([H])[H])C1,steric,iPr,unknown,-2199.57819,-2199.541404,-2199.567286,-367.126397,-20.434537500128158,2.648677499947212,-13.592277499996612,6.842260000131546,23.08321500007537,16.240954999943824,-671.52
Int1_comp63_3_Sub15,TS_comp63_3_Sub15,Int2_comp63_3_Sub15,comp63_3_Sub15,-2175.525812,-2175.494114,-2175.516286,-343.744448,-3.823984999869056,16.066509999991894,2.153580000020128,5.977564999889182,19.890494999860948,13.912929999971766,-665.95,[H]c1c(N([H])C([H])([H])[H])c([H])n(C([H])([H])[H])c1[H],[H]C1=C(N([H])C([H])([H])[H])C([H])=[N+](C([H])([H])[H])C1,EDG,NHCH3,unknown,-2176.319401,-2176.284171,-2176.309249,-343.86804,-20.163457500134854,1.9433675001228323,-13.793077499953341,6.3703800001815125,22.106825000257686,15.736445000076174,-665.95
Int1_comp63_3_Sub16,TS_comp63_3_Sub16,Int2_comp63_3_Sub16,comp63_3_Sub16,-2195.388021,-2195.357695,-2195.379605,-363.608898,-2.417757500066529,16.61180749997058,2.8632825000117634,5.281040000078292,19.02956500003711,13.748524999958818,-664.75,[H]c1c(OC([H])([H])[H])c([H])n(C([H])([H])[H])c1[H],[H]C1=C(OC([H])([H])[H])C([H])=[N+](C([H])([H])[H])C1,EDG,OMe,unknown,-2196.169315,-2196.135662,-2196.160254,-363.720424,-18.613532500088752,2.5037249998851507,-12.927754999962247,5.685777500126505,21.117257499973903,15.431479999847397,-664.75
Int1_comp63_3_Sub18,TS_comp63_3_Sub18,Int2_comp63_3_Sub18,comp63_3_Sub18,-2540.4533,-2540.425204,-2540.448445,-708.676981,-0.6582475000502086,16.971992499952933,2.3882650000339822,3.046512500084191,17.63024000000314,14.58372749991895,-665.59,[H]c1c([H])c(Cl)n(C([H])([H])[H])c1[H],[H]C1=C([H])C(Cl)=[N+](C([H])([H])[H])C1,EWG,Cl,unknown,-2541.193793,-2541.162274,-2541.188658,-708.747807,-16.79064499998276,2.9875275000904367,-13.568432500056815,3.222212499925945,19.778172500073197,16.55596000014725,-665.59
Int1_comp63_3_Sub21,TS_comp63_3_Sub21,Int2_comp63_3_Sub21,comp63_3_Sub21,-2198.745553,-2198.713038,-2198.7351,-366.965616,-2.928542500061013,17.47462000014636,3.630715000142999,6.559257500204012,20.40316250020737,13.84390500000336,-663.71,[H]c1c([H])c(C([H])(C([H])([H])[H])C([H])([H])[H])n(C([H])([H])[H])c1[H],[H]C1=C([H])C(C([H])(C([H])([H])[H])C([H])([H])[H])=[N+](C([H])([H])[H])C1,steric,iPr,unknown,-2199.57748,-2199.541772,-2199.567013,-367.127494,-19.300644999959076,3.106124999969353,-12.73260249991992,6.568042500039155,22.40676999992843,15.838727499889274,-663.71
Int1_comp63_3_Sub23,TS_comp63_3_Sub23,Int2_comp63_3_Sub23,comp63_3_Sub23,-2175.526122,-2175.494125,-2175.516176,-343.745499,-3.35900750007994,16.719109999949353,2.882107499999904,6.241115000079844,20.078117500029293,13.837002499949447,-668.89,[H]c1c([H])c(N([H])C([H])([H])[H])n(C([H])([H])[H])c1[H],[H]C1=C([H])C(=[N+]([H])C([H])([H])[H])N(C([H])([H])[H])C1,EDG,NHCH3,unknown,-2176.319989,-2176.284657,-2176.309687,-343.869788,-19.435557500046485,2.7352724999069267,-12.971052499959939,6.464505000086547,22.170829999953412,15.706324999866865,-668.89
Int1_comp63_3_Sub24,TS_comp63_3_Sub24,Int2_comp63_3_Sub24,comp63_3_Sub24,-2195.394048,-2195.359882,-2195.382045,-363.612902,-3.687190000000413,17.751974999945475,3.8446925001734655,7.531882500173879,21.439164999945888,13.907282499772007,-679.61,[H]c1c([H])c(OC([H])([H])[H])n(C([H])([H])[H])c1[H],[H]C1=C([H])C(=[O+]C([H])([H])[H])N(C([H])([H])[H])C1,EDG,OMe,unknown,-2196.175726,-2196.137842,-2196.163106,-363.725262,-19.60058999998651,4.171619999918761,-11.681540000005413,7.919049999981098,23.77220999990527,15.853159999924173,-679.61
Int1_comp63_3_Sub7,TS_comp63_3_Sub7,Int2_comp63_3_Sub7,comp63_3_Sub7,-2175.528001,-2175.488315,-2175.507017,-343.74279,-6.237977500016427,18.66498750003018,6.929482500125346,13.167460000141771,24.902965000046606,11.735504999904832,-682.74,[H]c1c(N([H])C([H])([H])[H])c([H])n(C([H])([H])[H])c1[H],[H]C1=C([H])N(C([H])([H])[H])CC1=[N+]([H])C([H])([H])[H],EDG,NHCH3,unknown,-2176.321811,-2176.279111,-2176.3006,-343.86632,-22.755032499905212,4.039217500074699,-9.445130000051734,13.309902499853479,26.79424999997991,13.484347500126432,-682.74
Int1_comp63_3_Sub8,TS_comp63_3_Sub8,Int2_comp63_3_Sub8,comp63_3_Sub8,-2195.390086,-2195.356093,-2195.376768,-363.608898,-3.713544999862535,17.61706250014342,4.643500000011471,8.357044999874006,21.33060750000596,12.973562500131948,-663.92,[H]c1c(OC([H])([H])[H])c([H])n(C([H])([H])[H])c1[H],[H]C1=C([H])N(C([H])([H])[H])CC1=[O+]C([H])([H])[H],EDG,OMe,unknown,-2196.172225,-2196.134261,-2196.157814,-363.720424,-20.43955749990147,3.3828524998770604,-11.396655000118301,9.042902499783168,23.82240999977853,14.779507499995361,-663.92
Int1_comp63_3_Sub9,TS_comp63_3_Sub9,Int2_comp63_3_Sub9,comp63_3_Sub9,-2417.863282,-2417.833806,-2417.858123,-586.084485,-2.2131924998339514,16.282997499980354,1.0240800000539707,3.237272499887922,18.496189999814305,15.258917499926383,-662.1,[H]c1c(C(F)(F)F)c([H])n(C([H])([H])[H])c1[H],[H]C1=C(C(F)(F)F)C([H])=[N+](C([H])([H])[H])C1,EWG,CF3,unknown,-2418.616748,-2418.583367,-2418.611056,-586.167035,-19.129337499927885,1.817239999906235,-15.557607500099664,3.5717299998282215,20.94657749983412,17.3748475000059,-662.1
Int1_comp69_1_Sub10,TS_comp69_1_Sub10,Int2_comp69_1_Sub10,comp69_1_Sub10,-2936.159549,-2936.134843,-2936.152484,-1104.371284,-8.15436249988636,7.348652500208459,-3.7210750000218695,4.433287499864491,15.50301500009482,11.069727500230329,-636.85,[H]c1sc(Cl)c(C#N)c1[H],[H]C12C[S+2]13[C-](Cl)C23C[N-2],EWG,Cl,pi-system,-2936.855953,-2936.826074,-2936.847021,-1104.395964,-25.577527500126962,-6.828455000023723,-19.9726975000101,5.604830000116863,18.74907250010324,13.144242499986376,-636.85
Int1_comp69_1_Sub11,TS_comp69_1_Sub11,Int2_comp69_1_Sub11,comp69_1_Sub11,-2711.043081,-2711.019133,-2711.035351,-879.254148,-8.573532499826797,6.453837500184818,-3.722957499945778,4.850574999881019,15.027370000011617,10.176795000130596,-708.34,[H]C1=C([H])C2(C#N)[C-](C3([H])C([H])([H])C([H])([H])C([H])([H])C([H])([H])C3([H])[H])[S+]12,[H]C1([H])C([H])([H])C([H])([H])C([H])([C-]2C3(C[N-2])C4([H])C[S+2]243)C([H])([H])C1([H])[H],steric,Cy,pi-system,-2711.896355,-2711.867465,-2711.886939,-879.434682,-26.634237499955873,-8.505762499926561,-20.725697500035096,5.908539999920777,18.12847500002931,12.219935000108535,-708.34
Int1_comp69_1_Sub12,TS_comp69_1_Sub12,Int2_comp69_1_Sub12,comp69_1_Sub12,-2633.710749,-2633.685709,-2633.701872,-801.923351,-7.610319999833166,8.102280000160533,-2.04000249998586,5.570317499847306,15.7125999999937,10.142282500146392,-706.67,[H]C1=C([H])C2(C#N)[C-](C(C([H])([H])[H])(C([H])([H])[H])C([H])([H])[H])[S+]12,[H]C([H])([H])C([C-]1C2(C[N-2])C3([H])C[S+2]132)(C([H])([H])[H])C([H])([H])[H],steric,tBu,pi-system,-2634.525477,-2634.495601,-2634.515064,-802.066288,-25.075527500110297,-6.328337500073644,-18.541370000128268,6.5341574999820295,18.747190000036653,12.213032500054624,-706.67
Int1_comp69_1_Sub13,TS_comp69_1_Sub13,Int2_comp69_1_Sub13,comp69_1_Sub13,-2594.456091,-2594.432467,-2594.448891,-762.669706,-6.974662499939939,7.849397500014277,-2.4566624999326336,4.518000000007305,14.824059999954216,10.30605999994691,-703.61,[H]C1=C([H])C2(C#N)[C-](C([H])(C([H])([H])[H])C([H])([H])[H])[S+]12,[H]C([H])([H])C([H])([C-]1C2(C[N-2])C3([H])C[S+2]132)C([H])([H])[H],steric,iPr,pi-system,-2595.243754,-2595.215153,-2595.234755,-762.785542,-24.462460000088697,-6.515332500100897,-18.815587500006643,5.646872500082054,17.9471274999878,12.300254999905746,-703.61
Int1_comp69_1_Sub14,TS_comp69_1_Sub14,Int2_comp69_1_Sub14,comp69_1_Sub14,-2515.948517,-2515.922802,-2515.939049,-684.160823,-7.796059999792249,8.340102500059459,-1.8548899999538548,5.941169999838394,16.136162499851707,10.194992500013312,-687.81,[H]C1=C([H])C2(C#N)[C-](C([H])([H])[H])[S+]12,[H]C([H])([H])[C-]1C2(C[N-2])C3([H])C[S+2]132,steric,Me,pi-system,-2516.681088,-2516.650683,-2516.670038,-684.222461,-24.722872499930588,-5.6437349999472985,-17.788997500173025,6.933874999757563,19.07913749998329,12.145262500225726,-687.81
Int1_comp69_1_Sub15,TS_comp69_1_Sub15,Int2_comp69_1_Sub15,comp69_1_Sub15,-2571.243982,-2571.215332,-2571.229504,-739.450395,-11.493917499944075,6.483957499894757,-2.4089724999103623,9.084945000033713,17.977874999838832,8.89292999980512,-765.76,[H]c1sc(N([H])C([H])([H])[H])c(C#N)c1[H],[H]N([C-]1C2(C[N-2])C3([H])C[S+2]132)C([H])([H])[H],EDG,NHCH3,pi-system,-2571.992877,-2571.959271,-2571.976979,-739.527466,-28.979832500097586,-7.892067500120561,-19.003837500030727,9.97599500006686,21.087764999977026,11.111769999910166,-765.76
Int1_comp69_1_Sub16,TS_comp69_1_Sub16,Int2_comp69_1_Sub16,comp69_1_Sub16,-2591.098448,-2591.071251,-2591.086819,-759.310062,-8.230290000051355,8.835827500163305,-0.933092499998338,7.297197500053016,17.06611750021466,9.768920000161645,-725.78,[H]c1sc(OC([H])([H])[H])c(C#N)c1[H],[H]C([H])([H])O[C-]1C2(C[N-2])C3([H])C[S+2]132,EDG,OMe,pi-system,-2591.835939,-2591.80371,-2591.822459,-759.375994,-25.549917500053994,-5.3262200001069,-17.09121750000861,8.458700000045383,20.223697499947093,11.76499749990171,-725.78
Int1_comp69_1_Sub2,TS_comp69_1_Sub2,Int2_comp69_1_Sub2,comp69_1_Sub2,-2936.158468,-2936.136438,-2936.163862,-1104.374116,-5.698955000021897,8.12487000003216,-9.083689999894204,-3.3847349998723075,13.823825000054056,17.208559999926365,-632.29,[H]C1=C(Cl)C2(C#N)[C-]([H])[S+]12,[H][C-]1C2(C[N-2])C3(Cl)C[S+2]132,EWG,Cl,pi-system,-2936.855089,-2936.827171,-2936.857907,-1104.398693,-23.32292000004088,-5.804374999898414,-25.09121499999935,-1.7682949999584707,17.518545000142467,19.286840000100938,-632.29
Int1_comp69_1_Sub9,TS_comp69_1_Sub9,Int2_comp69_1_Sub9,comp69_1_Sub9,-2813.557399,-2813.534839,-2813.553963,-981.772063,-6.316414999818392,7.83998500010938,-4.16032499984027,2.1560899999781213,14.156399999927771,12.00030999994965,-618.17,[H]C1=C([H])C2(C#N)[C-](C(F)(F)F)[S+]12,[H]C12C[S+2]13[C-](C(F)(F)F)C23C[N-2],EWG,CF3,pi-system,-2814.266272,-2814.238602,-2814.261056,-981.808718,-24.049564999918402,-6.686639999953741,-20.77652499990677,3.2730400000116333,17.36292499996466,14.089884999953028,-618.17
Int1_comp69_6_Sub10,TS_comp69_6_Sub10,Int2_comp69_6_Sub10,comp69_6_Sub10,-2936.153047,-2936.133542,-2936.166457,-1104.37412,-2.29476749984201,9.944620000003397,-10.709542499855615,-8.414775000013606,12.239387499845408,20.65416249985901,-558.18,[H]C1=C(C#N)C2(Cl)[C-]([H])[S+]12,[H][C-]1C2(Cl)C3(C[N-2])C[S+2]132,EWG,Cl,pi-system,-2936.849188,-2936.824726,-2936.860648,-1104.398698,-19.616905000123666,-4.266999999927634,-26.808054999945057,-7.191149999821391,15.349905000196031,22.541055000017423,-558.18
Int1_comp69_6_Sub11,TS_comp69_6_Sub11,Int2_comp69_6_Sub11,comp69_6_Sub11,-2711.032294,-2711.011641,-2711.043195,-879.252528,-2.821240000010903,10.138517500013222,-9.661617500075865,-6.84037750006496,12.959757500024123,19.800135000089085,-548.04,[H]C1=C(C2([H])C([H])([H])C([H])([H])C([H])([H])C([H])([H])C2([H])[H])C2(C#N)[C-]([H])[S+]12,[H][C-]1C2(C3([H])C([H])([H])C([H])([H])C([H])([H])C([H])([H])C3([H])[H])C3(C[N-2])C[S+2]132,steric,Cy,unknown,-2711.885328,-2711.860199,-2711.894514,-879.433085,-20.7169124999146,-4.94846500013324,-26.481127500057084,-5.764215000142485,15.76844749978136,21.532662499923845,-548.04
Int1_comp69_6_Sub12,TS_comp69_6_Sub12,Int2_comp69_6_Sub12,comp69_6_Sub12,-2633.696573,-2633.679568,-2633.710001,-801.922056,0.4725074999484491,11.143145000044967,-7.953562499893962,-8.426069999842412,10.670637500096518,19.09670749993893,-552.32,[H]C1=C(C(C([H])([H])[H])(C([H])([H])[H])C([H])([H])[H])C2(C#N)[C-]([H])[S+]12,[H][C-]1C2(C(C([H])([H])[H])(C([H])([H])[H])C([H])([H])[H])C3(C[N-2])C[S+2]132,steric,tBu,unknown,-2634.510701,-2634.489716,-2634.52318,-802.065099,-16.549685000091756,-3.381597500022906,-24.380257500082223,-7.830572499990467,13.16808750006885,20.998660000059317,-552.32
Int1_comp69_6_Sub13,TS_comp69_6_Sub13,Int2_comp69_6_Sub13,comp69_6_Sub13,-2594.445188,-2594.425205,-2594.456805,-762.668352,-0.9826650000158564,11.556667500071,-8.27233249980253,-7.289667499786674,12.539332500086855,19.82899999987353,-549.24,[H]c1sc([H])c(C([H])(C([H])([H])[H])C([H])([H])[H])c1C#N,[H][C-]1C2(C([H])(C([H])([H])[H])C([H])([H])[H])C3(C[N-2])C[S+2]132,steric,iPr,unknown,-2595.232898,-2595.208263,-2595.242635,-762.784366,-18.38826000015814,-2.9297975000221754,-24.49822750006973,-6.1099674999115905,15.458462500135965,21.568430000047556,-549.24
Int1_comp69_6_Sub14,TS_comp69_6_Sub14,Int2_comp69_6_Sub14,comp69_6_Sub14,-2515.937121,-2515.917328,-2515.948462,-684.160348,-0.943132499901651,11.47697500005819,-8.059609999840234,-7.116477499938583,12.42010749995984,19.536584999898423,-555.11,[H]c1sc([H])c(C([H])([H])[H])c1C#N,[H][C-]1C2(C([H])([H])[H])C3(C[N-2])C[S+2]132,steric,Me,unknown,-2516.670254,-2516.645317,-2516.679154,-684.221961,-18.238287500108754,-2.590320000023212,-23.82303749999096,-5.584749999882206,15.647967500085542,21.232717499967748,-555.11
Int1_comp69_6_Sub15,TS_comp69_6_Sub15,Int2_comp69_6_Sub15,comp69_6_Sub15,-2571.235874,-2571.204,-2571.235633,-739.446821,-8.648832499922037,11.352102499945431,-8.49760499980448,0.1512275001175567,20.000934999867468,19.84970749974991,-552.78,[H]c1sc([H])c(N([H])C([H])([H])[H])c1C#N,[H][C-]1C2(N([H])C([H])([H])[H])C3(C[N-2])C[S+2]132,EDG,NHCH3,unknown,-2571.985642,-2571.948955,-2571.9833,-739.524799,-26.113412500058075,-3.0923199998971995,-24.643807499916193,1.4696050001418826,23.021092500160876,21.551487500018993,-552.78
Int1_comp69_6_Sub16,TS_comp69_6_Sub16,Int2_comp69_6_Sub16,comp69_6_Sub16,-2591.086377,-2591.065824,-2591.097259,-759.309613,-0.937484999987248,11.959522500195304,-7.765940000010971,-6.828455000023723,12.897007500182552,19.72546250020628,-542.63,[H]C1=C(C#N)C2(OC([H])([H])[H])[C-]([H])[S+]12,[H][C-]1C2(OC([H])([H])[H])C3(C[N-2])C[S+2]132,EDG,OMe,pi-system,-2591.822721,-2591.797701,-2591.832001,-759.374807,-18.000464999995813,-2.300414999970428,-23.823665000132053,-5.823200000136239,15.700050000025385,21.523250000161624,-542.63
Int1_comp69_6_Sub2,TS_comp69_6_Sub2,Int2_comp69_6_Sub2,comp69_6_Sub2,-2936.1519,-2936.131517,-2936.163488,-1104.371724,-3.078514999789377,9.711817500234474,-10.349984999978687,-7.271470000189311,12.790332500023853,20.06180250021316,-555.55,[H]c1sc(Cl)c([H])c1C#N,[H]C12[C-](Cl)[S+2]13CC23C[N-2],EWG,Cl,pi-system,-2936.848221,-2936.822686,-2936.857692,-1104.396304,-20.512347500074384,-4.489134999937505,-26.455399999979363,-5.943052499904979,16.02321250013688,21.966265000041858,-555.55
Int1_comp69_6_Sub3,TS_comp69_6_Sub3,Int2_comp69_6_Sub3,comp69_6_Sub3,-2711.034706,-2711.013159,-2711.044585,-879.252067,-4.624047499882238,8.896695000009629,-10.82311999999689,-6.199072500114653,13.520742499891869,19.71981500000652,-571.91,[H]C1=C(C#N)C2([H])[C-](C3([H])C([H])([H])C([H])([H])C([H])([H])C([H])([H])C3([H])[H])[S+]12,[H]C1([H])C([H])([H])C([H])([H])C([H])([C-]2C3([H])C4(C[N-2])C[S+2]243)C([H])([H])C1([H])[H],steric,Cy,pi-system,-2711.887587,-2711.861519,-2711.895705,-879.432568,-22.458852500153625,-6.1011825000764475,-27.55289749999065,-5.094044999837024,16.357670000077178,21.451714999914202,-571.91
Int1_comp69_6_Sub4,TS_comp69_6_Sub4,Int2_comp69_6_Sub4,comp69_6_Sub4,-2633.703357,-2633.681971,-2633.713251,-801.922848,-3.2874724998325178,10.132242500100404,-9.495957499994743,-6.208485000162227,13.41971499993292,19.62820000009515,-567.42,[H]C1=C(C#N)C2([H])[C-](C(C([H])([H])[H])(C([H])([H])[H])C([H])([H])[H])[S+]12,[H]C([H])([H])C([C-]1C2([H])C3(C[N-2])C[S+2]132)(C([H])([H])[H])C([H])([H])[H],steric,tBu,pi-system,-2634.517795,-2634.491886,-2634.525796,-802.065529,-20.731345000163515,-4.473447499905774,-25.751972499971885,-5.02062749980837,16.25789750025774,21.27852500006611,-567.42
Int1_comp69_6_Sub5,TS_comp69_6_Sub5,Int2_comp69_6_Sub5,comp69_6_Sub5,-2594.447838,-2594.426729,-2594.45806,-762.66793,-2.9103449999999498,10.335552500157805,-9.324649999927884,-6.414304999927936,13.245897500157753,19.66020250008569,-568.97,[H]C1=C(C#N)C2([H])[C-](C([H])(C([H])([H])[H])C([H])([H])[H])[S+]12,[H]C([H])([H])C([H])([C-]1C2([H])C3(C[N-2])C[S+2]132)C([H])([H])[H],steric,iPr,pi-system,-2595.23496,-2595.209427,-2595.243542,-762.783647,-20.133337499889876,-4.111379999892506,-25.518542500133208,-5.385205000243332,16.02195749999737,21.4071625002407,-568.97
Int1_comp69_6_Sub6,TS_comp69_6_Sub6,Int2_comp69_6_Sub6,comp69_6_Sub6,-2515.938685,-2515.917136,-2515.94794,-684.15922,-2.632362499988403,10.889635000042972,-8.439874999950234,-5.807512499961831,13.521997500031375,19.329509999993206,-567.28,[H]C1=C(C#N)C2([H])[C-](C([H])([H])[H])[S+]12,[H]C([H])([H])[C-]1C2([H])C3(C[N-2])C[S+2]132,steric,Me,unknown,-2516.671279,-2516.644912,-2516.678594,-684.220769,-19.62945500009198,-3.0841625001318107,-24.21961749998843,-4.590162499896451,16.54529249996017,21.13545499985662,-567.28
Int1_comp69_6_Sub7,TS_comp69_6_Sub7,Int2_comp69_6_Sub7,comp69_6_Sub7,-2571.232246,-2571.208671,-2571.237499,-739.448668,-5.213269999964041,9.580042500139143,-8.509527499845717,-3.2962574998816763,14.793312500103184,18.08956999998486,-641.11,[H]c1sc(N([H])C([H])([H])[H])c([H])c1C#N,[H]N([C-]1C2([H])C3(C[N-2])C[S+2]132)C([H])([H])[H],EDG,NHCH3,pi-system,-2571.981648,-2571.952941,-2571.984656,-739.525932,-22.89621999997678,-4.882577500014236,-24.783740000062267,-1.8875200000854875,18.013642499962543,19.90116250004803,-641.11
Int1_comp69_6_Sub8,TS_comp69_6_Sub8,Int2_comp69_6_Sub8,comp69_6_Sub8,-2591.092374,-2591.068487,-2591.09746,-759.309909,-4.5148624998725495,10.474230000021691,-7.706327499947463,-3.1914650000749134,14.98909249989424,18.180557499969154,-595.42,[H]c1sc(OC([H])([H])[H])c([H])c1C#N,[H]C([H])([H])O[C-]1C2([H])C3(C[N-2])C[S+2]132,EDG,OMe,pi-system,-2591.829667,-2591.800885,-2591.832125,-759.375205,-22.109334999965995,-4.0486300000509345,-23.6517299999241,-1.5423949999581055,18.06070499991506,19.603099999873166,-595.42
Int1_comp69_6_Sub9,TS_comp69_6_Sub9,Int2_comp69_6_Sub9,comp69_6_Sub9,-2813.550428,-2813.533654,-2813.567228,-981.775531,0.234057500051108,10.759742500156904,-10.30794249987082,-10.541999999921927,10.525685000105796,21.067685000027723,-571.2,[H]C1=C(C#N)C2(C(F)(F)F)[C-]([H])[S+]12,[H][C-]1C2(C(F)(F)F)C3(C[N-2])C[S+2]132,EWG,CF3,pi-system,-2814.259278,-2814.237522,-2814.273993,-981.812155,-17.50411250003623,-3.852222499976108,-26.73777499990848,-9.233662499872253,13.65189000006012,22.885552499932373,-571.2
Int1_comp71_0_Sub10,TS_comp71_0_Sub10,Int2_comp71_0_Sub10,comp71_0_Sub10,-2654.696763,-2654.667836,-2654.689686,-822.915479,-3.7737849998887896,14.377907500010563,0.6670324999566901,4.44081749984548,18.151692499899355,13.710875000053877,-667.5,[H]c1c(Cl)c([H])c2c(c1[H])c([H])c([H])n2[H],[H][C+]1C[c-]2[c+]([H])[c+]([H])n([H])[c-]2[C-]([H])[C+]1Cl,EWG,Cl,unknown,-2655.456322,-2655.423708,-2655.448037,-823.004791,-20.27013250004387,0.19515250007799523,-15.07129500011473,5.198837499929141,20.465285000121867,15.266447500192726,-667.5
Int1_comp71_0_Sub11,TS_comp71_0_Sub11,Int2_comp71_0_Sub11,comp71_0_Sub11,-2429.569506,-2429.537373,-2429.557068,-597.78386,-6.510939999826633,13.652517499987198,1.2939050000147745,7.804844999841407,20.16345749981383,12.358612499972423,-669.53,[H]c1c(C2([H])C([H])([H])C([H])([H])C([H])([H])C([H])([H])C2([H])[H])c([H])c2c(c1[H])c([H])c([H])n2[H],[H][C+]1C[c-]2[c+]([H])[c+]([H])n([H])[c-]2[C-]([H])[C+]1C1([H])C([H])([H])C([H])([H])C([H])([H])C([H])([H])C1([H])[H],steric,Cy,unknown,-2430.486346,-2430.450218,-2430.472908,-598.028972,-23.936615000132235,-1.2662950000131445,-15.50427000016299,8.432344999969246,22.67032000011909,14.237975000149845,-669.53
Int1_comp71_0_Sub14,TS_comp71_0_Sub14,Int2_comp71_0_Sub14,comp71_0_Sub14,-2234.472662,-2234.442765,-2234.463306,-402.692914,-2.80994500003942,15.95042250017798,3.060944999976414,5.870890000015834,18.7603675002174,12.889477500201563,-664.8,[H]c1c(C([H])([H])[H])c([H])c2c(c1[H])c([H])c([H])n2[H],[H][C+]1C[c-]2[c+]([H])[c+]([H])n([H])[c-]2[C-]([H])[C+]1C([H])([H])[H],steric,Me,unknown,-2235.268657,-2235.234871,-2235.257983,-402.819023,-19.079765000053044,2.1209499999241643,-12.381829999985143,6.6979350000679005,21.200714999977208,14.502779999909308,-664.8
Int1_comp71_0_Sub16,TS_comp71_0_Sub16,Int2_comp71_0_Sub16,comp71_0_Sub16,-2309.629881,-2309.600746,-2309.621813,-477.849996,-2.895912499858042,15.386299999997137,2.1667574999155192,5.062669999773561,18.282212499855177,13.219542500081616,-673.6,[H]c1c(OC([H])([H])[H])c([H])c2c(c1[H])c([H])c([H])n2[H],[H][C+]1C[c-]2[c+]([H])[c+]([H])n([H])[c-]2[C-]([H])[C+]1OC([H])([H])[H],EDG,OMe,unknown,-2310.431029,-2310.397665,-2310.42112,-477.980406,-19.700362499912956,1.235547500019436,-13.482464999988508,6.217897499924447,20.93590999993239,14.718012500007944,-673.6
Int1_comp71_0_Sub9,TS_comp71_0_Sub9,Int2_comp71_0_Sub9,comp71_0_Sub9,-2532.096407,-2532.069129,-2532.091163,-700.318445,-1.6892299999440752,15.427715000070918,1.601380000023198,3.2906099999672733,17.116945000014994,13.82633500004772,-674.79,[H]c1c(C(F)(F)F)c([H])c2c(c1[H])c([H])c([H])n2[H],[H][C+]1C[c-]2[c+]([H])[c+]([H])n([H])[c-]2[C-]([H])[C+]1C(F)(F)F,EWG,CF3,unknown,-2532.868795,-2532.837727,-2532.862261,-700.419952,-18.583412499950782,0.9117574999095268,-14.483327500172436,4.100084999778346,19.49516999986031,15.395085000081963,-674.79
Int1_comp71_7_Sub10,TS_comp71_7_Sub10,Int2_comp71_7_Sub10,comp71_7_Sub10,-2654.698406,-2654.661071,-2654.686149,-822.916627,-4.08439749996063,19.34331500002969,3.606869999953517,7.691267499914147,23.42771249999032,15.736445000076174,-750.93,[H]c1c([H])c([H])c2c(c([H])c([H])n2[H])c1Cl,[H]C1=[N+]([H])c2c([H])c([H])c([H])c(Cl)c2C1,EWG,Cl,unknown,-2655.457818,-2655.416725,-2655.444794,-823.006114,-20.378689999912467,5.407167499973866,-12.206130000000712,8.172559999911755,25.785857499886333,17.61329749997458,-750.93
Int1_comp71_7_Sub2,TS_comp71_7_Sub2,Int2_comp71_7_Sub2,comp71_7_Sub2,-2654.692731,-2654.664766,-2654.686973,-822.912967,-2.819985000014072,14.728052500125273,0.7931600001376182,3.6131450001516896,17.548037500139344,13.934892499987654,-621.82,[H]c1c([H])c([H])c2c(c1[H])c([H])c(Cl)n2[H],[H]c1c([H])c([H])c2c(c1[H])CC(Cl)=[N+]2[H],EWG,Cl,unknown,-2655.452191,-2655.420718,-2655.445439,-823.00223,-19.284957499891675,0.4643500001117218,-15.048077500030672,4.236879999861003,19.749307500003397,15.512427500142394,-621.82
Int1_comp71_7_Sub7,TS_comp71_7_Sub7,Int2_comp71_7_Sub7,comp71_7_Sub7,-2289.776196,-2289.740911,-2289.754508,-457.985252,-9.835434999815362,12.305902500141173,3.773785000067136,13.609219999882498,22.14133749995653,8.532117500074037,-695.35,[H]c1c([H])c([H])c2c(c1[H])c([H])c(N([H])C([H])([H])[H])n2[H],[H]c1c([H])c([H])c2c(c1[H])CC(=[N+]([H])C([H])([H])[H])N2[H],EDG,NHCH3,unknown,-2290.588414,-2290.549806,-2290.566109,-458.12722,-26.333664999894353,-2.107144999994688,-12.337277499919281,13.996387499975071,24.226519999899665,10.230132499924594,-695.35
Int1_comp71_7_Sub8,TS_comp71_7_Sub8,Int2_comp71_7_Sub8,comp71_7_Sub8,-2309.640015,-2309.601789,-2309.622116,-477.853792,-6.873007499911239,17.113807500165592,4.358615000053021,11.23162249996426,23.98681500007683,12.755192500112573,-668.33,[H]c1c([H])c([H])c2c(c1[H])c([H])c(OC([H])([H])[H])n2[H],[H]c1c([H])c([H])c2c(c1[H])CC(=[O+]C([H])([H])[H])N2[H],EDG,OMe,unknown,-2310.441006,-2310.397974,-2310.421203,-477.984236,-23.557605000019066,3.44497500000557,-11.131222499932392,12.426382500086675,27.002580000024636,14.576197499937962,-668.33
Int1_comp73_0_Sub10,TS_comp73_0_Sub10,Int2_comp73_0_Sub10,comp73_0_Sub10,-2997.467713,-2997.43701,-2997.458952,-1165.687086,-3.361517500002265,15.90461499993694,2.1360100000288185,5.497527500031083,19.266132499939204,13.76860499990812,-671.65,[H]c1sc2c([H])c(Cl)c([H])c([H])c2c1[H],[H][C+]1C[C-]2[C-]([C+]([H])[C+]1Cl)[S+]1[C-]([H])C21[H],EWG,Cl,unknown,-2998.210615,-2998.176542,-2998.201155,-1165.759603,-19.944460000010054,1.4363474998691572,-14.008310000158986,5.936149999851068,21.38080749987921,15.444657500028143,-671.65
Int1_comp73_0_Sub11,TS_comp73_0_Sub11,Int2_comp73_0_Sub11,comp73_0_Sub11,-2772.337862,-2772.310179,-2772.330742,-940.556944,-3.5441199998265915,13.826962500046136,0.9236800000221024,4.467799999848694,17.371082499872728,12.903282500024034,-674.16,[H]c1sc2c([H])c(C3([H])C([H])([H])C([H])([H])C([H])([H])C([H])([H])C3([H])[H])c([H])c([H])c2c1[H],[H][C+]1C[C-]2[C-]([C+]([H])[C+]1C1([H])C([H])([H])C([H])([H])C([H])([H])C([H])([H])C1([H])[H])[S+]1[C-]([H])C21[H],steric,Cy,unknown,-2773.237873,-2773.206676,-2773.22992,-940.785557,-20.762720000012962,-1.1866024998576563,-15.772212500128546,4.990507499884416,19.576117500155306,14.58561000027089,-674.16
Int1_comp73_0_Sub12,TS_comp73_0_Sub12,Int2_comp73_0_Sub12,comp73_0_Sub12,-2695.00468,-2694.975636,-2694.996488,-863.22645,-1.8573999999475177,16.36770999998049,3.2830799999149463,5.140479999862464,18.22510999992801,13.084630000065545,-671.48,[H]c1sc2c([H])c(C(C([H])([H])[H])(C([H])([H])[H])C([H])([H])[H])c([H])c([H])c2c1[H],[H][C+]1C[C-]2[C-]([C+]([H])[C+]1C(C([H])([H])[H])(C([H])([H])[H])C([H])([H])[H])[S+]1[C-]([H])C21[H],steric,tBu,unknown,-2695.866314,-2695.834012,-2695.857365,-863.417307,-18.686322499904975,1.583182500140481,-13.070824999886383,5.615497500018591,20.269505000045456,14.654007500026864,-671.48
Int1_comp73_0_Sub13,TS_comp73_0_Sub13,Int2_comp73_0_Sub13,comp73_0_Sub13,-2655.752135,-2655.721797,-2655.74244,-823.972674,-2.629852500066079,16.40724249995202,3.4537600000547286,6.083612500120808,19.0370950000181,12.95348249989729,-665.15,[H]c1sc2c([H])c(C([H])(C([H])([H])[H])C([H])([H])[H])c([H])c([H])c2c1[H],[H][C+]1C[C-]2[C-]([C+]([H])[C+]1C([H])(C([H])([H])[H])C([H])([H])[H])[S+]1[C-]([H])C21[H],steric,iPr,unknown,-2656.586895,-2656.552846,-2656.576196,-824.13655,-19.525917499925356,1.8398299999918777,-12.812294999968401,6.713622499956955,21.365747499917234,14.652124999960279,-665.15
Int1_comp73_0_Sub14,TS_comp73_0_Sub14,Int2_comp73_0_Sub14,comp73_0_Sub14,-2577.244333,-2577.213129,-2577.234039,-745.465741,-2.084555000016053,17.495954999914147,4.374930000083168,6.459485000099221,19.5805099999302,13.12102499983098,-664.73,[H]c1sc2c([H])c(C([H])([H])[H])c([H])c([H])c2c1[H],[H][C+]1C[C-]2[C-]([C+]([H])[C+]1C([H])([H])[H])[S+]1[C-]([H])C21[H],steric,Me,unknown,-2578.023605,-2577.989158,-2578.01269,-745.575134,-18.34998249989809,3.2655100001019832,-11.500819999997987,6.849162499900103,21.615492500000073,14.76633000009997,-664.73
Int1_comp73_0_Sub15,TS_comp73_0_Sub15,Int2_comp73_0_Sub15,comp73_0_Sub15,-2632.542794,-2632.509746,-2632.530466,-800.759638,-4.948464999919224,15.789154999943094,2.787354999953777,7.7358199998730015,20.73761999986232,13.001799999989316,-664.66,[H]c1sc2c([H])c(N([H])C([H])([H])[H])c([H])c([H])c2c1[H],[H][C+]1C[C-]2[C-]([C+]([H])[C+]1N([H])C([H])([H])[H])[S+]1[C-]([H])C21[H],EDG,NHCH3,unknown,-2633.338979,-2633.302138,-2633.325454,-800.884928,-21.851432500117767,1.266294999941806,-13.364494999929661,8.486937500188105,23.117727500059573,14.630789999871467,-664.66
Int1_comp73_0_Sub16,TS_comp73_0_Sub16,Int2_comp73_0_Sub16,comp73_0_Sub16,-2652.402194,-2652.371873,-2652.392917,-820.622905,-2.5219224998392065,16.50450499999181,3.2993949999450933,5.8213174997843,19.026427499831016,13.205110000046716,-665.32,[H]c1sc2c([H])c(OC([H])([H])[H])c([H])c([H])c2c1[H],[H][C+]1C[C-]2[C-]([C+]([H])[C+]1OC([H])([H])[H])[S+]1[C-]([H])C21[H],EDG,OMe,unknown,-2653.186304,-2653.152588,-2653.176257,-820.736654,-19.08980499988502,2.066985000060413,-12.785312500036525,6.304492499848493,21.15678999994543,14.852297500096938,-665.32
Int1_comp73_0_Sub8,TS_comp73_0_Sub8,Int2_comp73_0_Sub8,comp73_0_Sub8,-2652.404689,-2652.366558,-2652.385569,-820.622598,-4.280177499894364,19.64702499997628,7.717622500061623,11.997799999955989,23.92720249987065,11.92940249991466,-634.65,[H]c1sc2c([H])c([H])c(OC([H])([H])[H])c([H])c2c1[H],[H]C1=C([H])C2=C(CC1=[O+]C([H])([H])[H])C1([H])[C-]([H])[S+]21,EDG,OMe,unknown,-2653.189536,-2653.147572,-2653.169247,-820.736388,-21.28479999990759,5.047610000096938,-8.553452499877494,12.731347500030097,26.33241000000453,13.601062499974432,-634.65
Int1_comp73_0_Sub9,TS_comp73_0_Sub9,Int2_comp73_0_Sub9,comp73_0_Sub9,-2874.865847,-2874.837245,-2874.859595,-1043.088989,-0.9964699999096638,16.951285000005214,2.926660000172774,3.9231300000824376,17.947754999914878,14.02462499983244,-674.14,[H]c1sc2c([H])c(C(F)(F)F)c([H])c([H])c2c1[H],[H][C+]1C[C-]2[C-]([C+]([H])[C+]1C(F)(F)F)[S+]1[C-]([H])C21[H],EWG,CF3,unknown,-2875.621674,-2875.58956,-2875.614489,-1043.173769,-17.994817500010072,2.1567175000478755,-13.486230000050341,4.508587499959731,20.151535000057947,15.642947500098217,-674.14
Int1_comp73_2_Sub17,TS_comp73_2_Sub17,Int2_comp73_2_Sub17,comp73_2_Sub17,-2874.86408,-2874.832419,-2874.851637,-1043.085227,-2.24833249981657,17.618945000174335,5.559649999945577,7.807982499762147,19.867277499990905,12.059295000228758,-723.61,[H]c1c([H])c([H])c2c([H])c(C(F)(F)F)sc2c1[H],[H]C1=C([H])C2=C([H])C(C(F)(F)F)=[S+]C2=C([H])C1,EWG,CF3,unknown,-2875.620547,-2875.584685,-2875.606499,-1043.170179,-19.540350000031594,2.9630550000808853,-10.725230000030024,8.81512000000157,22.50340500011248,13.688285000110909,-723.61
Int1_comp73_2_Sub18,TS_comp73_2_Sub18,Int2_comp73_2_Sub18,comp73_2_Sub18,-2997.462879,-2997.430433,-2997.449221,-1165.682248,-3.3640274999959274,16.995837500106745,5.2063675001954834,8.57039500019141,20.35986500010268,11.789469999911262,-723.71,[H]c1c([H])c([H])c2c([H])c(Cl)sc2c1[H],[H]C1=C([H])C2=C([H])C(Cl)=[S+]C2=C([H])C1,EWG,Cl,unknown,-2998.206501,-2998.169965,-2998.19138,-1165.754997,-20.253190000086647,2.673149999956763,-10.76476250014423,9.488427499942418,22.92634000004341,13.437912500100992,-723.71
Int1_comp73_2_Sub19,TS_comp73_2_Sub19,Int2_comp73_2_Sub19,comp73_2_Sub19,-2772.344233,-2772.31108,-2772.329373,-940.559413,-5.992624999851159,14.810882500058824,3.3320250000053875,9.324649999856549,20.803507499909983,11.478857500053437,-721.48,[H]c1c([H])c([H])c2c(c1[H])[S+]1[C-](C3([H])C([H])([H])C([H])([H])C([H])([H])C([H])([H])C3([H])[H])C21[H],[H][C+]1C[C-]([H])[C-]2[C+]([C+]1[H])C1([H])[C-](C3([H])C([H])([H])C([H])([H])C([H])([H])C([H])([H])C3([H])[H])[S+]21,steric,Cy,unknown,-2773.244687,-2773.20762,-2773.228277,-940.788277,-23.331704999947362,-0.07216250010316116,-13.034430000120949,10.297274999826413,23.2595424998442,12.962267500017788,-721.48
Int1_comp73_2_Sub20,TS_comp73_2_Sub20,Int2_comp73_2_Sub20,comp73_2_Sub20,-2695.0129,-2694.979497,-2694.997802,-863.230393,-4.541217500020025,16.419165000207272,4.932777500172847,9.473995000192872,20.960382500227297,11.486387500034423,-720.21,[H]c1c([H])c([H])c2c(c1[H])[S+]1[C-](C(C([H])([H])[H])(C([H])([H])[H])C([H])([H])[H])C21[H],[H][C+]1C[C-]([H])[C-]2[C+]([C+]1[H])C1([H])[C-](C(C([H])([H])[H])(C([H])([H])[H])C([H])([H])[H])[S+]21,steric,tBu,unknown,-2695.874978,-2695.837693,-2695.858525,-863.421321,-21.604197499885913,1.7921400000409449,-11.279940000056285,10.324257499829628,23.396337499926858,13.07208000009723,-720.21
Int1_comp73_2_Sub21,TS_comp73_2_Sub21,Int2_comp73_2_Sub21,comp73_2_Sub21,-2655.757687,-2655.724724,-2655.743019,-823.975635,-4.255704999813474,16.428577499969492,4.948465000061901,9.204169999875376,20.684282499782967,11.480112499907593,-719.22,[H]c1c([H])c([H])c2c(c1[H])[S+]1[C-](C([H])(C([H])([H])[H])C([H])([H])[H])C21[H],[H][C+]1C[C-]([H])[C-]2[C+]([C+]1[H])C1([H])[C-](C([H])(C([H])([H])[H])C([H])([H])[H])[S+]21,steric,iPr,unknown,-2656.592571,-2656.555728,-2656.576484,-824.139572,-21.19130250007231,1.9276800001267702,-11.096710000090866,10.094592499981445,23.11898250019908,13.024390000217636,-719.22
Int1_comp73_2_Sub22,TS_comp73_2_Sub22,Int2_comp73_2_Sub22,comp73_2_Sub22,-2577.248575,-2577.215677,-2577.234007,-745.467267,-3.788844999993444,16.85464999996384,5.3525750000403605,9.141420000033804,20.643494999957284,11.50207499992348,-718.87,[H]c1c([H])c([H])c2c(c1[H])[S+]1[C-](C([H])([H])[H])C21[H],[H][C+]1C[C-]([H])[C-]2[C+]([C+]1[H])C1([H])[C-](C([H])([H])[H])[S+]21,steric,Me,unknown,-2578.028654,-2577.991844,-2578.012786,-745.577029,-20.329117500108964,2.769157499928383,-10.371947499851899,9.957170000257065,23.098275000037347,13.141104999780282,-718.87
Int1_comp73_2_Sub23,TS_comp73_2_Sub23,Int2_comp73_2_Sub23,comp73_2_Sub23,-2632.541762,-2632.507954,-2632.525629,-800.757091,-5.899127499873202,15.315392499926476,4.224329999892689,10.123457499765893,21.21451999979968,11.091062500033786,-720.16,[H]c1c([H])c([H])c2c([H])c(N([H])C([H])([H])[H])sc2c1[H],[H]C1=C([H])C2=C([H])C(=[N+]([H])C([H])([H])[H])SC2=C([H])C1,EDG,NHCH3,unknown,-2633.337673,-2633.300092,-2633.320258,-800.882382,-22.629532500008054,0.9525450000205637,-11.701620000133062,10.927912499874992,23.582077500028618,12.654165000153625,-720.16
Int1_comp73_2_Sub24,TS_comp73_2_Sub24,Int2_comp73_2_Sub24,comp73_2_Sub24,-2652.400543,-2652.368663,-2652.385143,-820.619488,-3.630087500037576,16.374612499963064,6.033412500104873,9.663500000142449,20.00470000000064,10.34119999985819,-722.68,[H]c1c([H])c([H])c2c([H])c(OC([H])([H])[H])sc2c1[H],[H]C1=C([H])C2=C([H])C(=[O+]C([H])([H])[H])SC2=C([H])C1,EDG,OMe,unknown,-2653.18441,-2653.149298,-2653.167746,-820.732901,-20.25632749993605,1.776452500080552,-9.799667500084013,10.456659999852036,22.0327800000166,11.576120000164565,-722.68
Int1_comp73_2_Sub8,TS_comp73_2_Sub8,Int2_comp73_2_Sub8,comp73_2_Sub8,-2652.406818,-2652.369482,-2652.387669,-820.622598,-5.61612499987433,17.812215000043068,6.399872499964374,12.015997499838704,23.4283399999174,11.412342500078694,-673.94,[H]c1c2c(c([H])[c-]([H])c1=[O+]C([H])([H])[H])[S+]1[C-]([H])C21[H],[H]C1=C2C(=C([H])C(=[O+]C([H])([H])[H])C1)C1([H])[C-]([H])[S+]21,EDG,OMe,unknown,-2653.191915,-2653.150236,-2653.171116,-820.736388,-22.777622499919516,3.3759500000371645,-9.72624999998402,13.051372499935496,26.15357249995668,13.102200000021185,-673.94
Int1_comp73_6_Sub13,TS_comp73_6_Sub13,Int2_comp73_6_Sub13,comp73_6_Sub13,-2655.757955,-2655.735695,-2655.750664,-823.972673,-6.2825299999752815,7.685620000142421,-1.707427500040808,4.575102499934474,13.968150000117705,9.39304750018323,-738.13,[H]c1sc2c([H])c([H])c([H])c(C([H])(C([H])([H])[H])C([H])([H])[H])c2c1[H],[H]c1c([H])c2c(c(C([H])(C([H])([H])[H])C([H])([H])[H])c1[H])C1([H])C[S+]21,steric,iPr,unknown,-2656.594642,-2656.567099,-2656.585095,-824.136849,-24.199537500039128,-6.9163049999446,-18.2087949999692,5.990742500069928,17.283232500094527,11.2924900000246,-738.13
Int1_comp73_6_Sub14,TS_comp73_6_Sub14,Int2_comp73_6_Sub14,comp73_6_Sub14,-2577.250237,-2577.227943,-2577.242703,-745.466178,-5.5150975000580615,8.474387500148453,-0.7875124998665228,4.727585000191539,13.989485000206514,9.261900000014975,-734.87,[H]c1sc2c([H])c([H])c([H])c(C([H])([H])[H])c2c1[H],[H]c1c([H])c2c(c(C([H])([H])[H])c1[H])C1([H])C[S+]21,steric,Me,unknown,-2578.032285,-2578.004316,-2578.022349,-745.576112,-23.182987499894807,-5.632440000047154,-16.948147499941797,6.23483999995301,17.550547499847653,11.315707499894643,-734.87
Int1_comp73_6_Sub15,TS_comp73_6_Sub15,Int2_comp73_6_Sub15,comp73_6_Sub15,-2632.543383,-2632.518885,-2632.533367,-800.754338,-8.643812500077388,6.728682500061609,-2.3587724999657667,6.285040000111621,15.372495000138995,9.087455000027376,-751.0,[H]c1sc2c([H])c([H])c([H])c(N([H])C([H])([H])[H])c2c1[H],[H]c1c([H])c(N([H])C([H])([H])[H])c2c(c1[H])[S+]1CC21[H],EDG,NHCH3,unknown,-2633.342733,-2633.311866,-2633.329596,-800.880206,-27.170122499958325,-7.80107999999359,-18.92665500001158,8.243467499946746,19.369042499964735,11.125575000017989,-751.0
Int1_comp73_6_Sub16,TS_comp73_6_Sub16,Int2_comp73_6_Sub16,comp73_6_Sub16,-2652.404932,-2652.381682,-2652.396499,-820.624814,-3.0421199998812654,11.547254999952088,2.249587500098756,5.291707499980021,14.589374999833352,9.297667499853333,-727.39,[H]c1sc2c([H])c([H])c([H])c(OC([H])([H])[H])c2c1[H],[H][C+]1[C+](OC([H])([H])[H])C23[C-]([C-]([H])[C-]1[H])[S+2]21CC31[H],EDG,OMe,pi-system,-2653.190285,-2653.161626,-2653.179666,-820.738857,-20.205500000064376,-2.221977500025787,-13.542077499980678,6.663422500083698,17.98352250003859,11.320099999954891,-727.39
Int1_comp73_6_Sub17,TS_comp73_6_Sub17,Int2_comp73_6_Sub17,comp73_6_Sub17,-2874.873828,-2874.849518,-2874.865494,-1043.089106,-5.931129999863742,9.323395000002392,-0.7015450000835699,5.229584999780172,15.254524999866137,10.024940000085962,-675.83,[H]c1sc2c([H])c([H])c(C(F)(F)F)c([H])c2c1[H],[H][C+]1[C+](C(F)(F)F)[C-]([H])[C-]([H])[C-]2C13C1([H])C[S+2]213,EWG,CF3,unknown,-2875.631281,-2875.601741,-2875.620821,-1043.173914,-23.93222250000065,-5.395872500002383,-17.36857250002174,6.563649999978907,18.536349999998265,11.972700000019358,-675.83
Int1_comp73_6_Sub18,TS_comp73_6_Sub18,Int2_comp73_6_Sub18,comp73_6_Sub18,-2997.474445,-2997.449107,-2997.464833,-1165.687144,-7.549452499844165,8.350142500105449,-1.517922499948554,6.031529999895611,15.899594999949612,9.868065000054004,-687.04,[H]c1sc2c([H])c([H])c(Cl)c([H])c2c1[H],[H]c1c([H])c2c(c([H])c1Cl)C1([H])C[S+]21,EWG,Cl,pi-system,-2998.219185,-2998.188532,-2998.20735,-1165.759662,-25.285112500009177,-6.050355000133436,-17.858650000139846,7.426462499869331,19.23475749987574,11.80829500000641,-687.04
Int1_comp73_6_Sub19,TS_comp73_6_Sub19,Int2_comp73_6_Sub19,comp73_6_Sub19,-2772.347951,-2772.320875,-2772.33591,-940.556754,-9.994192500092254,6.9959975001000885,-2.438464999835901,7.555727500256353,16.990190000192342,9.43446249993599,-726.79,[H]c1sc2c([H])c([H])c(C3([H])C([H])([H])C([H])([H])C([H])([H])C([H])([H])C3([H])[H])c([H])c2c1[H],[H]c1c([H])c(C2([H])C([H])([H])C([H])([H])C([H])([H])C([H])([H])C2([H])[H])c([H])c2c1[S+]1CC21[H],steric,Cy,unknown,-2773.249781,-2773.217179,-2773.235328,-940.785406,-28.329742500026782,-7.871987500171258,-19.260485000167478,9.069257499859305,20.457754999855524,11.38849749999622,-726.79
Int1_comp73_6_Sub20,TS_comp73_6_Sub20,Int2_comp73_6_Sub20,comp73_6_Sub20,-2695.014534,-2694.988074,-2695.002971,-863.226238,-8.173814999908586,8.42983500011826,-0.918032499893684,7.255782500014902,16.603650000026846,9.347867500011944,-732.76,[H]c1sc2c([H])c([H])c(C(C([H])([H])[H])(C([H])([H])[H])C([H])([H])[H])c([H])c2c1[H],[H][C+]1[C+](C(C([H])([H])[H])(C([H])([H])[H])C([H])([H])[H])[C-]([H])[C-]([H])[C-]2C13C1([H])C[S+2]213,steric,tBu,unknown,-2695.878075,-2695.846255,-2695.86424,-863.417097,-26.198125000058212,-6.231074999962516,-17.516662499933204,8.681462500125008,19.967050000095696,11.285587499970688,-732.76
Int1_comp73_6_Sub21,TS_comp73_6_Sub21,Int2_comp73_6_Sub21,comp73_6_Sub21,-2655.76141,-2655.734839,-2655.749772,-823.9732,-8.119849999973496,8.553452499948833,-0.8170050000060769,7.302844999967419,16.67330249992233,9.37045749995491,-727.93,[H]c1sc2c([H])c([H])c(C([H])(C([H])([H])[H])C([H])([H])[H])c([H])c2c1[H],[H]c1c([H])c(C([H])(C([H])([H])[H])C([H])([H])[H])c([H])c2c1[S+]1CC21[H],steric,iPr,unknown,-2656.597579,-2656.565632,-2656.583678,-824.136933,-25.989795000156164,-5.943052499904979,-17.266917499993042,8.722877500163122,20.046742500251185,11.323865000088063,-727.93
Int1_comp73_6_Sub22,TS_comp73_6_Sub22,Int2_comp73_6_Sub22,comp73_6_Sub22,-2577.252715,-2577.226457,-2577.24141,-745.465612,-7.425207500015176,9.051687499903665,-0.3313200000195593,7.093887499995617,16.47689499991884,9.383007499923224,-724.81,[H]c1sc2c([H])c([H])c(C([H])([H])[H])c([H])c2c1[H],[H]c1c([H])c(C([H])([H])[H])c([H])c2c1[S+]1CC21[H],steric,Me,unknown,-2578.033731,-2578.002324,-2578.020403,-745.575015,-24.778720000003602,-5.07082750003832,-16.415400000002762,8.36332000000084,19.707892499965283,11.344572499964443,-724.81
Int1_comp73_6_Sub23,TS_comp73_6_Sub23,Int2_comp73_6_Sub23,comp73_6_Sub23,-2632.548201,-2632.521309,-2632.535871,-800.757803,-9.492820000002666,7.3819099999104765,-1.7557449999901564,7.73707500001251,16.874729999913143,9.137654999900631,-737.87,[H]c1sc2c([H])c([H])c(N([H])C([H])([H])[H])c([H])c2c1[H],[H]c1c([H])c2c(c([H])c1N([H])C([H])([H])[H])C1([H])C[S+]21,EDG,NHCH3,unknown,-2633.345737,-2633.313632,-2633.331322,-800.883208,-27.171377500097833,-7.025489999954289,-18.12596500003565,9.045412500062184,20.145887500143544,11.10047500008136,-737.87
Int1_comp73_6_Sub24,TS_comp73_6_Sub24,Int2_comp73_6_Sub24,comp73_6_Sub24,-2652.410339,-2652.384695,-2652.399814,-820.622599,-7.824924999933387,8.266684999959466,-1.2204874998434434,6.604437500089944,16.091609999892853,9.48717249980291,-728.71,[H]c1sc2c([H])c([H])c(OC([H])([H])[H])c([H])c2c1[H],[H]c1c([H])[c-]2c(c([H])c1=[O+]C([H])([H])[H])C1([H])C[S+]21,EDG,OMe,unknown,-2653.196093,-2653.165402,-2653.18355,-820.736388,-25.39931750000619,-6.140715000047976,-17.52858500011712,7.870732499889073,19.258602499958215,11.387870000069142,-728.71
Int1_comp73_6_Sub9,TS_comp73_6_Sub9,Int2_comp73_6_Sub9,comp73_6_Sub9,-2874.865234,-2874.848752,-2874.864956,-1043.088328,-1.026589999833618,9.31586500016408,-0.8521449998460184,0.1744449999875996,10.3424549999977,10.1680100000101,-698.69,[H]c1sc2c([H])c([H])c([H])c(C(F)(F)F)c2c1[H],[H]c1c([H])c2c(c(C(F)(F)F)c1[H])C1([H])C[S+]21,EWG,CF3,unknown,-2875.623421,-2875.601336,-2875.620782,-1043.173307,-19.380964999863295,-5.522627500110389,-17.72499249997793,1.6559724998853653,13.858337499752906,12.202364999867541,-698.69
Int1_comp73_7_Sub17,TS_comp73_7_Sub17,Int2_comp73_7_Sub17,comp73_7_Sub17,-2874.865161,-2874.837726,-2874.861319,-1043.086929,-1.858655000015688,15.356807499964589,0.5522000000325988,2.4108550000482865,17.215462499980276,14.80460749993199,-626.21,[H]c1sc2c(C(F)(F)F)c([H])c([H])c([H])c2c1[H],[H]C1=[S+]c2c(c([H])c([H])c([H])c2C(F)(F)F)C1,EWG,CF3,unknown,-2875.622022,-2875.590217,-2875.616471,-1043.171812,-19.441204999996557,0.5164325000515646,-15.957952499873613,3.483252500122944,19.957637500048122,16.474384999925178,-626.21
Int1_comp73_7_Sub18,TS_comp73_7_Sub18,Int2_comp73_7_Sub18,comp73_7_Sub18,-2997.468227,-2997.439857,-2997.463277,-1165.687292,-3.5547874997996587,14.24738750019742,-0.4486624997946364,3.1061250000050222,17.802174999997078,14.696049999992056,-630.2,[H]c1sc2c(Cl)c([H])c([H])c([H])c2c1[H],[H]C1=[S+]c2c(Cl)c([H])c([H])c([H])c2C1,EWG,Cl,unknown,-2998.212199,-2998.179491,-2998.205612,-1165.760003,-20.68741999998906,-0.1631499998734398,-16.554077500080666,4.1333424999083945,20.52427000011562,16.390927500207226,-630.2
Int1_comp73_7_Sub19,TS_comp73_7_Sub19,Int2_comp73_7_Sub19,comp73_7_Sub19,-2772.341499,-2772.312321,-2772.335012,-940.557956,-5.191307500019491,13.117887500124256,-1.1207149999526678,4.070592500066823,18.309195000143745,14.238602500076922,-638.85,[H]c1sc2c(C3([H])C([H])([H])C([H])([H])C([H])([H])C([H])([H])C3([H])[H])c([H])c([H])c([H])c2c1[H],[H]C1=[S+]c2c(c([H])c([H])c([H])c2C2([H])C([H])([H])C([H])([H])C([H])([H])C([H])([H])C2([H])[H])C1,steric,Cy,unknown,-2773.242739,-2773.209094,-2773.234473,-940.786805,-23.03301499991676,-1.9207774999301819,-17.846100000028855,5.186914999887904,21.112237499986577,15.925322500098673,-638.85
Int1_comp73_7_Sub20,TS_comp73_7_Sub20,Int2_comp73_7_Sub20,comp73_7_Sub20,-2695.004641,-2694.976064,-2694.998655,-863.224717,-2.9203849999032627,15.01168250012256,0.8358300001725638,3.7562150000758265,17.932067500025823,14.175852499949997,-636.73,[H]c1sc2c(C(C([H])([H])[H])(C([H])([H])[H])C([H])([H])[H])c([H])c([H])c([H])c2c1[H],[H]C1=[S+]c2c(c([H])c([H])c([H])c2C(C([H])([H])[H])(C([H])([H])[H])C([H])([H])[H])C1,steric,tBu,unknown,-2695.867444,-2695.834736,-2695.859925,-863.415853,-20.307782500020153,0.21648750009546802,-15.589610000161542,4.7181724998586105,20.52427000011562,15.80609750025701,-636.73
Int1_comp73_7_Sub21,TS_comp73_7_Sub21,Int2_comp73_7_Sub21,comp73_7_Sub21,-2655.754756,-2655.725938,-2655.748882,-823.974201,-3.316337499830979,14.766957500027049,0.3695975001369334,3.685934999967913,18.083294999858023,14.397359999890114,-631.58,[H]c1sc2c(C([H])(C([H])([H])[H])C([H])([H])[H])c([H])c([H])c([H])c2c1[H],[H]C1=[S+]c2c(c([H])c([H])c([H])c2C([H])(C([H])([H])[H])C([H])([H])[H])C1,steric,iPr,unknown,-2656.590474,-2656.557352,-2656.582895,-824.138244,-20.708755000077872,0.07530000009523974,-15.952932500028965,4.755822500048907,20.78405500017311,16.028232500124204,-631.58
Int1_comp73_7_Sub22,TS_comp73_7_Sub22,Int2_comp73_7_Sub22,comp73_7_Sub22,-2577.247276,-2577.219182,-2577.242012,-745.467586,-2.7735499999886315,14.855435000160355,0.5296099999469561,3.303159999935588,17.628985000148987,14.3258250002134,-637.41,[H]c1sc2c(C([H])([H])[H])c([H])c([H])c([H])c2c1[H],[H]C1=[S+]c2c(c([H])c([H])c([H])c2C([H])([H])[H])C1,steric,Me,unknown,-2578.02777,-2577.995453,-2578.021001,-745.577292,-19.60937500007134,0.6695425000216915,-15.361827500023253,4.247547500048086,20.27891750009303,16.031370000044944,-637.41
Int1_comp73_7_Sub23,TS_comp73_7_Sub23,Int2_comp73_7_Sub23,comp73_7_Sub23,-2632.542493,-2632.513724,-2632.536555,-800.760532,-4.198602499886306,13.853945000120689,-0.4725075000197876,3.7260949998665183,18.052547500006995,14.326452500140476,-638.08,[H]c1sc2c(N([H])C([H])([H])[H])c([H])c([H])c([H])c2c1[H],[H]C1=[S+]c2c(c([H])c([H])c([H])c2N([H])C([H])([H])[H])C1,EDG,NHCH3,unknown,-2633.339215,-2633.30648,-2633.331959,-800.886223,-21.186910000012062,-0.6456975001532328,-16.633770000093477,4.553139999918585,20.54121249985883,15.988072499940245,-638.08
Int1_comp73_7_Sub24,TS_comp73_7_Sub24,Int2_comp73_7_Sub24,comp73_7_Sub24,-2652.398829,-2652.370658,-2652.393663,-820.619744,-2.393912500091062,15.28339000014995,0.8477525001424624,3.241665000233525,17.677302500241012,14.435637500007488,-628.49,[H]c1sc2c(OC([H])([H])[H])c([H])c([H])c([H])c2c1[H],[H]C1=[S+]c2c(c([H])c([H])c([H])c2OC([H])([H])[H])C1,EDG,OMe,unknown,-2653.183009,-2653.150786,-2653.176454,-820.732816,-19.430537499952152,0.78939499986177,-15.31727499999306,4.113262499959092,20.219932499813922,16.10666999985483,-628.49
Int1_comp73_7_Sub8,TS_comp73_7_Sub8,Int2_comp73_7_Sub8,comp73_7_Sub8,-2652.393648,-2652.371191,-2652.392298,-820.619488,0.6965249999535672,14.78829249997318,1.543649999954937,0.8471250000013697,14.091767500019614,13.244642500018244,-636.88,[H]c1c([H])c([H])c2c([H])c(OC([H])([H])[H])sc2c1[H],[H]c1c([H])c([H])c2c(c1[H])CC(=[O+]C([H])([H])[H])S2,EDG,OMe,pi-system,-2653.178416,-2653.151628,-2653.175503,-820.732902,-16.494465000159835,0.31500499991807374,-14.666557499995179,1.827907500164656,16.80947000007791,14.981562499913252,-636.88
Int1_comp75_0_Sub10,TS_comp75_0_Sub10,Int2_comp75_0_Sub10,comp75_0_Sub10,-2674.554241,-2674.522854,-2674.545662,-842.774002,-3.118047499832244,16.577295000164725,2.265275000059148,5.383322499891392,19.69534249999697,14.312020000105576,-666.69,[H]C1=C([H])C2=C([H])C3([H])OC23C([H])=C1Cl,[H][C+]1C[C-]2[C-]([H])C3([H])OC23[C+]([H])[C+]1Cl,EWG,Cl,unknown,-2675.301872,-2675.266373,-2675.291692,-842.850844,-19.954499999984705,2.3211225000608238,-13.566549999847552,6.3879500001371525,22.27562250004553,15.887672499908376,-666.69
Int1_comp75_0_Sub13,TS_comp75_0_Sub13,Int2_comp75_0_Sub13,comp75_0_Sub13,-2332.841556,-2332.807582,-2332.828837,-501.060121,-3.868537499863578,17.45014750010114,4.112635000032014,7.981172499895592,21.31868499996472,13.337512500069124,-675.1,[H]C1=C([H])C(C([H])(C([H])([H])[H])C([H])([H])[H])=C([H])C23OC2([H])C([H])=C13,[H][C+]1C[C-]2[C-]([H])C3([H])OC23[C+]([H])[C+]1C([H])(C([H])([H])[H])C([H])([H])[H],steric,iPr,unknown,-2333.680812,-2333.642624,-2333.666478,-501.228033,-21.05325250006416,2.9097174999301956,-12.058667500087665,8.994584999976496,23.962969999994357,14.96838500001786,-675.1
Int1_comp75_0_Sub14,TS_comp75_0_Sub14,Int2_comp75_0_Sub14,comp75_0_Sub14,-2254.332569,-2254.299046,-2254.320497,-422.552573,-2.965565000038879,18.070117499998304,4.609614999954346,7.575179999993224,21.035682500037183,13.460502500043958,-666.21,[H]C1=C([H])C2=C([H])C3([H])OC23C([H])=C1C([H])([H])[H],[H][C+]1C[C-]2[C-]([H])C3([H])OC23[C+]([H])[C+]1C([H])([H])[H],steric,Me,unknown,-2255.116625,-2255.078953,-2255.103021,-422.66628,-19.525917500103702,4.113262499852084,-10.989407499969417,8.536510000134285,23.639179999955786,15.1026699998215,-666.21
Int1_comp75_0_Sub15,TS_comp75_0_Sub15,Int2_comp75_0_Sub15,comp75_0_Sub15,-2309.635521,-2309.595095,-2309.616598,-477.846324,-8.739192500050592,16.62812249996506,3.134990000003484,11.874182500054076,25.36731500001565,13.493132499961575,-662.64,[H]C1=C([H])C2=C([H])C3([H])OC23C([H])=C1N([H])C([H])([H])[H],[H][C+]1C[C-]2[C-]([H])C3([H])OC23[C+]([H])[C+]1N([H])C([H])([H])[H],EDG,NHCH3,unknown,-2310.436409,-2310.391458,-2310.415508,-477.975891,-25.90947499996659,2.2972774999426804,-12.794097500050015,13.115377499916576,28.20675249990927,15.091374999992695,-662.64
Int1_comp75_0_Sub16,TS_comp75_0_Sub16,Int2_comp75_0_Sub16,comp75_0_Sub16,-2329.492093,-2329.457426,-2329.479387,-497.709858,-4.370537499844573,17.38300500009231,3.602477500142953,7.973014999987527,21.753542499936884,13.780527499949358,-675.27,[H]C1=C([H])C2=C([H])C3([H])OC23C([H])=C1OC([H])([H])[H],[H][C+]1C[C-]2[C-]([H])C3([H])OC23[C+]([H])[C+]1OC([H])([H])[H],EDG,OMe,unknown,-2330.281102,-2330.242071,-2330.266483,-497.82788,-21.3312349999687,3.1607174999028587,-12.157812499944356,9.173422500024344,24.49195249987156,15.318529999847215,-675.27
Int1_comp75_0_Sub18,TS_comp75_0_Sub18,Int2_comp75_0_Sub18,comp75_0_Sub18,-2674.548601,-2674.506847,-2674.531241,-842.770158,-1.991057499895419,24.20957750001378,8.90234249999537,10.89339999989079,26.2006349999092,15.307235000018409,-768.15,[H]C1=C([H])C2=C(Cl)C3([H])OC23C([H])=C1[H],[H][C+]1C[C-]2[C-](Cl)C3([H])OC23[C+]([H])[C+]1[H],EWG,Cl,unknown,-2675.295618,-2675.250429,-2675.27757,-842.847201,-18.31609750005498,10.039999999905262,-6.990977500112763,11.325119999942217,28.356097499960242,17.030977500018025,-768.15
Int1_comp75_0_Sub9,TS_comp75_0_Sub9,Int2_comp75_0_Sub9,comp75_0_Sub9,-2551.952856,-2551.92353,-2551.946466,-720.176254,-0.8358299998872099,17.56623500002206,3.1738950001192734,4.009725000006483,18.40206499990927,14.392339999902788,-674.35,[H]C1=C([H])C2=C([H])C3([H])OC23C([H])=C1C(F)(F)F,[H][C+]1C[C-]2[C-]([H])C3([H])OC23[C+]([H])[C+]1C(F)(F)F,EWG,CF3,unknown,-2552.71385,-2552.679744,-2552.705267,-720.26525,-18.43093000005041,2.9705849999905354,-13.04509749988,5.385832500170409,21.401515000040945,16.015682499870536,-674.35
Int1_comp75_3_Sub10,TS_comp75_3_Sub10,Int2_comp75_3_Sub10,comp75_3_Sub10,-2674.548969,-2674.523327,-2674.550609,-842.774036,0.2114675001081423,16.30182250014684,-0.8176324998618156,-1.029099999969958,16.0903550000387,17.119455000008656,-660.5,[H]C1=C(Cl)C([H])=C([H])C23OC2([H])C([H])=C13,[H][C+]1CC23OC2([H])[C+]([H])[C+]3[C-]([H])[C-]1Cl,EWG,Cl,unknown,-2675.296218,-2675.266406,-2675.296363,-842.85087,-16.390299999994795,2.3167299998578983,-16.48128749997909,-0.09098749998429412,18.707029999852693,18.798017499836988,-660.5
Int1_comp75_3_Sub11,TS_comp75_3_Sub11,Int2_comp75_3_Sub11,comp75_3_Sub11,-2449.422373,-2449.393985,-2449.420279,-617.643367,-2.344339999859528,15.469129999966356,-1.0303549998954509,1.3139849999640774,17.813469999825884,16.499484999861807,-692.08,[H]C1=C([H])C23OC2([H])C([H])=C3C([H])=C1C1([H])C([H])([H])C([H])([H])C([H])([H])C([H])([H])C1([H])[H],[H][C+]1CC23OC2([H])[C+]([H])[C+]3[C-]([H])[C-]1C1([H])C([H])([H])C([H])([H])C([H])([H])C([H])([H])C1([H])[H],steric,Cy,unknown,-2450.326743,-2450.293942,-2450.322925,-617.876097,-19.714795000090533,0.8678325000917653,-17.319000000004223,2.3957950000863093,20.582627500182298,18.18683250009599,-692.08
Int1_comp75_3_Sub12,TS_comp75_3_Sub12,Int2_comp75_3_Sub12,comp75_3_Sub12,-2372.08693,-2372.061412,-2372.087347,-540.312262,0.3777550001163376,16.390300000066134,0.1160874999922612,-0.2616675001240764,16.012544999949796,16.274212500073872,-689.98,[H]C1=C([H])C23OC2([H])C([H])=C3C([H])=C1C(C([H])([H])[H])(C([H])([H])[H])C([H])([H])[H],[H][C+]1CC23OC2([H])[C+]([H])[C+]3[C-]([H])[C-]1C(C([H])([H])[H])(C([H])([H])[H])C([H])([H])[H],steric,tBu,unknown,-2372.952818,-2372.923242,-2372.951764,-540.507296,-16.49948500014716,2.0594550000794243,-15.838099999962196,0.6613850001849642,18.558940000226585,17.89755500004162,-689.98
Int1_comp75_3_Sub13,TS_comp75_3_Sub13,Int2_comp75_3_Sub13,comp75_3_Sub13,-2332.835291,-2332.807437,-2332.833909,-501.059698,-0.2026824998449683,17.27570250011354,0.6645225001057042,0.8672049999506726,17.478384999958507,16.611180000007835,-689.34,[H]C1=C([H])C23OC2([H])C([H])=C3C([H])=C1C([H])(C([H])([H])[H])C([H])([H])[H],[H][C+]1CC23OC2([H])[C+]([H])[C+]3[C-]([H])[C-]1C([H])(C([H])([H])[H])C([H])([H])[H],steric,iPr,unknown,-2333.674217,-2333.642089,-2333.670923,-501.227594,-17.190362500150655,2.969957500027789,-15.123377500090243,2.066985000060413,20.160320000178444,18.09333500011803,-689.34
Int1_comp75_3_Sub14,TS_comp75_3_Sub14,Int2_comp75_3_Sub14,comp75_3_Sub14,-2254.326504,-2254.297647,-2254.324986,-422.552261,0.6444424999780551,18.752210000130987,1.5969874999986189,0.9525450000205636,18.10776750015293,17.155222500132368,-676.37,[H]C1=C(C([H])([H])[H])C([H])=C([H])C23OC2([H])C([H])=C13,[H][C+]1CC23OC2([H])[C+]([H])[C+]3[C-]([H])[C-]1C([H])([H])[H],steric,Me,unknown,-2255.110198,-2255.07719,-2255.107231,-422.665973,-15.685617499919147,5.026902500006543,-13.823824999982719,1.8617924999364277,20.71251999992569,18.85072749998926,-676.37
Int1_comp75_3_Sub15,TS_comp75_3_Sub15,Int2_comp75_3_Sub15,comp75_3_Sub15,-2309.62388,-2309.599819,-2309.619664,-477.84455,-2.5476499999882662,12.55062750005834,0.0978900001808824,2.6455400001691487,15.098277500046606,12.452737499877458,-751.65,[H]C1=C(N([H])C([H])([H])[H])C([H])=C([H])C23OC2([H])C([H])=C13,[H][C+]1CC23OC2([H])[C+]([H])[C+]3[C-]([H])[C-]1N([H])C([H])([H])[H],EDG,NHCH3,unknown,-2310.424203,-2310.396063,-2310.41833,-477.97429,-19.25483750003906,-1.5969875001056266,-15.569529999998224,3.6853075000408353,17.657849999933433,13.972542499892597,-751.65
Int1_comp75_3_Sub16,TS_comp75_3_Sub16,Int2_comp75_3_Sub16,comp75_3_Sub16,-2329.482761,-2329.456933,-2329.482915,-497.708966,0.9255624999103418,17.132632500082394,0.8289275000116447,-0.096634999898697,16.207070000172052,16.30370500007075,-678.72,[H]C1=C(OC([H])([H])[H])C([H])=C([H])C23OC2([H])C([H])=C13,[H][C+]1CC23OC2([H])[C+]([H])[C+]3[C-]([H])[C-]1OC([H])([H])[H],EDG,OMe,unknown,-2330.270891,-2330.241214,-2330.269884,-497.827001,-15.47540500009319,3.1469124999020437,-14.843512499905103,0.6318925001880871,18.622317499995233,17.990424999807146,-678.72
Int1_comp75_3_Sub17,TS_comp75_3_Sub17,Int2_comp75_3_Sub17,comp75_3_Sub17,-2551.944913,-2551.917276,-2551.945691,-720.172433,1.7507250001455077,19.092942499948435,1.2625300000939887,-0.4881950000515189,17.342217499802928,17.830412499854447,-625.51,[H]C1=C([H])C2=C([H])C3(C(F)(F)F)OC23C([H])=C1[H],[H][C+]1CC23OC2(C(F)(F)F)[C+]([H])[C+]3[C-]([H])[C-]1[H],EWG,CF3,unknown,-2552.704889,-2552.673429,-2552.704402,-720.261317,-15.275860000097623,4.465289999997708,-14.97026749994177,0.3055925001558535,19.74115000009533,19.435557499939478,-625.51
Int1_comp75_3_Sub18,TS_comp75_3_Sub18,Int2_comp75_3_Sub18,comp75_3_Sub18,-2674.545405,-2674.518944,-2674.545665,-842.771553,0.8897950001789923,17.494072500132916,0.7266450000201985,-0.1631500001587937,16.604277499953923,16.767427500112717,-641.03,[H]C1=C([H])C2=C([H])C3(Cl)OC23C([H])=C1[H],[H][C+]1CC23OC2(Cl)[C+]([H])[C+]3[C-]([H])[C-]1[H],EWG,Cl,unknown,-2675.292645,-2675.262225,-2675.291495,-842.848443,-15.671185000026924,3.41736500000394,-14.949559999994051,0.7216250000328728,19.088550000030864,18.36692499999799,-641.03
Int1_comp75_3_Sub19,TS_comp75_3_Sub19,Int2_comp75_3_Sub19,comp75_3_Sub19,-2449.428932,-2449.401985,-2449.428155,-617.650016,-2.2878649997880984,14.621377500109247,-1.800297499949011,0.4875674998390877,16.909242499897346,16.421675000058258,-674.65,[H]C1=C([H])C2=C([H])C3(C4([H])C([H])([H])C([H])([H])C([H])([H])C([H])([H])C4([H])[H])OC23C([H])=C1[H],[H][C+]1C[C-]2O[C-](C3([H])C([H])([H])C([H])([H])C([H])([H])C([H])([H])C3([H])[H])[C+]([H])[C-]2[C+]([H])[C+]1[H],steric,Cy,unknown,-2450.333116,-2450.302617,-2450.331239,-617.88292,-19.43241999987606,-0.29429749989901666,-18.254602500067563,1.1778174998084978,19.138122499977044,17.960305000168546,-674.65
Int1_comp75_3_Sub21,TS_comp75_3_Sub21,Int2_comp75_3_Sub21,comp75_3_Sub21,-2332.842528,-2332.81534,-2332.841943,-501.066622,-0.3990900000268027,16.6613799999881,-0.0320024998835322,0.3670875001432705,17.060470000014902,16.693382499871632,-671.78,[H]C1=C([H])C2=C([H])C3(C([H])(C([H])([H])[H])C([H])([H])[H])OC23C([H])=C1[H],[H][C+]1C[C-]2O[C-](C([H])(C([H])([H])[H])C([H])([H])[H])[C+]([H])[C-]2[C+]([H])[C+]1[H],steric,iPr,unknown,-2333.681161,-2333.65048,-2333.6796,-501.234778,-17.039762499995845,2.2125650001208896,-16.060234999972067,0.979527500023778,19.252327500116735,18.272800000092957,-671.78
Int1_comp75_3_Sub22,TS_comp75_3_Sub22,Int2_comp75_3_Sub22,comp75_3_Sub22,-2254.333318,-2254.306219,-2254.332183,-422.558712,0.4166600000894505,17.42128250003134,1.128872500074749,0.7122124999852986,17.00462249994189,16.29240999995659,-658.45,[H]C1=C([H])C2=C([H])C3(C([H])([H])[H])OC23C([H])=C1[H],[H][C+]1C[C-]2O[C-](C([H])([H])[H])[C+]([H])[C-]2[C+]([H])[C+]1[H],steric,Me,unknown,-2255.117085,-2255.086091,-2255.114735,-422.672711,-15.779114999932773,3.669619999902096,-14.304490000088919,1.4746249998438543,19.44873499983487,17.974109999991015,-658.45
Int1_comp75_3_Sub23,TS_comp75_3_Sub23,Int2_comp75_3_Sub23,comp75_3_Sub23,-2309.629071,-2309.601066,-2309.625559,-477.850281,-2.2087999998450414,15.364337499945576,-0.0050199999873257,2.203779999857716,17.57313749979062,15.369357499932905,-702.18,[H]C1=C([H])C2=C([H])C3(N([H])C([H])([H])[H])OC23C([H])=C1[H],[H][C+]1C[C-]2O[C-](N([H])C([H])([H])[H])[C+]([H])[C-]2[C+]([H])[C+]1[H],EDG,NHCH3,unknown,-2310.4284,-2310.398425,-2310.424706,-477.979855,-18.39641749988786,0.41289500006328694,-16.078432499890454,2.3179849999974067,18.809312499951147,16.49132749995374,-702.18
Int1_comp75_3_Sub24,TS_comp75_3_Sub24,Int2_comp75_3_Sub24,comp75_3_Sub24,-2329.489048,-2329.461719,-2329.486262,-497.713899,0.0759275001293247,17.22487500013486,1.8241425001384928,1.748215000009168,17.148947500005534,15.400732499996366,-697.07,[H]C1=C([H])C2=C([H])C3(OC([H])([H])[H])OC23C([H])=C1[H],[H][C+]1CC23OC2(OC([H])([H])[H])[C+]([H])[C+]3[C-]([H])[C-]1[H],EDG,OMe,unknown,-2330.277224,-2330.246552,-2330.273117,-497.831522,-16.612434999968997,2.634244999947981,-14.03529250012653,2.5771424998424663,19.246679999916978,16.66953750007451,-697.07
Int1_comp75_3_Sub7,TS_comp75_3_Sub7,Int2_comp75_3_Sub7,comp75_3_Sub7,-2309.624237,-2309.589505,-2309.618297,-477.84521,-2.357517499933266,19.43681250011465,1.3698325000727607,3.727350000006026,21.79433000004792,18.06698000004189,-677.85,[H]C1=C([H])C2=C([H])C3([H])OC23C([H])=C1N([H])C([H])([H])[H],[H]C1=C([H])c2c(oc([H])c2[H])CC1=[N+]([H])C([H])([H])[H],EDG,NHCH3,unknown,-2310.424371,-2310.38634,-2310.418615,-477.974798,-19.041487500042678,4.822964999986397,-15.429597500030496,3.611890000012181,23.864452500029074,20.252562500016893,-677.85
Int1_comp75_3_Sub8,TS_comp75_3_Sub8,Int2_comp75_3_Sub8,comp75_3_Sub8,-2329.489212,-2329.454219,-2329.480615,-497.710906,-1.9050899998984503,20.053017499949988,3.4895275001071013,5.394617500005552,21.95810749984844,16.563489999842886,-656.72,[H]C1=C([H])C2=C([H])C3([H])OC23C([H])=C1OC([H])([H])[H],[H]C1=C([H])C2=C([H])C3([H])OC23CC1=[O+]C([H])([H])[H],EDG,OMe,unknown,-2330.278023,-2330.238651,-2330.267856,-497.828951,-18.727109999909004,5.978819999921683,-12.347317499965271,6.379792499943733,24.705929999830687,18.326137499886954,-656.72
Int1_comp75_3_Sub9,TS_comp75_3_Sub9,Int2_comp75_3_Sub9,comp75_3_Sub9,-2551.94897,-2551.924301,-2551.951728,-720.176605,1.822887500105992,17.302685000045415,0.092242500052464,-1.7306450000535278,15.479797499939425,17.21044249999295,-672.96,[H]C1=C(C(F)(F)F)C([H])=C([H])C23OC2([H])C([H])=C13,[H][C+]1CC23OC2([H])[C+]([H])[C+]3[C-]([H])[C-]1C(F)(F)F,EWG,CF3,unknown,-2552.708811,-2552.680065,-2552.710333,-720.265592,-15.05435250001483,2.9837624999572654,-16.009407500029056,-0.9550550000142266,18.038114999972095,18.99316999998632,-672.96
Int1_comp75_6_Sub10,TS_comp75_6_Sub10,Int2_comp75_6_Sub10,comp75_6_Sub10,-2674.564132,-2674.532307,-2674.553754,-842.77179,-10.712679999919033,9.257507500097404,-4.200484999952892,6.512194999966141,19.97018750001644,13.457992500050295,-807.21,[H]c1oc2c(Cl)c([H])c([H])c([H])c2c1[H],[H]C1=c2c([H])c([H])c([H])c(Cl)c2=[O+]C1,EWG,Cl,pi-system,-2675.312763,-2675.275496,-2675.299623,-842.84882,-28.05866249992647,-4.673620000113772,-19.81331249991314,8.245350000013332,23.3850424998127,15.139692499799366,-807.21
Int1_comp75_6_Sub11,TS_comp75_6_Sub11,Int2_comp75_6_Sub11,comp75_6_Sub11,-2449.439481,-2449.408893,-2449.426729,-617.644426,-12.415087499901176,6.778882500148882,-4.41320749984385,8.001880000057326,19.19397000005005,11.192089999992731,-772.93,[H]C1=C([H])C2=C([H])C3([H])OC23C(C2([H])C([H])([H])C([H])([H])C([H])([H])C([H])([H])C2([H])[H])=C1[H],[H]C1=c2c([H])c([H])c([H])c(C3([H])C([H])([H])C([H])([H])C([H])([H])C([H])([H])C3([H])[H])c2=[O+]C1,steric,Cy,pi-system,-2450.34532,-2450.309434,-2450.330566,-617.877409,-30.548582499989152,-8.030117499914695,-21.290447500107348,9.258134999881804,22.518465000074457,13.260330000192653,-772.93
Int1_comp75_6_Sub12,TS_comp75_6_Sub12,Int2_comp75_6_Sub12,comp75_6_Sub12,-2372.103856,-2372.07576,-2372.093407,-540.313979,-9.165892500043356,8.464347499959786,-2.6091449998330063,6.556747500210349,17.63024000000314,11.073492499792792,-791.01,[H]C1=C([H])C2=C([H])C3([H])OC23C(C(C([H])([H])[H])(C([H])([H])[H])C([H])([H])[H])=C1[H],[H]C1=c2c([H])c([H])c([H])c(C(C([H])([H])[H])(C([H])([H])[H])C([H])([H])[H])c2=[O+]C1,steric,tBu,pi-system,-2372.971707,-2372.938144,-2372.95888,-540.509389,-27.038975000075425,-5.978192500101613,-18.99003250006558,8.048942500009844,21.06078249997381,13.011839999963968,-791.01
Int1_comp75_6_Sub13,TS_comp75_6_Sub13,Int2_comp75_6_Sub13,comp75_6_Sub13,-2332.852775,-2332.822065,-2332.839718,-501.060688,-10.552667499823656,8.717857500175796,-2.359400000035521,8.193267499788135,19.27052499999945,11.077257500211315,-776.64,[H]C1=C([H])C2=C([H])C3([H])OC23C(C([H])(C([H])([H])[H])C([H])([H])[H])=C1[H],[H]C1=c2c([H])c([H])c([H])c(C([H])(C([H])([H])[H])C([H])([H])[H])c2=[O+]C1,steric,iPr,pi-system,-2333.693092,-2333.657137,-2333.677761,-501.229101,-28.0887824999931,-5.527020000099299,-18.468579999955352,9.620202500037749,22.561762499893803,12.941559999856054,-776.64
Int1_comp75_6_Sub14,TS_comp75_6_Sub14,Int2_comp75_6_Sub14,comp75_6_Sub14,-2254.34475,-2254.313899,-2254.331877,-422.554077,-9.665382500066356,9.693619999923726,-1.587574999986714,8.077807500079643,19.359002499990083,11.28119499991044,-764.99,[H]C1=C([H])C2=C([H])C3([H])OC23C(C([H])([H])[H])=C1[H],[H]C1=c2c([H])c([H])c([H])c(C([H])([H])[H])c2=[O+]C1,steric,Me,pi-system,-2255.129729,-2255.093567,-2255.114596,-422.66793,-26.713302500148615,-4.021647499940713,-17.217344999939854,9.49595750020876,22.691655000207902,13.195697499999142,-764.99
Int1_comp75_6_Sub15,TS_comp75_6_Sub15,Int2_comp75_6_Sub15,comp75_6_Sub15,-2309.639695,-2309.608304,-2309.625526,-477.846681,-11.134359999853132,8.5634925001375,-2.243312499829244,8.891047500023888,19.69785249999063,10.806804999966744,-760.43,[H]c1oc2c(N([H])C([H])([H])[H])c([H])c([H])c([H])c2c1[H],[H]C1=c2c([H])c([H])c([H])c(N([H])C([H])([H])[H])c2=[O+]C1,EDG,NHCH3,pi-system,-2310.440938,-2310.404666,-2310.424987,-477.976468,-28.38935500012596,-5.628674999949652,-18.380102499929052,10.009252500196908,22.760680000176308,12.7514274999794,-760.43
Int1_comp75_6_Sub16,TS_comp75_6_Sub16,Int2_comp75_6_Sub16,comp75_6_Sub16,-2329.496199,-2329.46638,-2329.483307,-497.705078,-9.946502500034311,8.764920000163983,-1.8567724999134327,8.08973000012088,18.711422500198296,10.621692500077415,-753.13,[H]C1=C([H])C2=C([H])C3([H])OC23C(OC([H])([H])[H])=C1[H],[H]C1=c2c([H])c([H])c([H])c(OC([H])([H])[H])c2=[O+]C1,EDG,OMe,pi-system,-2330.285759,-2330.250456,-2330.270682,-497.823092,-27.25797249995054,-5.105340000165199,-17.797154999938414,9.460817500012126,22.15263249978534,12.691814999773214,-753.13
Int1_comp75_6_Sub9,TS_comp75_6_Sub9,Int2_comp75_6_Sub9,comp75_6_Sub9,-2551.963393,-2551.932305,-2551.954825,-720.173402,-9.237427499934086,10.270292500179892,-3.861007499811251,5.376420000122835,19.507720000113977,14.131299999991144,-834.1,[H]C1=C([H])C2=C([H])C3([H])OC23C(C(F)(F)F)=C1[H],[H]C1=c2c([H])c([H])c([H])c(C(F)(F)F)c2=[O+]C1,EWG,CF3,pi-system,-2552.724965,-2552.688316,-2552.713495,-720.26257,-27.087292499953435,-4.090045000160387,-19.88986750000521,7.197424999948225,22.997247499793048,15.799822499844822,-834.1
Int1_comp75_7_Sub10,TS_comp75_7_Sub10,Int2_comp75_7_Sub10,comp75_7_Sub10,-2674.552524,-2674.51861,-2674.544175,-842.775166,-1.3102200000449216,19.97081500001485,3.928777500068179,5.238997500113101,21.281035000059774,16.042037499946673,-717.1,[H]C1=C(Cl)C2=C([H])C3([H])OC23C([H])=C1[H],[H][C+]1[C+]([H])[C-]([H])C23OC2([H])C[C+]3[C-]1Cl,EWG,Cl,unknown,-2675.299982,-2675.261959,-2675.290326,-842.852168,-17.937715000011565,5.921717500030184,-11.878574999900309,6.059140000111256,23.85943250004175,17.800292499930492,-717.1
Int1_comp75_7_Sub17,TS_comp75_7_Sub17,Int2_comp75_7_Sub17,comp75_7_Sub17,-2551.950953,-2551.923712,-2551.948798,-720.173402,-1.43132749995317,15.66240000019178,-0.0790649998717185,1.3522625000814514,17.09372750014495,15.7414650000635,-630.43,[H]C1=C([H])C2=C([H])C3([H])OC23C(C(F)(F)F)=C1[H],[H][C+]1[C+]([H])[C-](C(F)(F)F)C23OC2([H])C[C+]3[C-]1[H],EWG,CF3,unknown,-2552.711596,-2552.680117,-2552.707756,-720.262571,-18.697617500090473,1.055455000046095,-16.28801749989634,2.409600000194132,19.753072500136568,17.343472499942436,-630.43
Int1_comp75_7_Sub18,TS_comp75_7_Sub18,Int2_comp75_7_Sub18,comp75_7_Sub18,-2674.551513,-2674.523751,-2674.548435,-842.771791,-2.793629999866596,14.627024999952312,-0.8621850000346853,1.9314449998319103,17.420654999818908,15.489209999986995,-636.8,[H]C1=C([H])C2=C([H])C3([H])OC23C(Cl)=C1[H],[H][C+]1[C+]([H])[C-](Cl)C23OC2([H])C[C+]3[C-]1[H],EWG,Cl,unknown,-2675.299155,-2675.267352,-2675.294616,-842.848822,-19.518387500087044,0.43799500010692327,-16.670165000072927,2.848222500014117,19.956382500193968,17.10816000017985,-636.8
Int1_comp75_7_Sub19,TS_comp75_7_Sub19,Int2_comp75_7_Sub19,comp75_7_Sub19,-2449.427463,-2449.397738,-2449.421417,-617.644465,-4.849319999955526,13.803117499963662,-1.0554549999747564,3.7938649999807694,18.652437499919188,14.858572499938418,-654.1,[H]C1=C([H])C2=C([H])C3([H])OC23C(C2([H])C([H])([H])C([H])([H])C([H])([H])C([H])([H])C2([H])[H])=C1[H],[H][C+]1[C+]([H])[C-](C2([H])C([H])([H])C([H])([H])C([H])([H])C([H])([H])C2([H])[H])C23OC2([H])C[C+]3[C-]1[H],steric,Cy,unknown,-2450.332096,-2450.298331,-2450.324671,-617.877372,-22.27374000005028,-1.086202499968465,-17.61455249990007,4.65918750015021,21.187537500081817,16.528349999931606,-654.1
Int1_comp75_7_Sub20,TS_comp75_7_Sub20,Int2_comp75_7_Sub20,comp75_7_Sub20,-2372.093708,-2372.064675,-2372.088818,-540.313977,-2.7992774998523373,15.41893000002176,0.269197499962388,3.0684749998147254,18.218207499874097,15.149732500059372,-647.78,[H]c1oc2c(C(C([H])([H])[H])(C([H])([H])[H])C([H])([H])[H])c([H])c([H])c([H])c2c1[H],[H][C+]1[C+]([H])[C-](C(C([H])([H])[H])(C([H])([H])[H])C([H])([H])[H])C23OC2([H])C[C+]3[C-]1[H],steric,tBu,unknown,-2372.960263,-2372.92724,-2372.953845,-540.509389,-19.85786499994333,0.8640675000299325,-15.830569999981208,4.027294999962123,20.721932499973263,16.69463750001114,-647.78
Int1_comp75_7_Sub21,TS_comp75_7_Sub21,Int2_comp75_7_Sub21,comp75_7_Sub21,-2332.840422,-2332.811622,-2332.835606,-501.059936,-3.273040000082972,14.798959999946248,-0.2510000000083323,3.0220400000746395,18.07200000002922,15.04995999995458,-652.1,[H]C1=C([H])C2=C([H])C3([H])OC23C(C([H])(C([H])([H])[H])C([H])([H])[H])=C1[H],[H][C+]1[C+]([H])[C-](C([H])(C([H])([H])[H])C([H])([H])[H])C23OC2([H])C[C+]3[C-]1[H],steric,iPr,unknown,-2333.679516,-2333.646855,-2333.673404,-501.228764,-19.781310000100945,0.7134675000177992,-15.946030000082061,3.8352800000188836,20.494777500118744,16.65949750009986,-652.1
Int1_comp75_7_Sub22,TS_comp75_7_Sub22,Int2_comp75_7_Sub22,comp75_7_Sub22,-2254.332444,-2254.304686,-2254.328446,-422.554077,-1.9433675000158248,15.474777500094774,0.5653775000706673,2.508745000086492,17.4181450001106,14.909400000024108,-657.06,[H]C1=C([H])C2=C([H])C3([H])OC23C(C([H])([H])[H])=C1[H],[H][C+]1[C+]([H])[C-](C([H])([H])[H])C23OC2([H])C[C+]3[C-]1[H],steric,Me,unknown,-2255.11647,-2255.084589,-2255.111038,-422.66793,-18.39327999996712,1.612047499960596,-14.984700000012339,3.4085799999547817,20.005327499927716,16.596747499972935,-657.06
Int1_comp75_7_Sub23,TS_comp75_7_Sub23,Int2_comp75_7_Sub23,comp75_7_Sub23,-2309.627152,-2309.598516,-2309.622137,-477.846686,-3.2604899999719805,14.708600000031709,-0.1135774998559213,3.146912500116059,17.96909000000369,14.82217749988763,-652.85,[H]C1=C([H])C2=C([H])C3([H])OC23C(N([H])C([H])([H])[H])=C1[H],[H]C1=C([H])C(=[N+]([H])C([H])([H])[H])C23OC2([H])CC3=C1[H],EDG,NHCH3,unknown,-2310.427346,-2310.395075,-2310.421271,-477.976465,-19.86225749996791,0.38779500005531986,-16.050195000104424,3.8120624998634867,20.25005250002323,16.437990000159743,-652.85
Int1_comp75_7_Sub24,TS_comp75_7_Sub24,Int2_comp75_7_Sub24,comp75_7_Sub24,-2329.483249,-2329.455084,-2329.479025,-497.705078,-1.8203774998626443,15.853159999959844,0.8301825000084762,2.6505599998711205,17.673537499822487,15.022977499951368,-644.99,[H]C1=C([H])C2=C([H])C3([H])OC23C(OC([H])([H])[H])=C1[H],[H]C1=C([H])C([H])=C2CC3([H])OC23C1=[O+]C([H])([H])[H],EDG,OMe,unknown,-2330.272101,-2330.239527,-2330.266012,-497.823092,-18.687577500044483,1.7526074998554009,-14.8667300000605,3.8208474999839837,20.440184999899884,16.6193374999159,-644.99
Int1_comp75_7_Sub6,TS_comp75_7_Sub6,Int2_comp75_7_Sub6,comp75_7_Sub6,-2254.333417,-2254.305508,-2254.327447,-422.558714,0.3557925001717876,17.868690000114498,4.101967499987609,3.746174999815821,17.51289749994271,13.766722500126887,-639.59,[H]c1c([H])c([H])c2c([H])c(C([H])([H])[H])oc2c1[H],[H][C+]1[C+]([H])[C-]([H])C23OC2(C([H])([H])[H])C[C+]3[C-]1[H],steric,Me,unknown,-2255.117978,-2255.086138,-2255.110651,-422.672713,-16.33821750016196,3.6413824999020505,-11.740524999999167,4.597692500162793,19.97960000006401,15.381907499901217,-639.59
Int1_comp75_7_Sub7,TS_comp75_7_Sub7,Int2_comp75_7_Sub7,comp75_7_Sub7,-2309.634438,-2309.60236,-2309.61969,-477.850282,-5.575964999975724,14.552980000139256,3.6784050000582624,9.254370000033989,20.12894500011498,10.874575000080997,-703.64,[H]C1=C([H])C2=C([H])C3(N([H])C([H])([H])[H])OC23C([H])=C1[H],[H][C+]1[C+]([H])[C-]([H])C23OC2(N([H])C([H])([H])[H])C[C+]3[C-]1[H],EDG,NHCH3,unknown,-2310.434229,-2310.398891,-2310.419303,-477.979854,-22.05474249999682,0.11985250008976323,-12.688677500102159,9.366064999894661,22.174595000086583,12.808530000191922,-703.64
Int1_comp75_7_Sub8,TS_comp75_7_Sub8,Int2_comp75_7_Sub8,comp75_7_Sub8,-2329.485585,-2329.464992,-2329.487823,-497.713899,2.248960000136009,15.171067499969835,0.8446150001147146,-1.4043450000212945,12.922107499833828,14.326452499855122,-633.54,[H]c1c([H])c([H])c2c([H])c(OC([H])([H])[H])oc2c1[H],[H][C+]1[C+]([H])[C-]([H])C23OC2(OC([H])([H])[H])C[C+]3[C-]1[H],EDG,OMe,pi-system,-2330.273911,-2330.249036,-2330.274696,-497.831522,-14.533527500152701,1.07553499988839,-15.026114999979114,-0.4925874998264135,15.609062500041091,16.101649999867504,-633.54
Int1_comp89_1_Sub17,TS_comp89_1_Sub17,Int2_comp89_1_Sub17,comp89_1_Sub17,-2416.677551,-2416.653354,-2416.667869,-584.902502,0.1386774999352269,15.322295000051724,6.214132500147969,6.075455000212742,15.183617500116496,9.108162499903756,-791.13,[H]c1nc([H])c(C(F)(F)F)c([H])c1[H],[H][C+]1C[C-]([H])[N-][C+]([H])[C+]1C(F)(F)F,EWG,CF3,unknown,-2417.410227,-2417.38216,-2417.399701,-584.964728,-16.485052499898245,1.126989999936825,-9.879987499881224,6.605065000017021,17.61204249983507,11.00697749981805,-791.13
Int1_comp89_1_Sub18,TS_comp89_1_Sub18,Int2_comp89_1_Sub18,comp89_1_Sub18,-2539.279275,-2539.255008,-2539.268721,-707.501923,-1.3064549998404118,13.921087500022509,5.316180000132249,6.622634999972661,15.22754249986292,8.60490749989026,-776.57,[H]c1nc([H])c(Cl)c([H])c1[H],[H][C+]1C[C-]([H])[N-][C+]([H])[C+]1Cl,EWG,Cl,unknown,-2539.998782,-2539.970925,-2539.98781,-707.552192,-17.16965500009593,0.31061249992916373,-10.284725000072115,6.8849300000238145,17.480267500025093,10.595337500001278,-776.57
Int1_comp89_1_Sub19,TS_comp89_1_Sub19,Int2_comp89_1_Sub19,comp89_1_Sub19,-2314.154683,-2314.128989,-2314.140881,-482.373953,-3.426150000088768,12.696835000152902,5.23460500015986,8.660755000248628,16.12298500024167,7.462229999993042,-772.97,[H]c1nc([H])c(C2([H])C([H])([H])C([H])([H])C([H])([H])C([H])([H])C2([H])[H])c([H])c1[H],[H][C+]1C[C-]([H])[N-][C+]([H])[C+]1C1([H])C([H])([H])C([H])([H])C([H])([H])C([H])([H])C1([H])[H],steric,Cy,unknown,-2315.031561,-2315.002668,-2315.016885,-482.579568,-20.56003749988264,-2.4296800000720964,-11.350847500019938,9.209189999862701,18.130357499810543,8.921167499947842,-772.97
Int1_comp89_1_Sub20,TS_comp89_1_Sub20,Int2_comp89_1_Sub20,comp89_1_Sub20,-2236.820993,-2236.796332,-2236.807862,-405.042546,-1.9935674998177435,13.481210000134354,6.246134999995832,8.239702499813575,15.474777499952095,7.235075000138522,-773.05,[H]c1nc([H])c(C(C([H])([H])[H])(C([H])([H])[H])C([H])([H])[H])c([H])c1[H],[H][C+]1C[C-]([H])[N-][C+]([H])[C+]1C(C([H])([H])[H])(C([H])([H])[H])C([H])([H])[H],steric,tBu,unknown,-2237.659312,-2237.630836,-2237.645605,-405.210827,-18.358767500161264,-0.4900774999040891,-9.757625000118821,8.601142500042442,17.868690000257175,9.267547500214732,-773.05
Int1_comp89_1_Sub21,TS_comp89_1_Sub21,Int2_comp89_1_Sub21,comp89_1_Sub21,-2197.568563,-2197.542899,-2197.554638,-365.789777,-2.2062899998157093,13.897870000045458,6.531647500024036,8.737937499839745,16.104159999861167,7.366222500021422,-777.81,[H]c1nc([H])c(C([H])(C([H])([H])[H])C([H])([H])[H])c([H])c1[H],[H][C+]1C[C-]([H])[N-][C+]([H])[C+]1C([H])(C([H])([H])[H])C([H])([H])[H],steric,iPr,unknown,-2198.379793,-2198.350191,-2198.365064,-365.930994,-18.55580250005616,0.019452499986556404,-9.31335500006341,9.24244749999275,18.575255000042716,9.332807500049967,-777.81
Int1_comp89_1_Sub22,TS_comp89_1_Sub22,Int2_comp89_1_Sub22,comp89_1_Sub22,-2119.058886,-2119.033257,-2119.045531,-287.281849,-1.108792499804423,14.973405000040856,7.271469999939626,8.380262499744049,16.08219749984528,7.70193500010123,-779.18,[H]c1nc([H])c(C([H])([H])[H])c([H])c1[H],[H][C+]1C[C-]([H])[N-][C+]([H])[C+]1C([H])([H])[H],steric,Me,unknown,-2119.815283,-2119.785437,-2119.800973,-287.369004,-16.974502499946595,1.7538624999949093,-7.994977499932077,8.979525000014519,18.728364999941505,9.748839999926986,-779.18
Int1_comp89_1_Sub23,TS_comp89_1_Sub23,Int2_comp89_1_Sub23,comp89_1_Sub23,-2174.355662,-2174.32904,-2174.340695,-342.575127,-3.303787499898334,13.401517500014537,6.088005000145387,9.39179250004372,16.70530499991287,7.313512499869148,-772.96,[H]c1nc([H])c(N([H])C([H])([H])[H])c([H])c1[H],[H][C+]1C[C-]([H])[N-][C+]([H])[C+]1N([H])C([H])([H])[H],EDG,NHCH3,unknown,-2175.127895,-2175.097674,-2175.112746,-342.677983,-19.254210000076313,-0.2905325000868686,-9.748212499892901,9.505997500183412,18.963677499989444,9.457679999806032,-772.96
Int1_comp89_1_Sub24,TS_comp89_1_Sub24,Int2_comp89_1_Sub24,comp89_1_Sub24,-2194.217494,-2194.191235,-2194.203352,-362.439166,-1.9188949999349347,14.558627500196335,6.95521000006039,8.874104999995325,16.477522500131272,7.603417500135947,-773.22,[H]c1nc([H])c(OC([H])([H])[H])c([H])c1[H],[H][C+]1C[C-]([H])[N-][C+]([H])[C+]1OC([H])([H])[H],EDG,OMe,unknown,-2194.978408,-2194.94833,-2194.963677,-362.530553,-17.96344249998228,0.9105024998770261,-8.719740000135374,9.243702499846904,18.873944999859305,9.6302425000124,-773.22
Int1_comp89_1_Sub6,TS_comp89_1_Sub6,Int2_comp89_1_Sub6,comp89_1_Sub6,-2119.058738,-2119.031376,-2119.043512,-287.282103,-0.8565375000489439,16.313117500118324,8.69777749994114,9.554314999990083,17.169655000167268,7.615340000177184,-770.71,[H]c1nc([H])c([H])c(C([H])([H])[H])c1[H],[H][C-]1[C+](C([H])([H])[H])CC2([H])[N-]C12[H],steric,Me,unknown,-2119.815375,-2119.784577,-2119.799912,-287.369982,-16.41853750010185,2.9072075000435404,-6.715504999987871,9.703032500113977,19.32574500014539,9.622712500031412,-770.71
Int1_comp89_1_Sub7,TS_comp89_1_Sub7,Int2_comp89_1_Sub7,comp89_1_Sub7,-2174.365437,-2174.33772,-2174.356153,-342.58108,-5.702092499906968,11.690325000054573,0.1236174999375805,5.825709999844548,17.39241749996154,11.56670750011699,-748.25,[H][C+]1C(=[N+]([H])C([H])([H])[H])[C-]([H])C2([H])[N-]C12[H],[H][C+]1C(=[N+]([H])C([H])([H])[H])CC2([H])[N-]C12[H],EDG,NHCH3,unknown,-2175.139059,-2175.107553,-2175.12843,-342.684024,-22.46889250005694,-2.6988774998918075,-15.79919500013176,6.669697499925178,19.77001500016513,13.100317500239953,-748.25
Int1_comp89_1_Sub8,TS_comp89_1_Sub8,Int2_comp89_1_Sub8,comp89_1_Sub8,-2194.222073,-2194.195723,-2194.203912,-362.44349,-2.0789074998876345,14.455717500170806,9.317120000089574,11.396027499977208,16.53462500005844,5.138597500081232,-762.76,[H][C+]1C(=[O+]C([H])([H])[H])[C-]([H])C2([H])[N-]C12[H],[H]C1=NC([H])=C([H])C(=[O+]C([H])([H])[H])C1,EDG,OMe,unknown,-2194.984173,-2194.952705,-2194.964129,-362.53514,-18.702637499899453,1.0435324998978501,-6.125027499980575,12.577609999918877,19.746169999797303,7.1685599998784255,-762.76
Int1_comp89_4_Sub10,TS_comp89_4_Sub10,Int2_comp89_4_Sub10,comp89_4_Sub10,-2539.278001,-2539.254199,-2539.274169,-707.503161,0.2698249999608038,15.205580000061047,2.67440500016761,2.4045800002068063,14.935755000100244,12.531174999893436,-771.33,[H]c1nc([H])c([H])c(Cl)c1[H],[H][C+]1[N-]C[C+]([H])[C-](Cl)[C+]1[H],EWG,Cl,unknown,-2539.997841,-2539.97021,-2539.992682,-707.553463,-15.781624999962105,1.5568274999930054,-12.544352500074183,3.237272499887922,17.33845249995511,14.101180000067188,-771.33
Int1_comp89_4_Sub11,TS_comp89_4_Sub11,Int2_comp89_4_Sub11,comp89_4_Sub11,-2314.154595,-2314.126635,-2314.146078,-482.374727,-2.885244999920644,14.659655000012606,2.4591724999262965,5.344417499846941,17.54489999993325,12.20048250008631,-765.59,[H]c1nc([H])c([H])c(C2([H])C([H])([H])C([H])([H])C([H])([H])C([H])([H])C2([H])[H])c1[H],[H][C+]1[N-]C[C+]([H])[C-](C2([H])C([H])([H])C([H])([H])C([H])([H])C([H])([H])C2([H])[H])[C+]1[H],steric,Cy,unknown,-2315.031931,-2314.999772,-2315.021387,-482.580395,-20.27327000000028,-0.09349750008496471,-13.6569099998691,6.616360000131181,20.179772499915316,13.563412499784135,-765.59
Int1_comp89_4_Sub12,TS_comp89_4_Sub12,Int2_comp89_4_Sub12,comp89_4_Sub12,-2236.81968,-2236.795175,-2236.808388,-405.044004,-0.2547649999988266,15.122122499915063,6.8309650000887245,7.085730000087551,15.376887499913892,8.29115749982634,-765.28,[H]C1=C(C(C([H])([H])[H])(C([H])([H])[H])C([H])([H])[H])[C+]([H])C2([H])[N-]C12[H],[H][C+]1[N-]C[C+]([H])[C-](C(C([H])([H])[H])(C([H])([H])[H])C([H])([H])[H])[C+]1[H],steric,tBu,unknown,-2237.659123,-2237.629964,-2237.646164,-405.212283,-17.326529999949543,0.9707424998676117,-9.194757500148825,8.131772499800718,18.297272499817154,10.165500000016436,-765.28
Int1_comp89_4_Sub13,TS_comp89_4_Sub13,Int2_comp89_4_Sub13,comp89_4_Sub13,-2197.567833,-2197.540027,-2197.559563,-365.790571,-1.2499799999829977,16.198285000051555,3.939445000183923,5.189425000166921,17.448265000034553,12.258839999867632,-778.15,[H]c1nc([H])c([H])c(C([H])(C([H])([H])[H])C([H])([H])[H])c1[H],[H][C+]1[N-]C[C+]([H])[C-](C([H])(C([H])([H])[H])C([H])([H])[H])[C+]1[H],steric,iPr,unknown,-2198.379758,-2198.347671,-2198.369364,-365.93184,-18.002975000025145,2.131617500004239,-11.480740000084353,6.5222349999407925,20.134592500029385,13.612357500088592,-778.15
Int1_comp89_4_Sub14,TS_comp89_4_Sub14,Int2_comp89_4_Sub14,comp89_4_Sub14,-2119.058053,-2119.0318,-2119.050829,-287.282817,0.0213349999461343,16.495092499944235,4.5543950002007705,4.533060000254636,16.4737574999981,11.940697499743465,-768.44,[H]c1nc([H])c([H])c(C([H])([H])[H])c1[H],[H][C+]1[N-]C[C+]([H])[C-](C([H])([H])[H])[C+]1[H],steric,Me,unknown,-2119.81481,-2119.784303,-2119.805626,-287.369993,-16.05709749990865,3.0860450000557194,-10.294137499905673,5.762960000002977,19.14314249996437,13.380182499961393,-768.44
Int1_comp89_4_Sub16,TS_comp89_4_Sub16,Int2_comp89_4_Sub16,comp89_4_Sub16,-2194.22171,-2194.194016,-2194.207933,-362.443489,-1.8517524998190995,15.52623250010754,6.793314999969766,8.645067499788865,17.37798499992664,8.732917500137773,-763.04,[H][C+]1C(=[O+]C([H])([H])[H])[C-]([H])C2([H])[N-]C12[H],[H][C+]1[N-]C[C+]([H])[C-](OC([H])([H])[H])[C+]1[H],EDG,OMe,unknown,-2194.98388,-2194.951393,-2194.969049,-362.53514,-18.518780000149633,1.8668125001020996,-9.21232749989045,9.306452500259184,20.385592500251732,11.079139999992549,-763.04
Int1_comp89_4_Sub17,TS_comp89_4_Sub17,Int2_comp89_4_Sub17,comp89_4_Sub17,-2416.679035,-2416.652885,-2416.674249,-584.902916,-0.5327475000103732,15.87637750007957,2.470467499969118,3.003214999979491,16.409125000089944,13.405910000110453,-764.81,[H]c1nc(C(F)(F)F)c([H])c([H])c1[H],[H][C+]1C[N-][C+](C(F)(F)F)[C+]([H])[C-]1[H],EWG,CF3,unknown,-2417.411532,-2417.381756,-2417.405435,-584.965211,-17.00085750009407,1.6835824998156568,-13.174990000122762,3.8258674999713094,18.684439999909728,14.858572499938418,-764.81
Int1_comp89_4_Sub18,TS_comp89_4_Sub18,Int2_comp89_4_Sub18,comp89_4_Sub18,-2539.283337,-2539.257303,-2539.272187,-707.505787,-1.4306999998120773,14.90563500017629,5.565925000072411,6.996624999884489,16.336334999988367,9.339710000103878,-767.09,[H]c1nc(Cl)c([H])c([H])c1[H],[H][C+]1C[N-][C+](Cl)[C+]([H])[C-]1[H],EWG,Cl,unknown,-2540.002824,-2539.973215,-2539.991778,-707.556053,-17.283232500094527,1.2964150000084373,-10.351867500045273,6.931365000049254,18.579647500102965,11.64828250005371,-767.09
Int1_comp89_4_Sub19,TS_comp89_4_Sub19,Int2_comp89_4_Sub19,comp89_4_Sub19,-2314.155987,-2314.128331,-2314.143043,-482.377067,-2.2903749999957768,15.063765000133742,5.831985000042721,8.122360000038498,17.35414000012952,9.23178000009102,-775.48,[H]c1nc(C2([H])C([H])([H])C([H])([H])C([H])([H])C([H])([H])C2([H])[H])c([H])c([H])c1[H],[H][C+]1C[N-][C+](C2([H])C([H])([H])C([H])([H])C([H])([H])C([H])([H])C2([H])[H])[C+]([H])[C-]1[H],steric,Cy,unknown,-2315.032634,-2315.001389,-2315.019105,-482.582744,-19.240405000111167,0.36583249996809286,-10.750957499929399,8.489447500181768,19.60623750007926,11.116789999897492,-775.48
Int1_comp89_4_Sub21,TS_comp89_4_Sub21,Int2_comp89_4_Sub21,comp89_4_Sub21,-2197.568959,-2197.541588,-2197.556527,-365.79319,-0.3131225000655036,16.862180000016167,7.487957499928086,7.80107999999359,17.17530250008167,9.37422250008808,-777.53,[H]c1nc(C([H])(C([H])([H])[H])C([H])([H])[H])c([H])c([H])c1[H],[H][C+]1C[N-][C+](C([H])(C([H])([H])[H])C([H])([H])[H])[C+]([H])[C-]1[H],steric,iPr,unknown,-2198.380719,-2198.349359,-2198.36709,-365.934447,-16.9701100001717,2.7082900000820587,-8.417912500148361,8.55219750002334,19.67840000025376,11.12620250023042,-777.53
Int1_comp89_4_Sub22,TS_comp89_4_Sub22,Int2_comp89_4_Sub22,comp89_4_Sub22,-2119.061126,-2119.033514,-2119.047307,-287.28454,-0.8257899999838969,16.500739999929976,7.8456325001664595,8.671422500150356,17.326529999913873,8.655107499763517,-776.38,[H]c1nc(C([H])([H])[H])c([H])c([H])c1[H],[H][C+]1C[N-][C+](C([H])([H])[H])[C+]([H])[C-]1[H],steric,Me,unknown,-2119.816956,-2119.78587,-2119.802603,-287.371647,-16.36582750009225,3.1406374998822173,-7.3593200000745185,9.006507500017733,19.50646499997447,10.499957499956736,-776.38
Int1_comp89_4_Sub23,TS_comp89_4_Sub23,Int2_comp89_4_Sub23,comp89_4_Sub23,-2174.367119,-2174.338319,-2174.350812,-342.586942,-3.079142499930469,14.99285750009875,7.153499999987787,10.232642499918256,18.07200000002922,7.839357500110964,-761.14,[H]c1nc(N([H])C([H])([H])[H])c([H])c([H])c1[H],[H][C+]1C[N-][C+](N([H])C([H])([H])[H])[C+]([H])[C-]1[H],EDG,NHCH3,unknown,-2175.139669,-2175.107171,-2175.122732,-342.690004,-19.09921750011094,1.293277499909351,-8.47124999990669,10.62796750020425,20.39249500002029,9.76452749981604,-761.14
Int1_comp89_4_Sub24,TS_comp89_4_Sub24,Int2_comp89_4_Sub24,comp89_4_Sub24,-2194.23042,-2194.201214,-2194.220718,-362.453466,-1.05670999986458,17.27005499994945,5.031295000031122,6.088004999895702,18.32676499981403,12.23875999991833,-761.82,[H]c1nc(OC([H])([H])[H])c([H])c([H])c1[H],[H][C+]1C[N-][C+](OC([H])([H])[H])[C+]([H])[C-]1[H],EDG,OMe,unknown,-2194.991605,-2194.958548,-2194.980424,-362.545015,-17.1696550001316,3.5736124999304764,-10.15357749993953,7.016077500192068,20.743267500062075,13.727189999870006,-761.82
Int1_comp89_4_Sub9,TS_comp89_4_Sub9,Int2_comp89_4_Sub9,comp89_4_Sub9,-2416.674776,-2416.651067,-2416.671453,-584.90218,1.6779350001866078,16.555332500220175,3.763117500129738,2.08518249994313,14.877397500033569,12.792215000090437,-771.25,[H]c1nc([H])c([H])c(C(F)(F)F)c1[H],[H][C+]1[N-]C[C+]([H])[C-](C(F)(F)F)[C+]1[H],EWG,CF3,unknown,-2417.407509,-2417.379986,-2417.402783,-584.964381,-14.99725000008766,2.2734325000385525,-12.031685000013113,2.965565000074548,17.270682500126213,14.305117500051665,-771.25
Int1_comp91_6_Sub14,TS_comp91_6_Sub14,Int2_comp91_6_Sub14,comp91_6_Sub14,-2218.274873,-2218.242517,-2218.251904,-386.49676,-1.783982499847525,18.519407499969702,12.629064999931645,14.413047499779168,20.303389999817227,5.890342500038059,-734.66,[H]c1c(F)nc(C([H])([H])[H])c([H])c1[H],[H][C+]1C[C-](C([H])([H])[H])[N-][C+](F)[C+]1[H],steric,Me,unknown,-2219.022662,-2218.986748,-2219.000162,-386.574778,-17.981639999936334,4.554395000093763,-3.862889999913506,14.118750000022828,22.536035000030097,8.417285000007269,-734.66
Int1_comp91_6_Sub17,TS_comp91_6_Sub17,Int2_comp91_6_Sub17,comp91_6_Sub17,-2515.885952,-2515.861187,-2515.875918,-684.110397,-0.1788374999765096,15.361200000096176,6.117497499963918,6.296334999940427,15.540037500072684,9.243702500132258,-789.93,[H]c1nc(F)c(C(F)(F)F)c([H])c1[H],[H][C+]1CC2([H])[N-]C2(F)[C-]1C(F)(F)F,EWG,CF3,unknown,-2516.610021,-2516.581339,-2516.599125,-684.163775,-16.953794999998877,1.044160000074612,-10.11655500014001,6.837239999858866,17.99795500007349,11.160715000214623,-789.93
Int1_comp91_6_Sub18,TS_comp91_6_Sub18,Int2_comp91_6_Sub18,comp91_6_Sub18,-2638.487213,-2638.461807,-2638.476012,-806.709464,-1.555572499853497,14.386692499988383,5.473055000021532,7.028627499875029,15.942264999841882,8.913637499966853,-788.35,[H]c1nc(F)c(Cl)c([H])c1[H],[H][C+]1CC2([H])[N-]C2(F)[C-]1Cl,EWG,Cl,unknown,-2639.198243,-2639.169171,-2639.186559,-806.750785,-17.714324999933524,0.5283549999501247,-10.382615000181659,7.331709999751865,18.24267999988365,10.910970000131783,-788.35
Int1_comp91_6_Sub19,TS_comp91_6_Sub19,Int2_comp91_6_Sub19,comp91_6_Sub19,-2413.367295,-2413.339439,-2413.351541,-581.584771,-4.551884999921754,12.927755000176262,5.333750000087889,9.885635000009644,17.479640000098016,7.594005000088373,-782.53,[H][C+]1[C-]([H])C2([H])[N-]C2(F)[C-]1C1([H])C([H])([H])C([H])([H])C([H])([H])C([H])([H])C1([H])[H],[H][C+]1CC2([H])[N-]C2(F)[C-]1C1([H])C([H])([H])C([H])([H])C([H])([H])C([H])([H])C1([H])[H],steric,Cy,unknown,-2414.235712,-2414.20395,-2414.219247,-581.78202,-21.626160000115817,-1.6955050000709093,-11.294372500019847,10.33178750009597,19.930655000044908,9.598867499948938,-782.53
Int1_comp91_6_Sub20,TS_comp91_6_Sub20,Int2_comp91_6_Sub20,comp91_6_Sub20,-2336.031732,-2336.005352,-2336.017496,-504.253203,-2.045022499901848,14.508427499966388,6.888067500087232,8.933089999989079,16.553449999868235,7.620359999879156,-783.73,[H][C+]1[C-]([H])C2([H])[N-]C2(F)[C-]1C(C([H])([H])[H])(C([H])([H])[H])C([H])([H])[H],[H][C+]1CC2([H])[N-]C2(F)[C-]1C(C([H])([H])[H])(C([H])([H])[H])C([H])([H])[H],steric,tBu,unknown,-2336.861783,-2336.831857,-2336.847108,-504.412966,-18.567097499920635,0.21146749989412683,-9.358534999985011,9.208562499935624,18.778564999814762,9.570002499879138,-783.73
Int1_comp91_6_Sub21,TS_comp91_6_Sub21,Int2_comp91_6_Sub21,comp91_6_Sub21,-2296.780624,-2296.752961,-2296.76515,-465.000839,-2.833162499945132,14.52536999995928,6.8767724999374025,9.709934999882536,17.358532499904413,7.648597500021879,-782.01,[H][C+]1[C-]([H])C2([H])[N-]C2(F)[C-]1C([H])(C([H])([H])[H])C([H])([H])[H],[H][C+]1CC2([H])[N-]C2(F)[C-]1C([H])(C([H])([H])[H])C([H])([H])[H],steric,iPr,unknown,-2297.583676,-2297.552127,-2297.567508,-465.133602,-19.355865000140682,0.44113250002766335,-9.210445000073548,10.145420000067134,19.796997500168345,9.651577500101212,-782.01
Int1_comp91_6_Sub22,TS_comp91_6_Sub22,Int2_comp91_6_Sub22,comp91_6_Sub22,-2218.272121,-2218.244892,-2218.257455,-386.494132,-1.7061724999369687,15.38002499994164,7.4967425000842525,9.20291500002122,17.086197499878608,7.883282499857387,-784.48,[H][C+]1[C-]([H])C2([H])[N-]C2(F)[C-]1C([H])([H])[H],[H][C+]1CC2([H])[N-]C2(F)[C-]1C([H])([H])[H],steric,Me,unknown,-2219.019636,-2218.988626,-2219.004419,-386.572377,-17.589452499999112,1.8693225000957625,-8.040784999923432,9.54866750007568,19.458775000094874,9.910107500019194,-784.48
Int1_comp91_6_Sub23,TS_comp91_6_Sub23,Int2_comp91_6_Sub23,comp91_6_Sub23,-2273.562392,-2273.534185,-2273.546898,-441.781414,-3.581769999838542,14.118122500060082,6.140715000012307,9.722484999850847,17.699892499898624,7.977407500047775,-784.02,[H]c1nc(F)c(N([H])C([H])([H])[H])c([H])c1[H],[H][C+]1CC2([H])[N-]C2(F)[C-]1N([H])C([H])([H])[H],EDG,NHCH3,unknown,-2274.326042,-2274.294616,-2274.310504,-441.875669,-19.54348750009501,0.1763274999115083,-9.793392500028517,9.750095000066494,19.71981500000652,9.969719999940025,-784.02
Int1_comp91_6_Sub7,TS_comp91_6_Sub7,Int2_comp91_6_Sub7,comp91_6_Sub7,-2273.578733,-2273.545369,-2273.569476,-441.794114,-5.8664974998485775,15.069412500083814,-0.0577300000325919,5.8087674998159855,20.93590999993239,15.127142500116406,-791.74,[H][C+]1C(=[N+]([H])C([H])([H])[H])[C-]([H])C2([H])[N-]C12F,[H][C+]1C(=[N+]([H])C([H])([H])[H])CC2([H])[N-]C12F,EDG,NHCH3,unknown,-2274.34383,-2274.30568,-2274.3331,-441.888021,-22.95457749990078,0.9845475000111037,-16.2215024999216,6.733074999979181,23.939124999911883,17.206049999932702,-791.74
Int1_comp91_6_Sub8,TS_comp91_6_Sub8,Int2_comp91_6_Sub8,comp91_6_Sub8,-2293.432878,-2293.407462,-2293.418368,-461.655629,-1.2418225000035932,14.706717499965125,7.8632024999794226,9.105024999983016,15.948539999968716,6.8435149999857,-763.87,[H][C+]1C(=[O+]C([H])([H])[H])[C-]([H])C2([H])[N-]C12F,[H][C+]1C(=[O+]C([H])([H])[H])CC2([H])[N-]C12F,EDG,OMe,unknown,-2294.186611,-2294.155752,-2294.170301,-461.738199,-18.3129600000629,1.051062499914508,-8.07843500007806,10.234524999984842,19.36402249997741,9.129497499992567,-763.87
Int1_comp94_0_Sub10,TS_comp94_0_Sub10,Int2_comp94_0_Sub10,comp94_0_Sub10,-3458.243502,-3458.21417,-3458.235539,-1626.46415,-2.561454999810735,15.844374999946352,2.435327500200515,4.99678250001125,18.40582999975709,13.40904749974584,-618.45,[H][C-]1[C+](Cl)C2(Cl)[N-]C2(Cl)[C-]1[H],[H][C-]1C[C+](Cl)C2(Cl)[N-]C12Cl,EWG,Cl,unknown,-3458.941872,-3458.908623,-3458.932994,-1626.491074,-19.81017499992106,1.0535725001221863,-14.239229999861323,5.570945000059737,20.863747500043246,15.292802499983509,-618.45
Int1_comp94_0_Sub13,TS_comp94_0_Sub13,Int2_comp94_0_Sub13,comp94_0_Sub13,-3116.534672,-3116.503425,-3116.523676,-1284.754464,-3.09859499973868,16.508897500194735,3.801395000247112,6.899989999985792,19.60749249993341,12.707502499947624,-610.36,[H]c1c(C([H])(C([H])([H])[H])C([H])([H])[H])nc(Cl)c(Cl)c1[H],[H][C-]1C[C+](Cl)C2(Cl)[N-]C12C([H])(C([H])([H])[H])C([H])([H])[H],steric,iPr,unknown,-3117.324912,-3117.289209,-3117.312437,-1284.872729,-20.679262500080995,1.7243699999266937,-12.85120000008419,7.828062499996804,22.40363250000769,14.575570000010885,-610.36
Int1_comp94_0_Sub14,TS_comp94_0_Sub14,Int2_comp94_0_Sub14,comp94_0_Sub14,-3038.02521,-3037.99374,-3038.014183,-1206.245852,-2.5652199998012293,17.182205000135582,4.354222500206788,6.919442500008017,19.74742499993681,12.827982499928794,-617.41,[H]c1c(C([H])([H])[H])nc(Cl)c(Cl)c1[H],[H][C-]1C[C+](Cl)C2(Cl)[N-]C12C([H])([H])[H],steric,Me,unknown,-3038.760475,-3038.724725,-3038.747991,-1206.309578,-19.87229749997823,2.5608275000263347,-12.038587500067024,7.833709999911207,22.433125000004566,14.599415000093359,-617.41
Int1_comp94_0_Sub16,TS_comp94_0_Sub16,Int2_comp94_0_Sub16,comp94_0_Sub16,-3113.194772,-3113.158701,-3113.17884,-1281.413504,-3.763744999771461,18.87080750022392,6.233585000098856,9.997329999870315,22.63455249999538,12.637222500125064,-624.48,[H]c1c(OC([H])([H])[H])nc(Cl)c(Cl)c1[H],[H][C-]1C[C+](Cl)C2(Cl)[N-]C12OC([H])([H])[H],EDG,OMe,unknown,-3113.934443,-3113.894348,-3113.91744,-1281.481882,-20.916457500052843,4.243155000130514,-10.247075000095833,10.66938249995701,25.159612500183357,14.490230000226347,-624.48
Int1_comp94_0_Sub2,TS_comp94_0_Sub2,Int2_comp94_0_Sub2,comp94_0_Sub2,-3458.238569,-3458.200511,-3458.225652,-1626.460614,-1.6848374999551652,22.19655750010247,6.42058000005477,8.105417500009935,23.88139500005764,15.775977500047702,-707.05,[H]c1nc(Cl)c(Cl)c([H])c1Cl,[H]C12[N-]C1(Cl)[C+](Cl)C[C-]2Cl,EWG,Cl,unknown,-3458.936134,-3458.895266,-3458.923215,-1626.487481,-18.46418750010912,7.180482499919663,-10.357514999959676,8.106672500149443,25.644670000028782,17.53799749987934,-707.05
Int1_comp94_6_Sub10,TS_comp94_6_Sub10,Int2_comp94_6_Sub10,comp94_6_Sub10,-3458.239901,-3458.213463,-3458.235395,-1626.45913,-3.4518774999168045,13.13796750000222,-0.6243625000644215,2.827514999852383,16.589844999919023,13.76233000006664,-761.39,[H]c1nc(Cl)c(Cl)c(Cl)c1[H],[H][C+]1C[N-][C+](Cl)[C+](Cl)[C-]1Cl,EWG,Cl,unknown,-3458.939032,-3458.907716,-3458.932144,-1626.486392,-20.9660300001417,-1.3152400001035858,-16.643809999925452,4.322220000216248,19.650790000038114,15.328569999821866,-761.39
Int1_comp94_6_Sub15,TS_comp94_6_Sub15,Int2_comp94_6_Sub15,comp94_6_Sub15,-3093.325297,-3093.299853,-3093.319413,-1261.544634,-3.3841074998025533,12.582002500121805,0.3081025000068393,3.6922099998093927,15.966109999924356,12.273900000114963,-767.56,[H][C+]1C(N([H])C([H])([H])[H])=C(Cl)C2(Cl)[N-]C12[H],[H][C+]1C[N-][C+](Cl)[C+](Cl)[C-]1N([H])C([H])([H])[H],EDG,NHCH3,unknown,-3094.077569,-3094.047146,-3094.06899,-1261.625117,-20.848060000011515,-1.757627499914065,-15.464737500120123,5.383322499891392,19.09043250009745,13.707110000206058,-767.56
Int1_comp94_6_Sub16,TS_comp94_6_Sub16,Int2_comp94_6_Sub16,comp94_6_Sub16,-3113.185349,-3113.14853,-3113.169237,-1281.395482,-9.15961749991652,13.944305000035229,0.950662499953978,10.1102799998705,23.10392249995175,12.99364250008125,-758.86,[H][C+]1C(=[O+]C([H])([H])[H])[C-](Cl)C2(Cl)[N-]C12[H],[H][C+]1C[N-][C+](Cl)[C+](Cl)[C-]1OC([H])([H])[H],EDG,OMe,unknown,-3113.925366,-3113.883202,-3113.906447,-1281.463171,-26.9617924999136,-0.5038824999405733,-15.090119999853187,11.871672500060413,26.457909999973026,14.586237499912613,-758.86
Int1_comp94_6_Sub2,TS_comp94_6_Sub2,Int2_comp94_6_Sub2,comp94_6_Sub2,-3458.238349,-3458.205371,-3458.228284,-1626.460614,-1.546787500018354,19.14690750009754,4.769000000229653,6.315787500248007,20.69369500011589,14.377907499867888,-711.09,[H]c1nc(Cl)c(Cl)c([H])c1Cl,[H][C-]1[C+](Cl)C[N-][C+](Cl)[C+]1Cl,EWG,Cl,unknown,-3458.935835,-3458.899223,-3458.925665,-1626.487481,-18.276565000226128,4.69746499998223,-11.89489000021581,6.381675000010318,22.97403000020836,16.59235500019804,-711.09
Int1_comp94_6_Sub9,TS_comp94_6_Sub9,Int2_comp94_6_Sub9,comp94_6_Sub9,-3335.628917,-3335.609046,-3335.631129,-1503.855523,1.1771900000240976,13.64624250000304,-0.2108399998957111,-1.388029999919809,12.469052499978943,13.857082499898752,-752.67,[H]c1nc(Cl)c(Cl)c(C(F)(F)F)c1[H],[H][C+]1C[N-][C+](Cl)[C+](Cl)[C-]1C(F)(F)F,EWG,CF3,unknown,-3336.339967,-3336.316113,-3336.340654,-1503.895173,-16.04266499987375,-1.0742799998558894,-16.4737574999981,-0.4310925001243504,14.96838500001786,15.399477500142211,-752.67
Int1_comp97_2_Sub10,TS_comp97_2_Sub10,Int2_comp97_2_Sub10,comp97_2_Sub10,-3335.630549,-3335.590175,-3335.619509,-1503.855519,0.1506000000478025,25.48528500014584,7.078199999963886,6.927599999916083,25.33468500009804,18.40708500018195,-804.68,[H]c1nc(Cl)c(Cl)c(C(F)(F)F)c1[H],[H]C12C[C+](C(F)(F)F)[C+](Cl)C1(Cl)[N-]2,EWG,Cl,unknown,-3336.341946,-3336.297264,-3336.329908,-1503.895168,-17.2876250000121,10.75033000010933,-9.733780000107686,7.553844999904413,28.03795500012143,20.484110000217015,-804.68
Int1_comp97_2_Sub14,TS_comp97_2_Sub14,Int2_comp97_2_Sub14,comp97_2_Sub14,-2915.418253,-2915.375834,-2915.404393,-1083.643334,0.2202525002286393,26.838175000154365,8.917402500242702,8.697150000014062,26.61792249992573,17.920772499911664,-781.51,[H]c1nc(Cl)c(C([H])([H])[H])c(C(F)(F)F)c1[H],[H]C([H])([H])[C+]1[C+](C(F)(F)F)CC2([H])[N-]C12Cl,steric,Me,unknown,-2916.166797,-2916.120177,-2916.152145,-1083.720065,-17.2587599999423,11.995290000105001,-8.064630000041575,9.194129999900724,29.2540500000473,20.059920000146576,-781.51
Int1_comp97_2_Sub15,TS_comp97_2_Sub15,Int2_comp97_2_Sub15,comp97_2_Sub15,-2970.703571,-2970.660848,-2970.692678,-1138.932283,2.4987050001118405,29.30738750012665,9.334062500189477,6.8353575000776345,26.80868250001481,19.973324999937176,-790.56,[H]c1nc(Cl)c(N([H])C([H])([H])[H])c(C(F)(F)F)c1[H],[H]N([C+]1[C+](C(F)(F)F)CC2([H])[N-]C12Cl)C([H])([H])[H],EDG,NHCH3,unknown,-2971.468552,-2971.421975,-2971.456537,-1139.02576,-14.786409999906596,14.440657499852136,-7.246997500037082,7.539412499869513,29.227067499758732,21.68765499988922,-790.56
Int1_comp97_2_Sub16,TS_comp97_2_Sub16,Int2_comp97_2_Sub16,comp97_2_Sub16,-2990.567924,-2990.527954,-2990.556764,-1158.794255,1.0046275001030835,26.085802499985107,8.007527500114406,7.002900000011323,25.081174999882023,18.0782749998707,-789.38,[H]c1nc(Cl)c(OC([H])([H])[H])c(C(F)(F)F)c1[H],[H]C([H])([H])O[C+]1[C+](C(F)(F)F)CC2([H])[N-]C12Cl,EDG,OMe,unknown,-2991.320052,-2991.275988,-2991.307997,-1158.874532,-16.498230000007652,11.151930000094126,-8.933717499916156,7.564512500091496,27.650160000101778,20.085647500010282,-789.38
Int1_comp97_2_Sub2,TS_comp97_2_Sub2,Int2_comp97_2_Sub2,comp97_2_Sub2,-3335.63881,-3335.592179,-3335.622479,-1503.866046,1.5725150001674135,30.83346749998327,11.820217500047647,10.247702499880234,29.260952499815858,19.013249999935624,-810.76,[H][C+]1[C+](C(F)(F)F)[C-]([H])C2(Cl)[N-]C12Cl,[H][C+]1[C+](C(F)(F)F)CC2(Cl)[N-]C12Cl,EWG,Cl,unknown,-3336.349765,-3336.299252,-3336.333102,-1503.904833,-16.129259999940473,15.567647500145654,-5.673227500015514,10.456032499924959,31.696907500086127,21.240875000161168,-810.76
Int1_comp98_2_Sub14,TS_comp98_2_Sub14,Int2_comp98_2_Sub14,comp98_2_Sub14,-2197.580663,-2197.54453,-2197.567741,-365.802515,-1.80594500004176,20.86751249999807,6.302610000174269,8.108555000216029,22.67345750003983,14.564902499823802,-649.88,[H]c1nc(C([H])([H])[H])c(C([H])([H])[H])c(C([H])([H])[H])c1[H],[H][C+]1C[C-](C([H])([H])[H])[C+](C([H])([H])[H])[C+](C([H])([H])[H])[N-]1,steric,Me,unknown,-2198.389043,-2198.349739,-2198.375775,-365.941222,-17.942107500107483,6.721152499830936,-9.616437500011585,8.325670000095897,24.66325999993842,16.33758999984252,-649.88
Int1_comp98_2_Sub15,TS_comp98_2_Sub15,Int2_comp98_2_Sub15,comp98_2_Sub15,-2252.871432,-2252.834644,-2252.856466,-421.091198,-3.1149099998758345,19.96956000005369,6.276254999955455,9.39116499983129,23.084469999929524,13.693305000098237,-668.75,[H]c1nc(C([H])([H])[H])c(N([H])C([H])([H])[H])c(C([H])([H])[H])c1[H],[H][C+]1C[C-](C([H])([H])[H])[C+](N([H])C([H])([H])[H])[C+](C([H])([H])[H])[N-]1,EDG,NHCH3,unknown,-2253.697089,-2253.65679,-2253.681812,-421.246574,-19.632592499870043,5.65502999999012,-10.04627499988942,9.586317499980623,25.287622499860163,15.70130499987954,-668.75
Int1_comp98_2_Sub16,TS_comp98_2_Sub16,Int2_comp98_2_Sub16,comp98_2_Sub16,-2272.736847,-2272.700936,-2272.723068,-440.958775,-1.7582550000194883,20.775897499944023,6.888067500194239,8.646322500213728,22.53415249996351,13.887829999749783,-667.24,[H]c1nc(C([H])([H])[H])c(OC([H])([H])[H])c(C([H])([H])[H])c1[H],[H][C+]1C[C-](C([H])([H])[H])[C+](OC([H])([H])[H])[C+](C([H])([H])[H])[N-]1,EDG,OMe,unknown,-2273.548923,-2273.509185,-2273.534816,-441.099961,-18.65808499990493,6.277510000059294,-9.805942499925493,8.852142499979436,24.935594999964223,16.083452499984787,-667.24
Int1_comp98_2_Sub17,TS_comp98_2_Sub17,Int2_comp98_2_Sub17,comp98_2_Sub17,-2495.205723,-2495.170738,-2495.195743,-663.426254,-2.634872499982066,19.3182150001644,3.627577499901236,6.262449999883302,21.953087500146463,15.690637500263165,-669.62,[H]c1nc(C([H])([H])C(F)(F)F)c([H])c(C([H])([H])[H])c1[H],[H][C+]1C[C-](C([H])([H])[H])[C+]([H])[C+](C([H])([H])C(F)(F)F)[N-]1,EWG,CF3,unknown,-2495.991918,-2495.953155,-2495.981,-663.541644,-19.48136500010918,4.8424174999016145,-12.63032000014249,6.851044999966689,24.323782500010793,17.472737500044104,-669.62
Int1_comp98_2_Sub18,TS_comp98_2_Sub18,Int2_comp98_2_Sub18,comp98_2_Sub18,-2617.801215,-2617.765528,-2617.790927,-786.020926,-3.1494224998957066,19.24417000013733,3.306297500070343,6.45571999996605,22.39359250003304,15.937872500066987,-668.25,[H]c1nc(C([H])([H])Cl)c([H])c(C([H])([H])[H])c1[H],[H][C+]1C[C-](C([H])([H])[H])[C+]([H])[C+](C([H])([H])Cl)[N-]1,EWG,Cl,unknown,-2618.574429,-2618.534938,-2618.563011,-786.123084,-20.153417499910518,4.627185000088332,-12.988622500165263,7.164794999745254,24.78060249999885,17.615807500253595,-668.25
Int1_comp98_2_Sub19,TS_comp98_2_Sub19,Int2_comp98_2_Sub19,comp98_2_Sub19,-2392.674291,-2392.637982,-2392.660761,-560.892005,-4.402539999799444,18.38135749996156,4.087535000024047,8.490074999823491,22.783897499761,14.293822499937503,-668.89,[H]c1nc(C([H])([H])C2([H])C([H])([H])C([H])([H])C([H])([H])C([H])([H])C2([H])[H])c([H])c(C([H])([H])[H])c1[H],[H][C+]1C[C-](C([H])([H])[H])[C+]([H])[C+](C([H])([H])C2([H])C([H])([H])C([H])([H])C([H])([H])C([H])([H])C2([H])[H])[N-]1,steric,Cy,unknown,-2393.604474,-2393.564592,-2393.590846,-561.150444,-21.838255000151037,3.1876999998704036,-13.286685000054774,8.551570000096262,25.02595500002144,16.474384999925178,-668.89
Int1_comp98_2_Sub20,TS_comp98_2_Sub20,Int2_comp98_2_Sub20,comp98_2_Sub20,-2315.343904,-2315.307321,-2315.331632,-483.563547,-3.1920924998236444,19.763740000216643,4.508587500138077,7.7006799999617215,22.955832500040287,15.255152500078566,-667.01,[H]c1nc(C([H])([H])C(C([H])([H])[H])(C([H])([H])[H])C([H])([H])[H])c([H])c(C([H])([H])[H])c1[H],[H][C+]1C[C-](C([H])([H])[H])[C+]([H])[C+](C([H])([H])C(C([H])([H])[H])(C([H])([H])[H])C([H])([H])[H])[N-]1,steric,tBu,unknown,-2316.235608,-2316.195376,-2316.222383,-483.783755,-20.472187499997432,4.77339249989754,-12.173499999904749,8.298687500092683,25.24557999989497,16.94689249980229,-667.01
Int1_comp98_2_Sub22,TS_comp98_2_Sub22,Int2_comp98_2_Sub22,comp98_2_Sub22,-2197.578045,-2197.541662,-2197.56432,-365.798727,-2.540120000078616,20.29021249999317,6.072317500077986,8.612437500156602,22.83033250007179,14.217894999915188,-670.77,[H]c1nc(C([H])([H])C([H])([H])[H])c([H])c(C([H])([H])[H])c1[H],[H][C+]1C[C-](C([H])([H])[H])[C+]([H])[C+](C([H])([H])C([H])([H])[H])[N-]1,steric,Me,unknown,-2198.387972,-2198.348202,-2198.374253,-365.938549,-18.947362499994966,6.00831249991856,-10.338689999971535,8.608672500023431,24.955674999913526,16.347002499890095,-670.77
Int1_comp98_2_Sub23,TS_comp98_2_Sub23,Int2_comp98_2_Sub23,comp98_2_Sub23,-2252.864642,-2252.828687,-2252.851352,-421.08376,-3.5215299999549643,19.04023249993884,4.817944999963402,8.339474999918366,22.561762499893803,14.222287499975437,-669.93,[H]c1nc(C([H])([H])N([H])C([H])([H])[H])c([H])c(C([H])([H])[H])c1[H],[H][C+]1C[C-](C([H])([H])[H])[C+]([H])[C+](C([H])([H])N([H])C([H])([H])[H])[N-]1,EDG,NHCH3,unknown,-2253.691577,-2253.651813,-2253.678,-421.239735,-20.465285000050528,4.486625000015181,-11.945717499944806,8.519567500105723,24.95191000006571,16.432342499959987,-669.93
Int1_comp98_5_Sub10,TS_comp98_5_Sub10,Int2_comp98_5_Sub10,comp98_5_Sub10,-2617.801693,-2617.752691,-2617.777862,-786.020926,-3.449367499851803,27.29938749998865,11.504585000131158,14.95395249998296,30.748754999840457,15.794802499857497,-568.14,[H]c1nc(C([H])([H])Cl)c([H])c(C([H])([H])[H])c1[H],[H][C+]1[N-][C-](C([H])([H])Cl)C[C+](C([H])([H])[H])[C+]1[H],EWG,Cl,unknown,-2618.57508,-2618.523647,-2618.551995,-786.123084,-20.561920000091902,11.712287499963452,-6.076082499925803,14.485837500166099,32.274207500055354,17.788369999889255,-568.14
Int1_comp98_5_Sub14,TS_comp98_5_Sub14,Int2_comp98_5_Sub14,comp98_5_Sub14,-2197.572997,-2197.527847,-2197.551229,-365.798018,0.1826024999313347,28.51422750016738,13.842022499972444,13.65942000004111,28.331625000236045,14.672205000194936,-656.32,[H]c1nc(C([H])([H])C([H])([H])[H])c([H])c(C([H])([H])[H])c1[H],[H][C+]1[N-][C-](C([H])([H])C([H])([H])[H])C[C+](C([H])([H])[H])[C+]1[H],steric,Me,unknown,-2198.383457,-2198.335643,-2198.36215,-365.93854,-16.119847499964237,13.883437500046227,-2.749704999977496,13.370142499986741,30.003285000010465,16.633142500023723,-656.32
Int1_comp98_5_Sub17,TS_comp98_5_Sub17,Int2_comp98_5_Sub17,comp98_5_Sub17,-2495.205052,-2495.157958,-2495.18289,-663.428028,-1.1006349997893494,28.450850000220385,12.806020000055582,13.906654999844932,29.55148500000973,15.644830000164802,-673.92,[H]c1c(C([H])([H])[H])nc(C(F)(F)F)c([H])c1C([H])([H])[H],[H][C+]1[C+](C([H])([H])[H])C[C-](C([H])([H])[H])[N-][C+]1C(F)(F)F,EWG,CF3,unknown,-2495.990002,-2495.940371,-2495.96827,-663.540696,-18.87394500000198,12.269507499912038,-5.237114999903838,13.636830000098144,31.14345249991402,17.506622499815876,-673.92
Int1_comp98_5_Sub18,TS_comp98_5_Sub18,Int2_comp98_5_Sub18,comp98_5_Sub18,-2617.807537,-2617.761637,-2617.785968,-786.030835,-0.8985800000141353,27.903670000032434,12.635967499985554,13.53454749999969,28.80225000004657,15.26770250004688,-668.74,[H]c1c(Cl)nc(C([H])([H])[H])c([H])c1C([H])([H])[H],[H][C+]1[C+](Cl)[N-][C-](C([H])([H])[H])C[C+]1C([H])([H])[H],EWG,Cl,unknown,-2618.579188,-2618.531243,-2618.558561,-786.131291,-17.989797500094085,12.095690000065531,-5.046354999886091,12.943442500207993,30.085487500159616,17.142044999951622,-668.74
Int1_comp98_5_Sub20,TS_comp98_5_Sub20,Int2_comp98_5_Sub20,comp98_5_Sub20,-2315.346542,-2315.298931,-2315.321561,-483.569958,-0.8245350000940732,29.051367500166663,14.85104249992176,15.675577500015834,29.875902500260736,14.200325000244902,-669.41,[H]c1c(C([H])([H])[H])nc(C(C([H])([H])[H])(C([H])([H])[H])C([H])([H])[H])c([H])c1C([H])([H])[H],[H][C+]1[C+](C([H])([H])[H])C[C-](C([H])([H])[H])[N-][C+]1C(C([H])([H])[H])(C([H])([H])[H])C([H])([H])[H],steric,tBu,unknown,-2316.237043,-2316.186785,-2316.212083,-483.788173,-18.600355000086353,12.936540000047074,-2.9379549999659105,15.662400000120442,31.536895000133427,15.874495000012985,-669.41
Int1_comp98_5_Sub21,TS_comp98_5_Sub21,Int2_comp98_5_Sub21,comp98_5_Sub21,-2276.091864,-2276.044974,-2276.067166,-444.315643,-0.5967524999201146,28.82672250012746,14.90124250018738,15.497995000107494,29.42347500004757,13.92547999994008,-661.11,[H]c1c(C([H])([H])[H])nc(C([H])(C([H])([H])[H])C([H])([H])[H])c([H])c1C([H])([H])[H],[H][C+]1[C+](C([H])([H])[H])C[C-](C([H])([H])[H])[N-][C+]1C([H])(C([H])([H])[H])C([H])([H])[H],steric,iPr,unknown,-2276.955718,-2276.906347,-2276.931068,-444.507549,-18.16047750012686,12.81982499991372,-2.6926024999433196,15.46787500018354,30.98030250004058,15.51242749985704,-661.11
Int1_comp98_5_Sub22,TS_comp98_5_Sub22,Int2_comp98_5_Sub22,comp98_5_Sub22,-2197.584877,-2197.536763,-2197.560357,-365.808535,-0.6726799997997546,29.51885500002078,14.713620000161711,15.386299999961466,30.191534999820533,14.805234999859069,-662.83,[H]c1c(C([H])([H])[H])nc(C([H])([H])[H])c([H])c1C([H])([H])[H],[H][C+]1[C+](C([H])([H])[H])C[C-](C([H])([H])[H])[N-][C+]1C([H])([H])[H],steric,Me,unknown,-2198.393108,-2198.342713,-2198.369286,-365.945799,-17.620827500133913,14.002034999996482,-2.672522500065355,14.948305000068558,31.622862500130395,16.674557500061837,-662.83
Int1_comp98_5_Sub3,TS_comp98_5_Sub3,Int2_comp98_5_Sub3,comp98_5_Sub3,-2392.672239,-2392.624753,-2392.648465,-560.894144,-1.7726874999473807,28.02477750001202,13.145497499911867,14.91818499985925,29.7974649999594,14.879280000100152,-638.69,[H]c1nc(C([H])([H])[H])c([H])c(C([H])([H])[H])c1C1([H])C([H])([H])C([H])([H])C([H])([H])C([H])([H])C1([H])[H],[H][C+]1[N-][C-](C([H])([H])[H])C[C+](C([H])([H])[H])[C+]1C1([H])C([H])([H])C([H])([H])C([H])([H])C([H])([H])C1([H])[H],steric,Cy,unknown,-2393.602412,-2393.551701,-2393.578429,-561.151348,-19.977090000141686,11.844062500058783,-4.927757500114183,15.049332500027504,31.82115250020047,16.771820000172966,-638.69
Int1_comp98_5_Sub5,TS_comp98_5_Sub5,Int2_comp98_5_Sub5,comp98_5_Sub5,-2276.085643,-2276.03837,-2276.062108,-444.310289,-0.05270999986692,29.611097499930565,14.71550250001428,14.7682124998812,29.663807499797485,14.895594999916284,-643.23,[H]c1nc(C([H])([H])[H])c([H])c(C([H])([H])[H])c1C([H])(C([H])([H])[H])C([H])([H])[H],[H][C+]1[N-][C-](C([H])([H])[H])C[C+](C([H])([H])[H])[C+]1C([H])(C([H])([H])[H])C([H])([H])[H],steric,iPr,unknown,-2276.950221,-2276.899891,-2276.926512,-444.502782,-17.702402500034964,13.879672499984395,-2.825005000001397,14.877397500033567,31.58207500001936,16.70467749998579,-643.23
Int1_comp98_5_Sub6,TS_comp98_5_Sub6,Int2_comp98_5_Sub6,comp98_5_Sub6,-2197.580825,-2197.532534,-2197.556478,-365.805051,-0.3162599999505744,29.98634250008891,14.961482500070955,15.277742500021532,30.302602500039484,15.024860000017952,-645.58,[H]c1nc(C([H])([H])[H])c([H])c(C([H])([H])[H])c1C([H])([H])[H],[H][C+]1[N-][C-](C([H])([H])[H])C[C+](C([H])([H])[H])[C+]1C([H])([H])[H],steric,Me,unknown,-2198.390415,-2198.339372,-2198.366309,-365.943388,-17.443872499902966,14.585610000056874,-2.317357499998991,15.126514999903975,32.02948249995984,16.902967500055865,-645.58
Int1_comp98_5_Sub7,TS_comp98_5_Sub7,Int2_comp98_5_Sub7,comp98_5_Sub7,-2252.874397,-2252.826668,-2252.851128,-421.097226,-1.1928774999844904,28.757069999946623,13.408420000175454,14.601297500159944,29.94994749993112,15.348649999771167,-640.62,[H]c1nc(C([H])([H])[H])c([H])c(C([H])([H])[H])c1N([H])C([H])([H])[H],[H][C+]1[N-][C-](C([H])([H])[H])C[C+](C([H])([H])[H])[C+]1N([H])C([H])([H])[H],EDG,NHCH3,unknown,-2253.700356,-2253.649652,-2253.677264,-421.25149,-18.597844999914344,13.218914999940523,-4.10761499997335,14.490229999940993,31.816759999854867,17.326529999913873,-640.62
Int1_comp98_5_Sub8,TS_comp98_5_Sub8,Int2_comp98_5_Sub8,comp98_5_Sub8,-2272.73548,-2272.689785,-2272.71127,-440.962346,1.3403400001828911,30.01395250005487,16.532115000207455,15.191775000024563,28.67361249987198,13.481837499847416,-651.04,[H]c1nc(C([H])([H])[H])c([H])c(C([H])([H])[H])c1OC([H])([H])[H],[H][C+]1[N-][C-](C([H])([H])[H])C[C+](C([H])([H])[H])[C+]1OC([H])([H])[H],EDG,OMe,unknown,-2273.549718,-2273.500955,-2273.524326,-441.104548,-16.27860500013412,14.320177500013642,-0.345125000127382,15.933480000006739,30.598782500147763,14.665302500141024,-651.04
Int1_comp9_0_Sub10,TS_comp9_0_Sub10,Int2_comp9_0_Sub10,comp9_0_Sub10,-3052.784768,-3052.754223,-3052.772879,-1221.002353,-4.483487499880425,14.683500000166418,2.976860000046031,7.460347499926456,19.166987500046844,11.706640000120387,-668.03,[H]c1c(Cl)c([H])c2[n-]c(C([H])([H])[H])[s+]c2c1[H],[H]C1=C(Cl)C([H])=C2N=C(C([H])([H])[H])[S+]=C2C1,EWG,Cl,unknown,-3053.542461,-3053.507639,-3053.529188,-1221.088739,-21.64498499999695,0.20582000005106238,-13.316177499980313,8.328807500016637,21.850805000048013,13.521997500031375,-668.03
Int1_comp9_0_Sub14,TS_comp9_0_Sub14,Int2_comp9_0_Sub14,comp9_0_Sub14,-2632.563327,-2632.530828,-2632.548792,-800.781158,-4.3291224998421285,16.06400000010524,4.791590000029942,9.12071249987207,20.393122499947367,11.272410000075295,-652.44,[H]c1c(C([H])([H])[H])c([H])c2[n-]c(C([H])([H])[H])[s+]c2c1[H],[H]C1=C(C([H])([H])[H])C([H])=C2N=C(C([H])([H])[H])[S+]=C2C1,steric,Me,unknown,-2633.358289,-2633.320797,-2633.341378,-800.904451,-21.71777499988451,1.808455000071092,-11.106122500067102,10.61165249981741,23.526229999955603,12.914577500138193,-652.44
Int1_comp9_0_Sub16,TS_comp9_0_Sub16,Int2_comp9_0_Sub16,comp9_0_Sub16,-2707.723972,-2707.688603,-2707.707492,-875.939716,-5.638714999817296,16.55533250000616,4.702485000040895,10.34119999985819,22.19404749982345,11.852847499965264,-626.4,[H]c1c(OC([H])([H])[H])c([H])c2[n-]c(C([H])([H])[H])[s+]c2c1[H],[H]C1=C(OC([H])([H])[H])C([H])=C2N=C(C([H])([H])[H])[S+]=C2C1,EDG,OMe,unknown,-2708.523155,-2708.483199,-2708.504841,-876.067476,-22.87300249989272,2.1993875001541596,-11.380967499943893,11.492034999948828,25.07239000004688,13.580355000098052,-626.4
Int1_comp9_0_Sub17,TS_comp9_0_Sub17,Int2_comp9_0_Sub17,comp9_0_Sub17,-2930.184837,-2930.151717,-2930.171323,-1098.40127,-5.2063674997674525,15.576432499980797,3.2736675000813875,8.48003499984884,20.78279999974825,12.30276499989941,-647.88,[H]c1c([H])c([H])c2[s+]c(C([H])([H])[H])[n-]c2c1C(F)(F)F,[H]C1=C([H])C(C(F)(F)F)=C2N=C(C([H])([H])[H])[S+]=C2C1,EWG,CF3,unknown,-2930.955301,-2930.918082,-2930.940391,-1098.500157,-22.53729000002693,0.8176324998618156,-13.181265000106919,9.35602499992001,23.354922499888744,13.998897499968734,-647.88
Int1_comp9_0_Sub18,TS_comp9_0_Sub18,Int2_comp9_0_Sub18,comp9_0_Sub18,-3052.785466,-3052.751192,-3052.770292,-1221.000481,-6.096162499803768,15.410772499971015,3.4255224999833445,9.521684999787112,21.506934999774785,11.985249999987673,-658.59,[H]c1c([H])c([H])c2[s+]c(C([H])([H])[H])[n-]c2c1Cl,[H]C1=C([H])C(Cl)=C2N=C(C([H])([H])[H])[S+]=C2C1,EWG,Cl,unknown,-3053.543127,-3053.504751,-3053.526619,-1221.087032,-23.13404250001838,0.9468974999634838,-12.77527250020455,10.35876999981383,24.080939999981865,13.722170000168035,-658.59
Int1_comp9_0_Sub19,TS_comp9_0_Sub19,Int2_comp9_0_Sub19,comp9_0_Sub19,-2827.661825,-2827.624308,-2827.642431,-995.87313,-8.42418750006118,15.117730000068832,3.745547499888744,12.169734999949924,23.54191750013001,11.372182500180088,-649.43,[H]c1c([H])c([H])c2[s+]c(C([H])([H])[H])[n-]c2c1C1([H])C([H])([H])C([H])([H])C([H])([H])C([H])([H])C1([H])[H],[H]C1=C([H])C(C2([H])C([H])([H])C([H])([H])C([H])([H])C([H])([H])C2([H])[H])=C2N=C(C([H])([H])[H])[S+]=C2C1,steric,Cy,unknown,-2828.576923,-2828.534997,-2828.555758,-996.116019,-26.151690000032772,0.15687499988928266,-12.87065249996374,13.281037500069033,26.308564999922055,13.027527499853022,-649.43
Int1_comp9_0_Sub20,TS_comp9_0_Sub20,Int2_comp9_0_Sub20,comp9_0_Sub20,-2750.32529,-2750.289698,-2750.308005,-918.541705,-5.217662500095628,17.116317500016578,5.628675000127998,10.846337500223626,22.33398000011221,11.48764249988858,-651.77,[H]c1c([H])c([H])c2[s+]c(C([H])([H])[H])[n-]c2c1C(C([H])([H])[H])(C([H])([H])[H])C([H])([H])[H],[H]C1=C([H])C(C(C([H])([H])[H])(C([H])([H])[H])C([H])([H])[H])=C2N=C(C([H])([H])[H])[S+]=C2C1,steric,tBu,unknown,-2751.20208,-2751.162382,-2751.183311,-918.746939,-22.53540750003168,2.3750874999959137,-10.757859999876302,11.777547500155379,24.910495000027595,13.132947499872216,-651.77
Int1_comp9_0_Sub21,TS_comp9_0_Sub21,Int2_comp9_0_Sub21,comp9_0_Sub21,-2711.075151,-2711.038085,-2711.056422,-879.289538,-6.4902324999502525,16.76868249996687,5.262214999983144,11.752447499933396,23.258914999917124,11.506467499983728,-653.48,[H]c1c([H])c([H])c2[s+]c(C([H])([H])[H])[n-]c2c1C([H])(C([H])([H])[H])C([H])([H])[H],[H]C1=C([H])C(C([H])(C([H])([H])[H])C([H])([H])[H])=C2N=C(C([H])([H])[H])[S+]=C2C1,steric,iPr,unknown,-2711.924823,-2711.883392,-2711.904458,-879.467605,-23.838724999880014,2.1592274998988614,-11.059687499970323,12.779037499909691,25.997952499778876,13.218914999869185,-653.48
Int1_comp9_0_Sub22,TS_comp9_0_Sub22,Int2_comp9_0_Sub22,comp9_0_Sub22,-2632.566594,-2632.530942,-2632.549184,-800.782678,-5.425364999856583,16.946265000160565,5.499410000097669,10.924774999954252,22.37163000001715,11.446855000062897,-659.01,[H]c1c([H])c([H])c2[s+]c(C([H])([H])[H])[n-]c2c1C([H])([H])[H],[H]C1=C([H])C(C([H])([H])[H])=C2N=C(C([H])([H])[H])[S+]=C2C1,steric,Me,unknown,-2633.361035,-2633.321116,-2633.342011,-800.906156,-22.371002499947394,2.678169999944089,-10.43344250012467,11.937559999822724,25.049172499891483,13.111612500068759,-659.01
Int1_comp9_0_Sub23,TS_comp9_0_Sub23,Int2_comp9_0_Sub23,comp9_0_Sub23,-2687.866347,-2687.82745,-2687.844438,-856.079899,-7.014195000054144,17.393672499887032,6.733702499977596,13.74789750003174,24.407867499941176,10.659969999909436,-664.44,[H]c1c([H])c([H])c2[s+]c(C([H])([H])[H])[n-]c2c1N([H])C([H])([H])[H],[H]C1=C([H])C(=[N+]([H])C([H])([H])[H])c2nc(C([H])([H])[H])sc2C1,EDG,NHCH3,unknown,-2688.676967,-2688.634012,-2688.653528,-856.219365,-24.079684999913695,2.8745775000189155,-9.371712499880402,14.707972500033293,26.95426249993261,12.246289999899318,-664.44
Int1_comp9_7_Sub10,TS_comp9_7_Sub10,Int2_comp9_7_Sub10,comp9_7_Sub10,-3052.785141,-3052.753195,-3052.772786,-1221.002295,-4.753939999839645,15.292175000199109,2.9988225000619195,7.752762499901564,20.04611500003876,12.293352500137187,-670.97,[H]c1c(Cl)c([H])c2sc(C([H])([H])[H])nc2c1[H],[H][C+]1CC23[N-]C2(C([H])([H])[H])S[C-]3[C+]([H])[C+]1Cl,EWG,Cl,unknown,-3053.542683,-3053.50689,-3053.529144,-1221.0888,-21.746012500098573,0.7140949999092072,-13.250290000075324,8.495722500023248,22.46010750000778,13.964384999984532,-670.97
Int1_comp9_7_Sub14,TS_comp9_7_Sub14,Int2_comp9_7_Sub14,comp9_7_Sub14,-2632.563961,-2632.52991,-2632.548325,-800.781215,-4.691189999855396,16.675812499915992,5.120399999913161,9.811589999768556,21.367002499771388,11.55541250000283,-654.78,[H]c1c(C([H])([H])[H])c([H])c2sc(C([H])([H])[H])nc2c1[H],[H][C+]1CC23[N-]C2(C([H])([H])[H])S[C-]3[C+]([H])[C+]1C([H])([H])[H],steric,Me,unknown,-2633.358758,-2633.319996,-2633.341098,-800.904502,-21.980069999935665,2.343084999862697,-10.898419999949454,11.081649999986212,24.323154999798362,13.24150499981215,-654.78
Int1_comp9_7_Sub17,TS_comp9_7_Sub17,Int2_comp9_7_Sub17,comp9_7_Sub17,-2930.184929,-2930.150704,-2930.17055,-1098.402703,-4.36488999996584,17.111297499957914,4.657932500153379,9.02282250011922,21.47618749992376,12.453364999804537,-647.81,[H]c1c([H])c(C(F)(F)F)c2sc(C([H])([H])[H])nc2c1[H],[H][C+]1CC23[N-]C2(C([H])([H])[H])S[C-]3[C+](C(F)(F)F)[C+]1[H],EWG,CF3,unknown,-2930.955354,-2930.917003,-2930.939692,-1098.501533,-21.70710750005412,2.3581450000386894,-11.879202499898724,9.827905000155397,24.06525250009281,14.237347499937414,-647.81
Int1_comp9_7_Sub18,TS_comp9_7_Sub18,Int2_comp9_7_Sub18,comp9_7_Sub18,-3052.786884,-3052.751409,-3052.770936,-1221.002531,-5.699582499948974,16.560980000134577,4.307787500181348,10.007370000130322,22.26056250008355,12.25319249995323,-661.19,[H]c1c([H])c(Cl)c2sc(C([H])([H])[H])nc2c1[H],[H][C+]1CC23[N-]C2(C([H])([H])[H])S[C-]3[C+](Cl)[C+]1[H],EWG,Cl,unknown,-3053.544367,-3053.504976,-3053.527275,-1221.089067,-22.635180000065134,2.0826724998067903,-11.90995000003511,10.725230000030024,24.717852499871924,13.9926224998419,-661.19
Int1_comp9_7_Sub19,TS_comp9_7_Sub19,Int2_comp9_7_Sub19,comp9_7_Sub19,-2827.662744,-2827.624464,-2827.643149,-995.873461,-8.79315750005702,15.227542500076936,3.502705000073832,12.295862500130852,24.02070000013396,11.724837500003105,-656.98,[H]c1c([H])c(C2([H])C([H])([H])C([H])([H])C([H])([H])C([H])([H])C2([H])[H])c2sc(C([H])([H])[H])nc2c1[H],[H][C+]1CC23[N-]C2(C([H])([H])[H])S[C-]3[C+](C2([H])C([H])([H])C([H])([H])C([H])([H])C([H])([H])C2([H])[H])[C+]1[H],steric,Cy,unknown,-2828.577744,-2828.53519,-2828.556552,-996.116296,-26.49305000009832,0.20958499997021818,-13.195070000000726,13.297980000097596,26.70263500006854,13.404654999970944,-656.98
Int1_comp9_7_Sub20,TS_comp9_7_Sub20,Int2_comp9_7_Sub20,comp9_7_Sub20,-2750.326078,-2750.289234,-2750.307712,-918.541187,-6.037177499952691,17.082432500173468,5.487487500199109,11.5246650001518,23.11961000012616,11.59494499997436,-653.48,[H]c1c([H])c(C(C([H])([H])[H])(C([H])([H])[H])C([H])([H])[H])c2sc(C([H])([H])[H])nc2c1[H],[H][C+]1[C-]([H])C[C+]2[N-][C+](C([H])([H])[H])S[C+]2[C-]1C(C([H])([H])[H])(C([H])([H])[H])C([H])([H])[H],steric,tBu,unknown,-2751.202572,-2751.161728,-2751.18299,-918.746248,-23.27774000008361,2.351869999983194,-10.990034999860825,12.287705000222786,25.629610000066805,13.341904999844019,-653.48
Int1_comp9_7_Sub21,TS_comp9_7_Sub21,Int2_comp9_7_Sub21,comp9_7_Sub21,-2711.076088,-2711.038128,-2711.056683,-879.289765,-6.935757499824149,16.884142499960717,5.240880000179686,12.176637500003835,23.819899999784862,11.64326249978103,-658.01,[H]c1c([H])c(C([H])(C([H])([H])[H])C([H])([H])[H])c2sc(C([H])([H])[H])nc2c1[H],[H][C+]1CC23[N-]C2(C([H])([H])[H])S[C-]3[C+](C([H])(C([H])([H])[H])C([H])([H])[H])[C+]1[H],steric,iPr,unknown,-2711.925561,-2711.883415,-2711.904671,-879.467756,-24.207067500020116,2.239547500124104,-11.098592499872098,13.108475000148019,26.44661500014422,13.338139999996201,-658.01
Int1_comp9_7_Sub22,TS_comp9_7_Sub22,Int2_comp9_7_Sub22,comp9_7_Sub22,-2632.567533,-2632.530988,-2632.549501,-800.78311,-5.743507499909413,17.1884800000484,5.571572500058153,11.315079999967566,22.931987499957813,11.616907499990248,-660.19,[H]c1c([H])c(C([H])([H])[H])c2sc(C([H])([H])[H])nc2c1[H],[H][C+]1CC23[N-]C2(C([H])([H])[H])S[C-]3[C+](C([H])([H])[H])[C+]1[H],steric,Me,unknown,-2633.36174,-2633.321224,-2633.342408,-800.906598,-22.53603499988742,2.8877550001283225,-10.405204999981947,12.130829999905473,25.423790000015742,13.29296000011027,-660.19
Int1_comp9_7_Sub23,TS_comp9_7_Sub23,Int2_comp9_7_Sub23,comp9_7_Sub23,-2687.864024,-2687.824555,-2687.842272,-856.075711,-8.184482499952992,16.582314999938035,5.464897500113466,13.649380000066458,24.766797499891027,11.117417499824567,-669.71,[H]c1c([H])c(N([H])C([H])([H])[H])c2sc(C([H])([H])[H])nc2c1[H],[H]C1=C([H])C(=[N+]([H])C([H])([H])[H])C2=[S+]C3(C([H])([H])[H])[N-]C23C1,EDG,NHCH3,unknown,-2688.674631,-2688.631314,-2688.651792,-856.215294,-25.16839749994716,2.013019999839969,-10.836925000104713,14.331472499842448,27.18141749978713,12.849944999944682,-669.71
Int1_comp9_7_Sub24,TS_comp9_7_Sub24,Int2_comp9_7_Sub24,comp9_7_Sub24,-2707.718066,-2707.687046,-2707.705446,-875.934923,-4.9403074998684815,14.524742500067871,2.9787425001126167,7.919049999981098,19.465049999936355,11.545999999955256,-666.79,[H]c1c([H])c(OC([H])([H])[H])c2sc(C([H])([H])[H])nc2c1[H],[H]C1=C([H])C(=[O+]C([H])([H])[H])C2=[S+]C3(C([H])([H])[H])[N-]C23C1,EDG,OMe,unknown,-2708.516014,-2708.481984,-2708.50308,-876.061895,-21.89410249986736,-0.5402774999913618,-13.778017499955695,8.116084999911664,21.353824999875997,13.237739999964333,-666.79
Int1_comp9_7_Sub25,TS_comp9_7_Sub25,Int2_comp9_7_Sub25,comp9_7_Sub25,-2930.182433,-2930.148733,-2930.167659,-1098.399266,-4.955367499973136,16.191382499997644,4.315317499876983,9.270684999850118,21.14674999997078,11.87606500012066,-656.06,[H]c1c([H])c([H])c2sc(C([H])([H])C(F)(F)F)nc2c1[H],[H][C+]1CC23[N-]C2(C([H])([H])C(F)(F)F)S[C-]3[C+]([H])[C+]1[H],EWG,CF3,unknown,-2930.955208,-2930.91742,-2930.939152,-1098.500226,-22.43563499985555,1.2763349999164575,-12.360494999896332,10.07513999995922,23.71196999977201,13.63682999981279,-656.06
Int1_comp9_7_Sub26,TS_comp9_7_Sub26,Int2_comp9_7_Sub26,comp9_7_Sub26,-3052.779735,-3052.744441,-3052.763365,-1220.993184,-7.07882750003364,15.068157500122652,3.193347500141499,10.27217500017514,22.14698500015629,11.874809999981151,-684.13,[H]c1c([H])c([H])c2sc(C([H])([H])Cl)nc2c1[H],[H][C+]1CC23[N-]C2(C([H])([H])Cl)S[C-]3[C+]([H])[C+]1[H],EWG,Cl,unknown,-3053.539046,-3053.50002,-3053.521795,-1221.08148,-24.05709499989939,0.43172000005142763,-13.23209250004993,10.825002499849461,24.48881499995082,13.663812500101358,-684.13
Int1_comp9_7_Sub31,TS_comp9_7_Sub31,Int2_comp9_7_Sub31,comp9_7_Sub31,-2687.846398,-2687.809457,-2687.828611,-856.059533,-7.275862500035544,15.904615000150956,3.885480000106156,11.1613425001417,23.18047750018649,12.019135000044798,-642.28,[H]c1c([H])c([H])c2sc(C([H])([H])N([H])C([H])([H])[H])nc2c1[H],[H][C+]1CC23[N-]C2(C([H])([H])N([H])C([H])([H])[H])S[C-]3[C+]([H])[C+]1[H],EDG,NHCH3,unknown,-2688.659126,-2688.618698,-2688.640572,-856.201349,-24.189497499993138,1.1790724998766677,-12.54686249985383,11.642635000139308,25.368569999869806,13.725934999730498,-642.28
Int1_comp9_7_Sub32,TS_comp9_7_Sub32,Int2_comp9_7_Sub32,comp9_7_Sub32,-2707.707972,-2707.673805,-2707.691803,-875.922285,-6.536667500047031,14.903125000111288,3.60937999994718,10.14604749999421,21.43979250015832,11.293745000164108,-662.83,[H]c1c([H])c([H])c2sc(C([H])([H])OC([H])([H])[H])nc2c1[H],[H][C+]1CC23[N-]C2(C([H])([H])OC([H])([H])[H])S[C-]3[C+]([H])[C+]1[H],EDG,OMe,unknown,-2708.508203,-2708.470467,-2708.491596,-876.051484,-23.525602499957188,0.1537374998972041,-13.104709999943509,10.420892500013679,23.679339999854392,13.258447499840713,-662.83
