Int1_Name,TS_Name,Int2_Name,Sub_Name,Int1_DeltaG,TS_DeltaG,Int2_DeltaG,Sub_DeltaG,Int1_kcalmol,TS_kcalmol,Int2_kcalmol,fw_td_kcalmol,fw_b_kcalmol,rv_b_kcalmol,Im freq,Sub_Smiles,Sub_Smiles_minusH,Class,Type,Connectivity_Int1,H_bonds_Int2,Core
Cyclopentadiene_H5_deriv1_Int1_Sub10,Cyclopentadiene_H5_deriv1_interpolation_Sub10_v2,Cyclopentadiene_H5_deriv1_Int2_Sub10,Cyclopentadiene_H5_deriv1_substrate_Sub10,-1697.389559,-1697.372805,-1697.383807,-1112.847933,3.396029999986468,13.909165000123949,7.005410000004986,3.6093800000185183,10.513134999994804,6.903754999976286,-339.1,[H][C+]1C2(Cl)[C-]([H])C([H])([H])C12Cl,[H][C+]1C2(Cl)CC([H])([H])C12Cl,EWG,Cl,pi-system,0,Cyclopentadiene_H5_deriv1
Cyclopentadiene_H5_deriv1_Int1_Sub12,Cyclopentadiene_H5_deriv1_interpolation_Sub12_v2,Cyclopentadiene_H5_deriv1_Int2_Sub12,Cyclopentadiene_H5_deriv1_substrate_Sub12,-1394.937186,-1394.919558,-1394.928179,-810.392814,1.6729149999852666,12.734485000022175,7.324807500054646,5.65189250006938,11.061570000036909,5.409677499967529,-442.87,[H]C1=C(C(C([H])([H])[H])(C([H])([H])[H])C([H])([H])[H])C([H])([H])C([H])=C1Cl,[H][C+]1[C+](Cl)CC([H])([H])[C-]1C(C([H])([H])[H])(C([H])([H])[H])C([H])([H])[H],steric,tBu,pi-system,0,Cyclopentadiene_H5_deriv1
Cyclopentadiene_H5_deriv1_Int1_Sub14,Cyclopentadiene_H5_deriv1_interpolation_Sub14_v2,Cyclopentadiene_H5_deriv1_Int2_Sub14,Cyclopentadiene_H5_deriv1_substrate_Sub14,-1277.173017,-1277.155975,-1277.164105,-692.628434,1.5405124999628583,12.234367500072096,7.13279249996873,5.592280000005871,10.693855000109238,5.101575000103367,-430.27,[H]C1=C(C([H])([H])[H])C([H])([H])C([H])=C1Cl,[H][C+]1[C+](Cl)CC([H])([H])[C-]1C([H])([H])[H],steric,Me,pi-system,0,Cyclopentadiene_H5_deriv1
Cyclopentadiene_H5_deriv1_Int1_Sub16,Cyclopentadiene_H5_deriv1_interpolation_Sub16_v2,Cyclopentadiene_H5_deriv1_Int2_Sub16,Cyclopentadiene_H5_deriv1_substrate_Sub16,-1352.337262,-1352.319894,-1352.323625,-767.78819,-1.276334999987796,9.622085000032996,7.280882500022869,8.557217500010665,10.898420000020792,2.341202500010126,-743.28,[H][C+]1C2(Cl)[C-]([H])C([H])([H])C12OC([H])([H])[H],[H][C+]1C2(Cl)CC([H])([H])C12OC([H])([H])[H],EDG,OMe,pi-system,0,Cyclopentadiene_H5_deriv1
Cyclopentadiene_H5_deriv1_Int1_Sub17,Cyclopentadiene_H5_deriv1_interpolation_Sub17_v2,Cyclopentadiene_H5_deriv1_Int2_Sub17,Cyclopentadiene_H5_deriv1_substrate_Sub17,-1574.785218,-1574.766917,-1574.782002,-990.246737,5.369517500068923,16.853395000109685,7.387557500110233,2.01804000004131,11.483877500040762,9.465837499999452,-204.2,[H]C1=C(Cl)C(C(F)(F)F)=C([H])C1([H])[H],[H][C-]1[C+](C(F)(F)F)[C+](Cl)CC1([H])[H],EWG,CF3,pi-system,0,Cyclopentadiene_H5_deriv1
Cyclopentadiene_H5_deriv1_Int1_Sub18,Cyclopentadiene_H5_deriv1_interpolation_Sub18_v2,Cyclopentadiene_H5_deriv1_Int2_Sub18,Cyclopentadiene_H5_deriv1_substrate_Sub18,-1697.386207,-1697.36819,-1697.382292,-1112.846511,4.6071050000676905,15.912772499987682,7.063767499928986,2.456662500003972,11.305667500062668,8.849005000058696,-235.71,[H]C1=C(Cl)C(Cl)=C([H])C1([H])[H],[H][C-]1[C+](Cl)[C+](Cl)CC1([H])[H],EWG,Cl,pi-system,0,Cyclopentadiene_H5_deriv1
Cyclopentadiene_H5_deriv1_Int1_Sub19,Cyclopentadiene_H5_deriv1_interpolation_Sub19_v2,Cyclopentadiene_H5_deriv1_Int2_Sub19,Cyclopentadiene_H5_deriv1_substrate_Sub19,-1472.268342,-1472.24827,-1472.259006,-887.724368,1.9226599999967675,14.517840000013962,7.781000000044287,5.858340000047519,12.595180000017194,6.736839999969675,-368.25,[H]C1=C(Cl)C(C2([H])C([H])([H])C([H])([H])C([H])([H])C([H])([H])C2([H])[H])=C([H])C1([H])[H],[H]C1([H])CC2(Cl)[C+](C3([H])C([H])([H])C([H])([H])C([H])([H])C([H])([H])C3([H])[H])C12[H],steric,Cy,pi-system,0,Cyclopentadiene_H5_deriv1
Cyclopentadiene_H5_deriv1_Int1_Sub20,Cyclopentadiene_H5_deriv1_interpolation_Sub20_v2,Cyclopentadiene_H5_deriv1_Int2_Sub20,Cyclopentadiene_H5_deriv1_substrate_Sub20,-1394.933212,-1394.913424,-1394.924747,-810.389481,2.075142500111156,14.49211250000758,7.386930000040479,5.311787499929324,12.416969999896423,7.1051824999671,-299.53,[H][C-]1C([H])([H])C2([H])[C+](C(C([H])([H])[H])(C([H])([H])[H])C([H])([H])[H])C12Cl,[H]C([H])([H])C([C+]1C2(Cl)CC([H])([H])C12[H])(C([H])([H])[H])C([H])([H])[H],steric,tBu,pi-system,0,Cyclopentadiene_H5_deriv1
Cyclopentadiene_H5_deriv1_Int1_Sub21,Cyclopentadiene_H5_deriv1_interpolation_Sub21_v2,Cyclopentadiene_H5_deriv1_Int2_Sub21,Cyclopentadiene_H5_deriv1_substrate_Sub21,-1355.681656,-1355.661642,-1355.672534,-771.137288,1.675425000050268,14.234210000016674,7.3994800000087935,5.7240549999585255,12.558784999966406,6.83473000000788,-352.15,[H]C1=C(Cl)C(C([H])(C([H])([H])[H])C([H])([H])[H])=C([H])C1([H])[H],[H]C([H])([H])C([H])([C+]1C2(Cl)CC([H])([H])C12[H])C([H])([H])[H],steric,iPr,pi-system,0,Cyclopentadiene_H5_deriv1
Cyclopentadiene_H5_deriv1_Int1_Sub22,Cyclopentadiene_H5_deriv1_interpolation_Sub22_v2,Cyclopentadiene_H5_deriv1_Int2_Sub22,Cyclopentadiene_H5_deriv1_substrate_Sub22,-1277.171915,-1277.153576,-1277.16449,-692.628853,2.494940000121346,14.002662500101906,7.15412750012888,4.659187500007533,11.50772249998056,6.848534999973026,-326.58,[H]C1=C(Cl)C(C([H])([H])[H])=C([H])C1([H])[H],[H]C([H])([H])[C+]1C2(Cl)CC([H])([H])C12[H],steric,Me,pi-system,0,Cyclopentadiene_H5_deriv1
Cyclopentadiene_H5_deriv1_Int1_Sub23,Cyclopentadiene_H5_deriv1_interpolation_Sub23_v2,Cyclopentadiene_H5_deriv1_Int2_Sub23,Cyclopentadiene_H5_deriv1_substrate_Sub23,-1332.462005,-1332.441778,-1332.452733,-747.917446,1.555572499996174,14.24801499998182,7.373752500002411,5.818180000006237,12.692442499985646,6.874262499979409,-375.81,[H]C1=C(Cl)C(N([H])C([H])([H])[H])=C([H])C1([H])[H],[H][C-]1[C+](N([H])C([H])([H])[H])[C+](Cl)CC1([H])[H],EDG,NHCH3,pi-system,0,Cyclopentadiene_H5_deriv1
Cyclopentadiene_H5_deriv1_Int1_Sub24,Cyclopentadiene_H5_deriv1_interpolation_Sub24_v2,Cyclopentadiene_H5_deriv1_Int2_Sub24,Cyclopentadiene_H5_deriv1_substrate_Sub24,-1352.322581,-1352.302468,-1352.31476,-767.77899,2.162992500103371,14.783899999984271,7.070670000054236,4.907677499950864,12.6209074998809,7.713229999930036,-329.93,[H]C1=C(Cl)C(OC([H])([H])[H])=C([H])C1([H])[H],[H][C-]1[C+](OC([H])([H])[H])[C+](Cl)CC1([H])[H],EDG,OMe,pi-system,0,Cyclopentadiene_H5_deriv1
Cyclopentadiene_H5_deriv1_Int1_Sub3,Cyclopentadiene_H5_deriv1_interpolation_Sub3_v2,Cyclopentadiene_H5_deriv1_Int2_Sub3,Cyclopentadiene_H5_deriv1_substrate_Sub3,-1472.259701,-1472.242719,-1472.253113,-887.717115,2.793630000080612,13.449834999999553,6.92760000005876,4.133969999978149,10.65620499991894,6.5222349999407925,-308.66,[H]C1=C([H])C([H])(C2([H])C([H])([H])C([H])([H])C([H])([H])C([H])([H])C2([H])[H])C([H])=C1Cl,[H][C+]1C2(Cl)CC([H])(C3([H])C([H])([H])C([H])([H])C([H])([H])C([H])([H])C3([H])[H])C12[H],steric,Cy,pi-system,0,Cyclopentadiene_H5_deriv1
Cyclopentadiene_H5_deriv1_Int1_Sub4,Cyclopentadiene_H5_deriv1_interpolation_Sub4_v2,Cyclopentadiene_H5_deriv1_Int2_Sub4,Cyclopentadiene_H5_deriv1_substrate_Sub4,-1394.930082,-1394.912747,-1394.921418,-810.387146,2.5740049999930648,13.4517174999948,8.010665000106485,5.43666000011342,10.877712500001737,5.441052499888315,-441.83,[H]C1=C([H])C([H])(C(C([H])([H])[H])(C([H])([H])[H])C([H])([H])[H])C([H])=C1Cl,[H][C+]1C2(Cl)CC([H])(C(C([H])([H])[H])(C([H])([H])[H])C([H])([H])[H])C12[H],steric,tBu,pi-system,0,Cyclopentadiene_H5_deriv1
Cyclopentadiene_H5_deriv1_Int1_Sub5,Cyclopentadiene_H5_deriv1_interpolation_Sub5_v2,Cyclopentadiene_H5_deriv1_Int2_Sub5,Cyclopentadiene_H5_deriv1_substrate_Sub5,-1355.67345,-1355.656426,-1355.666584,-771.130842,2.779825000044127,13.462385000039204,7.088240000009876,4.308414999965748,10.682559999995078,6.37414500002933,-329.09,[H]C1=C([H])C([H])(C([H])(C([H])([H])[H])C([H])([H])[H])C([H])=C1Cl,[H][C+]1C2(Cl)CC([H])(C([H])(C([H])([H])[H])C([H])([H])[H])C12[H],steric,iPr,pi-system,0,Cyclopentadiene_H5_deriv1
Cyclopentadiene_H5_deriv1_Int1_Sub6,Cyclopentadiene_H5_deriv1_interpolation_Sub6_v2,Cyclopentadiene_H5_deriv1_Int2_Sub6,Cyclopentadiene_H5_deriv1_substrate_Sub6,-1277.163691,-1277.145913,-1277.157498,-692.620771,2.5840450000390547,13.739739999980998,6.47015250000095,3.886107499961895,11.155694999941945,7.269587499980048,-203.12,[H]C1=C([H])C([H])(C([H])([H])[H])C([H])=C1Cl,[H][C+]1[C+](Cl)CC([H])(C([H])([H])[H])[C-]1[H],steric,Me,pi-system,0,Cyclopentadiene_H5_deriv1
OneHPyrrolo23bpyridine_H11_deriv1_Int1_Sub10,OneHPyrrolo23bpyridine_H11_deriv1_interpolation_Sub10_v2,OneHPyrrolo23bpyridine_H11_deriv1_Int2_Sub10,OneHPyrrolo23bpyridine_H11_deriv1_substrate_Sub10,-1882.950998,-1882.933938,-1882.943844,-1298.410956,4.389989999902468,15.09513999998319,8.879125000125327,4.489135000080182,10.70515000008072,6.216015000000539,-564.17,[H]c1nc2c(c([H])c([H])n2Cl)c(Cl)c1[H],[H]C1=[N+](Cl)c2nc([H])c([H])c(Cl)c2C1,EWG,Cl,pi-system,0,OneHPyrrolo23bpyridine_H11_deriv1
OneHPyrrolo23bpyridine_H11_deriv1_Int1_Sub11,OneHPyrrolo23bpyridine_H11_deriv1_interpolation_Sub11_v2,OneHPyrrolo23bpyridine_H11_deriv1_Int2_Sub11,OneHPyrrolo23bpyridine_H11_deriv1_substrate_Sub11,-1657.878555,-1657.859763,-1657.866406,-1073.334338,1.7701774998823794,13.562157500072658,9.39367499996763,7.623497499942573,11.791980000047602,4.1684825001050285,-712.94,[H]c1nc2c(c([H])c([H])n2C2([H])C([H])([H])C([H])([H])C([H])([H])C([H])([H])C2([H])[H])c(Cl)c1[H],[H]C1=[N+](C2([H])C([H])([H])C([H])([H])C([H])([H])C([H])([H])C2([H])[H])c2nc([H])c([H])c(Cl)c2C1,steric,Cy,pi-system,0,OneHPyrrolo23bpyridine_H11_deriv1
OneHPyrrolo23bpyridine_H11_deriv1_Int1_Sub12,OneHPyrrolo23bpyridine_H11_deriv1_interpolation_Sub12_v2,OneHPyrrolo23bpyridine_H11_deriv1_Int2_Sub12,OneHPyrrolo23bpyridine_H11_deriv1_substrate_Sub12,-1580.545186,-1580.526405,-1580.532423,-996.000194,1.2838649999687846,13.068942499962477,9.292647499937344,8.00878249996856,11.78507749999369,3.7762950000251294,-746.15,[H]c1nc2c(c([H])c([H])n2C(C([H])([H])[H])(C([H])([H])[H])C([H])([H])[H])c(Cl)c1[H],[H]C1=[N+](C(C([H])([H])[H])(C([H])([H])[H])C([H])([H])[H])c2nc([H])c([H])c(Cl)c2C1,steric,tBu,pi-system,0,OneHPyrrolo23bpyridine_H11_deriv1
OneHPyrrolo23bpyridine_H11_deriv1_Int1_Sub13,OneHPyrrolo23bpyridine_H11_deriv1_interpolation_Sub13_v2,OneHPyrrolo23bpyridine_H11_deriv1_Int2_Sub13,OneHPyrrolo23bpyridine_H11_deriv1_substrate_Sub13,-1541.291976,-1541.273247,-1541.28013,-956.747807,1.8002975000203492,13.552744999953743,9.233662499943591,7.433364999923242,11.752447499933396,4.319082500010154,-638.34,[H]c1nc2c(c([H])c([H])n2C([H])(C([H])([H])[H])C([H])([H])[H])c(Cl)c1[H],[H]C1=[N+](C([H])(C([H])([H])[H])C([H])([H])[H])c2nc([H])c([H])c(Cl)c2C1,steric,iPr,pi-system,0,OneHPyrrolo23bpyridine_H11_deriv1
OneHPyrrolo23bpyridine_H11_deriv1_Int1_Sub14,OneHPyrrolo23bpyridine_H11_deriv1_interpolation_Sub14_v2,OneHPyrrolo23bpyridine_H11_deriv1_Int2_Sub14,OneHPyrrolo23bpyridine_H11_deriv1_substrate_Sub14,-1462.776768,-1462.75845,-1462.765377,-878.233212,2.184955000047921,13.679499999990412,9.332807500049968,7.147852500002045,11.494544999942493,4.3466924999404455,-649.4,[H]c1nc2c(c([H])c([H])n2C([H])([H])[H])c(Cl)c1[H],[H]C1=[N+](C([H])([H])[H])c2nc([H])c([H])c(Cl)c2C1,steric,Me,pi-system,0,OneHPyrrolo23bpyridine_H11_deriv1
OneHPyrrolo23bpyridine_H11_deriv1_Int1_Sub15,OneHPyrrolo23bpyridine_H11_deriv1_interpolation_Sub15_v2,OneHPyrrolo23bpyridine_H11_deriv1_Int2_Sub15,OneHPyrrolo23bpyridine_H11_deriv1_substrate_Sub15,-1518.040874,-1518.022708,-1518.029818,-933.497538,2.3230049999847324,13.722170000025358,9.260645000018144,6.937640000033412,11.399165000040623,4.461525000007214,-634.49,[H]c1nc2c(c([H])c([H])n2N([H])C([H])([H])[H])c(Cl)c1[H],[H]C1=[N+](N([H])C([H])([H])[H])c2nc([H])c([H])c(Cl)c2C1,EDG,NHCH3,pi-system,0,OneHPyrrolo23bpyridine_H11_deriv1
OneHPyrrolo23bpyridine_H11_deriv1_Int1_Sub16,OneHPyrrolo23bpyridine_H11_deriv1_interpolation_Sub16_v2,OneHPyrrolo23bpyridine_H11_deriv1_Int2_Sub16,OneHPyrrolo23bpyridine_H11_deriv1_substrate_Sub16,-1537.879464,-1537.861513,-1537.869202,-953.336601,2.6198124999487504,13.884064999973305,9.059217499955992,6.439405000007241,11.264252500024554,4.824847500017313,-636.99,[H]c1nc2c(c([H])c([H])n2OC([H])([H])[H])c(Cl)c1[H],[H]C1=[N+](OC([H])([H])[H])c2nc([H])c([H])c(Cl)c2C1,EDG,OMe,pi-system,0,OneHPyrrolo23bpyridine_H11_deriv1
OneHPyrrolo23bpyridine_H11_deriv1_Int1_Sub17,OneHPyrrolo23bpyridine_H11_deriv1_interpolation_Sub17_v2,OneHPyrrolo23bpyridine_H11_deriv1_Int2_Sub17,OneHPyrrolo23bpyridine_H11_deriv1_substrate_Sub17,-1760.398865,-1760.381973,-1760.391108,-1175.859528,4.832377499998302,15.432107500059828,9.699894999907883,4.867517499909582,10.59972999991885,5.732212500009268,-590.35,[H]c1nc2c(c([H])c([H])n2[H])c(Cl)c1C(F)(F)F,[H]C1=[N+]([H])c2nc([H])c(C(F)(F)F)c(Cl)c2C1,EWG,CF3,pi-system,0,OneHPyrrolo23bpyridine_H11_deriv1
OneHPyrrolo23bpyridine_H11_deriv1_Int1_Sub18,OneHPyrrolo23bpyridine_H11_deriv1_interpolation_Sub18_v2,OneHPyrrolo23bpyridine_H11_deriv1_Int2_Sub18,OneHPyrrolo23bpyridine_H11_deriv1_substrate_Sub18,-1883.000725,-1882.983831,-1882.992137,-1298.460477,4.260724999943477,14.861710000144512,9.649695000034626,5.388970000091149,10.600985000058358,5.212014999967209,-603.68,[H]c1nc2c(c([H])c([H])n2[H])c(Cl)c1Cl,[H]C1=[N+]([H])c2nc([H])c(Cl)c(Cl)c2C1,EWG,Cl,pi-system,0,OneHPyrrolo23bpyridine_H11_deriv1
OneHPyrrolo23bpyridine_H11_deriv1_Int1_Sub19,OneHPyrrolo23bpyridine_H11_deriv1_interpolation_Sub19_v2,OneHPyrrolo23bpyridine_H11_deriv1_Int2_Sub19,OneHPyrrolo23bpyridine_H11_deriv1_substrate_Sub19,-1657.879673,-1657.861607,-1657.868834,-1073.337758,3.2146825000876333,14.551097499858656,10.016154999822788,6.801472499877832,11.3364149999137,4.534942500035868,-658.1,[H]c1nc2c(c([H])c([H])n2[H])c(Cl)c1C1([H])C([H])([H])C([H])([H])C([H])([H])C([H])([H])C1([H])[H],[H]C1=[N+]([H])c2nc([H])c(C3([H])C([H])([H])C([H])([H])C([H])([H])C([H])([H])C3([H])[H])c(Cl)c2C1,steric,Cy,pi-system,0,OneHPyrrolo23bpyridine_H11_deriv1
OneHPyrrolo23bpyridine_H11_deriv1_Int1_Sub1,OneHPyrrolo23bpyridine_H11_deriv1_interpolation_Sub1_v2,OneHPyrrolo23bpyridine_H11_deriv1_Int2_Sub1,OneHPyrrolo23bpyridine_H11_deriv1_substrate_Sub1,-1760.392913,-1760.381257,-1760.394096,-1175.861464,9.782097500057034,17.096237500138614,9.03976500014778,-0.7423325000519299,7.314139999938902,8.056472499990832,-273.54,[H]c1nc2c(c([H])c(C(F)(F)F)n2[H])c(Cl)c1[H],[H]c1nc2c(c(Cl)c1[H])CC(C(F)(F)F)=[N+]2[H],EWG,CF3,pi-system,0,OneHPyrrolo23bpyridine_H11_deriv1
OneHPyrrolo23bpyridine_H11_deriv1_Int1_Sub20,OneHPyrrolo23bpyridine_H11_deriv1_interpolation_Sub20_v2,OneHPyrrolo23bpyridine_H11_deriv1_Int2_Sub20,OneHPyrrolo23bpyridine_H11_deriv1_substrate_Sub20,-1580.540883,-1580.522726,-1580.529766,-995.998473,2.904070000087131,14.297587500070676,9.879987499952565,6.975917499865432,11.393517499983544,4.417600000118114,-702.62,[H]c1nc2c(c([H])c([H])n2[H])c(Cl)c1C(C([H])([H])[H])(C([H])([H])[H])C([H])([H])[H],[H]C1=[N+]([H])c2nc([H])c(C(C([H])([H])[H])(C([H])([H])[H])C([H])([H])[H])c(Cl)c2C1,steric,tBu,pi-system,0,OneHPyrrolo23bpyridine_H11_deriv1
OneHPyrrolo23bpyridine_H11_deriv1_Int1_Sub21,OneHPyrrolo23bpyridine_H11_deriv1_interpolation_Sub21_v2,OneHPyrrolo23bpyridine_H11_deriv1_Int2_Sub21,OneHPyrrolo23bpyridine_H11_deriv1_substrate_Sub21,-1541.293001,-1541.27506,-1541.282252,-956.750653,2.942975000060244,14.20095250010064,9.687972500080662,6.744997500020418,11.257977500040395,4.512980000019979,-645.78,[H]c1nc2c(c([H])c([H])n2[H])c(Cl)c1C([H])(C([H])([H])[H])C([H])([H])[H],[H]C1=[N+]([H])c2nc([H])c(C([H])(C([H])([H])[H])C([H])([H])[H])c(Cl)c2C1,steric,iPr,pi-system,0,OneHPyrrolo23bpyridine_H11_deriv1
OneHPyrrolo23bpyridine_H11_deriv1_Int1_Sub22,OneHPyrrolo23bpyridine_H11_deriv1_interpolation_Sub22_v2,OneHPyrrolo23bpyridine_H11_deriv1_Int2_Sub22,OneHPyrrolo23bpyridine_H11_deriv1_substrate_Sub22,-1462.786535,-1462.768616,-1462.77592,-878.244118,2.899677500026882,14.143849999959455,9.56058999997424,6.660912499947358,11.244172499932574,4.583259999985216,-639.12,[H]c1nc2c(c([H])c([H])n2[H])c(Cl)c1C([H])([H])[H],[H]C1=[N+]([H])c2nc([H])c(C([H])([H])[H])c(Cl)c2C1,steric,Me,pi-system,0,OneHPyrrolo23bpyridine_H11_deriv1
OneHPyrrolo23bpyridine_H11_deriv1_Int1_Sub23,OneHPyrrolo23bpyridine_H11_deriv1_interpolation_Sub23_v2,OneHPyrrolo23bpyridine_H11_deriv1_Int2_Sub23,OneHPyrrolo23bpyridine_H11_deriv1_substrate_Sub23,-1518.080228,-1518.062619,-1518.068161,-933.536346,1.9803899999936905,13.030037499989362,9.552432500066177,7.572042500072484,11.049647499995672,3.477604999923188,-736.41,[H]c1nc2c(c([H])c([H])n2[H])c(Cl)c1N([H])C([H])([H])[H],[H]C1=[N+]([H])c2nc([H])c(N([H])C([H])([H])[H])c(Cl)c2C1,EDG,NHCH3,pi-system,0,OneHPyrrolo23bpyridine_H11_deriv1
OneHPyrrolo23bpyridine_H11_deriv1_Int1_Sub24,OneHPyrrolo23bpyridine_H11_deriv1_interpolation_Sub24_v2,OneHPyrrolo23bpyridine_H11_deriv1_Int2_Sub24,OneHPyrrolo23bpyridine_H11_deriv1_substrate_Sub24,-1537.935341,-1537.917899,-1537.925399,-953.393537,3.284334999983116,14.229190000029348,9.522940000069298,6.2386050000861815,10.944855000046232,4.70624999996005,-657.77,[H]c1nc2c(c([H])c([H])n2[H])c(Cl)c1OC([H])([H])[H],[H]C1=[N+]([H])c2nc([H])c(OC([H])([H])[H])c(Cl)c2C1,EDG,OMe,pi-system,0,OneHPyrrolo23bpyridine_H11_deriv1
OneHPyrrolo23bpyridine_H11_deriv1_Int1_Sub25,OneHPyrrolo23bpyridine_H11_deriv1_interpolation_Sub25_v2,OneHPyrrolo23bpyridine_H11_deriv1_Int2_Sub25,OneHPyrrolo23bpyridine_H11_deriv1_substrate_Sub25,-1760.403087,-1760.3867,-1760.395785,-1175.864419,5.252175000008492,15.53501750008536,9.834179999996875,4.582004999988385,10.28284249993419,5.700837499945806,-562.7,[H]c1c(C(F)(F)F)nc2c(c([H])c([H])n2[H])c1Cl,[H]C1=[N+]([H])c2nc(C(F)(F)F)c([H])c(Cl)c2C1,EWG,CF3,pi-system,0,OneHPyrrolo23bpyridine_H11_deriv1
OneHPyrrolo23bpyridine_H11_deriv1_Int1_Sub26,OneHPyrrolo23bpyridine_H11_deriv1_interpolation_Sub26_v2,OneHPyrrolo23bpyridine_H11_deriv1_Int2_Sub26,OneHPyrrolo23bpyridine_H11_deriv1_substrate_Sub26,-1883.007785,-1882.990319,-1882.999291,-1298.467523,4.251939999965657,15.211855000116543,9.581925000063052,5.329984999954718,10.959915000008207,5.629930000053491,-582.1,[H]c1c(Cl)nc2c(c([H])c([H])n2[H])c1Cl,[H]C1=[N+]([H])c2nc(Cl)c([H])c(Cl)c2C1,EWG,Cl,pi-system,0,OneHPyrrolo23bpyridine_H11_deriv1
OneHPyrrolo23bpyridine_H11_deriv1_Int1_Sub27,OneHPyrrolo23bpyridine_H11_deriv1_interpolation_Sub27_v2,OneHPyrrolo23bpyridine_H11_deriv1_Int2_Sub27,OneHPyrrolo23bpyridine_H11_deriv1_substrate_Sub27,-1657.885061,-1657.866669,-1657.874098,-1073.342734,2.956152500169651,14.497132500137582,9.835434999993709,6.879282499966735,11.54097999996793,4.661697500001196,-624.4,[H]c1c(C2([H])C([H])([H])C([H])([H])C([H])([H])C([H])([H])C2([H])[H])nc2c(c([H])c([H])n2[H])c1Cl,[H]C1=[N+]([H])c2nc(C3([H])C([H])([H])C([H])([H])C([H])([H])C([H])([H])C3([H])[H])c([H])c(Cl)c2C1,steric,Cy,pi-system,0,OneHPyrrolo23bpyridine_H11_deriv1
OneHPyrrolo23bpyridine_H11_deriv1_Int1_Sub28,OneHPyrrolo23bpyridine_H11_deriv1_interpolation_Sub28_v2,OneHPyrrolo23bpyridine_H11_deriv1_Int2_Sub28,OneHPyrrolo23bpyridine_H11_deriv1_substrate_Sub28,-1580.55224,-1580.533849,-1580.54146,-996.009897,2.9461125000523225,14.486465000093176,9.710562500094966,6.764450000042643,11.540352500040854,4.77590249999821,-621.36,[H]c1c(C(C([H])([H])[H])(C([H])([H])[H])C([H])([H])[H])nc2c(c([H])c([H])n2[H])c1Cl,[H]C1=[N+]([H])c2nc(C(C([H])([H])[H])(C([H])([H])[H])C([H])([H])[H])c([H])c(Cl)c2C1,steric,tBu,pi-system,0,OneHPyrrolo23bpyridine_H11_deriv1
OneHPyrrolo23bpyridine_H11_deriv1_Int1_Sub29,OneHPyrrolo23bpyridine_H11_deriv1_interpolation_Sub29_v2,OneHPyrrolo23bpyridine_H11_deriv1_Int2_Sub29,OneHPyrrolo23bpyridine_H11_deriv1_substrate_Sub29,-1541.298745,-1541.28034,-1541.287803,-956.756221,2.8325349999823857,14.38167250000106,9.698640000053729,6.866105000071343,11.549137500018674,4.6830324999473305,-623.12,[H]c1c(C([H])(C([H])([H])[H])C([H])([H])[H])nc2c(c([H])c([H])n2[H])c1Cl,[H]C1=[N+]([H])c2nc(C([H])(C([H])([H])[H])C([H])([H])[H])c([H])c(Cl)c2C1,steric,iPr,pi-system,0,OneHPyrrolo23bpyridine_H11_deriv1
OneHPyrrolo23bpyridine_H11_deriv1_Int1_Sub2,OneHPyrrolo23bpyridine_H11_deriv1_interpolation_Sub2_v2,OneHPyrrolo23bpyridine_H11_deriv1_Int2_Sub2,OneHPyrrolo23bpyridine_H11_deriv1_substrate_Sub2,-1882.994848,-1882.985983,-1882.994874,-1298.461033,8.297432499953175,13.860220000104846,8.281117500137043,-0.0163149999588085,5.562787500008994,5.579102499967803,-353.44,[H]c1nc2c(c([H])c(Cl)n2[H])c(Cl)c1[H],[H]c1nc2c(c(Cl)c1[H])CC(Cl)=[N+]2[H],EWG,Cl,pi-system,0,OneHPyrrolo23bpyridine_H11_deriv1
OneHPyrrolo23bpyridine_H11_deriv1_Int1_Sub30,OneHPyrrolo23bpyridine_H11_deriv1_interpolation_Sub30_v2,OneHPyrrolo23bpyridine_H11_deriv1_Int2_Sub30,OneHPyrrolo23bpyridine_H11_deriv1_substrate_Sub30,-1462.789718,-1462.771265,-1462.778884,-878.2461,2.14605000000347,13.725307499946098,8.944384999960562,6.798334999957092,11.579257499942628,4.780922499985536,-621.05,[H]c1c(C([H])([H])[H])nc2c(c([H])c([H])n2[H])c1Cl,[H]C1=[N+]([H])c2nc(C([H])([H])[H])c([H])c(Cl)c2C1,steric,Me,pi-system,0,OneHPyrrolo23bpyridine_H11_deriv1
OneHPyrrolo23bpyridine_H11_deriv1_Int1_Sub31,OneHPyrrolo23bpyridine_H11_deriv1_interpolation_Sub31_v2,OneHPyrrolo23bpyridine_H11_deriv1_Int2_Sub31,OneHPyrrolo23bpyridine_H11_deriv1_substrate_Sub31,-1518.09871,-1518.076886,-1518.0841,-933.551944,0.1706800000684438,13.865240000020831,9.338455000035708,9.167774999967264,13.69455999995239,4.526784999985125,-667.26,[H]c1c(N([H])C([H])([H])[H])nc2c(c([H])c([H])n2[H])c1Cl,[H]C1=[N+]([H])c2[n-]c(=[N+]([H])C([H])([H])[H])c([H])c(Cl)c2C1,EDG,NHCH3,pi-system,0,OneHPyrrolo23bpyridine_H11_deriv1
OneHPyrrolo23bpyridine_H11_deriv1_Int1_Sub32,OneHPyrrolo23bpyridine_H11_deriv1_interpolation_Sub32_v2,OneHPyrrolo23bpyridine_H11_deriv1_Int2_Sub32,OneHPyrrolo23bpyridine_H11_deriv1_substrate_Sub32,-1537.956296,-1537.9366,-1537.944596,-953.412585,2.0876925000081314,14.446932500050307,9.429442500020002,7.341750000011871,12.359240000042178,5.017490000030307,-623.02,[H]c1c(OC([H])([H])[H])nc2c(c([H])c([H])n2[H])c1Cl,[H]C1=[N+]([H])c2[n-]c(=[O+]C([H])([H])[H])c([H])c(Cl)c2C1,EDG,OMe,pi-system,0,OneHPyrrolo23bpyridine_H11_deriv1
OneHPyrrolo23bpyridine_H11_deriv1_Int1_Sub3,OneHPyrrolo23bpyridine_H11_deriv1_interpolation_Sub3_v2,OneHPyrrolo23bpyridine_H11_deriv1_Int2_Sub3,OneHPyrrolo23bpyridine_H11_deriv1_substrate_Sub3,-1657.888172,-1657.872134,-1657.877259,-1073.343726,1.6264800001738422,11.690325000018902,8.474387499934437,6.847907499903272,10.063844999987737,3.2159375000844648,-435.51,[H]c1nc2c(c([H])c(C3([H])C([H])([H])C([H])([H])C([H])([H])C([H])([H])C3([H])[H])n2[H])c(Cl)c1[H],[H]c1nc2c(c(Cl)c1[H])CC(C1([H])C([H])([H])C([H])([H])C([H])([H])C([H])([H])C1([H])[H])=[N+]2[H],steric,Cy,pi-system,0,OneHPyrrolo23bpyridine_H11_deriv1
OneHPyrrolo23bpyridine_H11_deriv1_Int1_Sub5,OneHPyrrolo23bpyridine_H11_deriv1_interpolation_Sub5_v2,OneHPyrrolo23bpyridine_H11_deriv1_Int2_Sub5,OneHPyrrolo23bpyridine_H11_deriv1_substrate_Sub5,-1541.301364,-1541.285156,-1541.290461,-956.75709,1.734410000044022,11.904930000047784,8.576042499963137,6.841632499919115,10.170520000003762,3.3288875000846474,-405.15,[H]c1nc2c(c([H])c(C([H])(C([H])([H])[H])C([H])([H])[H])n2[H])c(Cl)c1[H],[H]c1nc2c(c(Cl)c1[H])CC(C([H])(C([H])([H])[H])C([H])([H])[H])=[N+]2[H],steric,iPr,pi-system,0,OneHPyrrolo23bpyridine_H11_deriv1
OneHPyrrolo23bpyridine_H11_deriv1_Int1_Sub6,OneHPyrrolo23bpyridine_H11_deriv1_interpolation_Sub6_v2,OneHPyrrolo23bpyridine_H11_deriv1_Int2_Sub6,OneHPyrrolo23bpyridine_H11_deriv1_substrate_Sub6,-1462.790336,-1462.775097,-1462.781048,-878.248314,3.1475400000431364,12.710012500083964,8.975760000024025,5.828219999980888,9.562472500040826,3.734252500059938,-430.55,[H]c1nc2c(c([H])c(C([H])([H])[H])n2[H])c(Cl)c1[H],[H]c1nc2c(c(Cl)c1[H])CC(C([H])([H])[H])=[N+]2[H],steric,Me,pi-system,0,OneHPyrrolo23bpyridine_H11_deriv1
OneHPyrrolo23bpyridine_H11_deriv1_Int1_Sub8,OneHPyrrolo23bpyridine_H11_deriv1_interpolation_Sub8_v2,OneHPyrrolo23bpyridine_H11_deriv1_Int2_Sub8,OneHPyrrolo23bpyridine_H11_deriv1_substrate_Sub8,-1537.948317,-1537.936868,-1537.936872,-953.404936,2.2947674999846868,9.47901500003752,9.476505000043858,7.181737500059171,7.184247500052834,0.0025099999936628,-1009.64,[H]c1nc2c(c([H])c(OC([H])([H])[H])n2[H])c(Cl)c1[H],[H]c1nc2c(c(Cl)c1[H])CC(=[O+]C([H])([H])[H])N2[H],EDG,OMe,pi-system,0,OneHPyrrolo23bpyridine_H11_deriv1
OneHPyrrolo23bpyridine_H11_deriv1_Int1_Sub9,OneHPyrrolo23bpyridine_H11_deriv1_interpolation_Sub9_v2,OneHPyrrolo23bpyridine_H11_deriv1_Int2_Sub9,OneHPyrrolo23bpyridine_H11_deriv1_substrate_Sub9,-1760.389068,-1760.370377,-1760.382767,-1175.850219,5.138597500081232,16.867199999932154,9.0924750000147,3.953877499933469,11.7286024999936,7.77472500006013,-513.82,[H]c1nc2c(c([H])c([H])n2C(F)(F)F)c(Cl)c1[H],[H]C1=[N+](C(F)(F)F)c2nc([H])c([H])c(Cl)c2C1,EWG,CF3,pi-system,0,OneHPyrrolo23bpyridine_H11_deriv1
Benzoisoxazole_H8_deriv1_Int1_Sub14,Benzoisoxazole_H8_deriv1_interpolation_Sub14_v2,Benzoisoxazole_H8_deriv1_Int2_Sub14,Benzoisoxazole_H8_deriv1_substrate_Sub14,-1062.38313,-1062.361108,-1062.381842,-477.847365,7.073807500081983,20.89261250000604,7.882027500038902,0.8082199999569184,13.818804999924057,13.010584999967136,-591.75,[H]c1c(C([H])([H])[H])c([H])c2onc(C([H])([H])[H])c2c1[H],[H][C-]1C[c+]2[c+](o[n-][c-]2C([H])([H])[H])[C-]([H])[C+]1C([H])([H])[H],steric,Me,pi-system,0,Benzoisoxazole_H8_deriv1
Benzoisoxazole_H8_deriv1_Int1_Sub17,Benzoisoxazole_H8_deriv1_interpolation_Sub17_v2,Benzoisoxazole_H8_deriv1_Int2_Sub17,Benzoisoxazole_H8_deriv1_substrate_Sub17,-1359.976822,-1359.964522,-1359.990264,-775.455197,15.946657499973467,23.664907500033507,7.51180250001056,-8.434854999962909,7.7182500000600385,16.153105000022947,-401.89,[H]C1=C([H])[C-]2C3([H])N=[O+]C23C(C(F)(F)F)=C1C([H])([H])[H],[H][C-]1C[c+]2[c+](o[n-][c-]2[H])[C-](C(F)(F)F)[C+]1C([H])([H])[H],EWG,CF3,pi-system,0,Benzoisoxazole_H8_deriv1
Benzoisoxazole_H8_deriv1_Int1_Sub18,Benzoisoxazole_H8_deriv1_interpolation_Sub18_v2,Benzoisoxazole_H8_deriv1_Int2_Sub18,Benzoisoxazole_H8_deriv1_substrate_Sub18,-1482.583663,-1482.571691,-1482.594474,-898.059943,14.632045000082314,22.144474999948613,7.848142500017445,-6.783902500064869,7.512429999866299,14.296332499931168,-461.94,[H]c1c(C([H])([H])[H])c(Cl)c2onc([H])c2c1[H],[H][C-]1C[c+]2[c+](o[n-][c-]2[H])[C-](Cl)[C+]1C([H])([H])[H],EWG,Cl,pi-system,0,Benzoisoxazole_H8_deriv1
Benzoisoxazole_H8_deriv1_Int1_Sub19,Benzoisoxazole_H8_deriv1_interpolation_Sub19_v2,Benzoisoxazole_H8_deriv1_Int2_Sub19,Benzoisoxazole_H8_deriv1_substrate_Sub19,-1257.460893,-1257.44788,-1257.468688,-672.934993,13.26409500004047,21.42975250004099,8.372732500048414,-4.891362499992056,8.16565750000052,13.057019999992576,-513.22,[H]C1=C([H])[C-]2C3([H])N=[O+]C23C(C2([H])C([H])([H])C([H])([H])C([H])([H])C([H])([H])C2([H])[H])=C1C([H])([H])[H],[H][C-]1C[c+]2[c+](o[n-][c-]2[H])[C-](C2([H])C([H])([H])C([H])([H])C([H])([H])C([H])([H])C2([H])[H])[C+]1C([H])([H])[H],steric,Cy,pi-system,0,Benzoisoxazole_H8_deriv1
Benzoisoxazole_H8_deriv1_Int1_Sub20,Benzoisoxazole_H8_deriv1_interpolation_Sub20_v2,Benzoisoxazole_H8_deriv1_Int2_Sub20,Benzoisoxazole_H8_deriv1_substrate_Sub20,-1180.115261,-1180.102356,-1180.123425,-595.589409,13.2942150001071,21.39210249999337,8.1713050000576,-5.122910000049501,8.09788749988627,13.22079749993577,-496.86,[H]c1c(C([H])([H])[H])c(C(C([H])([H])[H])(C([H])([H])[H])C([H])([H])[H])c2onc([H])c2c1[H],[H][C-]1C[c+]2[c+](o[n-][c-]2[H])[C-](C(C([H])([H])[H])(C([H])([H])[H])C([H])([H])[H])[C+]1C([H])([H])[H],steric,tBu,pi-system,0,Benzoisoxazole_H8_deriv1
Benzoisoxazole_H8_deriv1_Int1_Sub21,Benzoisoxazole_H8_deriv1_interpolation_Sub21_v2,Benzoisoxazole_H8_deriv1_Int2_Sub21,Benzoisoxazole_H8_deriv1_substrate_Sub21,-1140.873999,-1140.861228,-1140.882161,-556.348144,13.292332500111854,21.30613500006774,8.170677500059185,-5.1216550000526695,8.013802499955887,13.135457500008556,-511.59,[H]C1=C([H])[C-]2C3([H])N=[O+]C23C(C([H])(C([H])([H])[H])C([H])([H])[H])=C1C([H])([H])[H],[H][C-]1C[c+]2[c+](o[n-][c-]2[H])[C-](C([H])(C([H])([H])[H])C([H])([H])[H])[C+]1C([H])([H])[H],steric,iPr,pi-system,0,Benzoisoxazole_H8_deriv1
Benzoisoxazole_H8_deriv1_Int1_Sub22,Benzoisoxazole_H8_deriv1_interpolation_Sub22_v2,Benzoisoxazole_H8_deriv1_Int2_Sub22,Benzoisoxazole_H8_deriv1_substrate_Sub22,-1062.368241,-1062.35557,-1062.37614,-477.841739,12.88634000010248,20.83739250007412,7.929717499989834,-4.956622500112644,7.951052499971638,12.907675000084282,-512.78,[H]C1=C([H])[C-]2C3([H])N=[O+]C23C(C([H])([H])[H])=C1C([H])([H])[H],[H][C-]1C[c+]2[c+](o[n-][c-]2[H])[C-](C([H])([H])[H])[C+]1C([H])([H])[H],steric,Me,pi-system,0,Benzoisoxazole_H8_deriv1
Benzoisoxazole_H8_deriv1_Int1_Sub25,Benzoisoxazole_H8_deriv1_interpolation_Sub25_v2,Benzoisoxazole_H8_deriv1_Int2_Sub25,Benzoisoxazole_H8_deriv1_substrate_Sub25,-1359.986541,-1359.97613,-1359.998234,-775.464252,15.529997500026695,22.062900000011894,8.192640000075073,-7.337357499951622,6.532902499985198,13.87025999993682,-562.68,[H]c1c(C([H])([H])C(F)(F)F)c([H])c2onc([H])c2c1[H],[H][C-]1C[c+]2[c+](o[n-][c-]2[H])[C-]([H])[C+]1C([H])([H])C(F)(F)F,EWG,CF3,pi-system,0,Benzoisoxazole_H8_deriv1
Benzoisoxazole_H8_deriv1_Int1_Sub27,Benzoisoxazole_H8_deriv1_interpolation_Sub27_v2,Benzoisoxazole_H8_deriv1_Int2_Sub27,Benzoisoxazole_H8_deriv1_substrate_Sub27,-1257.458254,-1257.444593,-1257.466937,-672.932533,13.376417500113575,21.94869500008621,7.927835000101595,-5.44858250001198,8.572277499972643,14.020859999984625,-664.76,[H]C1=C([H])[C-]2C3([H])N=[O+]C23C([H])=C1C([H])([H])C1([H])C([H])([H])C([H])([H])C([H])([H])C([H])([H])C1([H])[H],[H][C-]1C[c+]2[c+](o[n-][c-]2[H])[C-]([H])[C+]1C([H])([H])C1([H])C([H])([H])C([H])([H])C([H])([H])C([H])([H])C1([H])[H],steric,Cy,pi-system,0,Benzoisoxazole_H8_deriv1
Benzoisoxazole_H8_deriv1_Int1_Sub28,Benzoisoxazole_H8_deriv1_interpolation_Sub28_v2,Benzoisoxazole_H8_deriv1_Int2_Sub28,Benzoisoxazole_H8_deriv1_substrate_Sub28,-1180.127234,-1180.114143,-1180.136229,-595.601823,13.57094249997914,21.785544999998763,7.926580000033425,-5.644362499945714,8.214602500019623,13.858964999965336,-644.73,[H]C1=C([H])[C-]2C3([H])N=[O+]C23C([H])=C1C([H])([H])C(C([H])([H])[H])(C([H])([H])[H])C([H])([H])[H],[H][C-]1C[c+]2[c+](o[n-][c-]2[H])[C-]([H])[C+]1C([H])([H])C(C([H])([H])[H])(C([H])([H])[H])C([H])([H])[H],steric,tBu,pi-system,0,Benzoisoxazole_H8_deriv1
Benzoisoxazole_H8_deriv1_Int1_Sub29,Benzoisoxazole_H8_deriv1_interpolation_Sub29_v2,Benzoisoxazole_H8_deriv1_Int2_Sub29,Benzoisoxazole_H8_deriv1_substrate_Sub29,-1140.871603,-1140.858626,-1140.881054,-556.346374,13.685147499976154,21.82821500003371,7.754645000039488,-5.930502499936665,8.143067500057555,14.07356999999422,-610.81,[H]C1=C([H])[C-]2C3([H])N=[O+]C23C([H])=C1C([H])([H])C([H])(C([H])([H])[H])C([H])([H])[H],[H][C-]1C[c+]2[c+](o[n-][c-]2[H])[C-]([H])[C+]1C([H])([H])C([H])(C([H])([H])[H])C([H])([H])[H],steric,iPr,pi-system,0,Benzoisoxazole_H8_deriv1
Benzoisoxazole_H8_deriv1_Int1_Sub2,Benzoisoxazole_H8_deriv1_interpolation_Sub2_v2,Benzoisoxazole_H8_deriv1_Int2_Sub2,Benzoisoxazole_H8_deriv1_substrate_Sub2,-1482.584355,-1482.574267,-1482.596221,-898.061865,15.403870000059785,21.734090000057336,7.957955000025549,-7.445915000034233,6.330219999997553,13.776135000031786,-221.63,[H]c1c(C([H])([H])[H])c(Cl)c([H])c2c([H])noc12,[H][C-]1[C+](C([H])([H])[H])[C-](Cl)C[c+]2[c+]1o[n-][c-]2[H],EWG,Cl,pi-system,0,Benzoisoxazole_H8_deriv1
Benzoisoxazole_H8_deriv1_Int1_Sub30,Benzoisoxazole_H8_deriv1_interpolation_Sub30_v2,Benzoisoxazole_H8_deriv1_Int2_Sub30,Benzoisoxazole_H8_deriv1_substrate_Sub30,-1062.360251,-1062.347587,-1062.370157,-477.83552,13.997642499971905,21.94430250002597,7.781627499971364,-6.216015000000539,7.946660000054067,14.162675000054604,-520.89,[H]C1=C([H])[C-]2C3([H])N=[O+]C23C([H])=C1C([H])([H])C([H])([H])[H],[H][C-]1C[c+]2[c+](o[n-][c-]2[H])[C-]([H])[C+]1C([H])([H])C([H])([H])[H],steric,Me,pi-system,0,Benzoisoxazole_H8_deriv1
Benzoisoxazole_H8_deriv1_Int1_Sub31,Benzoisoxazole_H8_deriv1_interpolation_Sub31_v2,Benzoisoxazole_H8_deriv1_Int2_Sub31,Benzoisoxazole_H8_deriv1_substrate_Sub31,-1117.646472,-1117.63353,-1117.656042,-533.121376,13.768605000122136,21.889710000021125,7.763430000017308,-6.005175000104828,8.12110499989899,14.126280000003815,-490.29,[H]C1=C([H])[C-]2C3([H])N=[O+]C23C([H])=C1C([H])([H])N([H])C([H])([H])[H],[H][C-]1C[c+]2[c+](o[n-][c-]2[H])[C-]([H])[C+]1C([H])([H])N([H])C([H])([H])[H],EDG,NHCH3,pi-system,0,Benzoisoxazole_H8_deriv1
Benzoisoxazole_H8_deriv1_Int1_Sub32,Benzoisoxazole_H8_deriv1_interpolation_Sub32_v2,Benzoisoxazole_H8_deriv1_Int2_Sub32,Benzoisoxazole_H8_deriv1_substrate_Sub32,-1137.512063,-1137.498757,-1137.522366,-552.987869,14.33461000011988,22.68412500001289,7.869477500106257,-6.465132500013624,8.349514999893017,14.81464749990664,-584.04,[H]C1=C([H])[C-]2C3([H])N=[O+]C23C([H])=C1C([H])([H])OC([H])([H])[H],[H][C-]1C[c+]2[c+](o[n-][c-]2[H])[C-]([H])[C+]1C([H])([H])OC([H])([H])[H],EDG,OMe,pi-system,0,Benzoisoxazole_H8_deriv1
Benzoisoxazole_H8_deriv1_Int1_Sub6,Benzoisoxazole_H8_deriv1_interpolation_Sub6_v2,Benzoisoxazole_H8_deriv1_Int2_Sub6,Benzoisoxazole_H8_deriv1_substrate_Sub6,-1062.366633,-1062.355277,-1062.374093,-477.840517,13.128554999954645,20.25444500008348,8.4474050000739,-4.681149999880745,7.125890000128834,11.80704000000958,-483.68,[H]c1c(C([H])([H])[H])c(C([H])([H])[H])c([H])c2c([H])noc12,[H][C-]1[C+](C([H])([H])[H])[C-](C([H])([H])[H])C[c+]2[c+]1o[n-][c-]2[H],steric,Me,pi-system,0,Benzoisoxazole_H8_deriv1
Pyridine_H10_deriv2_Int1_Sub11,Pyridine_H10_deriv2_interpolation_Sub11_v2,Pyridine_H10_deriv2_Int2_Sub11,Pyridine_H10_deriv2_substrate_Sub11,-1223.936233,-1223.918355,-1223.937953,-639.405534,10.252722500081576,21.47116750000777,9.173422499953006,-1.079300000128569,11.218444999926191,12.29774500005476,-664.92,[H]c1nc(C2([H])C([H])([H])C([H])([H])C([H])([H])C([H])([H])C2([H])[H])c(C(C([H])([H])[H])(C([H])([H])[H])C([H])([H])[H])c([H])c1[H],[H][C+]1C[C-]([H])[N-][C+](C2([H])C([H])([H])C([H])([H])C([H])([H])C([H])([H])C2([H])[H])[C+]1C(C([H])([H])[H])(C([H])([H])[H])C([H])([H])[H],steric,Cy,pi-system,0,Pyridine_H10_deriv2
Pyridine_H10_deriv2_Int1_Sub12,Pyridine_H10_deriv2_interpolation_Sub12_v2,Pyridine_H10_deriv2_Int2_Sub12,Pyridine_H10_deriv2_substrate_Sub12,-1146.58004,-1146.562835,-1146.581465,-562.048537,9.748212499999909,20.544350000064924,8.854025000046022,-0.8941874999538868,10.796137500065017,11.690325000018902,-758.31,[H]c1nc(C(C([H])([H])[H])(C([H])([H])[H])C([H])([H])[H])c(C(C([H])([H])[H])(C([H])([H])[H])C([H])([H])[H])c([H])c1[H],[H][C+]1C[C-]([H])[N-][C+](C(C([H])([H])[H])(C([H])([H])[H])C([H])([H])[H])[C+]1C(C([H])([H])[H])(C([H])([H])[H])C([H])([H])[H],steric,tBu,pi-system,0,Pyridine_H10_deriv2
Pyridine_H10_deriv2_Int1_Sub13,Pyridine_H10_deriv2_interpolation_Sub13_v2,Pyridine_H10_deriv2_Int2_Sub13,Pyridine_H10_deriv2_substrate_Sub13,-1107.349336,-1107.331551,-1107.351211,-522.818333,10.061962500063828,21.22205000006602,8.885400000109485,-1.1765624999543434,11.160087500002192,12.336649999956537,-658.89,[H]c1nc(C([H])(C([H])([H])[H])C([H])([H])[H])c(C(C([H])([H])[H])(C([H])([H])[H])C([H])([H])[H])c([H])c1[H],[H][C+]1C[C-]([H])[N-][C+](C([H])(C([H])([H])[H])C([H])([H])[H])[C+]1C(C([H])([H])[H])(C([H])([H])[H])C([H])([H])[H],steric,iPr,pi-system,0,Pyridine_H10_deriv2
Pyridine_H10_deriv2_Int1_Sub14,Pyridine_H10_deriv2_interpolation_Sub14_v2,Pyridine_H10_deriv2_Int2_Sub14,Pyridine_H10_deriv2_substrate_Sub14,-1028.840573,-1028.823192,-1028.842717,-444.309877,10.254605000041153,21.16118249997001,8.909245000013613,-1.34536000002754,10.906577499928858,12.251937499956398,-658.15,[H]c1nc(C([H])([H])[H])c(C(C([H])([H])[H])(C([H])([H])[H])C([H])([H])[H])c([H])c1[H],[H][C+]1C[C-]([H])[N-][C+](C([H])([H])[H])[C+]1C(C([H])([H])[H])(C([H])([H])[H])C([H])([H])[H],steric,Me,pi-system,0,Pyridine_H10_deriv2
Pyridine_H10_deriv2_Int1_Sub15,Pyridine_H10_deriv2_interpolation_Sub15_v2,Pyridine_H10_deriv2_Int2_Sub15,Pyridine_H10_deriv2_substrate_Sub15,-1084.156671,-1084.138412,-1084.149748,-499.618085,5.303630000056927,16.761152500021552,9.64781250000371,4.344182499946783,11.457522499964623,7.113340000017843,-862.74,[H]c1nc(N([H])C([H])([H])[H])c(C(C([H])([H])[H])(C([H])([H])[H])C([H])([H])[H])c([H])c1[H],[H]C1=NC(=[N+]([H])C([H])([H])[H])C(C(C([H])([H])[H])(C([H])([H])[H])C([H])([H])[H])=C([H])C1,EDG,NHCH3,pi-system,0,Pyridine_H10_deriv2
Pyridine_H10_deriv2_Int1_Sub16,Pyridine_H10_deriv2_interpolation_Sub16_v2,Pyridine_H10_deriv2_Int2_Sub16,Pyridine_H10_deriv2_substrate_Sub16,-1104.014276,-1103.998767,-1104.014899,-519.483079,9.940227499943148,19.67212499998425,9.549295000002758,-0.3909324999403907,9.7318975000411,10.12282999998149,-737.17,[H]c1nc(OC([H])([H])[H])c(C(C([H])([H])[H])(C([H])([H])[H])C([H])([H])[H])c([H])c1[H],[H]C1=NC(=[O+]C([H])([H])[H])C(C(C([H])([H])[H])(C([H])([H])[H])C([H])([H])[H])=C([H])C1,EDG,OMe,pi-system,0,Pyridine_H10_deriv2
Pyridine_H10_deriv2_Int1_Sub1,Pyridine_H10_deriv2_interpolation_Sub1_v2,Pyridine_H10_deriv2_Int2_Sub1,Pyridine_H10_deriv2_substrate_Sub1,-1326.444688,-1326.427298,-1326.444946,-741.919437,13.671342500011008,24.583567499996946,13.509447499991722,-0.1618950000192853,10.912224999985938,11.074120000005223,-564.05,[H]c1nc([H])c(C(C([H])([H])[H])(C([H])([H])[H])C([H])([H])[H])c(C(F)(F)F)c1[H],[H]C([H])([H])C([C-]1[C+](C(F)(F)F)CC2([H])[N-]C12[H])(C([H])([H])[H])C([H])([H])[H],EWG,CF3,pi-system,0,Pyridine_H10_deriv2
Pyridine_H10_deriv2_Int1_Sub3,Pyridine_H10_deriv2_interpolation_Sub3_v2,Pyridine_H10_deriv2_Int2_Sub3,Pyridine_H10_deriv2_substrate_Sub3,-1223.928556,-1223.907977,-1223.923768,-639.397002,9.716210000009369,22.62953250000805,12.720679999985691,3.0044699999763225,12.913322499998683,9.908852500022364,-748.87,[H][C-]1[C+](C2([H])C([H])([H])C([H])([H])C([H])([H])C([H])([H])C2([H])[H])[C-](C(C([H])([H])[H])(C([H])([H])[H])C([H])([H])[H])C2([H])[N-]C12[H],[H]C([H])([H])C([C-]1[C+](C2([H])C([H])([H])C([H])([H])C([H])([H])C([H])([H])C2([H])[H])CC2([H])[N-]C12[H])(C([H])([H])[H])C([H])([H])[H],steric,Cy,pi-system,0,Pyridine_H10_deriv2
Pyridine_H10_deriv2_Int1_Sub6,Pyridine_H10_deriv2_interpolation_Sub6_v2,Pyridine_H10_deriv2_Int2_Sub6,Pyridine_H10_deriv2_substrate_Sub6,-1028.838252,-1028.822324,-1028.834145,-444.30522,8.788765000032441,18.78358500005177,11.365907500017585,2.577142499985144,9.994820000019333,7.417677500034188,-594.8,[H][C-]1[C+](C([H])([H])[H])[C-](C(C([H])([H])[H])(C([H])([H])[H])C([H])([H])[H])C2([H])[N-]C12[H],[H]C([H])([H])[C+]1CC2([H])[N-]C2([H])[C-]1C(C([H])([H])[H])(C([H])([H])[H])C([H])([H])[H],steric,Me,pi-system,0,Pyridine_H10_deriv2
Benzothiophene_H9_deriv1_Int1_Sub11,Benzothiophene_H9_deriv1_interpolation_Sub11_v2,Benzothiophene_H9_deriv1_Int2_Sub11,Benzothiophene_H9_deriv1_substrate_Sub11,-1564.365632,-1564.344809,-1564.362063,-979.828988,6.522235000012131,19.58866750005228,8.761782499993558,2.239547499981427,13.06643250004015,10.826885000058724,-540.47,[H]c1c([H])c(C([H])([H])[H])c(C2([H])C([H])([H])C([H])([H])C([H])([H])C([H])([H])C2([H])[H])c2c1[S+]1[C-]([H])C21[H],[H][C+]1[S+]2[C+]3C[C-]([H])[C-](C([H])([H])[H])[C-](C4([H])C([H])([H])C([H])([H])C([H])([H])C([H])([H])C4([H])[H])[C+]3C12[H],steric,Cy,pi-system,0,Benzothiophene_H9_deriv1
Benzothiophene_H9_deriv1_Int1_Sub12,Benzothiophene_H9_deriv1_interpolation_Sub12_v2,Benzothiophene_H9_deriv1_Int2_Sub12,Benzothiophene_H9_deriv1_substrate_Sub12,-1487.01622,-1486.994942,-1487.010505,-902.477177,5.016862500031891,18.36880749999324,8.60302500003769,3.5861625000057984,13.351944999961349,9.765782499955549,-526.1,[H]c1c([H])c(C([H])([H])[H])c(C(C([H])([H])[H])(C([H])([H])[H])C([H])([H])[H])c2c1[S+]1[C-]([H])C21[H],[H][C+]1[S+]2[C+]3C[C-]([H])[C-](C([H])([H])[H])[C-](C(C([H])([H])[H])(C([H])([H])[H])C([H])([H])[H])[C+]3C12[H],steric,tBu,pi-system,0,Benzothiophene_H9_deriv1
Benzothiophene_H9_deriv1_Int1_Sub14,Benzothiophene_H9_deriv1_interpolation_Sub14_v2,Benzothiophene_H9_deriv1_Int2_Sub14,Benzothiophene_H9_deriv1_substrate_Sub14,-1369.275047,-1369.254851,-1369.27169,-784.738143,6.359084999996014,19.03207500010211,8.465602500027956,2.1065175000319414,12.672990000106097,10.566472500074156,-535.43,[H]c1c([H])c(C([H])([H])[H])c(C([H])([H])[H])c2c1[S+]1[C-]([H])C21[H],[H][C+]1S[C+]2C[C-]([H])[C-](C([H])([H])[H])[C+](C([H])([H])[H])[C+]2[C-]1[H],steric,Me,pi-system,0,Benzothiophene_H9_deriv1
Benzothiophene_H9_deriv1_Int1_Sub16,Benzothiophene_H9_deriv1_interpolation_Sub16_v2,Benzothiophene_H9_deriv1_Int2_Sub16,Benzothiophene_H9_deriv1_substrate_Sub16,-1444.430148,-1444.409846,-1444.426231,-859.892994,6.202210000106732,18.94171500004489,8.660127500107535,2.457917500000804,12.739504999938164,10.28158749993736,-557.85,[H]c1c(C([H])([H])[H])c(=[O+]C([H])([H])[H])c2c([c-]1[H])[S+]1[C-]([H])C21[H],[H]C1=C(C([H])([H])[H])C(=[O+]C([H])([H])[H])c2c(sc([H])c2[H])C1,EDG,OMe,pi-system,0,Benzothiophene_H9_deriv1
Benzothiophene_H9_deriv1_Int1_Sub18,Benzothiophene_H9_deriv1_interpolation_Sub18_v2,Benzothiophene_H9_deriv1_Int2_Sub18,Benzothiophene_H9_deriv1_substrate_Sub18,-1789.493755,-1789.473128,-1789.493037,-1204.959427,7.975525000123866,20.918967500046502,8.426069999985089,0.4505450000038991,12.94344249992264,12.49289749991874,-501.44,[H]c1c([H])c(C([H])([H])[H])c([H])c2c1[S+]1[C-]([H])C21Cl,[H][C+]1[S+]2[C+]3C[C-]([H])[C-](C([H])([H])[H])[C-]([H])[C+]3C12Cl,EWG,Cl,pi-system,0,Benzothiophene_H9_deriv1
Benzothiophene_H9_deriv1_Int1_Sub19,Benzothiophene_H9_deriv1_interpolation_Sub19_v2,Benzothiophene_H9_deriv1_Int2_Sub19,Benzothiophene_H9_deriv1_substrate_Sub19,-1564.371984,-1564.350339,-1564.369114,-979.836281,7.112712499948088,20.69494999997005,8.913637499966853,1.8009250000187649,13.58223750002196,11.781312500003196,-534.63,[H]c1sc2c([H])c([H])c(C([H])([H])[H])c([H])c2c1C1([H])C([H])([H])C([H])([H])C([H])([H])C([H])([H])C1([H])[H],[H][C+]1[C+]2[C+](C[C-]([H])[C-]1C([H])([H])[H])S[C+]([H])[C-]2C1([H])C([H])([H])C([H])([H])C([H])([H])C([H])([H])C1([H])[H],steric,Cy,pi-system,0,Benzothiophene_H9_deriv1
Benzothiophene_H9_deriv1_Int1_Sub22,Benzothiophene_H9_deriv1_interpolation_Sub22_v2,Benzothiophene_H9_deriv1_Int2_Sub22,Benzothiophene_H9_deriv1_substrate_Sub22,-1369.276985,-1369.255643,-1369.274537,-784.74099,6.929482500054007,20.32158750005664,8.465602500027956,1.5361199999739483,13.39210500000263,11.85598500002868,-527.59,[H]c1sc2c([H])c([H])c(C([H])([H])[H])c([H])c2c1C([H])([H])[H],[H][C+]1S[C+]2C[C-]([H])[C-](C([H])([H])[H])[C+]([H])[C+]2[C-]1C([H])([H])[H],steric,Me,pi-system,0,Benzothiophene_H9_deriv1
Benzothiophene_H9_deriv1_Int1_Sub24,Benzothiophene_H9_deriv1_interpolation_Sub24_v2,Benzothiophene_H9_deriv1_Int2_Sub24,Benzothiophene_H9_deriv1_substrate_Sub24,-1444.426217,-1444.404821,-1444.424179,-859.890688,7.221897500029115,20.6478874999462,8.500742499939236,1.2788449999101204,13.425989999917078,12.147145000006958,-519.15,[H]c1c([H])c(C([H])([H])[H])c([H])c2c1[S+]1[C-]([H])C21OC([H])([H])[H],[H][C+]1S[C+]2C[C-]([H])[C-](C([H])([H])[H])[C+]([H])[C+]2[C-]1OC([H])([H])[H],EDG,OMe,pi-system,0,Benzothiophene_H9_deriv1
Benzothiophene_H9_deriv1_Int1_Sub27,Benzothiophene_H9_deriv1_interpolation_Sub27_v2,Benzothiophene_H9_deriv1_Int2_Sub27,Benzothiophene_H9_deriv1_substrate_Sub27,-1564.366438,-1564.34464,-1564.363376,-979.83021,6.783274999995115,20.46151999998869,8.70467999999505,1.921404999999936,13.67824499999358,11.756839999993645,-625.36,[H]c1c([H])c(C([H])([H])C2([H])C([H])([H])C([H])([H])C([H])([H])C([H])([H])C2([H])[H])c([H])c2c1[S+]1[C-]([H])C21[H],[H][C+]1S[C+]2C[C-]([H])[C-](C([H])([H])C3([H])C([H])([H])C([H])([H])C([H])([H])C([H])([H])C3([H])[H])[C+]([H])[C+]2[C-]1[H],steric,Cy,pi-system,0,Benzothiophene_H9_deriv1
Benzothiophene_H9_deriv1_Int1_Sub28,Benzothiophene_H9_deriv1_interpolation_Sub28_v2,Benzothiophene_H9_deriv1_Int2_Sub28,Benzothiophene_H9_deriv1_substrate_Sub28,-1487.037111,-1487.014534,-1487.033816,-902.499662,6.017097499932049,20.184165000046903,8.084710000062216,2.067612500130167,14.167067500114854,12.099454999984689,-468.68,[H]c1c([H])c(C([H])([H])C(C([H])([H])[H])(C([H])([H])[H])C([H])([H])[H])c([H])c2c1[S+]1[C-]([H])C21[H],[H][C+]1S[C+]2C[C-]([H])[C-](C([H])([H])C(C([H])([H])[H])(C([H])([H])[H])C([H])([H])[H])[C+]([H])[C+]2[C-]1[H],steric,tBu,pi-system,0,Benzothiophene_H9_deriv1
Benzothiophene_H9_deriv1_Int1_Sub30,Benzothiophene_H9_deriv1_interpolation_Sub30_v2,Benzothiophene_H9_deriv1_Int2_Sub30,Benzothiophene_H9_deriv1_substrate_Sub30,-1369.269013,-1369.247216,-1369.26615,-784.732512,6.611967499999594,20.289585000066097,8.408500000100787,1.7965325001011934,13.677617500066503,11.88108499996531,-540.21,[H]c1c([H])c(C([H])([H])C([H])([H])[H])c([H])c2c1[S+]1[C-]([H])C21[H],[H][C+]1S[C+]2C[C-]([H])[C-](C([H])([H])C([H])([H])[H])[C+]([H])[C+]2[C-]1[H],steric,Me,pi-system,0,Benzothiophene_H9_deriv1
Benzothiophene_H9_deriv1_Int1_Sub31,Benzothiophene_H9_deriv1_interpolation_Sub31_v2,Benzothiophene_H9_deriv1_Int2_Sub31,Benzothiophene_H9_deriv1_substrate_Sub31,-1424.555508,-1424.534047,-1424.552795,-840.019286,6.787040000056948,20.253817499942382,8.489447499967753,1.7024074999108052,13.466777499885438,11.764369999974631,-485.25,[H]c1c([H])c(C([H])([H])N([H])C([H])([H])[H])c([H])c2c1[S+]1[C-]([H])C21[H],[H][C+]1S[C+]2C[C-]([H])[C-](C([H])([H])N([H])C([H])([H])[H])[C+]([H])[C+]2[C-]1[H],EDG,NHCH3,pi-system,0,Benzothiophene_H9_deriv1
Benzothiophene_H9_deriv1_Int1_Sub32,Benzothiophene_H9_deriv1_interpolation_Sub32_v2,Benzothiophene_H9_deriv1_Int2_Sub32,Benzothiophene_H9_deriv1_substrate_Sub32,-1444.421151,-1444.400487,-1444.419258,-859.885936,7.418932500031019,20.38559249996638,8.606790000099522,1.1878575000685032,12.96665999993536,11.778802499866856,-507.51,[H]c1c([H])c(C([H])([H])OC([H])([H])[H])c([H])c2c1[S+]1[C-]([H])C21[H],[H][C+]1S[C+]2C[C-]([H])[C-](C([H])([H])OC([H])([H])[H])[C+]([H])[C+]2[C-]1[H],EDG,OMe,pi-system,0,Benzothiophene_H9_deriv1
Benzothiophene_H9_deriv1_Int1_Sub3,Benzothiophene_H9_deriv1_interpolation_Sub3_v2,Benzothiophene_H9_deriv1_Int2_Sub3,Benzothiophene_H9_deriv1_substrate_Sub3,-1564.364448,-1564.344693,-1564.362547,-979.827847,6.549217500015345,18.94548000003539,7.742095000071174,1.192877500055829,12.396262500020043,11.203384999964214,-287.45,[H]c1c(C([H])([H])[H])c(C2([H])C([H])([H])C([H])([H])C([H])([H])C([H])([H])C2([H])[H])c([H])c2c1C1([H])[C-]([H])[S+]21,[H][C+]1S[C+]2C[C-](C3([H])C([H])([H])C([H])([H])C([H])([H])C([H])([H])C3([H])[H])[C-](C([H])([H])[H])[C+]([H])[C+]2[C-]1[H],steric,Cy,pi-system,0,Benzothiophene_H9_deriv1
Benzothiophene_H9_deriv1_Int1_Sub5,Benzothiophene_H9_deriv1_interpolation_Sub5_v2,Benzothiophene_H9_deriv1_Int2_Sub5,Benzothiophene_H9_deriv1_substrate_Sub5,-1447.77784,-1447.758014,-1447.77583,-863.241606,6.779510000075959,19.220325000054856,8.04078500003044,1.2612749999544803,12.440814999978898,11.179540000024415,-315.17,[H]c1c(C([H])([H])[H])c(C([H])(C([H])([H])[H])C([H])([H])[H])c([H])c2c1C1([H])[C-]([H])[S+]21,[H][C+]1S[C+]2C[C-](C([H])(C([H])([H])[H])C([H])([H])[H])[C-](C([H])([H])[H])[C+]([H])[C+]2[C-]1[H],steric,iPr,pi-system,0,Benzothiophene_H9_deriv1
Pyrazole_H6_deriv1_Int1_Sub10,Pyrazole_H6_deriv1_interpolation_Sub10_v2,Pyrazole_H6_deriv1_Int2_Sub10,Pyrazole_H6_deriv1_substrate_Sub10,-1387.73632,-1387.716263,-1387.737394,-803.199857,6.635812500010729,19.22157999998035,5.961877500000128,-0.6739350000106015,12.58576749996962,13.259702499980222,-200.48,[H]C1=C([H])[N+]2(Cl)[N-]C12C([H])(C([H])([H])[H])C([H])([H])[H],[H][C+]1C[N+]2(Cl)[N-]C12C([H])(C([H])([H])[H])C([H])([H])[H],EWG,Cl,pi-system,0,Pyrazole_H6_deriv1
Pyrazole_H6_deriv1_Int1_Sub12,Pyrazole_H6_deriv1_interpolation_Sub12_v2,Pyrazole_H6_deriv1_Int2_Sub12,Pyrazole_H6_deriv1_substrate_Sub12,-1085.3342,-1085.313199,-1085.326629,-500.792619,3.4242675000221823,16.602395000065684,8.175070000083764,4.750802500061582,13.178127500043502,8.42732499998192,-315.06,[H]C1=C([H])[N+]2(C(C([H])([H])[H])(C([H])([H])[H])C([H])([H])[H])[N-]C12C([H])(C([H])([H])[H])C([H])([H])[H],[H][C+]1C[N+]2(C(C([H])([H])[H])(C([H])([H])[H])C([H])([H])[H])[N-]C12C([H])(C([H])([H])[H])C([H])([H])[H],steric,tBu,pi-system,0,Pyrazole_H6_deriv1
Pyrazole_H6_deriv1_Int1_Sub14,Pyrazole_H6_deriv1_interpolation_Sub14_v2,Pyrazole_H6_deriv1_Int2_Sub14,Pyrazole_H6_deriv1_substrate_Sub14,-967.562275,-967.540179,-967.556859,-383.021757,4.091300000014542,17.956540000035375,7.489839999994672,3.3985399999801302,13.865240000020831,10.466700000040705,-398.31,[H]C1=C([H])[N+]2(C([H])([H])[H])[N-]C12C([H])(C([H])([H])[H])C([H])([H])[H],[H][C+]1C[N+]2(C([H])([H])[H])[N-]C12C([H])(C([H])([H])[H])C([H])([H])[H],steric,Me,pi-system,0,Pyrazole_H6_deriv1
Pyrazole_H6_deriv1_Int1_Sub16,Pyrazole_H6_deriv1_interpolation_Sub16_v2,Pyrazole_H6_deriv1_Int2_Sub16,Pyrazole_H6_deriv1_substrate_Sub16,-1042.669017,-1042.647727,-1042.667055,-458.129993,5.028785000073128,18.388260000015464,6.259940000103654,1.231155000030526,13.359474999942336,12.12831999991181,-233.72,[H]C1=C([H])[N+]2(OC([H])([H])[H])[N-]C12C([H])(C([H])([H])[H])C([H])([H])[H],[H][C+]1C[N+]2(OC([H])([H])[H])[N-]C12C([H])(C([H])([H])[H])C([H])([H])[H],EDG,OMe,pi-system,0,Pyrazole_H6_deriv1
Pyrazole_H6_deriv1_Int1_Sub25,Pyrazole_H6_deriv1_interpolation_Sub25_v2,Pyrazole_H6_deriv1_Int2_Sub25,Pyrazole_H6_deriv1_substrate_Sub25,-1225.935249,-1225.914593,-1225.934759,-641.399451,7.053099999955919,20.01474000004663,7.360575000035681,0.3074750000797621,12.96164000009071,12.654165000010948,-321.7,[H]C1=C([H])[N+]2([H])[N-]C12C([H])(C([H])([H])[H])C(F)(F)F,[H][C+]1C[N+]2([H])[N-]C12C([H])(C([H])([H])[H])C(F)(F)F,EWG,CF3,pi-system,0,Pyrazole_H6_deriv1
Pyrazole_H6_deriv1_Int1_Sub26,Pyrazole_H6_deriv1_interpolation_Sub26_v2,Pyrazole_H6_deriv1_Int2_Sub26,Pyrazole_H6_deriv1_substrate_Sub26,-1348.534555,-1348.513136,-1348.533745,-763.997912,6.522862500081885,19.963285000033864,7.031137500082707,0.5082750000008218,13.440422499951978,12.932147499951157,-329.89,[H]C1=C([H])[N+]2([H])[N-]C12C([H])(Cl)C([H])([H])[H],[H][C+]1C[N+]2([H])[N-]C12C([H])(Cl)C([H])([H])[H],EWG,Cl,pi-system,0,Pyrazole_H6_deriv1
Pyrazole_H6_deriv1_Int1_Sub27,Pyrazole_H6_deriv1_interpolation_Sub27_v2,Pyrazole_H6_deriv1_Int2_Sub27,Pyrazole_H6_deriv1_substrate_Sub27,-1123.404653,-1123.385297,-1123.401192,-538.865956,5.233977499983098,17.379867499993225,7.405754999992951,2.1717775000098527,12.145890000010128,9.974112500000274,-269.49,[H]C1=C([H])[N+]2([H])[N-]C12C([H])(C([H])([H])[H])C1([H])C([H])([H])C([H])([H])C([H])([H])C([H])([H])C1([H])[H],[H][C+]1C[N+]2([H])[N-]C12C([H])(C([H])([H])[H])C1([H])C([H])([H])C([H])([H])C([H])([H])C([H])([H])C1([H])[H],steric,Cy,pi-system,0,Pyrazole_H6_deriv1
Pyrazole_H6_deriv1_Int1_Sub28,Pyrazole_H6_deriv1_interpolation_Sub28_v2,Pyrazole_H6_deriv1_Int2_Sub28,Pyrazole_H6_deriv1_substrate_Sub28,-1046.072134,-1046.052503,-1046.069221,-461.533532,5.293590000010937,17.612042500084755,7.121497500032916,1.827907500021979,12.318452500073818,10.49054500005184,-337.63,[H]C1=C([H])[N+]2([H])[N-]C12C([H])(C([H])([H])[H])C(C([H])([H])[H])(C([H])([H])[H])C([H])([H])[H],[H][C+]1C[N+]2([H])[N-]C12C([H])(C([H])([H])[H])C(C([H])([H])[H])(C([H])([H])[H])C([H])([H])[H],steric,tBu,pi-system,0,Pyrazole_H6_deriv1
Pyrazole_H6_deriv1_Int1_Sub30,Pyrazole_H6_deriv1_interpolation_Sub30_v2,Pyrazole_H6_deriv1_Int2_Sub30,Pyrazole_H6_deriv1_substrate_Sub30,-928.309336,-928.286884,-928.305971,-343.770146,4.924620000015096,19.013250000042632,7.036157500034364,2.111537500019267,14.088630000027536,11.977092500008268,-377.79,[H]C1=C([H])[N+]2([H])[N-]C12C([H])(C([H])([H])[H])C([H])([H])[H],[H][C+]1C[N+]2([H])[N-]C12C([H])(C([H])([H])[H])C([H])([H])[H],steric,Me,pi-system,0,Pyrazole_H6_deriv1
Pyrazole_H6_deriv1_Int1_Sub32,Pyrazole_H6_deriv1_interpolation_Sub32_v2,Pyrazole_H6_deriv1_Int2_Sub32,Pyrazole_H6_deriv1_substrate_Sub32,-1003.459945,-1003.439946,-1003.458889,-418.92323,6.477682500053277,19.027055000043447,7.140322500021057,0.6626399999677801,12.54937249999017,11.88673250002239,-338.23,[H]C1=C([H])[N+]2([H])[N-]C12C([H])(OC([H])([H])[H])C([H])([H])[H],[H][C+]1C[N+]2([H])[N-]C12C([H])(OC([H])([H])[H])C([H])([H])[H],EDG,OMe,pi-system,0,Pyrazole_H6_deriv1
Pyrazole_H6_deriv1_Int1_Sub3,Pyrazole_H6_deriv1_interpolation_Sub3_v2,Pyrazole_H6_deriv1_Int2_Sub3,Pyrazole_H6_deriv1_substrate_Sub3,-1162.654868,-1162.638768,-1162.651771,-578.117682,6.182129999943413,16.2848799999756,8.125497499959238,1.9433675000158248,10.102750000032188,8.159382500016363,-387.17,[H]C1=C(C2([H])C([H])([H])C([H])([H])C([H])([H])C([H])([H])C2([H])[H])C2(C([H])(C([H])([H])[H])C([H])([H])[H])[N-][N+]12[H],[H]C([H])([H])C([H])(C([H])([H])[H])C12[N-][N+]1([H])C[C+]2C1([H])C([H])([H])C([H])([H])C([H])([H])C([H])([H])C1([H])[H],steric,Cy,pi-system,0,Pyrazole_H6_deriv1
Pyrazole_H6_deriv1_Int1_Sub5,Pyrazole_H6_deriv1_interpolation_Sub5_v2,Pyrazole_H6_deriv1_Int2_Sub5,Pyrazole_H6_deriv1_substrate_Sub5,-1046.067918,-1046.050725,-1046.064739,-461.530781,6.212877500044129,17.00148499998548,8.20770000007272,1.9948225000285904,10.78860749994135,8.79378499991276,-218.93,[H]C1=C(C([H])(C([H])([H])[H])C([H])([H])[H])C2(C([H])(C([H])([H])[H])C([H])([H])[H])[N-][N+]12[H],[H]C([H])([H])C([H])([C+]1C[N+]2([H])[N-]C12C([H])(C([H])([H])[H])C([H])([H])[H])C([H])([H])[H],steric,iPr,pi-system,0,Pyrazole_H6_deriv1
Pyrazole_H6_deriv1_Int1_Sub7,Pyrazole_H6_deriv1_interpolation_Sub7_v2,Pyrazole_H6_deriv1_Int2_Sub7,Pyrazole_H6_deriv1_substrate_Sub7,-1022.859375,-1022.849073,-1022.852212,-438.317552,3.2724125000132176,9.736917500028426,7.767195000007803,4.494782499994585,6.464505000015208,1.969722500020623,-989.44,[H][C-]1C2(N([H])C([H])([H])[H])C3(C([H])(C([H])([H])[H])C([H])([H])[H])[N-][N+2]123[H],[H][N+](=C1C[N+]2([H])[N-]C12C([H])(C([H])([H])[H])C([H])([H])[H])C([H])([H])[H],EDG,NHCH3,pi-system,0,Pyrazole_H6_deriv1
Oxazole_H7_deriv1_Int1_Sub12,Oxazole_H7_deriv1_interpolation_Sub12_v2,Oxazole_H7_deriv1_Int2_Sub12,Oxazole_H7_deriv1_substrate_Sub12,-1105.200489,-1105.18325,-1105.196174,-520.658858,3.392892499994389,14.210365000005538,6.100555000078032,2.707662500083643,10.81747250001115,8.109809999927506,-653.09,[H]c1nc(C(C([H])([H])[H])(C([H])([H])[H])C(C([H])([H])[H])(C([H])([H])[H])C([H])([H])[H])oc1[H],[H]C1=NC(C(C([H])([H])[H])(C([H])([H])[H])C(C([H])([H])[H])(C([H])([H])[H])C([H])([H])[H])=[O+]C1,steric,tBu,pi-system,0,Oxazole_H7_deriv1
Oxazole_H7_deriv1_Int1_Sub14,Oxazole_H7_deriv1_interpolation_Sub14_v2,Oxazole_H7_deriv1_Int2_Sub14,Oxazole_H7_deriv1_substrate_Sub14,-987.442266,-987.425016,-987.438511,-402.901083,3.674012500033683,14.498387500027404,6.0302750000771255,2.3562625000434423,10.824374999993722,8.46811249995028,-676.93,[H]c1nc(C(C([H])([H])[H])(C([H])([H])[H])C([H])([H])[H])oc1[H],[H]C1=NC(C(C([H])([H])[H])(C([H])([H])[H])C([H])([H])[H])=[O+]C1,steric,Me,pi-system,0,Oxazole_H7_deriv1
Oxazole_H7_deriv1_Int1_Sub3,Oxazole_H7_deriv1_interpolation_Sub3_v2,Oxazole_H7_deriv1_Int2_Sub3,Oxazole_H7_deriv1_substrate_Sub3,-1182.54806,-1182.533914,-1182.54243,-598.004671,2.289747499997361,11.166362499986349,5.822572500066485,3.532825000069124,8.876614999988988,5.343789999919864,-619.6,[H]c1oc(C([H])(C([H])([H])[H])C([H])([H])[H])nc1C1([H])C([H])([H])C([H])([H])C([H])([H])C([H])([H])C1([H])[H],[H]C([H])([H])C([H])(C1=[O+]CC(C2([H])C([H])([H])C([H])([H])C([H])([H])C([H])([H])C2([H])[H])=N1)C([H])([H])[H],steric,Cy,pi-system,0,Oxazole_H7_deriv1
Oxazole_H7_deriv1_Int1_Sub4,Oxazole_H7_deriv1_interpolation_Sub4_v2,Oxazole_H7_deriv1_Int2_Sub4,Oxazole_H7_deriv1_substrate_Sub4,-1105.211338,-1105.202402,-1105.210785,-520.674385,6.328337500002306,11.935677500112831,6.675345000053596,0.3470075000512906,5.607340000110526,5.260332500059235,-705.16,[H]c1oc(C([H])(C([H])([H])[H])C([H])([H])[H])nc1C(C([H])([H])[H])(C([H])([H])[H])C([H])([H])[H],[H]C([H])([H])C([H])(C1=[O+]CC(C(C([H])([H])[H])(C([H])([H])[H])C([H])([H])[H])=N1)C([H])([H])[H],steric,tBu,pi-system,0,Oxazole_H7_deriv1
Oxazole_H7_deriv1_Int1_Sub5,Oxazole_H7_deriv1_interpolation_Sub5_v2,Oxazole_H7_deriv1_Int2_Sub5,Oxazole_H7_deriv1_substrate_Sub5,-1065.961078,-1065.947052,-1065.956099,-481.418121,2.560827499990665,11.36214250002709,5.685150000021082,3.1243225000304164,8.801315000036425,5.676992500006008,-556.57,[H]c1oc(C([H])(C([H])([H])[H])C([H])([H])[H])nc1C([H])(C([H])([H])[H])C([H])([H])[H],[H]C([H])([H])C([H])(C1=NC(C([H])(C([H])([H])[H])C([H])([H])[H])=[O+]C1)C([H])([H])[H],steric,iPr,pi-system,0,Oxazole_H7_deriv1
Oxazole_H7_deriv1_Int1_Sub6,Oxazole_H7_deriv1_interpolation_Sub6_v2,Oxazole_H7_deriv1_Int2_Sub6,Oxazole_H7_deriv1_substrate_Sub6,-987.450227,-987.437721,-987.445876,-402.90865,3.426777500015845,11.274292500034877,6.157030000042454,2.7302525000266087,7.84751500001903,5.117262499992421,-609.52,[H]c1oc(C([H])(C([H])([H])[H])C([H])([H])[H])nc1C([H])([H])[H],[H]C([H])([H])C1=NC(C([H])(C([H])([H])[H])C([H])([H])[H])=[O+]C1,steric,Me,pi-system,0,Oxazole_H7_deriv1
Benzothiophene_H13_deriv1_Int1_Sub14,Benzothiophene_H13_deriv1_interpolation_Sub14_v2,Benzothiophene_H13_deriv1_Int2_Sub14,Benzothiophene_H13_deriv1_substrate_Sub14,-1666.901185,-1666.878517,-1666.892271,-1082.362966,5.5339224999391945,19.758092499981217,11.127457499941896,5.593535000002703,14.224169999899344,8.630634999896643,-618.02,[H]c1sc2c(C([H])([H])[H])c([H])c([H])c(C(F)(F)F)c2c1[H],[H]C1=[S+]c2c(c(C(F)(F)F)c([H])c([H])c2C([H])([H])[H])C1,steric,Me,pi-system,0,Benzothiophene_H13_deriv1
Benzothiophene_H13_deriv1_Int1_Sub17,Benzothiophene_H13_deriv1_interpolation_Sub17_v2,Benzothiophene_H13_deriv1_Int2_Sub17,Benzothiophene_H13_deriv1_substrate_Sub17,-1964.502858,-1964.481567,-1964.494035,-1379.966718,6.838494999855698,20.198597499867788,12.374927499931232,5.536432500075534,13.36010250001209,7.8236699999365555,-710.53,[H]c1sc2c([H])c([H])c(C(F)(F)F)c(C(F)(F)F)c2c1[H],[H]C1=[S+]c2c([H])c([H])c(C(F)(F)F)c(C(F)(F)F)c2C1,EWG,CF3,pi-system,0,Benzothiophene_H13_deriv1
Benzothiophene_H13_deriv1_Int1_Sub18,Benzothiophene_H13_deriv1_interpolation_Sub18_v2,Benzothiophene_H13_deriv1_Int2_Sub18,Benzothiophene_H13_deriv1_substrate_Sub18,-2087.106774,-2087.086582,-2087.097279,-1502.570221,6.579337500153315,19.249817500123072,12.537450000020272,5.958112499866957,12.670479999969755,6.7123675001028005,-832.02,[H]c1sc2c([H])c([H])c(Cl)c(C(F)(F)F)c2c1[H],[H]C1=[S+]c2c([H])c([H])c(Cl)c(C(F)(F)F)c2C1,EWG,Cl,pi-system,0,Benzothiophene_H13_deriv1
Benzothiophene_H13_deriv1_Int1_Sub20,Benzothiophene_H13_deriv1_interpolation_Sub20_v2,Benzothiophene_H13_deriv1_Int2_Sub20,Benzothiophene_H13_deriv1_substrate_Sub20,-1784.638044,-1784.614215,-1784.626952,-1200.099698,5.454229999926383,20.40692750005519,12.414460000045436,6.960229999976377,14.95269749998613,7.992467500009752,-788.15,[H]c1sc2c([H])c([H])c(C(C([H])([H])[H])(C([H])([H])[H])C([H])([H])[H])c(C(F)(F)F)c2c1[H],[H]C1=[S+]c2c([H])c([H])c(C(C([H])([H])[H])(C([H])([H])[H])C([H])([H])[H])c(C(F)(F)F)c2C1,steric,tBu,pi-system,0,Benzothiophene_H13_deriv1
Benzothiophene_H13_deriv1_Int1_Sub22,Benzothiophene_H13_deriv1_interpolation_Sub22_v2,Benzothiophene_H13_deriv1_Int2_Sub22,Benzothiophene_H13_deriv1_substrate_Sub22,-1666.891846,-1666.86972,-1666.880772,-1082.353702,5.580985000177066,19.46505000007903,12.52992000018196,6.948935000004894,13.884065000044645,6.935130000039749,-815.42,[H]c1sc2c([H])c([H])c(C([H])([H])[H])c(C(F)(F)F)c2c1[H],[H]C1=[S+]c2c([H])c([H])c(C([H])([H])[H])c(C(F)(F)F)c2C1,steric,Me,pi-system,0,Benzothiophene_H13_deriv1
Benzothiophene_H13_deriv1_Int1_Sub23,Benzothiophene_H13_deriv1_interpolation_Sub23_v2,Benzothiophene_H13_deriv1_Int2_Sub23,Benzothiophene_H13_deriv1_substrate_Sub23,-1722.189797,-1722.167591,-1722.17768,-1137.650878,5.094672500049455,19.028937500110032,12.698089999900048,7.60341749999327,13.934265000060575,6.330847500067307,-868.77,[H]c1sc2c([H])c([H])c(N([H])C([H])([H])[H])c(C(F)(F)F)c2c1[H],[H]C1=[S+]c2c([H])c([H])c(N([H])C([H])([H])[H])c(C(F)(F)F)c2C1,EDG,NHCH3,pi-system,0,Benzothiophene_H13_deriv1
Benzothiophene_H13_deriv1_Int1_Sub24,Benzothiophene_H13_deriv1_interpolation_Sub24_v2,Benzothiophene_H13_deriv1_Int2_Sub24,Benzothiophene_H13_deriv1_substrate_Sub24,-1742.045093,-1742.0244,-1742.034735,-1157.509024,6.883047499957229,19.867904999917982,13.382692499955056,6.499644999997827,12.984857499960754,6.485212499962927,-900.18,[H]c1sc2c([H])c([H])c(OC([H])([H])[H])c(C(F)(F)F)c2c1[H],[H]C1=[S+]c2c([H])c([H])c(OC([H])([H])[H])c(C(F)(F)F)c2C1,EDG,OMe,pi-system,0,Benzothiophene_H13_deriv1
Benzothiophene_H13_deriv1_Int1_Sub27,Benzothiophene_H13_deriv1_interpolation_Sub27_v2,Benzothiophene_H13_deriv1_Int2_Sub27,Benzothiophene_H13_deriv1_substrate_Sub27,-1762.78144,-1762.757896,-1762.773331,-1178.243467,5.688287499977491,20.46214750005845,10.776684999900112,5.088397499922621,14.77385999993828,9.68546250001566,-853.38,[H]c1sc2c([H])c([H])c([H])c(C(F)(F)C3([H])C([H])([H])C([H])([H])C([H])([H])C([H])([H])C3([H])[H])c2c1[H],[H]C1=[S+]c2c([H])c([H])c([H])c(C(F)(F)C3([H])C([H])([H])C([H])([H])C([H])([H])C([H])([H])C3([H])[H])c2C1,steric,Cy,pi-system,0,Benzothiophene_H13_deriv1
Benzothiophene_H13_deriv1_Int1_Sub28,Benzothiophene_H13_deriv1_interpolation_Sub28_v2,Benzothiophene_H13_deriv1_Int2_Sub28,Benzothiophene_H13_deriv1_substrate_Sub28,-1685.449138,-1685.422519,-1685.434469,-1100.910063,4.996782500153927,21.70020500000021,14.20157999995638,9.20479749994513,16.70342249998896,7.49862500004383,-1104.98,[H]c1sc2c([H])c([H])c([H])c(C(F)(F)C(C([H])([H])[H])(C([H])([H])[H])C([H])([H])[H])c2c1[H],[H]C1=[S+]c2c([H])c([H])c([H])c(C(F)(F)C(C([H])([H])[H])(C([H])([H])[H])C([H])([H])[H])c2C1,steric,tBu,pi-system,0,Benzothiophene_H13_deriv1
Benzothiophene_H13_deriv1_Int1_Sub30,Benzothiophene_H13_deriv1_interpolation_Sub30_v2,Benzothiophene_H13_deriv1_Int2_Sub30,Benzothiophene_H13_deriv1_substrate_Sub30,-1567.687311,-1567.662092,-1567.675918,-983.148325,5.052630000084264,20.87755250000839,12.20173750008314,7.149107499998877,15.824922499924128,8.675814999925251,-1052.52,[H]c1sc2c([H])c([H])c([H])c(C(F)(F)C([H])([H])[H])c2c1[H],[H]C1=[S+]c2c([H])c([H])c([H])c(C(F)(F)C([H])([H])[H])c2C1,steric,Me,pi-system,0,Benzothiophene_H13_deriv1
Benzothiophene_H13_deriv1_Int1_Sub31,Benzothiophene_H13_deriv1_interpolation_Sub31_v2,Benzothiophene_H13_deriv1_Int2_Sub31,Benzothiophene_H13_deriv1_substrate_Sub31,-1622.983843,-1622.962511,-1622.975613,-1038.44615,5.863987500104599,19.249817499980395,11.028312500049536,5.164324999944938,13.385830000018473,8.221505000073535,-899.02,[H]c1sc2c([H])c([H])c([H])c(C(F)(F)N([H])C([H])([H])[H])c2c1[H],[H]C1=[S+]c2c([H])c([H])c([H])c(C(F)(F)N([H])C([H])([H])[H])c2C1,EDG,NHCH3,pi-system,0,Benzothiophene_H13_deriv1
Benzothiophene_H13_deriv1_Int1_Sub32,Benzothiophene_H13_deriv1_interpolation_Sub32_v2,Benzothiophene_H13_deriv1_Int2_Sub32,Benzothiophene_H13_deriv1_substrate_Sub32,-1642.85362,-1642.829554,-1642.843625,-1058.314157,4.753312499912568,19.854727500165268,11.025175000128796,6.271862500073553,15.101415000110023,8.82955250003647,-763.68,[H]c1sc2c([H])c([H])c([H])c(C(F)(F)OC([H])([H])[H])c2c1[H],[H]C1=[S+]c2c([H])c([H])c([H])c(C(F)(F)OC([H])([H])[H])c2C1,EDG,OMe,pi-system,0,Benzothiophene_H13_deriv1
Benzothiophene_H13_deriv1_Int1_Sub3,Benzothiophene_H13_deriv1_interpolation_Sub3_v2,Benzothiophene_H13_deriv1_Int2_Sub3,Benzothiophene_H13_deriv1_substrate_Sub3,-1861.996303,-1861.979217,-1861.990523,-1277.459607,6.489605000165852,17.211070000062705,10.11655500014001,3.6269499999741583,10.721464999896853,7.094514999922694,-440.55,[H]c1c([H])c(C(F)(F)F)c2c([H])c(C3([H])C([H])([H])C([H])([H])C([H])([H])C([H])([H])C3([H])[H])sc2c1[H],[H]c1c([H])c2c(c(C(F)(F)F)c1[H])CC(C1([H])C([H])([H])C([H])([H])C([H])([H])C([H])([H])C1([H])[H])=[S+]2,steric,Cy,pi-system,0,Benzothiophene_H13_deriv1
Benzothiophene_H13_deriv1_Int1_Sub5,Benzothiophene_H13_deriv1_interpolation_Sub5_v2,Benzothiophene_H13_deriv1_Int2_Sub5,Benzothiophene_H13_deriv1_substrate_Sub5,-1745.40864,-1745.391609,-1745.403272,-1160.872799,7.026117500024043,17.713069999936693,10.39453750008022,3.368420000056176,10.686952500055328,7.318532499999151,-403.1,[H]c1c([H])c(C(F)(F)F)c2c([H])c(C([H])(C([H])([H])[H])C([H])([H])[H])sc2c1[H],[H]c1c([H])c2c(c(C(F)(F)F)c1[H])CC(C([H])(C([H])([H])[H])C([H])([H])[H])=[S+]2,steric,iPr,pi-system,0,Benzothiophene_H13_deriv1
Benzothiophene_H13_deriv1_Int1_Sub6,Benzothiophene_H13_deriv1_interpolation_Sub6_v2,Benzothiophene_H13_deriv1_Int2_Sub6,Benzothiophene_H13_deriv1_substrate_Sub6,-1666.896953,-1666.880911,-1666.892821,-1082.363239,8.360810000149854,18.427164999988577,10.953640000166727,2.5928300000168747,10.0663549999814,7.473524999964525,-487.82,[H]c1c([H])c(C(F)(F)F)c2c([H])c(C([H])([H])[H])sc2c1[H],[H]c1c([H])c2c(c(C(F)(F)F)c1[H])CC(C([H])([H])[H])=[S+]2,steric,Me,pi-system,0,Benzothiophene_H13_deriv1
Azulene_H8_deriv1_Int1_Sub18,Azulene_H8_deriv1_interpolation_Sub18_v2,Azulene_H8_deriv1_Int2_Sub18,Azulene_H8_deriv1_substrate_Sub18,-1888.911751,-1888.890469,-1888.916266,-1304.382501,11.161970000068775,24.516425000166464,8.328807500016637,-2.833162499909463,13.354455000097689,16.18761750000715,-693.87,[H]c1c([H])c(Cl)c2c([H])c([H])c([H])c-2c(Cl)c1[H],[H][C+]1C[C-]([H])[C-](Cl)[C-]2[C+]([C+]([H])[C+]([H])[C-]2[H])[C+]1Cl,EWG,Cl,pi-system,0,Azulene_H8_deriv1
Azulene_H8_deriv1_Int1_Sub19,Azulene_H8_deriv1_interpolation_Sub19_v2,Azulene_H8_deriv1_Int2_Sub19,Azulene_H8_deriv1_substrate_Sub19,-1663.789455,-1663.763899,-1663.7888,-1079.255289,8.07718000000989,24.11357000004216,8.488192499899583,0.4110125000323705,16.03639000003227,15.6253774999999,-770.14,[H]c1c([H])c2c(Cl)c([H])c([H])c([H])c(C3([H])C([H])([H])C([H])([H])C([H])([H])C([H])([H])C3([H])[H])c-2c1[H],[H][C+]1C[C-]([H])[C-](C2([H])C([H])([H])C([H])([H])C([H])([H])C([H])([H])C2([H])[H])[C-]2[C+]([C+]([H])[C+]([H])[C-]2[H])[C+]1Cl,steric,Cy,pi-system,0,Azulene_H8_deriv1
Azulene_H8_deriv1_Int1_Sub20,Azulene_H8_deriv1_interpolation_Sub20_v2,Azulene_H8_deriv1_Int2_Sub20,Azulene_H8_deriv1_substrate_Sub20,-1586.446463,-1586.420873,-1586.445461,-1001.91184,7.790412500020523,23.848137499998927,8.419167500002516,0.628754999981993,16.057724999978404,15.428969999996411,-799.72,[H]c1c([H])c2c(Cl)c([H])c([H])c([H])c(C(C([H])([H])[H])(C([H])([H])[H])C([H])([H])[H])c-2c1[H],[H]C1=C(Cl)C23C(=C([H])C2([H])[C+]3[H])C(C(C([H])([H])[H])(C([H])([H])[H])C([H])([H])[H])=C([H])C1,steric,tBu,pi-system,0,Azulene_H8_deriv1
Azulene_H8_deriv1_Int1_Sub22,Azulene_H8_deriv1_interpolation_Sub22_v2,Azulene_H8_deriv1_Int2_Sub22,Azulene_H8_deriv1_substrate_Sub22,-1468.695267,-1468.670917,-1468.695385,-884.162097,8.702170000001388,23.981795000089505,8.628125000045657,-0.0740449999557313,15.279625000088116,15.353670000043849,-757.87,[H]c1c([H])c2c(Cl)c([H])c([H])c([H])c(C([H])([H])[H])c-2c1[H],[H][C+]1C[C-]([H])[C-](C([H])([H])[H])[C-]2[C+]([C+]([H])[C+]([H])[C-]2[H])[C+]1Cl,steric,Me,pi-system,0,Azulene_H8_deriv1
Azulene_H8_deriv1_Int1_Sub23,Azulene_H8_deriv1_interpolation_Sub23_v2,Azulene_H8_deriv1_Int2_Sub23,Azulene_H8_deriv1_substrate_Sub23,-1524.006341,-1523.976794,-1524.002031,-939.468994,6.081102499984468,24.62184500004298,8.785627500004694,2.704525000020226,18.54074250005852,15.836217500038288,-772.97,[H]c1c([H])c2c(Cl)c([H])c([H])c([H])c(N([H])C([H])([H])[H])c-2c1[H],[H][C+]1C[C-]([H])[C-](N([H])C([H])([H])[H])[C-]2[C+]([C+]([H])[C+]([H])[C-]2[H])[C+]1Cl,EDG,NHCH3,pi-system,0,Azulene_H8_deriv1
Azulene_H8_deriv1_Int1_Sub24,Azulene_H8_deriv1_interpolation_Sub24_v2,Azulene_H8_deriv1_Int2_Sub24,Azulene_H8_deriv1_substrate_Sub24,-1543.858242,-1543.832254,-1543.857758,-959.324415,8.289902500043524,24.59737250010477,8.593612499990115,0.3037099999465908,16.307470000061244,16.003760000114653,-777.45,[H]c1c([H])c(Cl)c2c([H])c([H])c([H])c-2c(OC([H])([H])[H])c1[H],[H][C+]1C[C-]([H])[C-](OC([H])([H])[H])[C-]2[C+]([C+]([H])[C+]([H])[C-]2[H])[C+]1Cl,EDG,OMe,pi-system,0,Azulene_H8_deriv1
Azulene_H8_deriv1_Int1_Sub26,Azulene_H8_deriv1_interpolation_Sub26_v2,Azulene_H8_deriv1_Int2_Sub26,Azulene_H8_deriv1_substrate_Sub26,-1888.907124,-1888.883415,-1888.908852,-1304.37555,9.703659999898376,24.581057499931944,8.619340000067837,-1.0843199999732178,14.877397500033569,15.961717500006785,-693.06,[H]c1c([H])c([H])c2c([H])c([H])c(Cl)c-2c(Cl)c1[H],[H][C+]1C[C-]([H])[C-]([H])[C-]2[C+]([C+]1Cl)[C+](Cl)[C+]([H])[C-]2[H],EWG,Cl,pi-system,0,Azulene_H8_deriv1
Azulene_H8_deriv1_Int1_Sub31,Azulene_H8_deriv1_interpolation_Sub31_v2,Azulene_H8_deriv1_Int2_Sub31,Azulene_H8_deriv1_substrate_Sub31,-1523.995528,-1523.961756,-1523.985476,-939.452334,2.412110000045118,23.604040000044503,8.719739999957028,6.30762999991191,21.191929999999388,14.884300000087478,-815.67,[H]c1c([H])c([H])c2c([H])c([H])c(N([H])C([H])([H])[H])c-2c(Cl)c1[H],[H][C+]1C[C-]([H])[C-]([H])[C-]2[C+]([C+]1Cl)[C+](N([H])C([H])([H])[H])[C+]([H])[C-]2[H],EDG,NHCH3,pi-system,0,Azulene_H8_deriv1
Azulene_H16_deriv1_Int1_Sub13,Azulene_H16_deriv1_interpolation_Sub13_v2,Azulene_H16_deriv1_Int2_Sub13,Azulene_H16_deriv1_substrate_Sub13,-1547.20646,-1547.182824,-1547.203701,-962.667623,5.146127499990882,19.977717500068763,6.877400000114164,1.731272500123282,14.83159000007788,13.1003174999546,-357.13,[H]c1c([H])c(Cl)c([H])c2c([H])c([H])c(C([H])(C([H])([H])[H])C([H])([H])[H])c-2c1[H],[H][C+]1C[C-](C([H])(C([H])([H])[H])C([H])([H])[H])[c-]2[c+]1[c+]([H])[c+](Cl)[c+]([H])[c-]([H])[c-]2[H],steric,iPr,pi-system,0,Azulene_H16_deriv1
Azulene_H16_deriv1_Int1_Sub18,Azulene_H16_deriv1_interpolation_Sub18_v2,Azulene_H16_deriv1_Int2_Sub18,Azulene_H16_deriv1_substrate_Sub18,-1888.915293,-1888.887969,-1888.90921,-1304.375361,4.459015000156228,21.604824999955667,8.27609750000704,3.81708249999349,17.145809999942117,13.328727499948627,-508.99,[H]c1c([H])c(Cl)c(Cl)c2c([H])c([H])c([H])c-2c1[H],[H][C+]1C[C-]([H])[c-]2[c+]1[c+](Cl)[c+](Cl)[c+]([H])[c-]([H])[c-]2[H],EWG,Cl,pi-system,0,Azulene_H16_deriv1
Azulene_H16_deriv1_Int1_Sub21,Azulene_H16_deriv1_interpolation_Sub21_v2,Azulene_H16_deriv1_Int2_Sub21,Azulene_H16_deriv1_substrate_Sub21,-1547.199383,-1547.177154,-1547.190963,-962.65603,2.312337500083004,16.261035000035804,7.595887500012282,5.283549999929278,13.9486974999528,8.665147500023522,-338.11,[H]c1c([H])c(Cl)c(C([H])(C([H])([H])[H])C([H])([H])[H])c2c([H])c([H])c([H])c-2c1[H],[H][C+]1C[C-]([H])[c-]2[c+]1[c+](C([H])(C([H])([H])[H])C([H])([H])[H])[c+](Cl)[c+]([H])[c-]([H])[c-]2[H],steric,iPr,pi-system,0,Azulene_H16_deriv1
Azulene_H16_deriv1_Int1_Sub22,Azulene_H16_deriv1_interpolation_Sub22_v2,Azulene_H16_deriv1_Int2_Sub22,Azulene_H16_deriv1_substrate_Sub22,-1468.699491,-1468.670521,-1468.691659,-884.157512,3.174522499975012,21.35319750002025,8.089102499979788,4.914580000004776,18.17867500004525,13.26409500004047,-558.78,[H]c1c([H])c(Cl)c(C([H])([H])[H])c2c([H])c([H])c([H])c-2c1[H],[H][C+]1C[C-]([H])[c-]2[c+]1[c+](C([H])([H])[H])[c+](Cl)[c+]([H])[c-]([H])[c-]2[H],steric,Me,pi-system,0,Azulene_H16_deriv1
Azulene_H16_deriv1_Int1_Sub23,Azulene_H16_deriv1_interpolation_Sub23_v2,Azulene_H16_deriv1_Int2_Sub23,Azulene_H16_deriv1_substrate_Sub23,-1523.999498,-1523.974607,-1523.98964,-939.456256,2.381990000121164,18.00109249999423,8.567885000055071,6.185894999933908,15.619102499873064,9.433207499939158,-642.75,[H]c1c([H])c(Cl)c(N([H])C([H])([H])[H])c2c([H])c([H])c([H])c-2c1[H],[H]C1=c2c([H])c([H])c([H])c(Cl)c(=[N+]([H])C([H])([H])[H])c2=C([H])C1,EDG,NHCH3,pi-system,0,Azulene_H16_deriv1
Azulene_H16_deriv1_Int1_Sub24,Azulene_H16_deriv1_interpolation_Sub24_v2,Azulene_H16_deriv1_Int2_Sub24,Azulene_H16_deriv1_substrate_Sub24,-1543.85543,-1543.826703,-1543.847511,-959.313396,3.1400099999908093,21.166202500064344,8.109182500071768,4.969172500080958,18.02619250007353,13.057019999992576,-606.02,[H]c1c([H])c(Cl)c(OC([H])([H])[H])c2c([H])c([H])c([H])c-2c1[H],[H]C1=c2c([H])c([H])c([H])c(Cl)c(=[O+]C([H])([H])[H])c2=C([H])C1,EDG,OMe,pi-system,0,Azulene_H16_deriv1
Azulene_H16_deriv1_Int1_Sub26,Azulene_H16_deriv1_interpolation_Sub26_v2,Azulene_H16_deriv1_Int2_Sub26,Azulene_H16_deriv1_substrate_Sub26,-1888.920696,-1888.894354,-1888.916922,-1304.38222,5.372654999989663,21.90226000006077,7.740839999860327,2.368184999870664,16.529604999928438,14.161420000057774,-475.94,[H]c1c([H])c2c([H])c(Cl)c([H])c([H])c(Cl)c-2c1[H],[H][C+]1C[C-]([H])[c-]2[c+]1[c+]([H])[c+](Cl)[c+]([H])[c-]([H])[c-]2Cl,EWG,Cl,pi-system,0,Azulene_H16_deriv1
Azulene_H16_deriv1_Int1_Sub2,Azulene_H16_deriv1_interpolation_Sub2_v2,Azulene_H16_deriv1_Int2_Sub2,Azulene_H16_deriv1_substrate_Sub2,-1888.922113,-1888.896057,-1888.917641,-1304.382797,4.84555500003637,21.19569500013256,7.651735000085296,2.8061800000489256,16.35014000009619,13.543960000047264,-240.46,[H]c1c([H])c(Cl)c([H])c2c(Cl)c([H])c([H])c-2c1[H],[H][c+]1[c+](Cl)[c+]([H])[c-]([H])[c-]([H])[c-]2[c+]1[C+](Cl)C[C-]2[H],EWG,Cl,pi-system,0,Azulene_H16_deriv1
Azulene_H16_deriv1_Int1_Sub6,Azulene_H16_deriv1_interpolation_Sub6_v2,Azulene_H16_deriv1_Int2_Sub6,Azulene_H16_deriv1_substrate_Sub6,-1468.704114,-1468.676808,-1468.696143,-884.162004,3.092320000111215,20.22683500008185,8.09412250010979,5.001802499998576,17.134514999970634,12.132712499972058,-443.67,[H]c1c([H])c(Cl)c([H])c2c(C([H])([H])[H])c([H])c([H])c-2c1[H],[H][c+]1[c+](Cl)[c+]([H])[c-]([H])[c-]([H])[c-]2[c+]1[C+](C([H])([H])[H])C[C-]2[H],steric,Me,pi-system,0,Azulene_H16_deriv1
Azulene_H16_deriv1_Int1_Sub7,Azulene_H16_deriv1_interpolation_Sub7_v2,Azulene_H16_deriv1_Int2_Sub7,Azulene_H16_deriv1_substrate_Sub7,-1523.997347,-1523.978464,-1523.987024,-939.455575,3.304415000003757,15.153497499978528,9.782097499985696,6.477682499981938,11.84908249997477,5.371399999992832,-999.06,[H]c1c([H])c(Cl)c([H])c2c(N([H])C([H])([H])[H])c([H])c([H])c-2c1[H],[H]C1=C2C([H])=C([H])C([H])=C(Cl)C([H])=C2C(=[N+]([H])C([H])([H])[H])C1,EDG,NHCH3,pi-system,0,Azulene_H16_deriv1
Oxazole_H6_deriv1_Int1_Sub12,Oxazole_H6_deriv1_interpolation_Sub12_v2,Oxazole_H6_deriv1_Int2_Sub12,Oxazole_H6_deriv1_substrate_Sub12,-1105.196909,-1105.173923,-1105.193118,-520.65913,5.810022500026832,20.233737499993083,8.188875000084579,2.3788525000577465,14.42371499996625,12.044862499908504,-522.87,[H]c1nc(C(C([H])([H])[H])(C([H])([H])[H])C(C([H])([H])[H])(C([H])([H])[H])C([H])([H])[H])oc1[H],[H]C1=[O+]C(C(C([H])([H])[H])(C([H])([H])[H])C(C([H])([H])[H])(C([H])([H])[H])C([H])([H])[H])=NC1,steric,tBu,pi-system,0,Oxazole_H6_deriv1
Oxazole_H6_deriv1_Int1_Sub13,Oxazole_H6_deriv1_interpolation_Sub13_v2,Oxazole_H6_deriv1_Int2_Sub13,Oxazole_H6_deriv1_substrate_Sub13,-1065.948133,-1065.922183,-1065.942174,-481.406506,3.3954024999523824,19.67902750007383,7.134674999999646,3.739272500047264,16.283625000121447,12.544352500074185,-480.77,[H]c1nc(C(C([H])([H])[H])(C([H])([H])[H])C([H])(C([H])([H])[H])C([H])([H])[H])oc1[H],[H]C1=[O+]C(C(C([H])([H])[H])(C([H])([H])[H])C([H])(C([H])([H])[H])C([H])([H])[H])=NC1,steric,iPr,pi-system,0,Oxazole_H6_deriv1
Oxazole_H6_deriv1_Int1_Sub14,Oxazole_H6_deriv1_interpolation_Sub14_v2,Oxazole_H6_deriv1_Int2_Sub14,Oxazole_H6_deriv1_substrate_Sub14,-987.441317,-987.416512,-987.435432,-402.901083,4.269510000028305,19.83464750003762,7.962347500050129,3.692837500021824,15.565137500009314,11.87229999998749,-528.24,[H]c1nc(C(C([H])([H])[H])(C([H])([H])[H])C([H])([H])[H])oc1[H],[H]C1=[O+]C(C(C([H])([H])[H])(C([H])([H])[H])C([H])([H])[H])=NC1,steric,Me,pi-system,0,Oxazole_H6_deriv1
Oxazole_H6_deriv1_Int1_Sub3,Oxazole_H6_deriv1_interpolation_Sub3_v2,Oxazole_H6_deriv1_Int2_Sub3,Oxazole_H6_deriv1_substrate_Sub3,-1221.803027,-1221.782893,-1221.796309,-637.262713,4.21931000004804,16.85339499996701,8.434854999962909,4.215544999914869,12.634084999918969,8.4185400000041,-440.72,[H]c1nc(C(C([H])([H])[H])(C([H])([H])[H])C([H])([H])[H])oc1C1([H])C([H])([H])C([H])([H])C([H])([H])C([H])([H])C1([H])[H],[H]C([H])([H])C(C1=NCC(C2([H])C([H])([H])C([H])([H])C([H])([H])C([H])([H])C2([H])[H])=[O+]1)(C([H])([H])[H])C([H])([H])[H],steric,Cy,pi-system,0,Oxazole_H6_deriv1
Oxazole_H6_deriv1_Int1_Sub4,Oxazole_H6_deriv1_interpolation_Sub4_v2,Oxazole_H6_deriv1_Int2_Sub4,Oxazole_H6_deriv1_substrate_Sub4,-1144.468775,-1144.452192,-1144.464128,-559.932335,6.650244999974291,17.056077500025992,9.566237499959982,2.915992499985691,10.405832500051702,7.48984000006601,-528.59,[H]c1nc(C(C([H])([H])[H])(C([H])([H])[H])C([H])([H])[H])oc1C(C([H])([H])[H])(C([H])([H])[H])C([H])([H])[H],[H]C([H])([H])C(C1=NCC(C(C([H])([H])[H])(C([H])([H])[H])C([H])([H])[H])=[O+]1)(C([H])([H])[H])C([H])([H])[H],steric,tBu,pi-system,0,Oxazole_H6_deriv1
Oxazole_H6_deriv1_Int1_Sub5,Oxazole_H6_deriv1_interpolation_Sub5_v2,Oxazole_H6_deriv1_Int2_Sub5,Oxazole_H6_deriv1_substrate_Sub5,-1105.215959,-1105.189126,-1105.209906,-520.676209,4.5732199999392265,21.41092750001718,8.371477499980244,3.798257500041018,16.837707500077954,13.039450000036936,-285.81,[H]c1nc(C(C([H])([H])[H])(C([H])([H])[H])C([H])([H])[H])oc1C([H])(C([H])([H])[H])C([H])([H])[H],[H]C([H])([H])C([H])(C1=[O+]C(C(C([H])([H])[H])(C([H])([H])[H])C([H])([H])[H])=NC1)C([H])([H])[H],steric,iPr,pi-system,0,Oxazole_H6_deriv1
Oxazole_H6_deriv1_Int1_Sub6,Oxazole_H6_deriv1_interpolation_Sub6_v2,Oxazole_H6_deriv1_Int2_Sub6,Oxazole_H6_deriv1_substrate_Sub6,-1026.704391,-1026.677583,-1026.699647,-442.166899,5.990115000035843,22.812135000082066,8.966975000081874,2.976860000046031,16.822020000046223,13.845160000000192,-231.75,[H]c1nc(C(C([H])([H])[H])(C([H])([H])[H])C([H])([H])[H])oc1C([H])([H])[H],[H]C([H])([H])C1=[O+]C(C(C([H])([H])[H])(C([H])([H])[H])C([H])([H])[H])=NC1,steric,Me,pi-system,0,Oxazole_H6_deriv1
Benzoisoxazole_H9_deriv1_Int1_Sub1,Benzoisoxazole_H9_deriv1_interpolation_Sub1_v2,Benzoisoxazole_H9_deriv1_Int2_Sub1,Benzoisoxazole_H9_deriv1_substrate_Sub1,-1477.749581,-1477.733879,-1477.752477,-893.223948,13.431637499974158,23.284642500066184,11.614397499996585,-1.8172399999775728,9.853005000092026,11.6702450000696,-513.25,[H]c1c([H])c(C(F)(F)F)c2c([H])noc2c1C(C([H])([H])[H])(C([H])([H])[H])C([H])([H])[H],[H]C1=N[O+]=C2C1=C(C(F)(F)F)CC([H])=C2C(C([H])([H])[H])(C([H])([H])[H])C([H])([H])[H],EWG,CF3,pi-system,0,Benzoisoxazole_H9_deriv1
Benzoisoxazole_H9_deriv1_Int1_Sub2,Benzoisoxazole_H9_deriv1_interpolation_Sub2_v2,Benzoisoxazole_H9_deriv1_Int2_Sub2,Benzoisoxazole_H9_deriv1_substrate_Sub2,-1600.352168,-1600.33769,-1600.355957,-1015.824422,12.10573000011152,21.19067500000256,9.728132500050606,-2.377597500060915,9.084944999891036,11.462542499951953,-381.54,[H]c1c([H])c(Cl)c2c([H])noc2c1C(C([H])([H])[H])(C([H])([H])[H])C([H])([H])[H],[H]C1=N[O+]=C2C1=C(Cl)CC([H])=C2C(C([H])([H])[H])(C([H])([H])[H])C([H])([H])[H],EWG,Cl,pi-system,0,Benzoisoxazole_H9_deriv1
Benzoisoxazole_H9_deriv1_Int1_Sub3,Benzoisoxazole_H9_deriv1_interpolation_Sub3_v2,Benzoisoxazole_H9_deriv1_Int2_Sub3,Benzoisoxazole_H9_deriv1_substrate_Sub3,-1375.236094,-1375.21629,-1375.231508,-790.699957,6.840377499993622,19.267387500007374,9.718092500004616,2.877715000010994,12.427010000013752,9.549295000002758,-598.82,[H]c1c([H])c(C2([H])C([H])([H])C([H])([H])C([H])([H])C([H])([H])C2([H])[H])c2c([H])noc2c1C(C([H])([H])[H])(C([H])([H])[H])C([H])([H])[H],[H]C1=N[O+]=C2C1=C(C1([H])C([H])([H])C([H])([H])C([H])([H])C([H])([H])C1([H])[H])CC([H])=C2C(C([H])([H])[H])(C([H])([H])[H])C([H])([H])[H],steric,Cy,pi-system,0,Benzoisoxazole_H9_deriv1
Benzoisoxazole_H9_deriv1_Int1_Sub4,Benzoisoxazole_H9_deriv1_interpolation_Sub4_v2,Benzoisoxazole_H9_deriv1_Int2_Sub4,Benzoisoxazole_H9_deriv1_substrate_Sub4,-1297.899896,-1297.878007,-1297.890576,-713.366294,8.431090000115091,22.16643750003584,14.279390000045282,5.848299999930191,13.73534749992075,7.887047499990558,-1012.26,[H]c1c([H])c(C(C([H])([H])[H])(C([H])([H])[H])C([H])([H])[H])c2c([H])noc2c1C(C([H])([H])[H])(C([H])([H])[H])C([H])([H])[H],[H]C1=N[O+]=C2C1=C(C(C([H])([H])[H])(C([H])([H])[H])C([H])([H])[H])CC([H])=C2C(C([H])([H])[H])(C([H])([H])[H])C([H])([H])[H],steric,tBu,pi-system,0,Benzoisoxazole_H9_deriv1
Benzoisoxazole_H9_deriv1_Int1_Sub6,Benzoisoxazole_H9_deriv1_interpolation_Sub6_v2,Benzoisoxazole_H9_deriv1_Int2_Sub6,Benzoisoxazole_H9_deriv1_substrate_Sub6,-1180.139895,-1180.120411,-1180.13647,-595.605598,7.994977500003415,20.22118749995343,10.144165000070302,2.149187500066887,12.226209999950015,10.077022499883128,-651.99,[H]c1c([H])c(C([H])([H])[H])c2c([H])noc2c1C(C([H])([H])[H])(C([H])([H])[H])C([H])([H])[H],[H]C1=N[O+]=C2C1=C(C([H])([H])[H])CC([H])=C2C(C([H])([H])[H])(C([H])([H])[H])C([H])([H])[H],steric,Me,pi-system,0,Benzoisoxazole_H9_deriv1
Benzoisoxazole_H9_deriv1_Int1_Sub7,Benzoisoxazole_H9_deriv1_interpolation_Sub7_v2,Benzoisoxazole_H9_deriv1_Int2_Sub7,Benzoisoxazole_H9_deriv1_substrate_Sub7,-1235.445736,-1235.425208,-1235.43101,-650.903952,3.2968850000941075,16.178204999959576,12.537450000020272,9.240564999926164,12.881319999865468,3.640754999939304,-1199.6,[H]c1c([H])c(N([H])C([H])([H])[H])c2c([H])noc2c1C(C([H])([H])[H])(C([H])([H])[H])C([H])([H])[H],[H]C1=N[O+]=C2C1=C(N([H])C([H])([H])[H])CC([H])=C2C(C([H])([H])[H])(C([H])([H])[H])C([H])([H])[H],EDG,NHCH3,pi-system,0,Benzoisoxazole_H9_deriv1
Benzoisoxazole_H9_deriv1_Int1_Sub8,Benzoisoxazole_H9_deriv1_interpolation_Sub8_v2,Benzoisoxazole_H9_deriv1_Int2_Sub8,Benzoisoxazole_H9_deriv1_substrate_Sub8,-1255.298214,-1255.281069,-1255.290194,-670.763386,7.661775000059947,18.420262500077342,12.694325000052231,5.032549999992284,10.758487500017395,5.725937500025111,-1092.4,[H]c1c([H])c(OC([H])([H])[H])c2c([H])noc2c1C(C([H])([H])[H])(C([H])([H])[H])C([H])([H])[H],[H]C1=C(C(C([H])([H])[H])(C([H])([H])[H])C([H])([H])[H])c2[o+][n-]c([H])c2C(=[O+]C([H])([H])[H])C1,EDG,OMe,pi-system,0,Benzoisoxazole_H9_deriv1
Indole_H13_deriv1_Int1_Sub10,Indole_H13_deriv1_interpolation_Sub10_v2,Indole_H13_deriv1_Int2_Sub10,Indole_H13_deriv1_substrate_Sub10,-1446.68788,-1446.664128,-1446.679504,-862.142232,0.8722250000806753,15.776605000117456,6.128165000079662,5.255939999998986,14.90438000003678,9.648440000037796,-535.35,[H]c1c([H])c([H])c2c(c([H])c([H])n2Cl)c1C([H])([H])[H],[H]C1=c2c(C([H])([H])[H])c([H])c([H])c([H])c2=[N+](Cl)C1,EWG,Cl,pi-system,0,Indole_H13_deriv1
Indole_H13_deriv1_Int1_Sub11,Indole_H13_deriv1_interpolation_Sub11_v2,Indole_H13_deriv1_Int2_Sub11,Indole_H13_deriv1_substrate_Sub11,-1221.612185,-1221.59016,-1221.59845,-637.061608,-2.220722499957617,11.599965000033023,6.3979900000404655,8.618712499998082,13.82068749999064,5.201974999992558,-875.46,[H]C1=C(C([H])([H])[H])C2=C([H])C3([H])N(C4([H])C([H])([H])C([H])([H])C([H])([H])C([H])([H])C4([H])[H])C23C([H])=C1[H],[H][C+]1[C+](C([H])([H])[H])[C-]2[C+]([H])[C-]3N(C4([H])C([H])([H])C([H])([H])C([H])([H])C([H])([H])C4([H])[H])C23[C-]([H])[C-]1[H],steric,Cy,pi-system,0,Indole_H13_deriv1
Indole_H13_deriv1_Int1_Sub12,Indole_H13_deriv1_interpolation_Sub12_v2,Indole_H13_deriv1_Int2_Sub12,Indole_H13_deriv1_substrate_Sub12,-1144.278436,-1144.247001,-1144.25784,-559.727249,-2.603497499989942,17.121965000073658,10.320492500053149,12.92399000004309,19.7254625000636,6.801472500020509,-1081.85,[H]C1=C(C([H])([H])[H])C2=C([H])C3([H])N(C(C([H])([H])[H])(C([H])([H])[H])C([H])([H])[H])C23C([H])=C1[H],[H][C+]1[C+](C([H])([H])[H])[C-]2[C+]([H])[C-]3N(C(C([H])([H])[H])(C([H])([H])[H])C([H])([H])[H])C23[C-]([H])[C-]1[H],steric,tBu,pi-system,0,Indole_H13_deriv1
Indole_H13_deriv1_Int1_Sub13,Indole_H13_deriv1_interpolation_Sub13_v2,Indole_H13_deriv1_Int2_Sub13,Indole_H13_deriv1_substrate_Sub13,-1105.025608,-1105.003058,-1105.011366,-520.475008,-2.2351549999211784,11.914970000022436,6.701700000058395,8.936854999979573,14.150124999943614,5.213269999964041,-864.09,[H]C1=C(C([H])([H])[H])C2=C([H])C3([H])N(C([H])(C([H])([H])[H])C([H])([H])[H])C23C([H])=C1[H],[H][C+]1[C+](C([H])([H])[H])[C-]2[C+]([H])[C-]3N(C([H])(C([H])([H])[H])C([H])([H])[H])C23[C-]([H])[C-]1[H],steric,iPr,pi-system,0,Indole_H13_deriv1
Indole_H13_deriv1_Int1_Sub14,Indole_H13_deriv1_interpolation_Sub14_v2,Indole_H13_deriv1_Int2_Sub14,Indole_H13_deriv1_substrate_Sub14,-1026.511339,-1026.48962,-1026.497494,-441.962014,-1.435092499907995,12.193579999996729,7.252645000058493,8.687737499966488,13.628672499904724,4.940934999938236,-807.43,[H]C1=C(C([H])([H])[H])C2=C([H])C3([H])N(C([H])([H])[H])C23C([H])=C1[H],[H][C+]1[C+](C([H])([H])[H])[C-]2[C+]([H])[C-]3N(C([H])([H])[H])C23[C-]([H])[C-]1[H],steric,Me,pi-system,0,Indole_H13_deriv1
Indole_H13_deriv1_Int1_Sub2,Indole_H13_deriv1_interpolation_Sub2_v2,Indole_H13_deriv1_Int2_Sub2,Indole_H13_deriv1_substrate_Sub2,-1446.727885,-1446.712028,-1446.724992,-862.189297,5.302375000024426,15.252642500084905,7.117732500078091,1.8153575000536648,9.950267500060477,8.134910000006812,-337.56,[H]C1=C(C([H])([H])[H])C2=C(Cl)C3([H])N([H])C23C([H])=C1[H],[H]c1c([H])c([H])c2c(c1C([H])([H])[H])=C(Cl)C[N+]=2[H],EWG,Cl,pi-system,0,Indole_H13_deriv1
Indole_H13_deriv1_Int1_Sub3,Indole_H13_deriv1_interpolation_Sub3_v2,Indole_H13_deriv1_Int2_Sub3,Indole_H13_deriv1_substrate_Sub3,-1221.604599,-1221.584434,-1221.59419,-637.059092,0.960702499999968,13.614239999941162,7.492349999988335,6.531647499988367,12.653537499941194,6.121889999952828,-548.98,[H]C1=C(C([H])([H])[H])C2=C(C3([H])C([H])([H])C([H])([H])C([H])([H])C([H])([H])C3([H])[H])C3([H])N([H])C23C([H])=C1[H],[H][C+]1[C+](C([H])([H])[H])[C-]2[C+](C3([H])C([H])([H])C([H])([H])C([H])([H])C([H])([H])C3([H])[H])[C-]3N([H])C23[C-]([H])[C-]1[H],steric,Cy,pi-system,0,Indole_H13_deriv1
Indole_H13_deriv1_Int1_Sub4,Indole_H13_deriv1_interpolation_Sub4_v2,Indole_H13_deriv1_Int2_Sub4,Indole_H13_deriv1_substrate_Sub4,-1144.266768,-1144.24404,-1144.252894,-559.724376,2.915365000058614,17.17718500000558,11.621300000050496,8.705934999991882,14.261819999946963,5.555884999955083,-906.39,[H]C1=C(C([H])([H])[H])C2=C(C(C([H])([H])[H])(C([H])([H])[H])C([H])([H])[H])C3([H])N([H])C23C([H])=C1[H],[H][C+]1[C+](C([H])([H])[H])[C-]2[C+](C(C([H])([H])[H])(C([H])([H])[H])C([H])([H])[H])[C-]3N([H])C23[C-]([H])[C-]1[H],steric,tBu,pi-system,0,Indole_H13_deriv1
Indole_H13_deriv1_Int1_Sub5,Indole_H13_deriv1_interpolation_Sub5_v2,Indole_H13_deriv1_Int2_Sub5,Indole_H13_deriv1_substrate_Sub5,-1105.017729,-1104.997576,-1105.007745,-520.47268,1.2480975000590888,13.894105000019294,7.513057499936053,6.2649599998769645,12.646007499960206,6.381047500083241,-951.1,[H]C1=C(C([H])([H])[H])C2=C(C([H])(C([H])([H])[H])C([H])([H])[H])C3([H])N([H])C23C([H])=C1[H],[H][C+]1[C+](C([H])([H])[H])[C-]2[C+](C([H])(C([H])([H])[H])C([H])([H])[H])[C-]3N([H])C23[C-]([H])[C-]1[H],steric,iPr,pi-system,0,Indole_H13_deriv1
Indole_H13_deriv1_Int1_Sub6,Indole_H13_deriv1_interpolation_Sub6_v2,Indole_H13_deriv1_Int2_Sub6,Indole_H13_deriv1_substrate_Sub6,-1026.51433,-1026.493016,-1026.5049,-441.96973,1.5298450000611297,14.90438000010812,7.447170000102403,5.917325000041274,13.37453500004699,7.457210000005716,-800.76,[H]C1=C(C([H])([H])[H])C2=C(C([H])([H])[H])C3([H])N([H])C23C([H])=C1[H],[H][C+]1[C+](C([H])([H])[H])[C-]2[C+](C([H])([H])[H])[C-]3N([H])C23[C-]([H])[C-]1[H],steric,Me,pi-system,0,Indole_H13_deriv1
Indole_H13_deriv1_Int1_Sub7,Indole_H13_deriv1_interpolation_Sub7_v2,Indole_H13_deriv1_Int2_Sub7,Indole_H13_deriv1_substrate_Sub7,-1081.814233,-1081.795246,-1081.793848,-497.255484,-7.348652499994444,4.565690000100915,5.442935000026239,12.791587500020682,11.914342500095358,-0.877244999925324,-867.73,[H]c1c([H])c([H])c2c(c(N([H])C([H])([H])[H])c([H])n2[H])c1C([H])([H])[H],[H][C+]1[C+](C([H])([H])[H])[C-]2[C+](N([H])C([H])([H])[H])[C-]3N([H])C23[C-]([H])[C-]1[H],EDG,NHCH3,pi-system,0,Indole_H13_deriv1
Benzofuran_H9_deriv1_Int1_Sub10,Benzofuran_H9_deriv1_interpolation_Sub10_v2,Benzofuran_H9_deriv1_Int2_Sub10,Benzofuran_H9_deriv1_substrate_Sub10,-1886.794925,-1886.777853,-1886.798705,-1302.264834,10.63424250004573,21.34692250010744,8.262292500041895,-2.371950000003835,10.712679999919033,13.084629999922868,-427.85,[H]C1=C([H])C23OC2([H])C([H])=C3C(Cl)=C1Cl,[H][C+]1CC23OC2([H])[C+]([H])[C-]3[C-](Cl)[C+]1Cl,EWG,Cl,pi-system,0,Benzofuran_H9_deriv1
Benzofuran_H9_deriv1_Int1_Sub11,Benzofuran_H9_deriv1_interpolation_Sub11_v2,Benzofuran_H9_deriv1_Int2_Sub11,Benzofuran_H9_deriv1_substrate_Sub11,-1661.672804,-1661.654637,-1661.673624,-1077.140538,9.269429999995964,20.669222500106343,8.754880000153662,-0.514549999984979,11.399792499967702,11.91434249995268,-483.59,[H]C1=C([H])C23OC2([H])C([H])=C3C(C2([H])C([H])([H])C([H])([H])C([H])([H])C([H])([H])C2([H])[H])=C1Cl,[H][C+]1CC23OC2([H])[C+]([H])[C-]3[C-](C2([H])C([H])([H])C([H])([H])C([H])([H])C([H])([H])C2([H])[H])[C+]1Cl,steric,Cy,pi-system,0,Benzofuran_H9_deriv1
Benzofuran_H9_deriv1_Int1_Sub12,Benzofuran_H9_deriv1_interpolation_Sub12_v2,Benzofuran_H9_deriv1_Int2_Sub12,Benzofuran_H9_deriv1_substrate_Sub12,-1584.326895,-1584.308864,-1584.328081,-999.794789,9.36983000009917,20.684282499996986,8.625614999980655,-0.7442150001185155,11.314452499897811,12.058667500016329,-460.48,[H]C1=C([H])C23OC2([H])C([H])=C3C(C(C([H])([H])[H])(C([H])([H])[H])C([H])([H])[H])=C1Cl,[H][C+]1CC23OC2([H])[C+]([H])[C-]3[C-](C(C([H])([H])[H])(C([H])([H])[H])C([H])([H])[H])[C+]1Cl,steric,tBu,pi-system,0,Benzofuran_H9_deriv1
Benzofuran_H9_deriv1_Int1_Sub13,Benzofuran_H9_deriv1_interpolation_Sub13_v2,Benzofuran_H9_deriv1_Int2_Sub13,Benzofuran_H9_deriv1_substrate_Sub13,-1545.0862,-1545.067981,-1545.087039,-960.55367,9.103770000057525,20.53619250008552,8.577297500031307,-0.526472500026216,11.432422500027997,11.958895000054213,-477.67,[H]C1=C([H])C23OC2([H])C([H])=C3C(C([H])(C([H])([H])[H])C([H])([H])[H])=C1Cl,[H][C+]1CC23OC2([H])[C+]([H])[C-]3[C-](C([H])(C([H])([H])[H])C([H])([H])[H])[C+]1Cl,steric,iPr,pi-system,0,Benzofuran_H9_deriv1
Benzofuran_H9_deriv1_Int1_Sub14,Benzofuran_H9_deriv1_interpolation_Sub14_v2,Benzofuran_H9_deriv1_Int2_Sub14,Benzofuran_H9_deriv1_substrate_Sub14,-1466.579866,-1466.562966,-1466.581605,-882.047915,9.467092499996284,20.071842500045136,8.375869999969154,-1.0912225000271292,10.604750000048853,11.695972500075982,-473.62,[H]C1=C([H])C23OC2([H])C([H])=C3C(C([H])([H])[H])=C1Cl,[H][C+]1CC23OC2([H])[C+]([H])[C-]3[C-](C([H])([H])[H])[C+]1Cl,steric,Me,pi-system,0,Benzofuran_H9_deriv1
Benzofuran_H9_deriv1_Int1_Sub15,Benzofuran_H9_deriv1_interpolation_Sub15_v2,Benzofuran_H9_deriv1_Int2_Sub15,Benzofuran_H9_deriv1_substrate_Sub15,-1521.880133,-1521.865241,-1521.874497,-937.341966,5.566552500070827,14.911282500019354,9.103142499987769,3.536589999916941,9.344729999948528,5.808140000031585,-751.96,[H]C1=C([H])C23OC2([H])C([H])=C3C(N([H])C([H])([H])[H])=C1Cl,[H]C1=C(Cl)C(=[N+]([H])C([H])([H])[H])C2=C([H])C3([H])OC23C1,EDG,NHCH3,pi-system,0,Benzofuran_H9_deriv1
Benzofuran_H9_deriv1_Int1_Sub16,Benzofuran_H9_deriv1_interpolation_Sub16_v2,Benzofuran_H9_deriv1_Int2_Sub16,Benzofuran_H9_deriv1_substrate_Sub16,-1541.730674,-1541.712978,-1541.731551,-957.198097,9.074277500060646,20.178517499989823,8.523959999951956,-0.5503175001086902,11.104239999929176,11.654557500037868,-492.63,[H]C1=C([H])C23OC2([H])C([H])=C3C(OC([H])([H])[H])=C1Cl,[H]C1=C(Cl)C(=[O+]C([H])([H])[H])C2=C([H])C3([H])OC23C1,EDG,OMe,pi-system,0,Benzofuran_H9_deriv1
Benzofuran_H9_deriv1_Int1_Sub17,Benzofuran_H9_deriv1_interpolation_Sub17_v2,Benzofuran_H9_deriv1_Int2_Sub17,Benzofuran_H9_deriv1_substrate_Sub17,-1764.195794,-1764.178888,-1764.200861,-1179.667067,11.49015250002492,22.098667500206943,8.310609999991243,-3.1795425000336763,10.608515000039349,13.788057500073023,-377.47,[H]C1=C(Cl)C([H])=C([H])C23OC2([H])C(C(F)(F)F)=C13,[H][C+]1CC23OC2([H])[C+](C(F)(F)F)[C-]3[C-]([H])[C+]1Cl,EWG,CF3,pi-system,0,Benzofuran_H9_deriv1
Benzofuran_H9_deriv1_Int1_Sub18,Benzofuran_H9_deriv1_interpolation_Sub18_v2,Benzofuran_H9_deriv1_Int2_Sub18,Benzofuran_H9_deriv1_substrate_Sub18,-1886.792631,-1886.775329,-1886.797119,-1302.262939,10.88461499991297,21.741620000038324,8.068394999889392,-2.816220000023577,10.857004999982678,13.673225000006257,-391.16,[H]C1=C(Cl)C([H])=C([H])C23OC2([H])C(Cl)=C13,[H][C+]1CC23OC2([H])[C+](Cl)[C-]3[C-]([H])[C+]1Cl,EWG,Cl,pi-system,0,Benzofuran_H9_deriv1
Benzofuran_H9_deriv1_Int1_Sub19,Benzofuran_H9_deriv1_interpolation_Sub19_v2,Benzofuran_H9_deriv1_Int2_Sub19,Benzofuran_H9_deriv1_substrate_Sub19,-1661.674585,-1661.656282,-1661.676669,-1077.143516,10.020547500025714,21.505680000205984,8.71283750018847,-1.3077099999799202,11.485132500037594,12.792842500017514,-441.26,[H]C1=C(Cl)C([H])=C([H])C23OC2([H])C(C2([H])C([H])([H])C([H])([H])C([H])([H])C([H])([H])C2([H])[H])=C13,[H][C+]1CC23OC2([H])[C+](C2([H])C([H])([H])C([H])([H])C([H])([H])C([H])([H])C2([H])[H])[C-]3[C-]([H])[C+]1Cl,steric,Cy,pi-system,0,Benzofuran_H9_deriv1
Benzofuran_H9_deriv1_Int1_Sub20,Benzofuran_H9_deriv1_interpolation_Sub20_v2,Benzofuran_H9_deriv1_Int2_Sub20,Benzofuran_H9_deriv1_substrate_Sub20,-1584.343568,-1584.325476,-1584.345792,-999.81239,9.952150000055724,21.30488000007091,8.55659000001225,-1.3955600000434742,11.352730000015184,12.74829000005866,-440.89,[H]C1=C(Cl)C([H])=C([H])C23OC2([H])C(C(C([H])([H])[H])(C([H])([H])[H])C([H])([H])[H])=C13,[H][C+]1CC23OC2([H])[C+](C(C([H])([H])[H])(C([H])([H])[H])C([H])([H])[H])[C-]3[C-]([H])[C+]1Cl,steric,tBu,pi-system,0,Benzofuran_H9_deriv1
Benzofuran_H9_deriv1_Int1_Sub21,Benzofuran_H9_deriv1_interpolation_Sub21_v2,Benzofuran_H9_deriv1_Int2_Sub21,Benzofuran_H9_deriv1_substrate_Sub21,-1545.088192,-1545.069966,-1545.090393,-960.556967,9.922657500058849,21.35947250000441,8.541530000050273,-1.3811275000085743,11.436814999945568,12.817942499954142,-438.46,[H]C1=C(Cl)C([H])=C([H])C23OC2([H])C(C([H])(C([H])([H])[H])C([H])([H])[H])=C13,[H][C+]1CC23OC2([H])[C+](C([H])(C([H])([H])[H])C([H])([H])[H])[C-]3[C-]([H])[C+]1Cl,steric,iPr,pi-system,0,Benzofuran_H9_deriv1
Benzofuran_H9_deriv1_Int1_Sub22,Benzofuran_H9_deriv1_interpolation_Sub22_v2,Benzofuran_H9_deriv1_Int2_Sub22,Benzofuran_H9_deriv1_substrate_Sub22,-1466.579847,-1466.561807,-1466.582377,-882.048453,9.816610000041235,21.13670999999613,8.229035000054523,-1.587574999986714,11.320099999954891,12.907674999941603,-432.44,[H]C1=C(Cl)C([H])=C([H])C23OC2([H])C(C([H])([H])[H])=C13,[H][C+]1CC23OC2([H])[C+](C([H])([H])[H])[C-]3[C-]([H])[C+]1Cl,steric,Me,pi-system,0,Benzofuran_H9_deriv1
Benzofuran_H9_deriv1_Int1_Sub24,Benzofuran_H9_deriv1_interpolation_Sub24_v2,Benzofuran_H9_deriv1_Int2_Sub24,Benzofuran_H9_deriv1_substrate_Sub24,-1541.726127,-1541.707952,-1541.729031,-957.195095,10.043765000109772,21.4485775000648,8.221505000002196,-1.822260000107576,11.404812499955028,13.227072500062604,-414.48,[H]C1=C(Cl)C([H])=C([H])C23OC2([H])C(OC([H])([H])[H])=C13,[H]C1=C(Cl)C([H])=C2C(=[O+]C([H])([H])[H])C3([H])OC23C1,EDG,OMe,pi-system,0,Benzofuran_H9_deriv1
Benzofuran_H9_deriv1_Int1_Sub25,Benzofuran_H9_deriv1_interpolation_Sub25_v2,Benzofuran_H9_deriv1_Int2_Sub25,Benzofuran_H9_deriv1_substrate_Sub25,-1764.192277,-1764.175479,-1764.19723,-1179.663613,11.529684999996448,22.07043000006422,8.42167749992484,-3.108007499928931,10.540745000067773,13.648752499996704,-362.03,[H]C1=C(Cl)C([H])=C([H])C23OC2(C(F)(F)F)C([H])=C13,[H][C+]1CC23OC2(C(F)(F)F)[C+]([H])[C-]3[C-]([H])[C+]1Cl,EWG,CF3,pi-system,0,Benzofuran_H9_deriv1
Benzofuran_H9_deriv1_Int1_Sub26,Benzofuran_H9_deriv1_interpolation_Sub26_v2,Benzofuran_H9_deriv1_Int2_Sub26,Benzofuran_H9_deriv1_substrate_Sub26,-1886.79449,-1886.777217,-1886.797827,-1302.264531,10.71707249997928,21.555879999936565,8.623104999915654,-2.093967500063627,10.838807499957284,12.93277500002091,-390.27,[H]C1=C(Cl)C([H])=C([H])C23OC2(Cl)C([H])=C13,[H][C+]1CC23OC2(Cl)[C+]([H])[C-]3[C-]([H])[C+]1Cl,EWG,Cl,pi-system,0,Benzofuran_H9_deriv1
Benzofuran_H9_deriv1_Int1_Sub27,Benzofuran_H9_deriv1_interpolation_Sub27_v2,Benzofuran_H9_deriv1_Int2_Sub27,Benzofuran_H9_deriv1_substrate_Sub27,-1661.680799,-1661.662514,-1661.683458,-1077.149292,9.745702500006246,21.21954000007236,8.077180000152566,-1.6685224999963566,11.473837499923434,13.14235999991979,-463.84,[H]C1=C(Cl)C([H])=C([H])C23OC2(C2([H])C([H])([H])C([H])([H])C([H])([H])C([H])([H])C2([H])[H])C([H])=C13,[H][C+]1CC23OC2(C2([H])C([H])([H])C([H])([H])C([H])([H])C([H])([H])C2([H])[H])[C+]([H])[C-]3[C-]([H])[C+]1Cl,steric,Cy,pi-system,0,Benzofuran_H9_deriv1
Benzofuran_H9_deriv1_Int1_Sub28,Benzofuran_H9_deriv1_interpolation_Sub28_v2,Benzofuran_H9_deriv1_Int2_Sub28,Benzofuran_H9_deriv1_substrate_Sub28,-1584.35019,-1584.332127,-1584.353059,-999.818574,9.677304999964916,21.011837500097386,7.877007500015907,-1.800297499949011,11.334532500132468,13.13483000008148,-490.2,[H]C1=C(Cl)C([H])=C([H])C23OC2(C(C([H])([H])[H])(C([H])([H])[H])C([H])([H])[H])C([H])=C13,[H][C+]1[C+]2[C+](C[C-]([H])[C-]1Cl)O[C+](C(C([H])([H])[H])(C([H])([H])[H])C([H])([H])[H])[C-]2[H],steric,tBu,pi-system,0,Benzofuran_H9_deriv1
Benzofuran_H9_deriv1_Int1_Sub29,Benzofuran_H9_deriv1_interpolation_Sub29_v2,Benzofuran_H9_deriv1_Int2_Sub29,Benzofuran_H9_deriv1_substrate_Sub29,-1545.09438,-1545.076364,-1545.097246,-960.56287,9.743820000011,21.04886000000392,7.945404999985897,-1.798415000025102,11.305039999992914,13.103455000018016,-458.47,[H]C1=C(Cl)C([H])=C([H])C23OC2(C([H])(C([H])([H])[H])C([H])([H])[H])C([H])=C13,[H][C+]1CC23OC2(C([H])(C([H])([H])[H])C([H])([H])[H])[C+]([H])[C-]3[C-]([H])[C+]1Cl,steric,iPr,pi-system,0,Benzofuran_H9_deriv1
Benzofuran_H9_deriv1_Int1_Sub30,Benzofuran_H9_deriv1_interpolation_Sub30_v2,Benzofuran_H9_deriv1_Int2_Sub30,Benzofuran_H9_deriv1_substrate_Sub30,-1466.585733,-1466.567575,-1466.587994,-882.053962,9.580042500067805,20.974187499978427,8.16126500001161,-1.4187775000561942,11.394144999910624,12.812922499966817,-455.31,[H]C1=C(Cl)C([H])=C([H])C23OC2(C([H])([H])[H])C([H])=C13,[H][C+]1CC23OC2(C([H])([H])[H])[C+]([H])[C-]3[C-]([H])[C+]1Cl,steric,Me,pi-system,0,Benzofuran_H9_deriv1
Benzofuran_H9_deriv1_Int1_Sub31,Benzofuran_H9_deriv1_interpolation_Sub31_v2,Benzofuran_H9_deriv1_Int2_Sub31,Benzofuran_H9_deriv1_substrate_Sub31,-1521.887159,-1521.866054,-1521.884115,-937.352108,7.521842499985212,20.765230000006625,9.431952500013663,1.9101100000284528,13.243387500021411,11.33327749999296,-480.88,[H]C1=C(Cl)C([H])=C([H])C23OC2(N([H])C([H])([H])[H])C([H])=C13,[H][C+]1CC23OC2(N([H])C([H])([H])[H])[C+]([H])[C-]3[C-]([H])[C+]1Cl,EDG,NHCH3,pi-system,0,Benzofuran_H9_deriv1
Benzofuran_H9_deriv1_Int1_Sub32,Benzofuran_H9_deriv1_interpolation_Sub32_v2,Benzofuran_H9_deriv1_Int2_Sub32,Benzofuran_H9_deriv1_substrate_Sub32,-1541.741501,-1541.72179,-1541.742971,-957.208628,8.888537500030225,21.2571899999773,7.966112500076292,-0.9224249999539323,12.368652499947077,13.291077499901007,-479.62,[H]C1=C(Cl)C([H])=C([H])C23OC2(OC([H])([H])[H])C([H])=C13,[H][C+]1CC23OC2(OC([H])([H])[H])[C+]([H])[C-]3[C-]([H])[C+]1Cl,EDG,OMe,pi-system,0,Benzofuran_H9_deriv1
Benzofuran_H9_deriv1_Int1_Sub4,Benzofuran_H9_deriv1_interpolation_Sub4_v2,Benzofuran_H9_deriv1_Int2_Sub4,Benzofuran_H9_deriv1_substrate_Sub4,-1584.327854,-1584.311223,-1584.32469,-999.800866,12.581375000123389,23.017327500099043,14.566785000104405,1.985409999981016,10.435952499975656,8.45054249999464,-777.03,[H]C1=C(Cl)C(C(C([H])([H])[H])(C([H])([H])[H])C([H])([H])[H])=C([H])C23OC2([H])C([H])=C13,[H][C+]1[C-]2[C-]([H])[C+](Cl)[C+](C(C([H])([H])[H])(C([H])([H])[H])C([H])([H])[H])CC23OC13[H],steric,tBu,pi-system,0,Benzofuran_H9_deriv1
Benzofuran_H9_deriv1_Int1_Sub9,Benzofuran_H9_deriv1_interpolation_Sub9_v2,Benzofuran_H9_deriv1_Int2_Sub9,Benzofuran_H9_deriv1_substrate_Sub9,-1764.188021,-1764.170649,-1764.194732,-1179.660296,12.11890750014959,23.019837500021367,7.907755000152292,-4.211152499997297,10.900930000014457,15.112082500011752,-332.61,[H]C1=C([H])C23OC2([H])C([H])=C3C(C(F)(F)F)=C1Cl,[H][C+]1CC23OC2([H])[C+]([H])[C-]3[C-](C(F)(F)F)[C+]1Cl,EWG,CF3,pi-system,0,Benzofuran_H9_deriv1
Imidazole_H6_deriv1_Int1_Sub11,Imidazole_H6_deriv1_interpolation_Sub11_v2,Imidazole_H6_deriv1_Int2_Sub11,Imidazole_H6_deriv1_substrate_Sub11,-1162.684342,-1162.666371,-1162.675234,-578.140204,1.8197500000425748,13.096552500035443,7.53502000002328,5.7152699999807055,11.276802499992868,5.561532500012163,-771.03,[H]C1=[N+]([H])C2(C(C([H])([H])[H])(C([H])([H])[H])C3([H])C([H])([H])C([H])([H])C([H])([H])C([H])([H])C3([H])[H])[N-]C12[H],[H]N1CC2([H])[N-]C12C(C([H])([H])[H])(C([H])([H])[H])C1([H])C([H])([H])C([H])([H])C([H])([H])C([H])([H])C1([H])[H],steric,Cy,pi-system,0,Imidazole_H6_deriv1
Imidazole_H6_deriv1_Int1_Sub12,Imidazole_H6_deriv1_interpolation_Sub12_v2,Imidazole_H6_deriv1_Int2_Sub12,Imidazole_H6_deriv1_substrate_Sub12,-1085.349702,-1085.331423,-1085.340868,-500.805396,1.7143300000233808,13.18440249995632,7.257665000010149,5.543334999986769,11.47007249993294,5.926737499946171,-740.11,[H]C1=[N+]([H])C2(C(C([H])([H])[H])(C([H])([H])[H])C(C([H])([H])[H])(C([H])([H])[H])C([H])([H])[H])[N-]C12[H],[H]N1CC2([H])[N-]C12C(C([H])([H])[H])(C([H])([H])[H])C(C([H])([H])[H])(C([H])([H])[H])C([H])([H])[H],steric,tBu,pi-system,0,Imidazole_H6_deriv1
Imidazole_H6_deriv1_Int1_Sub14,Imidazole_H6_deriv1_interpolation_Sub14_v2,Imidazole_H6_deriv1_Int2_Sub14,Imidazole_H6_deriv1_substrate_Sub14,-967.591851,-967.574005,-967.583283,-383.0473,1.560592500019169,12.758957499996058,6.937012499999327,5.376419999980158,11.198364999976889,5.821944999996731,-769.97,[H]C1=[N+]([H])C2(C(C([H])([H])[H])(C([H])([H])[H])C([H])([H])[H])[N-]C12[H],[H]N1CC2([H])[N-]C12C(C([H])([H])[H])(C([H])([H])[H])C([H])([H])[H],steric,Me,pi-system,0,Imidazole_H6_deriv1
Imidazole_H6_deriv1_Int1_Sub2,Imidazole_H6_deriv1_interpolation_Sub2_v2,Imidazole_H6_deriv1_Int2_Sub2,Imidazole_H6_deriv1_substrate_Sub2,-1427.065033,-1427.057092,-1427.064325,-842.528584,6.644597499988549,11.627575000034652,7.088867500008291,0.4442700000197419,4.982977500046104,4.538707500026362,-594.21,[H]C1=[N+]([H])C2(C(C([H])([H])[H])(C([H])([H])[H])C([H])([H])[H])[N-]C12Cl,[H]N1CC2(Cl)[N-]C12C(C([H])([H])[H])(C([H])([H])[H])C([H])([H])[H],EWG,Cl,pi-system,0,Imidazole_H6_deriv1
Imidazole_H6_deriv1_Int1_Sub3,Imidazole_H6_deriv1_interpolation_Sub3_v2,Imidazole_H6_deriv1_Int2_Sub3,Imidazole_H6_deriv1_substrate_Sub3,-1201.952075,-1201.936111,-1201.940643,-617.405071,0.0213350000888112,10.038745000051108,7.19491500009724,7.173580000008428,10.017409999962297,2.8438299999538685,-921.97,[H]C1=[N+]([H])C2(C(C([H])([H])[H])(C([H])([H])[H])C([H])([H])[H])[N-]C12C1([H])C([H])([H])C([H])([H])C([H])([H])C([H])([H])C1([H])[H],[H]N1CC2(C3([H])C([H])([H])C([H])([H])C([H])([H])C([H])([H])C3([H])[H])[N-]C12C(C([H])([H])[H])(C([H])([H])[H])C([H])([H])[H],steric,Cy,pi-system,0,Imidazole_H6_deriv1
Imidazole_H6_deriv1_Int1_Sub4,Imidazole_H6_deriv1_interpolation_Sub4_v2,Imidazole_H6_deriv1_Int2_Sub4,Imidazole_H6_deriv1_substrate_Sub4,-1124.617439,-1124.604549,-1124.609568,-540.074521,2.585299999964548,10.673775000088597,7.524352499978875,4.939052500014327,8.088475000124049,3.149422500109722,-951.48,[H]C1=[N+]([H])C2(C(C([H])([H])[H])(C([H])([H])[H])C([H])([H])[H])[N-]C12C(C([H])([H])[H])(C([H])([H])[H])C([H])([H])[H],[H]N1CC2(C(C([H])([H])[H])(C([H])([H])[H])C([H])([H])[H])[N-]C12C(C([H])([H])[H])(C([H])([H])[H])C([H])([H])[H],steric,tBu,pi-system,0,Imidazole_H6_deriv1
Imidazole_H6_deriv1_Int1_Sub5,Imidazole_H6_deriv1_interpolation_Sub5_v2,Imidazole_H6_deriv1_Int2_Sub5,Imidazole_H6_deriv1_substrate_Sub5,-1085.365139,-1085.349466,-1085.354031,-500.818622,0.3269275000306493,10.16173500009728,7.297197499981678,6.970269999951029,9.834807500066631,2.8645375001156026,-894.96,[H]C1=[N+]([H])C2(C(C([H])([H])[H])(C([H])([H])[H])C([H])([H])[H])[N-]C12C([H])(C([H])([H])[H])C([H])([H])[H],[H]N1CC2(C([H])(C([H])([H])[H])C([H])([H])[H])[N-]C12C(C([H])([H])[H])(C([H])([H])[H])C([H])([H])[H],steric,iPr,pi-system,0,Imidazole_H6_deriv1
Imidazole_H6_deriv1_Int1_Sub6,Imidazole_H6_deriv1_interpolation_Sub6_v2,Imidazole_H6_deriv1_Int2_Sub6,Imidazole_H6_deriv1_substrate_Sub6,-1006.854427,-1006.839902,-1006.844866,-422.309414,1.2706875000377238,10.385124999996975,7.270215000014133,5.999527499976409,9.114437499959251,3.1149099999828422,-878.99,[H]C1=[N+]([H])C2(C(C([H])([H])[H])(C([H])([H])[H])C([H])([H])[H])[N-]C12C([H])([H])[H],[H]N1CC2(C([H])([H])[H])[N-]C12C(C([H])([H])[H])(C([H])([H])[H])C([H])([H])[H],steric,Me,pi-system,0,Imidazole_H6_deriv1
Imidazole_H6_deriv1_Int1_Sub9,Imidazole_H6_deriv1_interpolation_Sub9_v2,Imidazole_H6_deriv1_Int2_Sub9,Imidazole_H6_deriv1_substrate_Sub9,-1265.214412,-1265.195491,-1265.208492,-680.672738,3.3659099999911746,15.23883750004842,7.080710000028887,3.714800000037712,11.872927500057244,8.158127500019532,-697.94,[H]C1=[N+]([H])C2(C(C([H])([H])[H])(C([H])([H])[H])C(F)(F)F)[N-]C12[H],[H]N1CC2([H])[N-]C12C(C([H])([H])[H])(C([H])([H])[H])C(F)(F)F,EWG,CF3,pi-system,0,Imidazole_H6_deriv1
Benzoisoxazole_H11_deriv1_Int1_Sub10,Benzoisoxazole_H11_deriv1_interpolation_Sub10_v2,Benzoisoxazole_H11_deriv1_Int2_Sub10,Benzoisoxazole_H11_deriv1_substrate_Sub10,-1902.805276,-1902.789895,-1902.811604,-1318.277581,12.13773250010206,21.789310000203272,8.166912500140029,-3.970819999962032,9.651577500101212,13.622397500063244,-332.97,[H]c1c(Cl)c(Cl)c2c([H])noc2c1[H],[H][C-]1C[c+]2o[n-][c-]([H])[c+]2[C+](Cl)[C-]1Cl,EWG,Cl,pi-system,0,Benzoisoxazole_H11_deriv1
Benzoisoxazole_H11_deriv1_Int1_Sub14,Benzoisoxazole_H11_deriv1_interpolation_Sub14_v2,Benzoisoxazole_H11_deriv1_Int2_Sub14,Benzoisoxazole_H11_deriv1_substrate_Sub14,-1482.592498,-1482.577319,-1482.59648,-898.063069,11.04964750006701,20.574470000060217,8.550942500097847,-2.4987049999691635,9.524822499993206,12.02352749996237,-376.38,[H]C1=C(Cl)C(C([H])([H])[H])=C2C3([H])N=[O+]C23[C-]1[H],[H][C-]1C[c+]2o[n-][c-]([H])[c+]2[C+](C([H])([H])[H])[C-]1Cl,steric,Me,pi-system,0,Benzoisoxazole_H11_deriv1
Benzoisoxazole_H11_deriv1_Int1_Sub15,Benzoisoxazole_H11_deriv1_interpolation_Sub15_v2,Benzoisoxazole_H11_deriv1_Int2_Sub15,Benzoisoxazole_H11_deriv1_substrate_Sub15,-1537.89553,-1537.883001,-1537.892276,-953.360523,7.549452499986842,15.411400000040771,9.591337499967947,2.041884999981108,7.86194750005393,5.820062500072822,-652.8,[H]C1=C(Cl)C(N([H])C([H])([H])[H])=C2C3([H])N=[O+]C23[C-]1[H],[H]C1=C(Cl)C(=[N+]([H])C([H])([H])[H])c2c([H])[n-][o+]c2C1,EDG,NHCH3,pi-system,0,Benzoisoxazole_H11_deriv1
Benzoisoxazole_H11_deriv1_Int1_Sub16,Benzoisoxazole_H11_deriv1_interpolation_Sub16_v2,Benzoisoxazole_H11_deriv1_Int2_Sub16,Benzoisoxazole_H11_deriv1_substrate_Sub16,-1557.742171,-1557.726655,-1557.745544,-973.212319,10.78421499995244,20.520505000053788,8.667657499945847,-2.116557500006593,9.736290000101349,11.85284750010794,-474.48,[H]c1c(Cl)c(OC([H])([H])[H])c2c([H])noc2c1[H],[H]C1=C(Cl)C(=[O+]C([H])([H])[H])c2c([H])[n-][o+]c2C1,EDG,OMe,pi-system,0,Benzoisoxazole_H11_deriv1
Benzoisoxazole_H11_deriv1_Int1_Sub17,Benzoisoxazole_H11_deriv1_interpolation_Sub17_v2,Benzoisoxazole_H11_deriv1_Int2_Sub17,Benzoisoxazole_H11_deriv1_substrate_Sub17,-1780.200348,-1780.184838,-1780.208206,-1195.673937,12.94344249992264,22.675967500033494,8.012547499959055,-4.930894999963584,9.732525000110854,14.66342000007444,-287.87,[H]C1=C2C3([O+]=NC23C(F)(F)F)[C-]([H])C([H])=C1Cl,[H][C+]1[c+]2[c+](o[n-][c-]2C(F)(F)F)C[C-]([H])[C-]1Cl,EWG,CF3,pi-system,0,Benzoisoxazole_H11_deriv1
Benzoisoxazole_H11_deriv1_Int1_Sub18,Benzoisoxazole_H11_deriv1_interpolation_Sub18_v2,Benzoisoxazole_H11_deriv1_Int2_Sub18,Benzoisoxazole_H11_deriv1_substrate_Sub18,-1902.803874,-1902.788359,-1902.811088,-1318.276709,12.470307499975776,22.20597000000737,7.9435225001333265,-4.526784999985125,9.735662500031594,14.26244750001672,-297.47,[H]C1=C2C3(Cl)N=[O+]C23[C-]([H])C([H])=C1Cl,[H][C+]1[c+]2[c+](o[n-][c-]2Cl)C[C-]([H])[C-]1Cl,EWG,Cl,pi-system,0,Benzoisoxazole_H11_deriv1
Benzoisoxazole_H11_deriv1_Int1_Sub23,Benzoisoxazole_H11_deriv1_interpolation_Sub23_v2,Benzoisoxazole_H11_deriv1_Int2_Sub23,Benzoisoxazole_H11_deriv1_substrate_Sub23,-1537.891208,-1537.875339,-1537.895444,-953.362216,11.323865000016724,21.28166250005819,8.665775000021938,-2.658089999994786,9.957797500041464,12.615887500036251,-368.93,[H]c1c(Cl)c([H])c2c(N([H])C([H])([H])[H])noc2c1[H],[H]C1=C(Cl)C([H])=C2C3(C1)[O+]=NC23N([H])C([H])([H])[H],EDG,NHCH3,pi-system,0,Benzoisoxazole_H11_deriv1
Benzoisoxazole_H11_deriv1_Int1_Sub24,Benzoisoxazole_H11_deriv1_interpolation_Sub24_v2,Benzoisoxazole_H11_deriv1_Int2_Sub24,Benzoisoxazole_H11_deriv1_substrate_Sub24,-1557.751507,-1557.735703,-1557.757016,-973.223287,11.808295000077749,21.725305000008177,8.351397500030942,-3.456897500046807,9.917009999930428,13.373907499977236,-345.37,[H]C1=C2C3(OC([H])([H])[H])N=[O+]C23[C-]([H])C([H])=C1Cl,[H]C1=C(Cl)C([H])=C2C(=[O+][N-]C2=[O+]C([H])([H])[H])C1,EDG,OMe,pi-system,0,Benzoisoxazole_H11_deriv1
Benzoisoxazole_H11_deriv1_Int1_Sub4,Benzoisoxazole_H11_deriv1_interpolation_Sub4_v2,Benzoisoxazole_H11_deriv1_Int2_Sub4,Benzoisoxazole_H11_deriv1_substrate_Sub4,-1600.34096,-1600.325541,-1600.339419,-1015.81573,13.684520000049076,23.359942500090085,14.65149750010454,0.9669775000554636,9.675422500041009,8.708444999985545,-684.3,[H]C1=C2C3([H])N=[O+]C23[C-]([H])C(C(C([H])([H])[H])(C([H])([H])[H])C([H])([H])[H])=C1Cl,[H][C+]1[c+]2[c+](o[n-][c-]2[H])C[C-](C(C([H])([H])[H])(C([H])([H])[H])C([H])([H])[H])[C-]1Cl,steric,tBu,pi-system,0,Benzoisoxazole_H11_deriv1
Benzoisoxazole_H11_deriv1_Int1_Sub8,Benzoisoxazole_H11_deriv1_interpolation_Sub8_v2,Benzoisoxazole_H11_deriv1_Int2_Sub8,Benzoisoxazole_H11_deriv1_substrate_Sub8,-1557.743275,-1557.73647,-1557.747713,-973.212633,10.28848999999127,14.558627499982322,7.503645000031156,-2.7848449999601144,4.270137499991051,7.054982499951166,-672.88,[H]c1c(OC([H])([H])[H])c(Cl)c([H])c2c([H])noc12,[H]C1=C(Cl)C(=[O+]C([H])([H])[H])Cc2[o+][n-]c([H])c21,EDG,OMe,pi-system,0,Benzoisoxazole_H11_deriv1
Benzoisoxazole_H11_deriv1_Int1_Sub9,Benzoisoxazole_H11_deriv1_interpolation_Sub9_v2,Benzoisoxazole_H11_deriv1_Int2_Sub9,Benzoisoxazole_H11_deriv1_substrate_Sub9,-1780.19848,-1780.18261,-1780.207625,-1195.672943,13.49187750010742,23.450302499933287,7.7533900001139955,-5.7384874999934254,9.958424999968544,15.696912499961968,-237.5,[H]c1c(Cl)c(C(F)(F)F)c2c([H])noc2c1[H],[H][C-]1C[c+]2o[n-][c-]([H])[c+]2[C+](C(F)(F)F)[C-]1Cl,EWG,CF3,pi-system,0,Benzoisoxazole_H11_deriv1
Pyridine_H10_deriv1_Int1_Sub13,Pyridine_H10_deriv1_interpolation_Sub13_v2,Pyridine_H10_deriv1_Int2_Sub13,Pyridine_H10_deriv1_substrate_Sub13,-1409.815813,-1409.799768,-1409.820422,-825.288062,12.102592500048104,22.17082999995341,9.21044500000221,-2.892147500045894,10.068237499905308,12.960384999951202,-321.81,[H]c1nc(Cl)c([H])c([H])c1C([H])(C([H])([H])[H])C([H])([H])[H],[H][C+]1CC2(Cl)[N-]C2([H])[C-]1C([H])(C([H])([H])[H])C([H])([H])[H],steric,iPr,pi-system,0,Pyridine_H10_deriv1
Pyridine_H10_deriv1_Int1_Sub14,Pyridine_H10_deriv1_interpolation_Sub14_v2,Pyridine_H10_deriv1_Int2_Sub14,Pyridine_H10_deriv1_substrate_Sub14,-1331.305677,-1331.290597,-1331.311359,-746.778909,12.71942499998886,22.18212500006757,9.153970000002118,-3.5654549999867413,9.462700000078712,13.028155000065452,-289.92,[H]c1nc(Cl)c([H])c([H])c1C([H])([H])[H],[H][C+]1CC2(Cl)[N-]C2([H])[C-]1C([H])([H])[H],steric,Me,pi-system,0,Pyridine_H10_deriv1
Pyridine_H10_deriv1_Int1_Sub15,Pyridine_H10_deriv1_interpolation_Sub15_v2,Pyridine_H10_deriv1_Int2_Sub15,Pyridine_H10_deriv1_substrate_Sub15,-1386.606268,-1386.587407,-1386.608718,-802.076316,10.72146500003953,22.55674250004916,9.18409000006875,-1.5373749999707798,11.835277500009624,13.372652499980404,-213.34,[H]c1nc(Cl)c([H])c([H])c1N([H])C([H])([H])[H],[H][C+]1C[C-](Cl)[N-][C+]([H])[C+]1N([H])C([H])([H])[H],EDG,NHCH3,pi-system,0,Pyridine_H10_deriv1
Pyridine_H10_deriv1_Int1_Sub16,Pyridine_H10_deriv1_interpolation_Sub16_v2,Pyridine_H10_deriv1_Int2_Sub16,Pyridine_H10_deriv1_substrate_Sub16,-1406.461497,-1406.446395,-1406.467876,-821.929342,9.339082500034124,18.81558750007798,5.336260000081552,-4.002822499952572,9.476505000043858,13.47932749999643,-274.55,[H]c1nc(Cl)c([H])c([H])c1OC([H])([H])[H],[H][C+]1C[C-](Cl)[N-][C+]([H])[C+]1OC([H])([H])[H],EDG,OMe,pi-system,0,Pyridine_H10_deriv1
Pyridine_H10_deriv1_Int1_Sub18,Pyridine_H10_deriv1_interpolation_Sub18_v2,Pyridine_H10_deriv1_Int2_Sub18,Pyridine_H10_deriv1_substrate_Sub18,-1751.524534,-1751.51173,-1751.533057,-1167.000866,14.66467500007127,22.699185000046214,9.316492500091158,-5.348182500122789,8.034509999974944,13.382692500097733,-228.66,[H][C+]1[C-]([H])C2(Cl)[N-]C2(Cl)[C-]1[H],[H][C+]1CC2(Cl)[N-]C2(Cl)[C-]1[H],EWG,Cl,pi-system,0,Pyridine_H10_deriv1
Pyridine_H10_deriv1_Int1_Sub19,Pyridine_H10_deriv1_interpolation_Sub19_v2,Pyridine_H10_deriv1_Int2_Sub19,Pyridine_H10_deriv1_substrate_Sub19,-1526.404507,-1526.390358,-1526.409371,-941.878192,13.003682500055902,21.8821799999688,9.951522500057308,-3.0521599999985938,8.878497499912896,11.93065749991149,-310.13,[H]c1c(Cl)nc(C2([H])C([H])([H])C([H])([H])C([H])([H])C([H])([H])C2([H])[H])c([H])c1[H],[H][C+]1C[C-](Cl)[N-][C+](C2([H])C([H])([H])C([H])([H])C([H])([H])C([H])([H])C2([H])[H])[C+]1[H],steric,Cy,pi-system,0,Pyridine_H10_deriv1
Pyridine_H10_deriv1_Int1_Sub20,Pyridine_H10_deriv1_interpolation_Sub20_v2,Pyridine_H10_deriv1_Int2_Sub20,Pyridine_H10_deriv1_substrate_Sub20,-1449.07249,-1449.057972,-1449.076462,-864.544835,12.16283250003869,21.27287750000903,9.670402500053685,-2.4924299999850064,9.11004499997034,11.602474999955348,-315.23,[H]c1c(Cl)nc(C(C([H])([H])[H])(C([H])([H])[H])C([H])([H])[H])c([H])c1[H],[H][C+]1C[C-](Cl)[N-][C+](C(C([H])([H])[H])(C([H])([H])[H])C([H])([H])[H])[C+]1[H],steric,tBu,pi-system,0,Pyridine_H10_deriv1
Pyridine_H10_deriv1_Int1_Sub21,Pyridine_H10_deriv1_interpolation_Sub21_v2,Pyridine_H10_deriv1_Int2_Sub21,Pyridine_H10_deriv1_substrate_Sub21,-1409.818082,-1409.803886,-1409.823094,-825.291415,12.782802500042862,21.69079250009532,9.637772499993387,-3.145030000049473,8.90799000005245,12.053020000101924,-306.08,[H]c1c(Cl)nc(C([H])(C([H])([H])[H])C([H])([H])[H])c([H])c1[H],[H][C+]1C[C-](Cl)[N-][C+](C([H])(C([H])([H])[H])C([H])([H])[H])[C+]1[H],steric,iPr,pi-system,0,Pyridine_H10_deriv1
Pyridine_H10_deriv1_Int1_Sub22,Pyridine_H10_deriv1_interpolation_Sub22_v2,Pyridine_H10_deriv1_Int2_Sub22,Pyridine_H10_deriv1_substrate_Sub22,-1331.308476,-1331.294856,-1331.313767,-746.78069,12.080630000103554,20.627180000069814,8.760527499996726,-3.3201025001068274,8.54654999996626,11.866652500073087,-300.79,[H]c1c(Cl)nc(C([H])([H])[H])c([H])c1[H],[H][C+]1C[C-](Cl)[N-][C+](C([H])([H])[H])[C+]1[H],steric,Me,pi-system,0,Pyridine_H10_deriv1
Pyridine_H10_deriv1_Int1_Sub23,Pyridine_H10_deriv1_interpolation_Sub23_v2,Pyridine_H10_deriv1_Int2_Sub23,Pyridine_H10_deriv1_substrate_Sub23,-1386.620457,-1386.608261,-1386.61979,-802.089065,9.817865000038069,17.47085499997752,10.236407500051428,0.4185425000133591,7.65298999993945,7.234447499926091,-447.66,[H]c1c(Cl)nc(N([H])C([H])([H])[H])c([H])c1[H],[H]C1=C([H])C(=[N+]([H])C([H])([H])[H])N=C(Cl)C1,EDG,NHCH3,pi-system,0,Pyridine_H10_deriv1
Pyridine_H10_deriv1_Int1_Sub24,Pyridine_H10_deriv1_interpolation_Sub24_v2,Pyridine_H10_deriv1_Int2_Sub24,Pyridine_H10_deriv1_substrate_Sub24,-1406.475374,-1406.463587,-1406.47957,-821.948532,12.67298999996342,20.06933250005148,10.04000000004794,-2.6329899999154804,7.396342500088053,10.029332500003534,-321.23,[H]c1c(Cl)nc(OC([H])([H])[H])c([H])c1[H],[H]C1=C([H])C(=[O+]C([H])([H])[H])N=C(Cl)C1,EDG,OMe,pi-system,0,Pyridine_H10_deriv1
Pyridine_H10_deriv1_Int1_Sub7,Pyridine_H10_deriv1_interpolation_Sub7_v2,Pyridine_H10_deriv1_Int2_Sub7,Pyridine_H10_deriv1_substrate_Sub7,-1386.615074,-1386.603219,-1386.615732,-802.08398,10.004859999993982,17.443872499974304,9.591965000037703,-0.4128949999562792,7.439012499980322,7.851907499936601,-443.63,[H][C+]1C(=[N+]([H])C([H])([H])[H])[C-]([H])C2(Cl)[N-]C12[H],[H][C+]1C(=[N+]([H])C([H])([H])[H])CC2(Cl)[N-]C12[H],EDG,NHCH3,pi-system,0,Pyridine_H10_deriv1
Pyridine_H10_deriv1_Int1_Sub8,Pyridine_H10_deriv1_interpolation_Sub8_v2,Pyridine_H10_deriv1_Int2_Sub8,Pyridine_H10_deriv1_substrate_Sub8,-1406.464839,-1406.456402,-1406.46847,-821.941101,14.620750000039491,19.914967500013177,12.342297500013617,-2.278452500025878,5.294217499973684,7.572669999999562,-595.85,[H][C+]1C(=[O+]C([H])([H])[H])[C-]([H])C2(Cl)[N-]C12[H],[H][C+]1C(=[O+]C([H])([H])[H])CC2(Cl)[N-]C12[H],EDG,OMe,pi-system,0,Pyridine_H10_deriv1
Pyridine_H10_deriv1_Int1_Sub9,Pyridine_H10_deriv1_interpolation_Sub9_v2,Pyridine_H10_deriv1_Int2_Sub9,Pyridine_H10_deriv1_substrate_Sub9,-1628.919054,-1628.905427,-1628.928507,-1044.396024,15.065020000059237,23.615962499943063,9.13326249998306,-5.9317575000761735,8.550942500026508,14.482700000102682,-201.28,[H]c1nc(Cl)c([H])c([H])c1C(F)(F)F,[H][C+]1C[C-](Cl)[N-][C+]([H])[C+]1C(F)(F)F,EWG,CF3,pi-system,0,Pyridine_H10_deriv1
TwoHchromene_H8_deriv1_Int1_Sub10,TwoHchromene_H8_deriv1_interpolation_Sub10_v2,TwoHchromene_H8_deriv1_Int2_Sub10,TwoHchromene_H8_deriv1_substrate_Sub10,-1926.047259,-1926.031704,-1926.052029,-1341.519982,12.400027500153216,22.16079000012144,9.406852500148377,-2.99317500000484,9.760762499968225,12.753937499973064,-449.35,[H]C1=C([H])C([H])(Cl)Oc2c([H])c([H])c(Cl)c([H])c21,[H]C1=C(Cl)C([H])=C2C(=[O+]C([H])(Cl)C([H])=C2[H])C1,EWG,Cl,pi-system,0,TwoHchromene_H8_deriv1
TwoHchromene_H8_deriv1_Int1_Sub11,TwoHchromene_H8_deriv1_interpolation_Sub11_v2,TwoHchromene_H8_deriv1_Int2_Sub11,TwoHchromene_H8_deriv1_substrate_Sub11,-1700.926314,-1700.907627,-1700.926219,-1116.394617,9.626477499879227,21.35257000002184,9.686090000085414,0.0596125000635083,11.726092499999936,11.666479999936428,-564.51,[H]C1=C([H])C([H])(Cl)Oc2c([H])c([H])c(C3([H])C([H])([H])C([H])([H])C([H])([H])C([H])([H])C3([H])[H])c([H])c21,[H]C1=C(C2([H])C([H])([H])C([H])([H])C([H])([H])C([H])([H])C2([H])[H])C([H])=C2C(=[O+]C([H])(Cl)C([H])=C2[H])C1,steric,Cy,pi-system,0,TwoHchromene_H8_deriv1
TwoHchromene_H8_deriv1_Int1_Sub12,TwoHchromene_H8_deriv1_interpolation_Sub12_v2,TwoHchromene_H8_deriv1_Int2_Sub12,TwoHchromene_H8_deriv1_substrate_Sub12,-1623.593358,-1623.574778,-1623.593303,-1039.06149,9.519175000078803,21.17812500003424,9.553687500063006,0.0345124999842028,11.658950000098116,11.624437500113912,-578.4,[H]C1=C([H])C([H])(Cl)Oc2c([H])c([H])c(C(C([H])([H])[H])(C([H])([H])[H])C([H])([H])[H])c([H])c21,[H]C1=C(C(C([H])([H])[H])(C([H])([H])[H])C([H])([H])[H])C([H])=C2C(=[O+]C([H])(Cl)C([H])=C2[H])C1,steric,tBu,pi-system,0,TwoHchromene_H8_deriv1
TwoHchromene_H8_deriv1_Int1_Sub13,TwoHchromene_H8_deriv1_interpolation_Sub13_v2,TwoHchromene_H8_deriv1_Int2_Sub13,TwoHchromene_H8_deriv1_substrate_Sub13,-1584.339471,-1584.32118,-1584.339755,-999.807967,9.747585000001491,21.22518750005809,9.5693750000234,-0.1782099999780939,11.477602500056603,11.6558125000347,-561.29,[H]C1=C([H])C([H])(Cl)Oc2c([H])c([H])c(C([H])(C([H])([H])[H])C([H])([H])[H])c([H])c21,[H]C1=C(C([H])(C([H])([H])[H])C([H])([H])[H])C([H])=C2C(=[O+]C([H])(Cl)C([H])=C2[H])C1,steric,iPr,pi-system,0,TwoHchromene_H8_deriv1
TwoHchromene_H8_deriv1_Int1_Sub14,TwoHchromene_H8_deriv1_interpolation_Sub14_v2,TwoHchromene_H8_deriv1_Int2_Sub14,TwoHchromene_H8_deriv1_substrate_Sub14,-1505.829562,-1505.812109,-1505.830771,-921.299091,10.39579250007705,21.34755000003452,9.637145000066312,-0.7586475000107384,10.951757499957466,11.710404999968205,-515.78,[H]C1=C([H])C([H])(Cl)Oc2c([H])c([H])c(C([H])([H])[H])c([H])c21,[H]C1=C(C([H])([H])[H])C([H])=C2C(=[O+]C([H])(Cl)C([H])=C2[H])C1,steric,Me,pi-system,0,TwoHchromene_H8_deriv1
TwoHchromene_H8_deriv1_Int1_Sub15,TwoHchromene_H8_deriv1_interpolation_Sub15_v2,TwoHchromene_H8_deriv1_Int2_Sub15,TwoHchromene_H8_deriv1_substrate_Sub15,-1561.130866,-1561.107965,-1561.126736,-976.594891,6.9420325000223215,21.31241000005189,9.533607500042365,2.591575000020044,14.370377500029576,11.778802500009531,-565.88,[H]C1=C([H])C([H])(Cl)Oc2c([H])c([H])c(N([H])C([H])([H])[H])c([H])c21,[H]C1=C(N([H])C([H])([H])[H])C([H])=C2C(=[O+]C([H])(Cl)C([H])=C2[H])C1,EDG,NHCH3,pi-system,0,TwoHchromene_H8_deriv1
TwoHchromene_H8_deriv1_Int1_Sub16,TwoHchromene_H8_deriv1_interpolation_Sub16_v2,TwoHchromene_H8_deriv1_Int2_Sub16,TwoHchromene_H8_deriv1_substrate_Sub16,-1580.986515,-1580.969308,-1580.988096,-996.45631,10.562707500012325,21.36010000007417,9.57063000002023,-0.9920774999920924,10.797392500061846,11.78947000005394,-528.07,[H]C1=C([H])C([H])(Cl)Oc2c([H])c([H])c(OC([H])([H])[H])c([H])c21,[H]C1=C(OC([H])([H])[H])C([H])=C2C(=[O+]C([H])(Cl)C([H])=C2[H])C1,EDG,OMe,pi-system,0,TwoHchromene_H8_deriv1
TwoHchromene_H8_deriv1_Int1_Sub17,TwoHchromene_H8_deriv1_interpolation_Sub17_v2,TwoHchromene_H8_deriv1_Int2_Sub17,TwoHchromene_H8_deriv1_substrate_Sub17,-1803.442986,-1803.426744,-1803.448323,-1218.916467,12.875672500093742,23.06752749990096,9.526705000059792,-3.3489675000339503,10.191854999949896,13.540822499983848,-410.57,[H]C1=C([H])C([H])(Cl)Oc2c([H])c([H])c([H])c(C(F)(F)F)c21,[H]C1=C([H])C(C(F)(F)F)=C2C(=[O+]C([H])(Cl)C([H])=C2[H])C1,EWG,CF3,pi-system,0,TwoHchromene_H8_deriv1
TwoHchromene_H8_deriv1_Int1_Sub18,TwoHchromene_H8_deriv1_interpolation_Sub18_v2,TwoHchromene_H8_deriv1_Int2_Sub18,TwoHchromene_H8_deriv1_substrate_Sub18,-1926.046992,-1926.03187,-1926.050606,-1341.519133,12.03482250007653,21.523877499946025,9.76703749995238,-2.2677849999814725,9.489055000012172,11.756839999993645,-496.37,[H]C1=C([H])C([H])(Cl)Oc2c([H])c([H])c([H])c(Cl)c21,[H]C1=C([H])C(Cl)=C2C(=[O+]C([H])(Cl)C([H])=C2[H])C1,EWG,Cl,pi-system,0,TwoHchromene_H8_deriv1
TwoHchromene_H8_deriv1_Int1_Sub19,TwoHchromene_H8_deriv1_interpolation_Sub19_v2,TwoHchromene_H8_deriv1_Int2_Sub19,TwoHchromene_H8_deriv1_substrate_Sub19,-1700.923191,-1700.906619,-1700.923554,-1116.392348,10.16236249995302,20.56129249995081,9.934580000171422,-0.2277824999242739,10.39892999999779,10.626712499922064,-579.34,[H]C1=C([H])C([H])(Cl)Oc2c([H])c([H])c([H])c(C3([H])C([H])([H])C([H])([H])C([H])([H])C([H])([H])C3([H])[H])c21,[H]C1=C([H])C(C2([H])C([H])([H])C([H])([H])C([H])([H])C([H])([H])C2([H])[H])=C2C(=[O+]C([H])(Cl)C([H])=C2[H])C1,steric,Cy,pi-system,0,TwoHchromene_H8_deriv1
TwoHchromene_H8_deriv1_Int1_Sub20,TwoHchromene_H8_deriv1_interpolation_Sub20_v2,TwoHchromene_H8_deriv1_Int2_Sub20,TwoHchromene_H8_deriv1_substrate_Sub20,-1623.584141,-1623.56725,-1623.584697,-1039.053592,10.34684749991527,20.94595000004972,9.997957499940073,-0.3488899999751993,10.599102499991773,10.947992499966972,-542.6,[H]C1=C([H])C([H])(Cl)Oc2c([H])c([H])c([H])c(C(C([H])([H])[H])(C([H])([H])[H])C([H])([H])[H])c21,[H]C1=C([H])C(C(C([H])([H])[H])(C([H])([H])[H])C([H])([H])[H])=C2C(=[O+]C([H])(Cl)C([H])=C2[H])C1,steric,tBu,pi-system,0,TwoHchromene_H8_deriv1
TwoHchromene_H8_deriv1_Int1_Sub21,TwoHchromene_H8_deriv1_interpolation_Sub21_v2,TwoHchromene_H8_deriv1_Int2_Sub21,TwoHchromene_H8_deriv1_substrate_Sub21,-1584.336533,-1584.31985,-1584.337007,-999.805678,10.15483250004337,20.62341499993664,9.85739749993826,-0.2974350001051107,10.468582499893271,10.766017499998384,-566.44,[H]C1=C([H])C([H])(Cl)Oc2c([H])c([H])c([H])c(C([H])(C([H])([H])[H])C([H])([H])[H])c21,[H]C1=C([H])C(C([H])(C([H])([H])[H])C([H])([H])[H])=C2C(=[O+]C([H])(Cl)C([H])=C2[H])C1,steric,iPr,pi-system,0,TwoHchromene_H8_deriv1
TwoHchromene_H8_deriv1_Int1_Sub22,TwoHchromene_H8_deriv1_interpolation_Sub22_v2,TwoHchromene_H8_deriv1_Int2_Sub22,TwoHchromene_H8_deriv1_substrate_Sub22,-1505.828985,-1505.813048,-1505.830047,-921.29876,10.55015749997267,20.55062500004908,9.883752500085734,-0.6664049998869359,10.000467500076413,10.666872499963349,-530.9,[H]C1=C([H])C([H])(Cl)Oc2c([H])c([H])c([H])c(C([H])([H])[H])c21,[H]C1=C([H])C(C([H])([H])[H])=C2C(=[O+]C([H])(Cl)C([H])=C2[H])C1,steric,Me,pi-system,0,TwoHchromene_H8_deriv1
TwoHchromene_H8_deriv1_Int1_Sub23,TwoHchromene_H8_deriv1_interpolation_Sub23_v2,TwoHchromene_H8_deriv1_Int2_Sub23,TwoHchromene_H8_deriv1_substrate_Sub23,-1561.132739,-1561.118379,-1561.127486,-976.596758,6.938267500103166,15.94916750003847,10.234524999984842,3.2962574998816763,9.010899999935305,5.714642500053628,-790.72,[H]C1=C([H])C([H])(Cl)Oc2c([H])c([H])c([H])c(N([H])C([H])([H])[H])c21,[H]C1=C([H])C(N([H])C([H])([H])[H])=C2C(=[O+]C([H])(Cl)C([H])=C2[H])C1,EDG,NHCH3,pi-system,0,TwoHchromene_H8_deriv1
TwoHchromene_H8_deriv1_Int1_Sub24,TwoHchromene_H8_deriv1_interpolation_Sub24_v2,TwoHchromene_H8_deriv1_Int2_Sub24,TwoHchromene_H8_deriv1_substrate_Sub24,-1580.990185,-1580.975062,-1580.988957,-996.458161,9.42128499996926,18.910967500051186,10.191855000021237,0.7705700000519755,9.489682500081926,8.71911250002995,-644.35,[H]C1=C([H])C([H])(Cl)Oc2c([H])c([H])c([H])c(OC([H])([H])[H])c21,[H]C1=C([H])C(OC([H])([H])[H])=C2C(=[O+]C([H])(Cl)C([H])=C2[H])C1,EDG,OMe,pi-system,0,TwoHchromene_H8_deriv1
TwoHchromene_H8_deriv1_Int1_Sub25,TwoHchromene_H8_deriv1_interpolation_Sub25_v2,TwoHchromene_H8_deriv1_Int2_Sub25,TwoHchromene_H8_deriv1_substrate_Sub25,-1803.439675,-1803.424737,-1803.444135,-1218.912102,12.214287500051457,21.587882499927105,9.415637499983518,-2.79864999992526,9.373595000018328,12.172244999943588,-398.68,[H]C1=C([H])C(Cl)(C(F)(F)F)Oc2c([H])c([H])c([H])c([H])c21,[H]C1=C([H])C([H])=C2C(=[O+]C(Cl)(C(F)(F)F)C([H])=C2[H])C1,EWG,CF3,pi-system,0,TwoHchromene_H8_deriv1
TwoHchromene_H8_deriv1_Int1_Sub26,TwoHchromene_H8_deriv1_interpolation_Sub26_v2,TwoHchromene_H8_deriv1_Int2_Sub26,TwoHchromene_H8_deriv1_substrate_Sub26,-1926.040545,-1926.025194,-1926.044565,-1341.512697,12.041724999845089,21.67447749985115,9.519174999936126,-2.5225499999089607,9.632752500006063,12.155302499915024,-394.42,[H]C1=C([H])C(Cl)(Cl)Oc2c([H])c([H])c([H])c([H])c21,[H]C1=C([H])C([H])=C2C(=[O+]C(Cl)(Cl)C([H])=C2[H])C1,EWG,Cl,pi-system,0,TwoHchromene_H8_deriv1
TwoHchromene_H8_deriv1_Int1_Sub27,TwoHchromene_H8_deriv1_interpolation_Sub27_v2,TwoHchromene_H8_deriv1_Int2_Sub27,TwoHchromene_H8_deriv1_substrate_Sub27,-1700.926205,-1700.911841,-1700.930605,-1116.397277,11.364024999986668,20.37743500005832,8.603025000109028,-2.761000000020317,9.013409999928967,11.774409999949285,-385.46,[H]C1=C([H])C(Cl)(C2([H])C([H])([H])C([H])([H])C([H])([H])C([H])([H])C2([H])[H])Oc2c([H])c([H])c([H])c([H])c21,[H]C1=C([H])C([H])=C2C(=[O+]C(Cl)(C3([H])C([H])([H])C([H])([H])C([H])([H])C([H])([H])C3([H])[H])C([H])=C2[H])C1,steric,Cy,pi-system,0,TwoHchromene_H8_deriv1
TwoHchromene_H8_deriv1_Int1_Sub28,TwoHchromene_H8_deriv1_interpolation_Sub28_v2,TwoHchromene_H8_deriv1_Int2_Sub28,TwoHchromene_H8_deriv1_substrate_Sub28,-1623.593759,-1623.578723,-1623.59697,-1039.06446,11.131222499932392,20.56631250008081,9.116320000097176,-2.014902499977893,9.435090000005744,11.449992499983637,-344.16,[H]C1=C([H])C(Cl)(C(C([H])([H])[H])(C([H])([H])[H])C([H])([H])[H])Oc2c([H])c([H])c([H])c([H])c21,[H]C1=C([H])C([H])=C2C(=[O+]C(Cl)(C(C([H])([H])[H])(C([H])([H])[H])C([H])([H])[H])C([H])=C2[H])C1,steric,tBu,pi-system,0,TwoHchromene_H8_deriv1
TwoHchromene_H8_deriv1_Int1_Sub29,TwoHchromene_H8_deriv1_interpolation_Sub29_v2,TwoHchromene_H8_deriv1_Int2_Sub29,TwoHchromene_H8_deriv1_substrate_Sub29,-1584.340098,-1584.324926,-1584.343107,-999.810899,11.193972500059315,20.714402499992275,9.305825000046752,-1.8881475000125647,9.520429999932958,11.408577499945524,-352.54,[H]C1=C([H])C(Cl)(C([H])(C([H])([H])[H])C([H])([H])[H])Oc2c([H])c([H])c([H])c([H])c21,[H]C1=C([H])C([H])=C2C(=[O+]C(Cl)(C([H])(C([H])([H])[H])C([H])([H])[H])C([H])=C2[H])C1,steric,iPr,pi-system,0,TwoHchromene_H8_deriv1
TwoHchromene_H8_deriv1_Int1_Sub30,TwoHchromene_H8_deriv1_interpolation_Sub30_v2,TwoHchromene_H8_deriv1_Int2_Sub30,TwoHchromene_H8_deriv1_substrate_Sub30,-1505.830736,-1505.815258,-1505.833476,-921.301505,11.173892500110014,20.88633749998621,9.45454250002797,-1.719350000082045,9.712444999876196,11.431794999958242,-513.02,[H]C1=C([H])C(Cl)(C([H])([H])[H])Oc2c([H])c([H])c([H])c([H])c21,[H]C1=C([H])C([H])=C2C(=[O+]C(Cl)(C([H])([H])[H])C([H])=C2[H])C1,steric,Me,pi-system,0,TwoHchromene_H8_deriv1
TwoHchromene_H8_deriv1_Int1_Sub31,TwoHchromene_H8_deriv1_interpolation_Sub31_v2,TwoHchromene_H8_deriv1_Int2_Sub31,TwoHchromene_H8_deriv1_substrate_Sub31,-1561.129715,-1561.113919,-1561.130355,-976.600553,11.2171900000007,21.12918000008648,10.815590000015902,-0.4015999999847963,9.91199000008578,10.313590000070576,-525.11,[H]C1=C([H])C(Cl)(N([H])C([H])([H])[H])Oc2c([H])c([H])c([H])c([H])c21,[H]C1=C([H])C([H])=C2C(=[O+]C(Cl)(N([H])C([H])([H])[H])C([H])=C2[H])C1,EDG,NHCH3,pi-system,0,TwoHchromene_H8_deriv1
TwoHchromene_H8_deriv1_Int1_Sub3,TwoHchromene_H8_deriv1_interpolation_Sub3_v2,TwoHchromene_H8_deriv1_Int2_Sub3,TwoHchromene_H8_deriv1_substrate_Sub3,-1700.925782,-1700.911467,-1700.926759,-1116.39531,10.395165000007296,19.37782750022791,9.782097500199711,-0.6130674999502617,8.982662500077936,9.595730000028198,-377.08,[H]C1=C([H])C([H])(Cl)Oc2c([H])c(C3([H])C([H])([H])C([H])([H])C([H])([H])C([H])([H])C3([H])[H])c([H])c([H])c21,[H]C1=C2C(=[O+]C([H])(Cl)C([H])=C2[H])CC(C2([H])C([H])([H])C([H])([H])C([H])([H])C([H])([H])C2([H])[H])=C1[H],steric,Cy,pi-system,0,TwoHchromene_H8_deriv1
TwoHchromene_H8_deriv1_Int1_Sub4,TwoHchromene_H8_deriv1_interpolation_Sub4_v2,TwoHchromene_H8_deriv1_Int2_Sub4,TwoHchromene_H8_deriv1_substrate_Sub4,-1623.58803,-1623.574891,-1623.58973,-1039.062157,13.28103750021171,21.52576000001261,12.214287500051457,-1.0667500000175778,8.244722499943578,9.311472499961155,-763.93,[H]C1=C([H])C([H])(Cl)Oc2c([H])c(C(C([H])([H])[H])(C([H])([H])[H])C([H])([H])[H])c([H])c([H])c21,[H]C1=C2C(=[O+]C([H])(Cl)C([H])=C2[H])CC(C(C([H])([H])[H])(C([H])([H])[H])C([H])([H])[H])=C1[H],steric,tBu,pi-system,0,TwoHchromene_H8_deriv1
TwoHchromene_H8_deriv1_Int1_Sub5,TwoHchromene_H8_deriv1_interpolation_Sub5_v2,TwoHchromene_H8_deriv1_Int2_Sub5,TwoHchromene_H8_deriv1_substrate_Sub5,-1584.338745,-1584.324414,-1584.339681,-999.808598,10.599102499991773,19.59180500004436,10.011762500047894,-0.5873399999438789,8.992702500052587,9.580042499996466,-387.77,[H]C1=C([H])C([H])(Cl)Oc2c([H])c(C([H])(C([H])([H])[H])C([H])([H])[H])c([H])c([H])c21,[H]C1=C2C(=[O+]C([H])(Cl)C([H])=C2[H])CC(C([H])(C([H])([H])[H])C([H])([H])[H])=C1[H],steric,iPr,pi-system,0,TwoHchromene_H8_deriv1
TwoHchromene_H8_deriv1_Int1_Sub6,TwoHchromene_H8_deriv1_interpolation_Sub6_v2,TwoHchromene_H8_deriv1_Int2_Sub6,TwoHchromene_H8_deriv1_substrate_Sub6,-1505.825487,-1505.815281,-1505.831437,-921.3,13.523252499956868,19.92751750005283,9.789627499966684,-3.733624999990184,6.404265000095961,10.137890000086143,-367.22,[H]C1=C([H])C([H])(Cl)Oc2c([H])c(C([H])([H])[H])c([H])c([H])c21,[H]C1=C2C(=[O+]C([H])(Cl)C([H])=C2[H])CC(C([H])([H])[H])=C1[H],steric,Me,pi-system,0,TwoHchromene_H8_deriv1
TwoHchromene_H8_deriv1_Int1_Sub8,TwoHchromene_H8_deriv1_interpolation_Sub8_v2,TwoHchromene_H8_deriv1_Int2_Sub8,TwoHchromene_H8_deriv1_substrate_Sub8,-1580.986648,-1580.976968,-1580.986303,-996.459434,12.439559999982066,18.5137600000553,12.656047500077534,0.216487500095468,6.074200000073233,5.857712499977765,-956.06,[H]C1=C([H])C([H])(Cl)Oc2c([H])c(OC([H])([H])[H])c([H])c([H])c21,[H]C1=C(OC([H])([H])[H])CC2=[O+]C([H])(Cl)C([H])=C([H])C2=C1[H],EDG,OMe,pi-system,0,TwoHchromene_H8_deriv1
TwoHchromene_H8_deriv1_Int1_Sub9,TwoHchromene_H8_deriv1_interpolation_Sub9_v2,TwoHchromene_H8_deriv1_Int2_Sub9,TwoHchromene_H8_deriv1_substrate_Sub9,-1803.447289,-1803.431752,-1803.452209,-1218.920531,12.725699999973015,22.47516750011244,9.638400000063143,-3.087300000052551,9.74946749999674,12.836767500049293,-465.41,[H]C1=C([H])C([H])(Cl)Oc2c([H])c([H])c(C(F)(F)F)c([H])c21,[H]C1=C(C(F)(F)F)C([H])=C2C(=[O+]C([H])(Cl)C([H])=C2[H])C1,EWG,CF3,pi-system,0,TwoHchromene_H8_deriv1
OneHPyrrolo23bpyridine_H9_deriv1_Int1_Sub10,OneHPyrrolo23bpyridine_H9_deriv1_interpolation_Sub10_v2,OneHPyrrolo23bpyridine_H9_deriv1_Int2_Sub10,OneHPyrrolo23bpyridine_H9_deriv1_substrate_Sub10,-1882.985216,-1882.973269,-1882.989276,-1298.458541,12.777782500055537,20.27452500003278,10.230132499924594,-2.5476499999882662,7.496742499977245,10.044392499965513,-367.81,[H]c1nc2c(c(Cl)c1[H])c(Cl)c([H])n2[H],[H]C1=NC2=[N+]([H])C([H])=C(Cl)C2=C(Cl)C1,EWG,Cl,pi-system,0,OneHPyrrolo23bpyridine_H9_deriv1
OneHPyrrolo23bpyridine_H9_deriv1_Int1_Sub11,OneHPyrrolo23bpyridine_H9_deriv1_interpolation_Sub11_v2,OneHPyrrolo23bpyridine_H9_deriv1_Int2_Sub11,OneHPyrrolo23bpyridine_H9_deriv1_substrate_Sub11,-1657.866572,-1657.853348,-1657.86781,-1073.337552,11.306295000132424,19.604355000012674,10.529449999953613,-0.7768450000361327,8.298059999880252,9.074904999916384,-550.11,[H]c1nc2c(c(Cl)c1[H])c(C1([H])C([H])([H])C([H])([H])C([H])([H])C([H])([H])C1([H])[H])c([H])n2[H],[H]C1=NC2=[N+]([H])C([H])=C(C3([H])C([H])([H])C([H])([H])C([H])([H])C([H])([H])C3([H])[H])C2=C(Cl)C1,steric,Cy,pi-system,0,OneHPyrrolo23bpyridine_H9_deriv1
OneHPyrrolo23bpyridine_H9_deriv1_Int1_Sub12,OneHPyrrolo23bpyridine_H9_deriv1_interpolation_Sub12_v2,OneHPyrrolo23bpyridine_H9_deriv1_Int2_Sub12,OneHPyrrolo23bpyridine_H9_deriv1_substrate_Sub12,-1580.529527,-1580.516385,-1580.530692,-996.000509,11.307550000057915,19.55415500006808,10.576512499977468,-0.731037500080447,8.246605000010163,8.97764250009061,-484.74,[H]c1nc2c(c(Cl)c1[H])c(C(C([H])([H])[H])(C([H])([H])[H])C([H])([H])[H])c([H])n2[H],[H]C1=NC2=[N+]([H])C([H])=C(C(C([H])([H])[H])(C([H])([H])[H])C([H])([H])[H])C2=C(Cl)C1,steric,tBu,pi-system,0,OneHPyrrolo23bpyridine_H9_deriv1
OneHPyrrolo23bpyridine_H9_deriv1_Int1_Sub13,OneHPyrrolo23bpyridine_H9_deriv1_interpolation_Sub13_v2,OneHPyrrolo23bpyridine_H9_deriv1_Int2_Sub13,OneHPyrrolo23bpyridine_H9_deriv1_substrate_Sub13,-1541.279947,-1541.266792,-1541.281181,-956.750655,11.13561500006398,19.390377500124885,10.361280000021509,-0.7743350000424698,8.254762500060906,9.029097500103376,-536.6,[H]c1nc2c(c(Cl)c1[H])c(C([H])(C([H])([H])[H])C([H])([H])[H])c([H])n2[H],[H]C1=NC2=[N+]([H])C([H])=C(C([H])(C([H])([H])[H])C([H])([H])[H])C2=C(Cl)C1,steric,iPr,pi-system,0,OneHPyrrolo23bpyridine_H9_deriv1
OneHPyrrolo23bpyridine_H9_deriv1_Int1_Sub14,OneHPyrrolo23bpyridine_H9_deriv1_interpolation_Sub14_v2,OneHPyrrolo23bpyridine_H9_deriv1_Int2_Sub14,OneHPyrrolo23bpyridine_H9_deriv1_substrate_Sub14,-1462.771456,-1462.75887,-1462.773353,-878.242611,11.416107500069188,19.313822500104152,10.225740000007022,-1.190367500062166,7.897715000034964,9.08808250009713,-435.48,[H]c1nc2c(c(Cl)c1[H])c(C([H])([H])[H])c([H])n2[H],[H]C1=NC2=[N+]([H])C([H])=C(C([H])([H])[H])C2=C(Cl)C1,steric,Me,pi-system,0,OneHPyrrolo23bpyridine_H9_deriv1
OneHPyrrolo23bpyridine_H9_deriv1_Int1_Sub15,OneHPyrrolo23bpyridine_H9_deriv1_interpolation_Sub15_v2,OneHPyrrolo23bpyridine_H9_deriv1_Int2_Sub15,OneHPyrrolo23bpyridine_H9_deriv1_substrate_Sub15,-1518.057037,-1518.043445,-1518.057755,-933.527037,10.691344999972898,19.22032499998352,10.240799999969,-0.4505450000038991,8.52898000001062,8.979525000014519,-543.1,[H]c1nc2c(c(Cl)c1[H])c(N([H])C([H])([H])[H])c([H])n2[H],[H]C1=NC2=[N+]([H])C([H])=C(N([H])C([H])([H])[H])C2=C(Cl)C1,EDG,NHCH3,pi-system,0,OneHPyrrolo23bpyridine_H9_deriv1
OneHPyrrolo23bpyridine_H9_deriv1_Int1_Sub16,OneHPyrrolo23bpyridine_H9_deriv1_interpolation_Sub16_v2,OneHPyrrolo23bpyridine_H9_deriv1_Int2_Sub16,OneHPyrrolo23bpyridine_H9_deriv1_substrate_Sub16,-1537.918804,-1537.906,-1537.921067,-953.390084,11.494545000085168,19.52905500006011,10.074512500032142,-1.4200325000530256,8.034509999974944,9.45454250002797,-487.94,[H]c1nc2c(c(Cl)c1[H])c(OC([H])([H])[H])c([H])n2[H],[H]C1=NC2=[N+]([H])C([H])=C(OC([H])([H])[H])C2=C(Cl)C1,EDG,OMe,pi-system,0,OneHPyrrolo23bpyridine_H9_deriv1
OneHPyrrolo23bpyridine_H9_deriv1_Int1_Sub17,OneHPyrrolo23bpyridine_H9_deriv1_interpolation_Sub17_v2,OneHPyrrolo23bpyridine_H9_deriv1_Int2_Sub17,OneHPyrrolo23bpyridine_H9_deriv1_substrate_Sub17,-1760.374422,-1760.363313,-1760.381328,-1175.85022,14.32958999991854,21.30048749993932,9.99607500015884,-4.333514999902377,6.970897500020783,11.30441249992316,-337.43,[H]c1nc2c(c([H])c([H])n2C(F)(F)F)c(Cl)c1[H],[H]C1=NC2=[N+](C(F)(F)F)C([H])=C([H])C2=C(Cl)C1,EWG,CF3,pi-system,0,OneHPyrrolo23bpyridine_H9_deriv1
OneHPyrrolo23bpyridine_H9_deriv1_Int1_Sub18,OneHPyrrolo23bpyridine_H9_deriv1_interpolation_Sub18_v2,OneHPyrrolo23bpyridine_H9_deriv1_Int2_Sub18,OneHPyrrolo23bpyridine_H9_deriv1_substrate_Sub18,-1882.937085,-1882.9254,-1882.942174,-1298.410956,13.12039750004658,20.452735000010875,9.92704999990508,-3.193347499998822,7.332337499964296,10.52568499996312,-372.89,[H]c1nc2c(c([H])c([H])n2Cl)c(Cl)c1[H],[H]C1=NC2=[N+](Cl)C([H])=C([H])C2=C(Cl)C1,EWG,Cl,pi-system,0,OneHPyrrolo23bpyridine_H9_deriv1
OneHPyrrolo23bpyridine_H9_deriv1_Int1_Sub20,OneHPyrrolo23bpyridine_H9_deriv1_interpolation_Sub20_v2,OneHPyrrolo23bpyridine_H9_deriv1_Int2_Sub20,OneHPyrrolo23bpyridine_H9_deriv1_substrate_Sub20,-1580.529039,-1580.516044,-1580.53112,-996.000195,11.416734999996264,19.571097500025303,10.110907499940254,-1.3058275000560116,8.154362500029038,9.46019000008505,-422.09,[H]c1nc2c(c([H])c([H])n2C(C([H])([H])[H])(C([H])([H])[H])C([H])([H])[H])c(Cl)c1[H],[H]C1=NC2=[N+](C(C([H])([H])[H])(C([H])([H])[H])C([H])([H])[H])C([H])=C([H])C2=C(Cl)C1,steric,tBu,pi-system,0,OneHPyrrolo23bpyridine_H9_deriv1
OneHPyrrolo23bpyridine_H9_deriv1_Int1_Sub21,OneHPyrrolo23bpyridine_H9_deriv1_interpolation_Sub21_v2,OneHPyrrolo23bpyridine_H9_deriv1_Int2_Sub21,OneHPyrrolo23bpyridine_H9_deriv1_substrate_Sub21,-1541.276261,-1541.263978,-1541.278662,-956.747807,11.66146000002044,19.36904250003608,10.15483250004337,-1.5066274999770712,7.707582500015633,9.214209999992704,-428.11,[H]c1nc2c(c([H])c([H])n2C([H])(C([H])([H])[H])C([H])([H])[H])c(Cl)c1[H],[H]C1=NC2=[N+](C([H])(C([H])([H])[H])C([H])([H])[H])C([H])=C([H])C2=C(Cl)C1,steric,iPr,pi-system,0,OneHPyrrolo23bpyridine_H9_deriv1
OneHPyrrolo23bpyridine_H9_deriv1_Int1_Sub22,OneHPyrrolo23bpyridine_H9_deriv1_interpolation_Sub22_v2,OneHPyrrolo23bpyridine_H9_deriv1_Int2_Sub22,OneHPyrrolo23bpyridine_H9_deriv1_substrate_Sub22,-1462.76214,-1462.749387,-1462.764265,-878.233212,11.364024999986668,19.366532499971072,10.030587500000363,-1.333437499986303,8.002507499984404,9.335944999970708,-423.82,[H]c1nc2c(c([H])c([H])n2C([H])([H])[H])c(Cl)c1[H],[H]C1=NC2=[N+](C([H])([H])[H])C([H])=C([H])C2=C(Cl)C1,steric,Me,pi-system,0,OneHPyrrolo23bpyridine_H9_deriv1
OneHPyrrolo23bpyridine_H9_deriv1_Int1_Sub23,OneHPyrrolo23bpyridine_H9_deriv1_interpolation_Sub23_v2,OneHPyrrolo23bpyridine_H9_deriv1_Int2_Sub23,OneHPyrrolo23bpyridine_H9_deriv1_substrate_Sub23,-1518.025923,-1518.013143,-1518.028471,-933.497543,11.70789500004588,19.727345000058847,10.109024999945008,-1.5988700001008738,8.019450000012966,9.61832000011384,-413.16,[H]c1nc2c(c([H])c([H])n2N([H])C([H])([H])[H])c(Cl)c1[H],[H]C1=NC2=[N+](N([H])C([H])([H])[H])C([H])=C([H])C2=C(Cl)C1,EDG,NHCH3,pi-system,0,OneHPyrrolo23bpyridine_H9_deriv1
OneHPyrrolo23bpyridine_H9_deriv1_Int1_Sub24,OneHPyrrolo23bpyridine_H9_deriv1_interpolation_Sub24_v2,OneHPyrrolo23bpyridine_H9_deriv1_Int2_Sub24,OneHPyrrolo23bpyridine_H9_deriv1_substrate_Sub24,-1537.864887,-1537.85198,-1537.867617,-953.336603,11.768135000036466,19.867277500062244,10.055059999938578,-1.7130750000978878,8.099142500025778,9.812217500123666,-397.44,[H]c1nc2c(c([H])c([H])n2OC([H])([H])[H])c(Cl)c1[H],[H]C1=NC2=[N+](OC([H])([H])[H])C([H])=C([H])C2=C(Cl)C1,EDG,OMe,pi-system,0,OneHPyrrolo23bpyridine_H9_deriv1
OneHPyrrolo23bpyridine_H9_deriv1_Int1_Sub25,OneHPyrrolo23bpyridine_H9_deriv1_interpolation_Sub25_v2,OneHPyrrolo23bpyridine_H9_deriv1_Int2_Sub25,OneHPyrrolo23bpyridine_H9_deriv1_substrate_Sub25,-1760.386777,-1760.375352,-1760.392237,-1175.861464,13.632437500037897,20.80162500012875,10.206287500127472,-3.4261500000530987,7.16918749994818,10.595337500001278,-340.51,[H]c1nc2c(c([H])c(C(F)(F)F)n2[H])c(Cl)c1[H],[H]C1=NC2=[N+]([H])C(C(F)(F)F)=C([H])C2=C(Cl)C1,EWG,CF3,pi-system,0,OneHPyrrolo23bpyridine_H9_deriv1
OneHPyrrolo23bpyridine_H9_deriv1_Int1_Sub26,OneHPyrrolo23bpyridine_H9_deriv1_interpolation_Sub26_v2,OneHPyrrolo23bpyridine_H9_deriv1_Int2_Sub26,OneHPyrrolo23bpyridine_H9_deriv1_substrate_Sub26,-1882.98773,-1882.975653,-1882.992046,-1298.461034,12.764604999874791,20.34292250007411,10.056314999864073,-2.70829000001072,7.578317500056642,10.286607500067362,-386.82,[H]c1nc2c(c([H])c(Cl)n2[H])c(Cl)c1[H],[H]C1=NC2=[N+]([H])C(Cl)=C([H])C2=C(Cl)C1,EWG,Cl,pi-system,0,OneHPyrrolo23bpyridine_H9_deriv1
OneHPyrrolo23bpyridine_H9_deriv1_Int1_Sub27,OneHPyrrolo23bpyridine_H9_deriv1_interpolation_Sub27_v2,OneHPyrrolo23bpyridine_H9_deriv1_Int2_Sub27,OneHPyrrolo23bpyridine_H9_deriv1_substrate_Sub27,-1657.872424,-1657.85939,-1657.874171,-1073.343725,11.50772249998056,19.68655750001915,10.41148000010878,-1.096242500014455,8.178834999895912,9.275077499910369,-445.77,[H]c1nc2c(c([H])c(C3([H])C([H])([H])C([H])([H])C([H])([H])C([H])([H])C3([H])[H])n2[H])c(Cl)c1[H],[H]C1=NC2=[N+]([H])C(C3([H])C([H])([H])C([H])([H])C([H])([H])C([H])([H])C3([H])[H])=C([H])C2=C(Cl)C1,steric,Cy,pi-system,0,OneHPyrrolo23bpyridine_H9_deriv1
OneHPyrrolo23bpyridine_H9_deriv1_Int1_Sub28,OneHPyrrolo23bpyridine_H9_deriv1_interpolation_Sub28_v2,OneHPyrrolo23bpyridine_H9_deriv1_Int2_Sub28,OneHPyrrolo23bpyridine_H9_deriv1_substrate_Sub28,-1580.541587,-1580.528476,-1580.543306,-996.012673,11.372810000035829,19.599962500023764,10.294137499977012,-1.0786725000588149,8.227152499987938,9.305825000046752,-445.02,[H]c1nc2c(c([H])c(C(C([H])([H])[H])(C([H])([H])[H])C([H])([H])[H])n2[H])c(Cl)c1[H],[H]C1=NC2=[N+]([H])C(C(C([H])([H])[H])(C([H])([H])[H])C([H])([H])[H])=C([H])C2=C(Cl)C1,steric,tBu,pi-system,0,OneHPyrrolo23bpyridine_H9_deriv1
OneHPyrrolo23bpyridine_H9_deriv1_Int1_Sub29,OneHPyrrolo23bpyridine_H9_deriv1_interpolation_Sub29_v2,OneHPyrrolo23bpyridine_H9_deriv1_Int2_Sub29,OneHPyrrolo23bpyridine_H9_deriv1_substrate_Sub29,-1541.286017,-1541.272955,-1541.287821,-956.757089,11.364025000058009,19.56043000005224,10.232015000062518,-1.1320099999954891,8.196404999994229,9.328414999989718,-440.1,[H]c1nc2c(c([H])c(C([H])(C([H])([H])[H])C([H])([H])[H])n2[H])c(Cl)c1[H],[H]C1=NC2=[N+]([H])C(C([H])(C([H])([H])[H])C([H])([H])[H])=C([H])C2=C(Cl)C1,steric,iPr,pi-system,0,OneHPyrrolo23bpyridine_H9_deriv1
OneHPyrrolo23bpyridine_H9_deriv1_Int1_Sub30,OneHPyrrolo23bpyridine_H9_deriv1_interpolation_Sub30_v2,OneHPyrrolo23bpyridine_H9_deriv1_Int2_Sub30,OneHPyrrolo23bpyridine_H9_deriv1_substrate_Sub30,-1462.777264,-1462.764302,-1462.779324,-878.248316,11.351475000018354,19.48513000002833,10.058825000000413,-1.292650000017943,8.13365500000998,9.426305000027924,-430.67,[H]c1nc2c(c([H])c(C([H])([H])[H])n2[H])c(Cl)c1[H],[H]C1=NC2=[N+]([H])C(C([H])([H])[H])=C([H])C2=C(Cl)C1,steric,Me,pi-system,0,OneHPyrrolo23bpyridine_H9_deriv1
OneHPyrrolo23bpyridine_H9_deriv1_Int1_Sub31,OneHPyrrolo23bpyridine_H9_deriv1_interpolation_Sub31_v2,OneHPyrrolo23bpyridine_H9_deriv1_Int2_Sub31,OneHPyrrolo23bpyridine_H9_deriv1_substrate_Sub31,-1518.077595,-1518.061423,-1518.076,-933.544898,8.998977500036744,19.146907499954864,9.999840000006657,1.0008624999699125,10.14792999991812,9.147067499948207,-483.88,[H]c1nc2c(c([H])c(N([H])C([H])([H])[H])n2[H])c(Cl)c1[H],[H]C1=NC2=[N+]([H])C(N([H])C([H])([H])[H])=C([H])C2=C(Cl)C1,EDG,NHCH3,pi-system,0,OneHPyrrolo23bpyridine_H9_deriv1
OneHPyrrolo23bpyridine_H9_deriv1_Int1_Sub32,OneHPyrrolo23bpyridine_H9_deriv1_interpolation_Sub32_v2,OneHPyrrolo23bpyridine_H9_deriv1_Int2_Sub32,OneHPyrrolo23bpyridine_H9_deriv1_substrate_Sub32,-1537.934509,-1537.920874,-1537.935828,-953.404936,10.959287500081132,19.51525000009497,10.131615000101988,-0.827672499979144,8.555962500013834,9.383634999992978,-461.75,[H]c1nc2c(c([H])c(OC([H])([H])[H])n2[H])c(Cl)c1[H],[H]C1=NC2=[N+]([H])C(OC([H])([H])[H])=C([H])C2=C(Cl)C1,EDG,OMe,pi-system,0,OneHPyrrolo23bpyridine_H9_deriv1
OneHPyrrolo23bpyridine_H9_deriv1_Int1_Sub3,OneHPyrrolo23bpyridine_H9_deriv1_interpolation_Sub3_v2,OneHPyrrolo23bpyridine_H9_deriv1_Int2_Sub3,OneHPyrrolo23bpyridine_H9_deriv1_substrate_Sub3,-1657.873134,-1657.861079,-1657.874715,-1073.342734,10.44034500017858,18.004857499984723,9.448267500186487,-0.9920774999920924,7.564512499948819,8.556589999940911,-251.27,[H]c1c(C2([H])C([H])([H])C([H])([H])C([H])([H])C([H])([H])C2([H])[H])nc2c(c([H])c([H])n2[H])c1Cl,[H]C1=C([H])[N+]([H])=C2N=C(C3([H])C([H])([H])C([H])([H])C([H])([H])C([H])([H])C3([H])[H])CC(Cl)=C12,steric,Cy,pi-system,0,OneHPyrrolo23bpyridine_H9_deriv1
OneHPyrrolo23bpyridine_H9_deriv1_Int1_Sub4,OneHPyrrolo23bpyridine_H9_deriv1_interpolation_Sub4_v2,OneHPyrrolo23bpyridine_H9_deriv1_Int2_Sub4,OneHPyrrolo23bpyridine_H9_deriv1_substrate_Sub4,-1580.538176,-1580.52454,-1580.53736,-996.009896,11.770645000030129,20.32723500011372,12.282685000021443,0.5120399999913161,8.556590000083588,8.044550000092272,-678.93,[H]c1c(C(C([H])([H])[H])(C([H])([H])[H])C([H])([H])[H])nc2c(c([H])c([H])n2[H])c1Cl,[H]C1=C([H])[N+]([H])=C2N=C(C(C([H])([H])[H])(C([H])([H])[H])C([H])([H])[H])CC(Cl)=C12,steric,tBu,pi-system,0,OneHPyrrolo23bpyridine_H9_deriv1
OneHPyrrolo23bpyridine_H9_deriv1_Int1_Sub5,OneHPyrrolo23bpyridine_H9_deriv1_interpolation_Sub5_v2,OneHPyrrolo23bpyridine_H9_deriv1_Int2_Sub5,OneHPyrrolo23bpyridine_H9_deriv1_substrate_Sub5,-1541.286073,-1541.274123,-1541.286941,-956.756219,10.782960000026948,18.281585000070777,10.238289999975336,-0.5446700000516103,7.49862500004383,8.04329500009544,-262.56,[H]c1c(C([H])(C([H])([H])[H])C([H])([H])[H])nc2c(c([H])c([H])n2[H])c1Cl,[H]C1=C([H])[N+]([H])=C2N=C(C([H])(C([H])([H])[H])C([H])([H])[H])CC(Cl)=C12,steric,iPr,pi-system,0,OneHPyrrolo23bpyridine_H9_deriv1
OneHPyrrolo23bpyridine_H9_deriv1_Int1_Sub6,OneHPyrrolo23bpyridine_H9_deriv1_interpolation_Sub6_v2,OneHPyrrolo23bpyridine_H9_deriv1_Int2_Sub6,OneHPyrrolo23bpyridine_H9_deriv1_substrate_Sub6,-1462.776214,-1462.763902,-1462.777911,-878.246137,10.64302750002355,18.368807500064577,9.578160000072558,-1.0648674999509922,7.725780000041027,8.79064749999202,-258.41,[H]c1c(C([H])([H])[H])nc2c(c([H])c([H])n2[H])c1Cl,[H]C1=C([H])[N+]([H])=C2N=C(C([H])([H])[H])CC(Cl)=C12,steric,Me,pi-system,0,OneHPyrrolo23bpyridine_H9_deriv1
OneHPyrrolo23bpyridine_H9_deriv1_Int1_Sub9,OneHPyrrolo23bpyridine_H9_deriv1_interpolation_Sub9_v2,OneHPyrrolo23bpyridine_H9_deriv1_Int2_Sub9,OneHPyrrolo23bpyridine_H9_deriv1_substrate_Sub9,-1760.389384,-1760.377512,-1760.394551,-1175.863915,13.53454749999969,20.984227500024417,10.292254999839088,-3.242292500017925,7.449680000024728,10.691972500042652,-336.28,[H]c1nc2c(c(Cl)c1[H])c(C(F)(F)F)c([H])n2[H],[H]C1=NC2=[N+]([H])C([H])=C(C(F)(F)F)C2=C(Cl)C1,EWG,CF3,pi-system,0,OneHPyrrolo23bpyridine_H9_deriv1
Pyridazine_H7_deriv1_Int1_Sub11,Pyridazine_H7_deriv1_interpolation_Sub11_v2,Pyridazine_H7_deriv1_Int2_Sub11,Pyridazine_H7_deriv1_substrate_Sub11,-1122.190038,-1122.17466,-1122.196885,-537.665742,14.270605000067462,23.92030000010209,9.974112500000274,-4.296492500067188,9.649695000034626,13.946187500101814,-360.41,[H]c1nnc(C([H])([H])[H])c(C2([H])C([H])([H])C([H])([H])C([H])([H])C([H])([H])C2([H])[H])c1[H],[H][C+]1C[C-](C2([H])C([H])([H])C([H])([H])C([H])([H])C([H])([H])C2([H])[H])[C+](C([H])([H])[H])[N-][N-]1,steric,Cy,pi-system,0,Pyridazine_H7_deriv1
Pyridazine_H7_deriv1_Int1_Sub12,Pyridazine_H7_deriv1_interpolation_Sub12_v2,Pyridazine_H7_deriv1_Int2_Sub12,Pyridazine_H7_deriv1_substrate_Sub12,-1044.850083,-1044.832201,-1044.850454,-460.32609,14.460737500015457,25.681692500077983,14.227935000103855,-0.2328024999115996,11.220955000062531,11.453757499974133,-729.8,[H]c1nnc(C([H])([H])[H])c(C(C([H])([H])[H])(C([H])([H])[H])C([H])([H])[H])c1[H],[H][C+]1C[C-](C(C([H])([H])[H])(C([H])([H])[H])C([H])([H])[H])[C+](C([H])([H])[H])[N-][N-]1,steric,tBu,pi-system,0,Pyridazine_H7_deriv1
Pyridazine_H7_deriv1_Int1_Sub13,Pyridazine_H7_deriv1_interpolation_Sub13_v2,Pyridazine_H7_deriv1_Int2_Sub13,Pyridazine_H7_deriv1_substrate_Sub13,-1005.602736,-1005.587203,-1005.609218,-421.078611,14.377907500010563,24.12486500001364,10.31045250000716,-4.067455000003406,9.746957500003075,13.814412500006483,-372.09,[H]c1nnc(C([H])([H])[H])c(C([H])(C([H])([H])[H])C([H])([H])[H])c1[H],[H][C+]1C[C-](C([H])(C([H])([H])[H])C([H])([H])[H])[C+](C([H])([H])[H])[N-][N-]1,steric,iPr,pi-system,0,Pyridazine_H7_deriv1
Pyridazine_H7_deriv1_Int1_Sub14,Pyridazine_H7_deriv1_interpolation_Sub14_v2,Pyridazine_H7_deriv1_Int2_Sub14,Pyridazine_H7_deriv1_substrate_Sub14,-927.094374,-927.08146,-927.105068,-342.571255,15.00917250002189,23.11270750003657,8.298687500057014,-6.710484999964876,8.103535000014688,14.814019999979564,-426.89,[H]c1nnc(C([H])([H])[H])c(C([H])([H])[H])c1[H],[H][C+]1C[C-](C([H])([H])[H])[C+](C([H])([H])[H])[N-][N-]1,steric,Me,pi-system,0,Pyridazine_H7_deriv1
Pyridazine_H7_deriv1_Int1_Sub18,Pyridazine_H7_deriv1_interpolation_Sub18_v2,Pyridazine_H7_deriv1_Int2_Sub18,Pyridazine_H7_deriv1_substrate_Sub18,-1347.303361,-1347.290867,-1347.320979,-762.78364,17.141417500024545,24.981402500062583,6.086122499971793,-11.055295000052752,7.839985000038041,18.8952800000908,-343.1,[H]c1nnc(C([H])([H])Cl)c([H])c1[H],[H][C+]1C[C-]([H])[C+](C([H])([H])Cl)[N-][N-]1,EWG,Cl,pi-system,0,Pyridazine_H7_deriv1
Pyridazine_H7_deriv1_Int1_Sub19,Pyridazine_H7_deriv1_interpolation_Sub19_v2,Pyridazine_H7_deriv1_Int2_Sub19,Pyridazine_H7_deriv1_substrate_Sub19,-1122.17988,-1122.167302,-1122.195639,-537.659906,16.982660000068677,24.87535499997364,7.093887499995617,-9.88877250007306,7.892694999904961,17.78146749997802,-405.12,[H]c1nnc(C([H])([H])C2([H])C([H])([H])C([H])([H])C([H])([H])C([H])([H])C2([H])[H])c([H])c1[H],[H][C+]1C[C-]([H])[C+](C([H])([H])C2([H])C([H])([H])C([H])([H])C([H])([H])C([H])([H])C2([H])[H])[N-][N-]1,steric,Cy,pi-system,0,Pyridazine_H7_deriv1
Pyridazine_H7_deriv1_Int1_Sub20,Pyridazine_H7_deriv1_interpolation_Sub20_v2,Pyridazine_H7_deriv1_Int2_Sub20,Pyridazine_H7_deriv1_substrate_Sub20,-1044.849552,-1044.83702,-1044.86541,-460.329429,16.88916250009072,24.75299250006856,6.938267499960489,-9.950895000130233,7.863829999977838,17.81472500010807,-397.37,[H]c1nnc(C([H])([H])C(C([H])([H])[H])(C([H])([H])[H])C([H])([H])[H])c([H])c1[H],[H][C+]1C[C-]([H])[C+](C([H])([H])C(C([H])([H])[H])(C([H])([H])[H])C([H])([H])[H])[N-][N-]1,steric,tBu,pi-system,0,Pyridazine_H7_deriv1
Pyridazine_H7_deriv1_Int1_Sub21,Pyridazine_H7_deriv1_interpolation_Sub21_v2,Pyridazine_H7_deriv1_Int2_Sub21,Pyridazine_H7_deriv1_substrate_Sub21,-1005.594126,-1005.58139,-1005.609805,-421.073719,16.710952500041287,24.702792499981285,6.872379999984162,-9.838572500057126,7.991839999939998,17.830412499997124,-399.96,[H]c1nnc(C([H])([H])C([H])(C([H])([H])[H])C([H])([H])[H])c([H])c1[H],[H][C+]1C[C-]([H])[C+](C([H])([H])C([H])(C([H])([H])[H])C([H])([H])[H])[N-][N-]1,steric,iPr,pi-system,0,Pyridazine_H7_deriv1
Pyridazine_H7_deriv1_Int1_Sub22,Pyridazine_H7_deriv1_interpolation_Sub22_v2,Pyridazine_H7_deriv1_Int2_Sub22,Pyridazine_H7_deriv1_substrate_Sub22,-927.08292,-927.070117,-927.098609,-342.562084,16.4417550000789,24.475637500055427,6.5969075000376165,-9.844847500041285,8.033882499976528,17.87873000001781,-408.07,[H]c1nnc(C([H])([H])C([H])([H])[H])c([H])c1[H],[H][C+]1C[C-]([H])[C+](C([H])([H])C([H])([H])[H])[N-][N-]1,steric,Me,pi-system,0,Pyridazine_H7_deriv1
Pyridazine_H7_deriv1_Int1_Sub6,Pyridazine_H7_deriv1_interpolation_Sub6_v2,Pyridazine_H7_deriv1_Int2_Sub6,Pyridazine_H7_deriv1_substrate_Sub6,-927.092975,-927.081573,-927.106867,-342.572579,16.71785500002386,23.87261000000848,8.000625000060495,-8.717229999963365,7.154754999984618,15.871984999947983,-440.85,[H]c1c(C([H])([H])[H])nnc(C([H])([H])[H])c1[H],[H][C-]1C[C+](C([H])([H])[H])[N-][N-][C+]1C([H])([H])[H],steric,Me,pi-system,0,Pyridazine_H7_deriv1
Pyridazine_H7_deriv1_Int1_Sub7,Pyridazine_H7_deriv1_interpolation_Sub7_v2,Pyridazine_H7_deriv1_Int2_Sub7,Pyridazine_H7_deriv1_substrate_Sub7,-982.400755,-982.389206,-982.411472,-397.877077,14.658400000015774,21.905397500052857,7.933482500015998,-6.724917499999776,7.246997500037082,13.97191500003686,-428.38,[H]c1c(N([H])C([H])([H])[H])nnc(C([H])([H])[H])c1[H],[H]C1=C(C([H])([H])[H])N=NC(=[N+]([H])C([H])([H])[H])C1,EDG,NHCH3,pi-system,0,Pyridazine_H7_deriv1
Benzo13dioxol_H8_deriv1_Int1_Sub10,Benzo13dioxol_H8_deriv1_interpolation_Sub10_v2,Benzo13dioxol_H8_deriv1_Int2_Sub10,Benzo13dioxol_H8_deriv1_substrate_Sub10,-1923.882454,-1923.868924,-1923.887556,-1339.354803,12.165342500032352,20.655417499855844,8.963837499982787,-3.201504999906888,8.490074999966168,11.691579999873056,-431.73,[H]c1c([H])c2c(c(Cl)c1Cl)OC([H])([H])O2,[H]C1=C(Cl)C(Cl)=C2OC([H])([H])[O+]=C2C1,EWG,Cl,pi-system,0,Benzo13dioxol_H8_deriv1
Benzo13dioxol_H8_deriv1_Int1_Sub11,Benzo13dioxol_H8_deriv1_interpolation_Sub11_v2,Benzo13dioxol_H8_deriv1_Int2_Sub11,Benzo13dioxol_H8_deriv1_substrate_Sub11,-1698.764254,-1698.749024,-1698.766057,-1114.234005,10.535097500010693,20.09192249999444,9.40371499994228,-1.131382500068412,9.556824999983746,10.688207500052158,-493.68,[H]c1c([H])c2c(c(C3([H])C([H])([H])C([H])([H])C([H])([H])C([H])([H])C3([H])[H])c1Cl)OC([H])([H])O2,[H]C1=C(Cl)C(C2([H])C([H])([H])C([H])([H])C([H])([H])C([H])([H])C2([H])[H])=C2OC([H])([H])[O+]=C2C1,steric,Cy,pi-system,0,Benzo13dioxol_H8_deriv1
Benzo13dioxol_H8_deriv1_Int1_Sub12,Benzo13dioxol_H8_deriv1_interpolation_Sub12_v2,Benzo13dioxol_H8_deriv1_Int2_Sub12,Benzo13dioxol_H8_deriv1_substrate_Sub12,-1621.420375,-1621.405,-1621.422386,-1036.890025,10.47171999995669,20.11953249992473,9.209817499932456,-1.2619025000242343,9.64781249996804,10.909714999992277,-475.39,[H]c1c([H])c2c(c(C(C([H])([H])[H])(C([H])([H])[H])C([H])([H])[H])c1Cl)OC([H])([H])O2,[H]C1=C(Cl)C(C(C([H])([H])[H])(C([H])([H])[H])C([H])([H])[H])=C2OC([H])([H])[O+]=C2C1,steric,tBu,pi-system,0,Benzo13dioxol_H8_deriv1
Benzo13dioxol_H8_deriv1_Int1_Sub13,Benzo13dioxol_H8_deriv1_interpolation_Sub13_v2,Benzo13dioxol_H8_deriv1_Int2_Sub13,Benzo13dioxol_H8_deriv1_substrate_Sub13,-1582.177519,-1582.162344,-1582.179474,-997.647079,10.4152449999566,19.937557499956142,9.18848249998632,-1.2267624999702775,9.522312499999543,10.74907499996982,-485.81,[H]c1c([H])c2c(c(C([H])(C([H])([H])[H])C([H])([H])[H])c1Cl)OC([H])([H])O2,[H]C1=C(Cl)C(C([H])(C([H])([H])[H])C([H])([H])[H])=C2OC([H])([H])[O+]=C2C1,steric,iPr,pi-system,0,Benzo13dioxol_H8_deriv1
Benzo13dioxol_H8_deriv1_Int1_Sub14,Benzo13dioxol_H8_deriv1_interpolation_Sub14_v2,Benzo13dioxol_H8_deriv1_Int2_Sub14,Benzo13dioxol_H8_deriv1_substrate_Sub14,-1503.670987,-1503.656536,-1503.673426,-919.140694,10.5074875000804,19.57549000008555,8.977015000020856,-1.5304725000595454,9.06800250000515,10.598475000064695,-477.42,[H]c1c([H])c2c(c(C([H])([H])[H])c1Cl)OC([H])([H])O2,[H]C1=C(Cl)C(C([H])([H])[H])=C2OC([H])([H])[O+]=C2C1,steric,Me,pi-system,0,Benzo13dioxol_H8_deriv1
Benzo13dioxol_H8_deriv1_Int1_Sub15,Benzo13dioxol_H8_deriv1_interpolation_Sub15_v2,Benzo13dioxol_H8_deriv1_Int2_Sub15,Benzo13dioxol_H8_deriv1_substrate_Sub15,-1558.967067,-1558.954008,-1558.963298,-974.431385,7.125889999986157,15.320412500056475,9.490937500078758,2.365047500092601,8.19452250007032,5.82947499997772,-765.92,[H]c1c([H])c2c(c(N([H])C([H])([H])[H])c1Cl)OC([H])([H])O2,[H]C1=C(Cl)C(N([H])C([H])([H])[H])=C2OC([H])([H])[O+]=C2C1,EDG,NHCH3,pi-system,0,Benzo13dioxol_H8_deriv1
Benzo13dioxol_H8_deriv1_Int1_Sub16,Benzo13dioxol_H8_deriv1_interpolation_Sub16_v2,Benzo13dioxol_H8_deriv1_Int2_Sub16,Benzo13dioxol_H8_deriv1_substrate_Sub16,-1578.819901,-1578.807013,-1578.820896,-994.288638,9.898812499976373,17.986032499960913,9.274450000054628,-0.6243624999217445,8.08721999998454,8.711582499906285,-596.31,[H]c1c([H])c2c(c(OC([H])([H])[H])c1Cl)OC([H])([H])O2,[H]C1=C(Cl)C(OC([H])([H])[H])=C2OC([H])([H])[O+]=C2C1,EDG,OMe,pi-system,0,Benzo13dioxol_H8_deriv1
Benzo13dioxol_H8_deriv1_Int1_Sub17,Benzo13dioxol_H8_deriv1_interpolation_Sub17_v2,Benzo13dioxol_H8_deriv1_Int2_Sub17,Benzo13dioxol_H8_deriv1_substrate_Sub17,-1801.285085,-1801.270657,-1801.291563,-1216.75818,12.633457500134568,21.68702750010482,8.568512499982148,-4.064945000009743,9.05356999997025,13.118514999979991,-303.27,[H]c1c([H])c2c(c([H])c1Cl)OC([H])(C(F)(F)F)O2,[H]C1=C(Cl)C([H])=C2OC([H])(C(F)(F)F)[O+]=C2C1,EWG,CF3,pi-system,0,Benzo13dioxol_H8_deriv1
Benzo13dioxol_H8_deriv1_Int1_Sub18,Benzo13dioxol_H8_deriv1_interpolation_Sub18_v2,Benzo13dioxol_H8_deriv1_Int2_Sub18,Benzo13dioxol_H8_deriv1_substrate_Sub18,-1923.894927,-1923.880045,-1923.902054,-1339.36798,12.607102499915754,21.945557499880124,8.134910000006812,-4.472192499908942,9.33845499996437,13.810647499873312,-270.61,[H]c1c([H])c2c(c([H])c1Cl)OC([H])(Cl)O2,[H]C1=C(Cl)C([H])=C2OC([H])(Cl)[O+]=C2C1,EWG,Cl,pi-system,0,Benzo13dioxol_H8_deriv1
Benzo13dioxol_H8_deriv1_Int1_Sub19,Benzo13dioxol_H8_deriv1_interpolation_Sub19_v2,Benzo13dioxol_H8_deriv1_Int2_Sub19,Benzo13dioxol_H8_deriv1_substrate_Sub19,-1698.771586,-1698.756829,-1698.775119,-1114.242563,11.30441249992316,20.564430000156904,9.087455000170053,-2.216957499895784,9.260017500091068,11.476974999986853,-412.62,[H]c1c([H])c2c(c([H])c1Cl)OC([H])(C1([H])C([H])([H])C([H])([H])C([H])([H])C([H])([H])C1([H])[H])O2,[H]C1=C(Cl)C([H])=C2OC([H])(C3([H])C([H])([H])C([H])([H])C([H])([H])C([H])([H])C3([H])[H])[O+]=C2C1,steric,Cy,pi-system,0,Benzo13dioxol_H8_deriv1
Benzo13dioxol_H8_deriv1_Int1_Sub21,Benzo13dioxol_H8_deriv1_interpolation_Sub21_v2,Benzo13dioxol_H8_deriv1_Int2_Sub21,Benzo13dioxol_H8_deriv1_substrate_Sub21,-1582.185908,-1582.171173,-1582.189485,-997.656581,11.11365250004809,20.35986500003133,8.86908499993666,-2.2445675001114296,9.246212499983244,11.490780000094674,-415.35,[H]c1c([H])c2c(c([H])c1Cl)OC([H])(C([H])(C([H])([H])[H])C([H])([H])[H])O2,[H]C1=C(Cl)C([H])=C2OC([H])(C([H])(C([H])([H])[H])C([H])([H])[H])[O+]=C2C1,steric,iPr,pi-system,0,Benzo13dioxol_H8_deriv1
Benzo13dioxol_H8_deriv1_Int1_Sub22,Benzo13dioxol_H8_deriv1_interpolation_Sub22_v2,Benzo13dioxol_H8_deriv1_Int2_Sub22,Benzo13dioxol_H8_deriv1_substrate_Sub22,-1503.675856,-1503.660985,-1503.679413,-919.146363,11.009487499954387,20.341040000007524,8.77746999995395,-2.2320175000004383,9.331552500053135,11.563570000053572,-440.57,[H]c1c([H])c2c(c([H])c1Cl)OC([H])(C([H])([H])[H])O2,[H]C1=C(Cl)C([H])=C2OC([H])(C([H])([H])[H])[O+]=C2C1,steric,Me,pi-system,0,Benzo13dioxol_H8_deriv1
Benzo13dioxol_H8_deriv1_Int1_Sub23,Benzo13dioxol_H8_deriv1_interpolation_Sub23_v2,Benzo13dioxol_H8_deriv1_Int2_Sub23,Benzo13dioxol_H8_deriv1_substrate_Sub23,-1558.974477,-1558.959234,-1558.977093,-974.444663,10.808060000034914,20.373042500069403,9.166520000041771,-1.6415399999931424,9.564982500034487,11.206522500027631,-400.33,[H]c1c([H])c2c(c([H])c1Cl)OC([H])(N([H])C([H])([H])[H])O2,[H]C1=C(Cl)C([H])=C2OC([H])(N([H])C([H])([H])[H])[O+]=C2C1,EDG,NHCH3,pi-system,0,Benzo13dioxol_H8_deriv1
Benzo13dioxol_H8_deriv1_Int1_Sub24,Benzo13dioxol_H8_deriv1_interpolation_Sub24_v2,Benzo13dioxol_H8_deriv1_Int2_Sub24,Benzo13dioxol_H8_deriv1_substrate_Sub24,-1578.841388,-1578.826835,-1578.845346,-994.31296,11.677774999979247,20.80978249996548,9.194129999972064,-2.4836450000071864,9.13200749998623,11.615652499993416,-331.84,[H]c1c([H])c2c(c([H])c1Cl)OC([H])(OC([H])([H])[H])O2,[H]C1=C(Cl)C([H])=C2OC([H])(OC([H])([H])[H])[O+]=C2C1,EDG,OMe,pi-system,0,Benzo13dioxol_H8_deriv1
Benzo13dioxol_H8_deriv1_Int1_Sub25,Benzo13dioxol_H8_deriv1_interpolation_Sub25_v2,Benzo13dioxol_H8_deriv1_Int2_Sub25,Benzo13dioxol_H8_deriv1_substrate_Sub25,-1801.284666,-1801.270025,-1801.291179,-1216.758179,12.895752500043043,22.08297999988985,8.808844999874736,-4.086907500025632,9.18722749998949,13.27413500001512,-282.65,[H]c1c([H])c2c(c([H])c1Cl)OC([H])(C(F)(F)F)O2,[H]C1=C(Cl)C([H])=C2OC([H])(C(F)(F)F)[O+]=C2C1,EWG,CF3,pi-system,0,Benzo13dioxol_H8_deriv1
Benzo13dioxol_H8_deriv1_Int1_Sub26,Benzo13dioxol_H8_deriv1_interpolation_Sub26_v2,Benzo13dioxol_H8_deriv1_Int2_Sub26,Benzo13dioxol_H8_deriv1_substrate_Sub26,-1923.894262,-1923.879386,-1923.901525,-1339.367982,13.025644999929114,22.360335000045666,8.46811249995028,-4.557532499978834,9.334689999973875,13.892222499952709,-331.03,[H]c1c([H])c2c(c([H])c1Cl)OC([H])(Cl)O2,[H]C1=C(Cl)C([H])=C2OC([H])(Cl)[O+]=C2C1,EWG,Cl,pi-system,0,Benzo13dioxol_H8_deriv1
Benzo13dioxol_H8_deriv1_Int1_Sub27,Benzo13dioxol_H8_deriv1_interpolation_Sub27_v2,Benzo13dioxol_H8_deriv1_Int2_Sub27,Benzo13dioxol_H8_deriv1_substrate_Sub27,-1698.772221,-1698.757387,-1698.774731,-1114.242346,10.769782499988878,20.078117500029293,9.194757500113155,-1.5750250000183996,9.308334999897738,10.883359999916138,-457.86,[H]c1c([H])c2c(c([H])c1Cl)OC([H])(C1([H])C([H])([H])C([H])([H])C([H])([H])C([H])([H])C1([H])[H])O2,[H]C1=C(Cl)C([H])=C2OC([H])(C3([H])C([H])([H])C([H])([H])C([H])([H])C([H])([H])C3([H])[H])[O+]=C2C1,steric,Cy,pi-system,0,Benzo13dioxol_H8_deriv1
Benzo13dioxol_H8_deriv1_Int1_Sub28,Benzo13dioxol_H8_deriv1_interpolation_Sub28_v2,Benzo13dioxol_H8_deriv1_Int2_Sub28,Benzo13dioxol_H8_deriv1_substrate_Sub28,-1621.443469,-1621.427478,-1621.445561,-1036.913302,10.58655249988078,20.62090500001432,9.273822500056212,-1.312729999967246,10.03435249999086,11.347082499958104,-286.45,[H]c1c([H])c2c(c([H])c1Cl)OC([H])(C(C([H])([H])[H])(C([H])([H])[H])C([H])([H])[H])O2,[H]C1=C(Cl)C([H])=C2OC([H])(C(C([H])([H])[H])(C([H])([H])[H])C([H])([H])[H])[O+]=C2C1,steric,tBu,pi-system,0,Benzo13dioxol_H8_deriv1
Benzo13dioxol_H8_deriv1_Int1_Sub29,Benzo13dioxol_H8_deriv1_interpolation_Sub29_v2,Benzo13dioxol_H8_deriv1_Int2_Sub29,Benzo13dioxol_H8_deriv1_substrate_Sub29,-1582.18623,-1582.171156,-1582.189076,-997.656448,10.828139999984217,20.28707499992976,9.042275000070106,-1.7858649999141107,9.45893499994554,11.244799999859652,-474.47,[H]c1c([H])c2c(c([H])c1Cl)OC([H])(C([H])(C([H])([H])[H])C([H])([H])[H])O2,[H]C1=C(Cl)C([H])=C2OC([H])(C([H])(C([H])([H])[H])C([H])([H])[H])[O+]=C2C1,steric,iPr,pi-system,0,Benzo13dioxol_H8_deriv1
Benzo13dioxol_H8_deriv1_Int1_Sub30,Benzo13dioxol_H8_deriv1_interpolation_Sub30_v2,Benzo13dioxol_H8_deriv1_Int2_Sub30,Benzo13dioxol_H8_deriv1_substrate_Sub30,-1503.675798,-1503.660521,-1503.678999,-919.146364,11.046510000003591,20.632827499984217,9.037882500009855,-2.008627499993736,9.586317499980623,11.59494499997436,-517.82,[H]c1c([H])c2c(c([H])c1Cl)OC([H])(C([H])([H])[H])O2,[H]C1=C(Cl)C([H])=C2OC([H])(C([H])([H])[H])[O+]=C2C1,steric,Me,pi-system,0,Benzo13dioxol_H8_deriv1
Benzo13dioxol_H8_deriv1_Int1_Sub31,Benzo13dioxol_H8_deriv1_interpolation_Sub31_v2,Benzo13dioxol_H8_deriv1_Int2_Sub31,Benzo13dioxol_H8_deriv1_substrate_Sub31,-1558.97408,-1558.957338,-1558.976146,-974.443764,10.4930550000455,20.99866000005932,9.196640000037064,-1.2964150000084371,10.505605000013816,11.802020000022251,-662.33,[H]c1c([H])c2c(c([H])c1Cl)OC([H])(N([H])C([H])([H])[H])O2,[H]C1=C(Cl)C([H])=C2OC([H])(N([H])C([H])([H])[H])[O+]=C2C1,EDG,NHCH3,pi-system,0,Benzo13dioxol_H8_deriv1
Benzo13dioxol_H8_deriv1_Int1_Sub32,Benzo13dioxol_H8_deriv1_interpolation_Sub32_v2,Benzo13dioxol_H8_deriv1_Int2_Sub32,Benzo13dioxol_H8_deriv1_substrate_Sub32,-1578.839644,-1578.82458,-1578.844355,-994.311741,12.0072125000749,21.459872500036283,9.051060000047926,-2.956152500026974,9.452659999961384,12.408812499988358,-307.84,[H]c1c([H])c2c(c([H])c1Cl)OC([H])(OC([H])([H])[H])O2,[H]C1=C(Cl)C([H])=C2OC([H])(OC([H])([H])[H])[O+]=C2C1,EDG,OMe,pi-system,0,Benzo13dioxol_H8_deriv1
Benzo13dioxol_H8_deriv1_Int1_Sub6,Benzo13dioxol_H8_deriv1_interpolation_Sub6_v2,Benzo13dioxol_H8_deriv1_Int2_Sub6,Benzo13dioxol_H8_deriv1_substrate_Sub6,-1503.663649,-1503.654585,-1503.672112,-919.13917,14.155772500000694,19.843432500051108,8.845240000068202,-5.310532499932492,5.687660000050414,10.998192499982906,-270.88,[H]c1c(Cl)c(C([H])([H])[H])c([H])c2c1OC([H])([H])O2,[H]C1=C2OC([H])([H])[O+]=C2CC(C([H])([H])[H])=C1Cl,steric,Me,pi-system,0,Benzo13dioxol_H8_deriv1
Benzo13dioxol_H8_deriv1_Int1_Sub9,Benzo13dioxol_H8_deriv1_interpolation_Sub9_v2,Benzo13dioxol_H8_deriv1_Int2_Sub9,Benzo13dioxol_H8_deriv1_substrate_Sub9,-1801.277322,-1801.263306,-1801.284732,-1216.751473,13.296097500173689,22.0911374999406,8.64632250007105,-4.649775000102636,8.79503999990959,13.444815000012229,-337.27,[H]c1c([H])c2c(c(C(F)(F)F)c1Cl)OC([H])([H])O2,[H]C1=C(Cl)C(C(F)(F)F)=C2OC([H])([H])[O+]=C2C1,EWG,CF3,pi-system,0,Benzo13dioxol_H8_deriv1
Benzofuran_H13_deriv1_Int1_Sub10,Benzofuran_H13_deriv1_interpolation_Sub10_v2,Benzofuran_H13_deriv1_Int2_Sub10,Benzofuran_H13_deriv1_substrate_Sub10,-1886.795382,-1886.781013,-1886.797144,-1302.262046,8.598004999979025,17.61455249997141,7.492350000059673,-1.105654999919352,9.016547499992384,10.122202499911737,-204.46,[H]C1=C([H])C2=C([H])C3(Cl)OC23C(Cl)=C1[H],[H][C+]1[C+](Cl)C23OC2(Cl)C[C+]3[C-]([H])[C-]1[H],EWG,Cl,pi-system,0,Benzofuran_H13_deriv1
Benzofuran_H13_deriv1_Int1_Sub11,Benzofuran_H13_deriv1_interpolation_Sub11_v2,Benzofuran_H13_deriv1_Int2_Sub11,Benzofuran_H13_deriv1_substrate_Sub11,-1661.675043,-1661.659317,-1661.673746,-1077.139628,7.293432499919845,17.161497499973848,8.10730000007652,0.8138675000139983,9.868064999911326,9.054197499897327,-248.48,[H]C1=C([H])C2=C([H])C3(Cl)OC23C(C2([H])C([H])([H])C([H])([H])C([H])([H])C([H])([H])C2([H])[H])=C1[H],[H][C+]1[C+](C2([H])C([H])([H])C([H])([H])C([H])([H])C([H])([H])C2([H])[H])C23OC2(Cl)C[C+]3[C-]([H])[C-]1[H],steric,Cy,pi-system,0,Benzofuran_H13_deriv1
Benzofuran_H13_deriv1_Int1_Sub12,Benzofuran_H13_deriv1_interpolation_Sub12_v2,Benzofuran_H13_deriv1_Int2_Sub12,Benzofuran_H13_deriv1_substrate_Sub12,-1584.341618,-1584.326181,-1584.340559,-999.806106,7.232565000073521,16.919282500086013,7.897087500036548,0.6645224999630273,9.686717500012492,9.022195000049464,-245.08,[H]c1c([H])c([H])c2c([H])c(Cl)oc2c1C(C([H])([H])[H])(C([H])([H])[H])C([H])([H])[H],[H][C+]1[C+](C(C([H])([H])[H])(C([H])([H])[H])C([H])([H])[H])C23OC2(Cl)C[C+]3[C-]([H])[C-]1[H],steric,tBu,pi-system,0,Benzofuran_H13_deriv1
Benzofuran_H13_deriv1_Int1_Sub13,Benzofuran_H13_deriv1_interpolation_Sub13_v2,Benzofuran_H13_deriv1_Int2_Sub13,Benzofuran_H13_deriv1_substrate_Sub13,-1545.088437,-1545.072914,-1545.087286,-960.552867,7.196169999951394,16.936852499970314,7.918422500054021,0.722252500102627,9.74068250001892,9.018429999916291,-243.17,[H]C1=C([H])C2=C([H])C3(Cl)OC23C(C([H])(C([H])([H])[H])C([H])([H])[H])=C1[H],[H][C+]1[C+](C([H])(C([H])([H])[H])C([H])([H])[H])C23OC2(Cl)C[C+]3[C-]([H])[C-]1[H],steric,iPr,pi-system,0,Benzofuran_H13_deriv1
Benzofuran_H13_deriv1_Int1_Sub14,Benzofuran_H13_deriv1_interpolation_Sub14_v2,Benzofuran_H13_deriv1_Int2_Sub14,Benzofuran_H13_deriv1_substrate_Sub14,-1466.580669,-1466.565453,-1466.580025,-882.045109,7.202445000078228,16.750485000084154,7.606555000056687,0.4041099999784592,9.548040000005926,9.143930000027469,-240.04,[H]C1=C([H])C2=C([H])C3(Cl)OC23C(C([H])([H])[H])=C1[H],[H][C+]1[C+](C([H])([H])[H])C23OC2(Cl)C[C+]3[C-]([H])[C-]1[H],steric,Me,pi-system,0,Benzofuran_H13_deriv1
Benzofuran_H13_deriv1_Int1_Sub15,Benzofuran_H13_deriv1_interpolation_Sub15_v2,Benzofuran_H13_deriv1_Int2_Sub15,Benzofuran_H13_deriv1_substrate_Sub15,-1521.875825,-1521.860579,-1521.874799,-937.340301,7.225034999949855,16.79190000005093,7.8688500000365025,0.6438150000866472,9.566865000101076,8.923050000014427,-256.25,[H]C1=C([H])C2=C([H])C3(Cl)OC23C(N([H])C([H])([H])[H])=C1[H],[H]C1=C([H])C(=[N+]([H])C([H])([H])[H])C23OC2(Cl)CC3=C1[H],EDG,NHCH3,pi-system,0,Benzofuran_H13_deriv1
Benzofuran_H13_deriv1_Int1_Sub16,Benzofuran_H13_deriv1_interpolation_Sub16_v2,Benzofuran_H13_deriv1_Int2_Sub16,Benzofuran_H13_deriv1_substrate_Sub16,-1541.730885,-1541.715534,-1541.730187,-957.195448,7.279627500097376,16.91238000010344,7.717622500132961,0.4379950000355848,9.632752500006063,9.194757499970478,-234.0,[H]C1=C([H])C2=C([H])C3(Cl)OC23C(OC([H])([H])[H])=C1[H],[H]C1=C([H])C([H])=C2CC3(Cl)OC23C1=[O+]C([H])([H])[H],EDG,OMe,pi-system,0,Benzofuran_H13_deriv1
Benzofuran_H13_deriv1_Int1_Sub18,Benzofuran_H13_deriv1_interpolation_Sub18_v2,Benzofuran_H13_deriv1_Int2_Sub18,Benzofuran_H13_deriv1_substrate_Sub18,-1886.797913,-1886.78411,-1886.799727,-1302.264528,8.56725749984264,17.228640000018345,7.4289725000056706,-1.1382849999796465,8.661382500033028,9.799667500012674,-204.05,[H]C1=C(Cl)C([H])=C([H])C23OC2(Cl)C([H])=C13,[H][C+]1[C+]([H])C23OC2(Cl)C[C+]3[C-]([H])[C-]1Cl,EWG,Cl,pi-system,0,Benzofuran_H13_deriv1
Benzofuran_H13_deriv1_Int1_Sub19,Benzofuran_H13_deriv1_interpolation_Sub19_v2,Benzofuran_H13_deriv1_Int2_Sub19,Benzofuran_H13_deriv1_substrate_Sub19,-1661.673707,-1661.658734,-1661.673062,-1077.138446,7.390067500103896,16.785624999995434,7.794804999866756,0.4047374999055364,9.395557499891538,8.990819999986002,-264.73,[H]C1=C([H])C23OC2(Cl)C([H])=C3C([H])=C1C1([H])C([H])([H])C([H])([H])C([H])([H])C([H])([H])C1([H])[H],[H][C+]1[C+]([H])C23OC2(Cl)C[C+]3[C-]([H])[C-]1C1([H])C([H])([H])C([H])([H])C([H])([H])C([H])([H])C1([H])[H],steric,Cy,pi-system,0,Benzofuran_H13_deriv1
Benzofuran_H13_deriv1_Int1_Sub20,Benzofuran_H13_deriv1_interpolation_Sub20_v2,Benzofuran_H13_deriv1_Int2_Sub20,Benzofuran_H13_deriv1_substrate_Sub20,-1584.340871,-1584.325665,-1584.339996,-999.805229,7.150989999994124,16.692755000015893,7.700052500105983,0.5490625001118588,9.541765000021767,8.99270249990991,-249.45,[H]C1=C([H])C23OC2(Cl)C([H])=C3C([H])=C1C(C([H])([H])[H])(C([H])([H])[H])C([H])([H])[H],[H][C+]1[C+]([H])C23OC2(Cl)C[C+]3[C-]([H])[C-]1C(C([H])([H])[H])(C([H])([H])[H])C([H])([H])[H],steric,tBu,pi-system,0,Benzofuran_H13_deriv1
Benzofuran_H13_deriv1_Int1_Sub21,Benzofuran_H13_deriv1_interpolation_Sub21_v2,Benzofuran_H13_deriv1_Int2_Sub21,Benzofuran_H13_deriv1_substrate_Sub21,-1545.087351,-1545.072281,-1545.086587,-960.551702,7.1465975000765525,16.60302250002843,7.626007500007574,0.4794099999310219,9.456424999951878,8.977015000020856,-261.25,[H]C1=C([H])C23OC2(Cl)C([H])=C3C([H])=C1C([H])(C([H])([H])[H])C([H])([H])[H],[H][C+]1[C+]([H])C23OC2(Cl)C[C+]3[C-]([H])[C-]1C([H])(C([H])([H])[H])C([H])([H])[H],steric,iPr,pi-system,0,Benzofuran_H13_deriv1
Benzofuran_H13_deriv1_Int1_Sub22,Benzofuran_H13_deriv1_interpolation_Sub22_v2,Benzofuran_H13_deriv1_Int2_Sub22,Benzofuran_H13_deriv1_substrate_Sub22,-1466.578616,-1466.56365,-1466.578134,-882.043139,7.254527500018071,16.645692499992037,7.55698249996783,0.3024549999497594,9.391164999973968,9.088710000024207,-245.35,[H]C1=C(C([H])([H])[H])C([H])=C([H])C23OC2(Cl)C([H])=C13,[H][C+]1[C+]([H])C23OC2(Cl)C[C+]3[C-]([H])[C-]1C([H])([H])[H],steric,Me,pi-system,0,Benzofuran_H13_deriv1
Benzofuran_H13_deriv1_Int1_Sub23,Benzofuran_H13_deriv1_interpolation_Sub23_v2,Benzofuran_H13_deriv1_Int2_Sub23,Benzofuran_H13_deriv1_substrate_Sub23,-1521.875376,-1521.860242,-1521.872931,-937.33827,6.232330000030686,15.728915000023846,7.766567499938048,1.5342374999073627,9.49658499999316,7.962347500085798,-285.77,[H]C1=C(N([H])C([H])([H])[H])C([H])=C([H])C23OC2(Cl)C([H])=C13,[H]C1=C([H])C23OC2(Cl)CC3=C([H])C1=[N+]([H])C([H])([H])[H],EDG,NHCH3,pi-system,0,Benzofuran_H13_deriv1
Benzofuran_H13_deriv1_Int1_Sub24,Benzofuran_H13_deriv1_interpolation_Sub24_v2,Benzofuran_H13_deriv1_Int2_Sub24,Benzofuran_H13_deriv1_substrate_Sub24,-1541.7368,-1541.721878,-1541.735937,-957.200113,6.495252500080255,15.858807499981252,7.036785000068448,0.5415324999881932,9.363554999900998,8.822022499912805,-247.99,[H]C1=C(OC([H])([H])[H])C([H])=C([H])C23OC2(Cl)C([H])=C13,[H]C1=C([H])C23OC2(Cl)CC3=C([H])C1=[O+]C([H])([H])[H],EDG,OMe,pi-system,0,Benzofuran_H13_deriv1
Benzofuran_H13_deriv1_Int1_Sub26,Benzofuran_H13_deriv1_interpolation_Sub26_v2,Benzofuran_H13_deriv1_Int2_Sub26,Benzofuran_H13_deriv1_substrate_Sub26,-1886.798423,-1886.783785,-1886.799637,-1302.264341,8.129890000019486,17.315235000085067,7.368105000088008,-0.7617850000741555,9.185344999922904,9.94712999999706,-212.88,[H]C1=C([H])C2=C([H])C3(Cl)OC23C([H])=C1Cl,[H][C+]1[C+](Cl)[C-]([H])[C-]([H])[C+]2CC3(Cl)OC123,EWG,Cl,pi-system,0,Benzofuran_H13_deriv1
Benzofuran_H13_deriv1_Int1_Sub27,Benzofuran_H13_deriv1_interpolation_Sub27_v2,Benzofuran_H13_deriv1_Int2_Sub27,Benzofuran_H13_deriv1_substrate_Sub27,-1661.674343,-1661.658848,-1661.673322,-1077.138935,7.297824999980094,17.020937500043374,7.938502500003324,0.6406774998805531,9.723112499920603,9.08243500004005,-249.72,[H]C1=C([H])C(C2([H])C([H])([H])C([H])([H])C([H])([H])C([H])([H])C2([H])[H])=C([H])C23OC2(Cl)C([H])=C13,[H][C+]1[C+](C2([H])C([H])([H])C([H])([H])C([H])([H])C([H])([H])C2([H])[H])[C-]([H])[C-]([H])[C+]2CC3(Cl)OC123,steric,Cy,pi-system,0,Benzofuran_H13_deriv1
Benzofuran_H13_deriv1_Int1_Sub29,Benzofuran_H13_deriv1_interpolation_Sub29_v2,Benzofuran_H13_deriv1_Int2_Sub29,Benzofuran_H13_deriv1_substrate_Sub29,-1545.087911,-1545.072423,-1545.086982,-960.552265,7.148480000000461,16.867200000003493,7.731427500026768,0.5829475000263074,9.718720000003032,9.135772499976724,-251.72,[H]C1=C([H])C(C([H])(C([H])([H])[H])C([H])([H])[H])=C([H])C23OC2(Cl)C([H])=C13,[H][C+]1[C+](C([H])(C([H])([H])[H])C([H])([H])[H])[C-]([H])[C-]([H])[C+]2CC3(Cl)OC123,steric,iPr,pi-system,0,Benzofuran_H13_deriv1
Benzofuran_H13_deriv1_Int1_Sub30,Benzofuran_H13_deriv1_interpolation_Sub30_v2,Benzofuran_H13_deriv1_Int2_Sub30,Benzofuran_H13_deriv1_substrate_Sub30,-1466.579404,-1466.563915,-1466.578493,-882.043474,6.970269999951029,16.689617500023815,7.541922500005853,0.5716525000548245,9.719347500072786,9.14769500001796,-244.2,[H]C1=C([H])C2=C([H])C3(Cl)OC23C([H])=C1C([H])([H])[H],[H][C+]1[C+](C([H])([H])[H])[C-]([H])[C-]([H])[C+]2CC3(Cl)OC123,steric,Me,pi-system,0,Benzofuran_H13_deriv1
Benzofuran_H13_deriv1_Int1_Sub31,Benzofuran_H13_deriv1_interpolation_Sub31_v2,Benzofuran_H13_deriv1_Int2_Sub31,Benzofuran_H13_deriv1_substrate_Sub31,-1521.880382,-1521.861372,-1521.874906,-937.339945,4.142127499957553,16.070902499945134,7.578317499985303,3.43619000002775,11.92877499998758,8.492584999959831,-299.46,[H]C1=C([H])C2=C([H])C3(Cl)OC23C([H])=C1N([H])C([H])([H])[H],[H][C+]1[C+](N([H])C([H])([H])[H])[C-]([H])[C-]([H])[C+]2CC3(Cl)OC123,EDG,NHCH3,pi-system,0,Benzofuran_H13_deriv1
Benzofuran_H13_deriv1_Int1_Sub32,Benzofuran_H13_deriv1_interpolation_Sub32_v2,Benzofuran_H13_deriv1_Int2_Sub32,Benzofuran_H13_deriv1_substrate_Sub32,-1541.738015,-1541.721433,-1541.735829,-957.20076,6.138832500052729,16.544037500034676,7.510547500013729,1.371714999961,10.405204999981947,9.033490000020947,-265.21,[H]C1=C([H])C2=C([H])C3(Cl)OC23C([H])=C1OC([H])([H])[H],[H][C+]1[C+](OC([H])([H])[H])[C-]([H])[C-]([H])[C+]2CC3(Cl)OC123,EDG,OMe,pi-system,0,Benzofuran_H13_deriv1
Benzofuran_H13_deriv1_Int1_Sub4,Benzofuran_H13_deriv1_interpolation_Sub4_v2,Benzofuran_H13_deriv1_Int2_Sub4,Benzofuran_H13_deriv1_substrate_Sub4,-1584.342044,-1584.322355,-1584.33575,-999.805301,6.460112500026298,18.814960000008227,10.409597500042196,3.9494850000158976,12.354847499981927,8.405362499966031,-383.37,[H]C1=C([H])C23OC2(Cl)C([H])=C3C(C(C([H])([H])[H])(C([H])([H])[H])C([H])([H])[H])=C1[H],[H][C+]1[C+]([H])C23OC2(Cl)C[C+]3[C-](C(C([H])([H])[H])(C([H])([H])[H])C([H])([H])[H])[C-]1[H],steric,tBu,pi-system,0,Benzofuran_H13_deriv1
Benzofuran_H13_deriv1_Int1_Sub5,Benzofuran_H13_deriv1_interpolation_Sub5_v2,Benzofuran_H13_deriv1_Int2_Sub5,Benzofuran_H13_deriv1_substrate_Sub5,-1545.089908,-1545.075108,-1545.088354,-960.552691,6.1626775000638645,15.449677500015468,7.137812500027394,0.9751349999635296,9.286999999951604,8.311864999988074,-242.83,[H]C1=C([H])C23OC2(Cl)C([H])=C3C(C([H])(C([H])([H])[H])C([H])([H])[H])=C1[H],[H][C+]1[C+]([H])C23OC2(Cl)C[C+]3[C-](C([H])(C([H])([H])[H])C([H])([H])[H])[C-]1[H],steric,iPr,pi-system,0,Benzofuran_H13_deriv1
Benzofuran_H13_deriv1_Int1_Sub6,Benzofuran_H13_deriv1_interpolation_Sub6_v2,Benzofuran_H13_deriv1_Int2_Sub6,Benzofuran_H13_deriv1_substrate_Sub6,-1466.581693,-1466.566164,-1466.579118,-882.04496,6.466387499939117,16.21083499994853,8.082199999925876,1.6158124999867596,9.744447500009414,8.128635000022655,-295.51,[H]C1=C(C([H])([H])[H])C2=C([H])C3(Cl)OC23C([H])=C1[H],[H][C+]1[C+]([H])C23OC2(Cl)C[C+]3[C-](C([H])([H])[H])[C-]1[H],steric,Me,pi-system,0,Benzofuran_H13_deriv1
Benzofuran_H13_deriv1_Int1_Sub7,Benzofuran_H13_deriv1_interpolation_Sub7_v2,Benzofuran_H13_deriv1_Int2_Sub7,Benzofuran_H13_deriv1_substrate_Sub7,-1521.883005,-1521.86522,-1521.877739,-937.342506,4.103222500055779,15.26331000005797,7.407637499988198,3.304414999932419,11.160087500002192,7.8556725000697725,-301.79,[H]C1=C(N([H])C([H])([H])[H])C2=C([H])C3(Cl)OC23C([H])=C1[H],[H][C+]1[C+]([H])C23OC2(Cl)C[C+]3[C-](N([H])C([H])([H])[H])[C-]1[H],EDG,NHCH3,pi-system,0,Benzofuran_H13_deriv1
Azulene_H11_Int1_Sub10,Azulene_H11_interpolation_Sub10_v2,Azulene_H11_Int2_Sub10,Azulene_H11_substrate_Sub10,-1429.435061,-1429.414963,-1429.433202,-844.901765,8.623105000058331,21.23460000003433,9.789627500038025,1.166522499979692,12.611494999976005,11.444972499996313,-866.26,[H]c1c([H])c(Cl)c([H])c2c([H])c([H])c([H])c-2c1[H],[H][C+]1C[C-]([H])[c-]2[c+]([H])[c+]([H])[c-]([H])[c-]2[C+]([H])[C+]1Cl,EWG,Cl,pi-system,0,Azulene_H11
Azulene_H11_Int1_Sub14,Azulene_H11_interpolation_Sub14_v2,Azulene_H11_Int2_Sub14,Azulene_H11_substrate_Sub14,-1009.216204,-1009.194381,-1009.210416,-424.67993,6.754410000067992,20.448342500021965,10.386380000029476,3.631969999961484,13.693932499953974,10.06196249999249,-923.24,[H]c1c([H])c2c([H])c([H])c([H])c(C([H])([H])[H])c([H])c-2c1[H],[H][C+]1C[C-]([H])[c-]2[c+]([H])[c+]([H])[c-]([H])[c-]2[C+]([H])[C+]1C([H])([H])[H],steric,Me,pi-system,0,Azulene_H11
Azulene_H11_Int1_Sub18,Azulene_H11_interpolation_Sub18_v2,Azulene_H11_Int2_Sub18,Azulene_H11_substrate_Sub18,-1429.43605,-1429.416076,-1429.433962,-844.902853,8.685227500044164,21.21891250007394,9.995447500017749,1.310219999973583,12.533685000029775,11.223465000056194,-870.5,[H]c1c([H])c([H])c2c([H])c([H])c([H])c-2c(Cl)c1[H],[H][C+]1C[C-]([H])[c-]2[c+]([H])[c+]([H])[c-]([H])[c-]2[C+](Cl)[C+]1[H],EWG,Cl,pi-system,0,Azulene_H11
Azulene_H11_Int1_Sub19,Azulene_H11_interpolation_Sub19_v2,Azulene_H11_Int2_Sub19,Azulene_H11_substrate_Sub19,-1204.310411,-1204.289056,-1204.305196,-619.774714,7.11647750008126,20.516739999991955,10.38889000002314,3.272412499941879,13.400262499910696,10.127849999968817,-916.57,[H]c1c([H])c([H])c(C2([H])C([H])([H])C([H])([H])C([H])([H])C([H])([H])C2([H])[H])c2c([H])c([H])c([H])c-2c1[H],[H][C+]1C[C-]([H])[c-]2[c+]([H])[c+]([H])[c-]([H])[c-]2[C+](C2([H])C([H])([H])C([H])([H])C([H])([H])C([H])([H])C2([H])[H])[C+]1[H],steric,Cy,pi-system,0,Azulene_H11
Azulene_H11_Int1_Sub22,Azulene_H11_interpolation_Sub22_v2,Azulene_H11_Int2_Sub22,Azulene_H11_substrate_Sub22,-1009.216515,-1009.195729,-1009.212327,-424.681223,7.370615000046001,20.413830000002093,9.998585000045496,2.627969999999493,13.043214999956092,10.4152449999566,-885.47,[H]c1c([H])c([H])c(C([H])([H])[H])c2c([H])c([H])c([H])c-2c1[H],[H][C+]1C[C-]([H])[c-]2[c+]([H])[c+]([H])[c-]([H])[c-]2[C+](C([H])([H])[H])[C+]1[H],steric,Me,pi-system,0,Azulene_H11
Azulene_H11_Int1_Sub23,Azulene_H11_interpolation_Sub23_v2,Azulene_H11_Int2_Sub23,Azulene_H11_substrate_Sub23,-1064.527856,-1064.506167,-1064.518296,-479.988016,4.516745000081812,18.126592500034064,10.515645000059806,5.9988999999779935,13.609847499952252,7.610947499974259,-1003.35,[H]c1c([H])c([H])c(N([H])C([H])([H])[H])c2c([H])c([H])c([H])c-2c1[H],[H]C1=C([H])C(=[N+]([H])C([H])([H])[H])C2=C([H])C([H])=C([H])C2=C([H])C1,EDG,NHCH3,pi-system,0,Azulene_H11
Azulene_H11_Int1_Sub26,Azulene_H11_interpolation_Sub26_v2,Azulene_H11_Int2_Sub26,Azulene_H11_substrate_Sub26,-1429.437015,-1429.416685,-1429.434474,-844.903443,8.449915000067563,21.20699000010404,10.044392500108188,1.5944775000406253,12.75707500003648,11.162597499995854,-889.17,[H]c1c([H])c([H])c2c([H])c([H])c(Cl)c-2c([H])c1[H],[H][C+]1C[C-]([H])[c-]2[c+]([H])[c+]([H])[c-](Cl)[c-]2[C+]([H])[C+]1[H],EWG,Cl,pi-system,0,Azulene_H11
Azulene_H11_Int1_Sub28,Azulene_H11_interpolation_Sub28_v2,Azulene_H11_Int2_Sub28,Azulene_H11_substrate_Sub28,-1126.976755,-1126.951751,-1126.971476,-542.440781,6.942660000092076,22.63267000000013,10.255232500075238,3.312572499983162,15.690009999908057,12.377437499924897,-912.36,[H]c1c([H])c([H])c2c([H])c([H])c(C(C([H])([H])[H])(C([H])([H])[H])C([H])([H])[H])c-2c([H])c1[H],[H][C+]1C[C-]([H])[c-]2[c+]([H])[c+]([H])[c-](C(C([H])([H])[H])(C([H])([H])[H])C([H])([H])[H])[c-]2[C+]([H])[C+]1[H],steric,tBu,pi-system,0,Azulene_H11
Azulene_H11_Int1_Sub29,Azulene_H11_interpolation_Sub29_v2,Azulene_H11_Int2_Sub29,Azulene_H11_substrate_Sub29,-1087.72545,-1087.704294,-1087.719542,-503.18957,7.00164500008583,20.277035000097783,10.708914999999877,3.707269999914047,13.275390000011951,9.568120000097906,-923.39,[H]c1c([H])c([H])c2c([H])c([H])c(C([H])(C([H])([H])[H])C([H])([H])[H])c-2c([H])c1[H],[H][C+]1C[C-]([H])[c-]2[c+]([H])[c+]([H])[c-](C([H])(C([H])([H])[H])C([H])([H])[H])[c-]2[C+]([H])[C+]1[H],steric,iPr,pi-system,0,Azulene_H11
Azulene_H11_Int1_Sub2,Azulene_H11_interpolation_Sub2_v2,Azulene_H11_Int2_Sub2,Azulene_H11_substrate_Sub2,-1429.435393,-1429.418131,-1429.43227,-844.903251,9.347240000013528,20.179145000059577,11.30692249998816,1.9596824999746327,10.83190500004605,8.872222500071416,-731.64,[H]c1c([H])c2c([H])c([H])c(Cl)c([H])c([H])c-2c1[H],[H][C+]1[C+](Cl)C[C-]([H])[c-]2[c+]([H])[c+]([H])[c-]([H])[c-]2[C+]1[H],EWG,Cl,pi-system,0,Azulene_H11
Azulene_H11_Int1_Sub30,Azulene_H11_interpolation_Sub30_v2,Azulene_H11_Int2_Sub30,Azulene_H11_substrate_Sub30,-1009.217716,-1009.196609,-1009.212582,-424.681604,6.856065000025353,20.1007075000436,10.07765000002422,3.221584999998868,13.244642500018244,10.023057500019377,-920.86,[H]c1c([H])c([H])c2c([H])c([H])c(C([H])([H])[H])c-2c([H])c1[H],[H][C+]1C[C-]([H])[C-]2[C-]([H])C3([H])[C+](C([H])([H])[H])C23[C+]([H])[C+]1[H],steric,Me,pi-system,0,Azulene_H11
Azulene_H11_Int1_Sub31,Azulene_H11_interpolation_Sub31_v2,Azulene_H11_Int2_Sub31,Azulene_H11_substrate_Sub31,-1064.518481,-1064.495835,-1064.505486,-479.97493,2.1880924999686613,16.398457500045538,10.3424549999977,8.154362500029038,14.210365000076877,6.056002500047839,-1115.83,[H]c1c([H])c([H])c2c([H])c([H])c(N([H])C([H])([H])[H])c-2c([H])c1[H],[H][C+]1C[C-]([H])[c-]2[c+]([H])[c+]([H])[c-](N([H])C([H])([H])[H])[c-]2[C+]([H])[C+]1[H],EDG,NHCH3,pi-system,0,Azulene_H11
Azulene_H11_Int1_Sub6,Azulene_H11_interpolation_Sub6_v2,Azulene_H11_Int2_Sub6,Azulene_H11_substrate_Sub6,-1009.218634,-1009.196597,-1009.209864,-424.681574,6.261195000064816,20.089412500036445,11.764370000010302,5.503174999945486,13.828217499971627,8.325042500026143,-894.79,[H]c1c([H])c2c([H])c([H])c(C([H])([H])[H])c([H])c([H])c-2c1[H],[H][C+]1[C+]([H])[c-]2[c-]([H])[c+]([H])[c+]([H])[c-]2[C-]([H])C[C+]1C([H])([H])[H],steric,Me,pi-system,0,Azulene_H11
Azulene_H12_Int1_Sub12,Azulene_H12_interpolation_Sub12_v2,Azulene_H12_Int2_Sub12,Azulene_H12_substrate_Sub12,-1126.985486,-1126.950175,-1126.974276,-542.440894,1.534864999977117,23.692517500035137,8.569140000051902,7.034275000074786,22.15765250005802,15.123377499983237,-646.65,[H]c1c([H])c2c([H])c([H])c(C(C([H])([H])[H])(C([H])([H])[H])C([H])([H])[H])c([H])c([H])c-2c1[H],[H][C+]1C[c-]2[c+]([H])[c+]([H])[c-]([H])[c-]2[C+]([H])[C-]([H])[C+]1C(C([H])([H])[H])(C([H])([H])[H])C([H])([H])[H],steric,tBu,pi-system,0,Azulene_H12
Azulene_H12_Int1_Sub13,Azulene_H12_interpolation_Sub13_v2,Azulene_H12_Int2_Sub13,Azulene_H12_substrate_Sub13,-1087.733933,-1087.699063,-1087.72347,-503.1899,1.885637500054571,23.76656250002653,8.451170000100063,6.565532500045492,21.880924999971967,15.315392499926476,-619.54,[H]c1c([H])c2c([H])c([H])c(C([H])(C([H])([H])[H])C([H])([H])[H])c([H])c([H])c-2c1[H],[H][C+]1C[c-]2[c+]([H])[c+]([H])[c-]([H])[c-]2[C+]([H])[C-]([H])[C+]1C([H])(C([H])([H])[H])C([H])([H])[H],steric,iPr,pi-system,0,Azulene_H12
Azulene_H12_Int1_Sub14,Azulene_H12_interpolation_Sub14_v2,Azulene_H12_Int2_Sub14,Azulene_H12_substrate_Sub14,-1009.22595,-1009.190576,-1009.214888,-424.681575,1.6710325000256887,23.86821750005524,8.612437500049595,6.941405000023906,22.19718500002955,15.255780000005643,-612.24,[H]c1c([H])c2c([H])c([H])c(C([H])([H])[H])c([H])c([H])c-2c1[H],[H][C+]1C[c-]2[c+]([H])[c+]([H])[c-]([H])[c-]2[C+]([H])[C-]([H])[C+]1C([H])([H])[H],steric,Me,pi-system,0,Azulene_H12
Azulene_H12_Int1_Sub15,Azulene_H12_interpolation_Sub15_v2,Azulene_H12_Int2_Sub15,Azulene_H12_substrate_Sub15,-1064.534654,-1064.496318,-1064.520808,-479.987782,0.1041649999866933,24.16000500003193,8.792530000022936,8.688365000036242,24.05584000004524,15.367475000008994,-660.42,[H]c1c([H])c2c([H])c([H])c(N([H])C([H])([H])[H])c([H])c([H])c-2c1[H],[H][C+]1C[c-]2[c+]([H])[c+]([H])[c-]([H])[c-]2[C+]([H])[C-]([H])[C+]1N([H])C([H])([H])[H],EDG,NHCH3,pi-system,0,Azulene_H12
Azulene_H12_Int1_Sub16,Azulene_H12_interpolation_Sub16_v2,Azulene_H12_Int2_Sub16,Azulene_H12_substrate_Sub16,-1084.388796,-1084.35215,-1084.376937,-499.843868,1.3240250000457363,24.319390000057552,8.765547500019721,7.441522499973985,22.995365000011816,15.553842500037833,-638.55,[H]c1c([H])c2c([H])c([H])c(OC([H])([H])[H])c([H])c([H])c-2c1[H],[H][C+]1C[c-]2[c+]([H])[c+]([H])[c-]([H])[c-]2[C+]([H])[C-]([H])[C+]1OC([H])([H])[H],EDG,OMe,pi-system,0,Azulene_H12
Azulene_H12_Int1_Sub18,Azulene_H12_interpolation_Sub18_v2,Azulene_H12_Int2_Sub18,Azulene_H12_substrate_Sub18,-1429.435917,-1429.4116,-1429.433568,-844.903445,9.140165000036973,24.39908250010604,10.614162500096429,1.473997500059454,15.25891750006906,13.784920000009606,-648.25,[H]c1c([H])c([H])c2c([H])c([H])c(Cl)c-2c([H])c1[H],[H][C+]1C[c-]2[c+](Cl)[c+]([H])[c-]([H])[c-]2[C+]([H])[C-]([H])[C+]1[H],EWG,Cl,pi-system,0,Azulene_H12
Azulene_H12_Int1_Sub21,Azulene_H12_interpolation_Sub21_v2,Azulene_H12_Int2_Sub21,Azulene_H12_substrate_Sub21,-1087.727716,-1087.699715,-1087.72067,-503.189571,5.580357499964634,23.150985000046944,10.001722500073242,4.421365000108608,17.57062750008231,13.149262499973702,-803.02,[H]c1c([H])c([H])c2c([H])c([H])c(C([H])(C([H])([H])[H])C([H])([H])[H])c-2c([H])c1[H],[H]C1=C([H])C([H])=C([H])C23C(=C(C([H])(C([H])([H])[H])C([H])([H])[H])C2([H])[C+]3[H])C1,steric,iPr,pi-system,0,Azulene_H12
Azulene_H12_Int1_Sub27,Azulene_H12_interpolation_Sub27_v2,Azulene_H12_Int2_Sub27,Azulene_H12_substrate_Sub27,-1204.319982,-1204.284677,-1204.308181,-619.775608,1.6716600000597737,23.825547499984623,9.07678749998297,7.405127499923196,22.15388749992485,14.748760000001653,-582.5,[H]c1c([H])c2c([H])c([H])c([H])c(C3([H])C([H])([H])C([H])([H])C([H])([H])C([H])([H])C3([H])[H])c([H])c-2c1[H],[H][C+]1C[c-]2[c+]([H])[c+]([H])[c-]([H])[c-]2[C+]([H])[C-](C2([H])C([H])([H])C([H])([H])C([H])([H])C([H])([H])C2([H])[H])[C+]1[H],steric,Cy,pi-system,0,Azulene_H12
Azulene_H12_Int1_Sub28,Azulene_H12_interpolation_Sub28_v2,Azulene_H12_Int2_Sub28,Azulene_H12_substrate_Sub28,-1126.985113,-1126.949294,-1126.973028,-542.440155,1.3052000000575958,23.781622500024184,8.888537499958886,7.58333749990129,22.47642249996659,14.893085000065298,-587.14,[H]c1c([H])c2c([H])c([H])c([H])c(C(C([H])([H])[H])(C([H])([H])[H])C([H])([H])[H])c([H])c-2c1[H],[H][C+]1C[c-]2[c+]([H])[c+]([H])[c-]([H])[c-]2[C+]([H])[C-](C(C([H])([H])[H])(C([H])([H])[H])C([H])([H])[H])[C+]1[H],steric,tBu,pi-system,0,Azulene_H12
Azulene_H12_Int1_Sub29,Azulene_H12_interpolation_Sub29_v2,Azulene_H12_Int2_Sub29,Azulene_H12_substrate_Sub29,-1087.733435,-1087.698228,-1087.721834,-503.188865,1.548669999977932,23.64106250005804,8.828297500075308,7.279627500097376,22.09239250008011,14.812764999982733,-579.95,[H]c1c([H])c2c([H])c([H])c([H])c(C([H])(C([H])([H])[H])C([H])([H])[H])c([H])c-2c1[H],[H][C+]1C[c-]2[c+]([H])[c+]([H])[c-]([H])[c-]2[C+]([H])[C-](C([H])(C([H])([H])[H])C([H])([H])[H])[C+]1[H],steric,iPr,pi-system,0,Azulene_H12
Azulene_H12_Int1_Sub30,Azulene_H12_interpolation_Sub30_v2,Azulene_H12_Int2_Sub30,Azulene_H12_substrate_Sub30,-1009.225065,-1009.189576,-1009.213034,-424.679931,1.194760000051076,23.46410750004111,8.744212500037918,7.549452499986842,22.26934749999004,14.719895000003191,-573.02,[H]c1c([H])c2c([H])c([H])c([H])c(C([H])([H])[H])c([H])c-2c1[H],[H][C+]1C[c-]2[c+]([H])[c+]([H])[c-]([H])[c-]2[C+]([H])[C-](C([H])([H])[H])[C+]1[H],steric,Me,pi-system,0,Azulene_H12
Azulene_H16_Int1_Sub11,Azulene_H16_interpolation_Sub11_v2,Azulene_H16_Int2_Sub11,Azulene_H16_substrate_Sub11,-1204.316798,-1204.287739,-1204.308501,-619.774715,3.109262499997101,21.343784999972684,8.315630000049907,5.206367500052807,18.234522499975583,13.028154999922776,-664.51,[H]c1c([H])c([H])c(C2([H])C([H])([H])C([H])([H])C([H])([H])C([H])([H])C2([H])[H])c2c([H])c([H])c([H])c-2c1[H],[H][C+]1C[C-]([H])[c-]2[c+]1[c+](C1([H])C([H])([H])C([H])([H])C([H])([H])C([H])([H])C1([H])[H])[c+]([H])[c+]([H])[c-]([H])[c-]2[H],steric,Cy,pi-system,0,Azulene_H16
Azulene_H16_Int1_Sub16,Azulene_H16_interpolation_Sub16_v2,Azulene_H16_Int2_Sub16,Azulene_H16_substrate_Sub16,-1084.387622,-1084.359722,-1084.377435,-499.843577,1.8781075000379133,19.38535750006622,8.27044999994996,6.392342499912047,17.507250000028307,11.11490750011626,-605.93,[H]c1c([H])c([H])c2c([H])c([H])c([H])c-2c(OC([H])([H])[H])c1[H],[H]C1=c2c([H])c([H])c([H])c([H])c(=[O+]C([H])([H])[H])c2=C([H])C1,EDG,OMe,pi-system,0,Azulene_H16
Azulene_H16_Int1_Sub18,Azulene_H16_interpolation_Sub18_v2,Azulene_H16_Int2_Sub18,Azulene_H16_substrate_Sub18,-1429.442626,-1429.414703,-1429.435958,-844.901777,3.8835975000395706,21.405280000102778,8.067767500033654,4.184169999994083,17.521682500063207,13.337512500069124,-511.88,[H]c1c([H])c(Cl)c([H])c2c([H])c([H])c([H])c-2c1[H],[H][C+]1C[C-]([H])[c-]2[c+]1[c+]([H])[c+](Cl)[c+]([H])[c-]([H])[c-]2[H],EWG,Cl,pi-system,0,Azulene_H16
Azulene_H16_Int1_Sub26,Azulene_H16_interpolation_Sub26_v2,Azulene_H16_Int2_Sub26,Azulene_H16_substrate_Sub26,-1429.443674,-1429.416869,-1429.437305,-844.903265,4.159697499984532,20.97983500010685,8.156245000095623,3.996547500111092,16.820137500122314,12.823590000011222,-526.73,[H]c1c([H])c2c([H])c([H])c(Cl)c([H])c([H])c-2c1[H],[H][C+]1C[C-]([H])[c-]2[c+]1[c+]([H])[c+]([H])[c+](Cl)[c-]([H])[c-]2[H],EWG,Cl,pi-system,0,Azulene_H16
Azulene_H16_Int1_Sub28,Azulene_H16_interpolation_Sub28_v2,Azulene_H16_Int2_Sub28,Azulene_H16_substrate_Sub28,-1126.984781,-1126.955439,-1126.974639,-542.440894,1.9772524999302727,20.38935749995688,8.341357499984952,6.364105000054678,18.4121050000266,12.04799999997192,-575.78,[H]c1c([H])c2c([H])c([H])c(C(C([H])([H])[H])(C([H])([H])[H])C([H])([H])[H])c([H])c([H])c-2c1[H],[H][C+]1C[C-]([H])[c-]2[c+]1[c+]([H])[c+]([H])[c+](C(C([H])([H])[H])(C([H])([H])[H])C([H])([H])[H])[c-]([H])[c-]2[H],steric,tBu,pi-system,0,Azulene_H16
Azulene_H16_Int1_Sub29,Azulene_H16_interpolation_Sub29_v2,Azulene_H16_Int2_Sub29,Azulene_H16_substrate_Sub29,-1087.733401,-1087.704458,-1087.723727,-503.189899,2.218840000069377,20.38057250008606,8.28927500000944,6.070434999940062,18.161732500016683,12.09129750007662,-571.86,[H]c1c([H])c2c([H])c([H])c(C([H])(C([H])([H])[H])C([H])([H])[H])c([H])c([H])c-2c1[H],[H][C+]1C[C-]([H])[c-]2[c+]1[c+]([H])[c+]([H])[c+](C([H])(C([H])([H])[H])C([H])([H])[H])[c-]([H])[c-]2[H],steric,iPr,pi-system,0,Azulene_H16
Azulene_H16_Int1_Sub6,Azulene_H16_interpolation_Sub6_v2,Azulene_H16_Int2_Sub6,Azulene_H16_substrate_Sub6,-1009.225466,-1009.197776,-1009.21637,-424.681603,1.9923125000349275,19.36778750003924,7.700052500034644,5.707739999999717,17.375475000004315,11.667735000004598,-468.15,[H]c1c([H])c([H])c2c([H])c([H])c(C([H])([H])[H])c-2c([H])c1[H],[H][c+]1[c+]([H])[c+]2[c-]([c-]([H])[c-]([H])[c+]1[H])[C-]([H])C[C+]2C([H])([H])[H],steric,Me,pi-system,0,Azulene_H16
Azulene_H18_Int1_Sub13,Azulene_H18_interpolation_Sub13_v2,Azulene_H18_Int2_Sub13,Azulene_H18_substrate_Sub13,-1087.734272,-1087.714915,-1087.719901,-503.187892,0.4128950000632869,12.55941250000049,9.430697500052505,9.017802499989216,12.146517499937204,3.128714999947988,-984.09,[H]c1c([H])c([H])c(C([H])(C([H])([H])[H])C([H])([H])[H])c2c([H])c([H])c([H])c-2c1[H],[H][C+]1[c+]2[c+]([c-](C([H])(C([H])([H])[H])C([H])([H])[H])[c+]([H])[c+]([H])[c-]([H])[c-]2[H])C[C-]1[H],steric,iPr,pi-system,0,Azulene_H18
Azulene_H18_Int1_Sub14,Azulene_H18_interpolation_Sub14_v2,Azulene_H18_Int2_Sub14,Azulene_H18_substrate_Sub14,-1009.225891,-1009.20579,-1009.211642,-424.681221,1.4859199999936834,14.099297500036272,10.427167500033503,8.941247500039822,12.613377500042589,3.672130000002767,-1015.65,[H]c1c([H])c([H])c(C([H])([H])[H])c2c([H])c([H])c([H])c-2c1[H],[H][C+]1[c+]2[c+]([c-](C([H])([H])[H])[c+]([H])[c+]([H])[c-]([H])[c-]2[H])C[C-]1[H],steric,Me,pi-system,0,Azulene_H18
Azulene_H18_Int1_Sub18,Azulene_H18_interpolation_Sub18_v2,Azulene_H18_Int2_Sub18,Azulene_H18_substrate_Sub18,-1429.444988,-1429.428886,-1429.436819,-844.903445,3.448112500068987,13.552117500098008,8.574160000039228,5.126047499970241,10.10400500002902,4.977957500058778,-682.03,[H]c1c([H])c([H])c2c([H])c([H])c(Cl)c-2c([H])c1[H],[H][c+]1[c+]([H])[c-]([H])[c-]([H])[c+]2[c+]([c-]1[H])C[C-]([H])[C+]2Cl,EWG,Cl,pi-system,0,Azulene_H18
Azulene_H18_Int1_Sub1,Azulene_H18_interpolation_Sub1_v2,Azulene_H18_Int2_Sub1,Azulene_H18_substrate_Sub1,-1306.843933,-1306.830534,-1306.838268,-722.305031,5.105339999951184,13.513212500053555,8.660127500036197,3.5547875000850127,8.407872500102371,4.853085000017359,-426.45,[H]c1c([H])c([H])c2c([H])c(C(F)(F)F)c([H])c-2c([H])c1[H],[H][C+]1[c+]2[c+]([c-]([H])[c+]([H])[c+]([H])[c-]([H])[c-]2[H])C[C-]1C(F)(F)F,EWG,CF3,pi-system,0,Azulene_H18
Azulene_H18_Int1_Sub20,Azulene_H18_interpolation_Sub20_v2,Azulene_H18_Int2_Sub20,Azulene_H18_substrate_Sub20,-1126.985867,-1126.967367,-1126.974145,-542.44078,1.224252499976615,12.833002500058797,8.579807500096308,7.355555000119693,11.608750000082182,4.2531949999624885,-853.63,[H]c1c([H])c([H])c2c([H])c([H])c(C(C([H])([H])[H])(C([H])([H])[H])C([H])([H])[H])c-2c([H])c1[H],[H]C1=C([H])C([H])=C2CC3([H])[C+](C(C([H])([H])[H])(C([H])([H])[H])C([H])([H])[H])C23C([H])=C1[H],steric,tBu,pi-system,0,Azulene_H18
Azulene_H18_Int1_Sub23,Azulene_H18_interpolation_Sub23_v2,Azulene_H18_Int2_Sub23,Azulene_H18_substrate_Sub23,-1064.52126,-1064.502063,-1064.50866,-479.97493,0.4442700000197419,12.490387500067754,8.350770000032526,7.906500000012784,12.046117500048013,4.139617500035229,-921.2,[H]c1c([H])c([H])c2c([H])c([H])c(N([H])C([H])([H])[H])c-2c([H])c1[H],[H][c+]1[c+]([H])[c-]([H])[c-]([H])[c+]2[c+]([c-]1[H])C[C-]([H])[C+]2N([H])C([H])([H])[H],EDG,NHCH3,pi-system,0,Azulene_H18
Azulene_H18_Int1_Sub24,Azulene_H18_interpolation_Sub24_v2,Azulene_H18_Int2_Sub24,Azulene_H18_substrate_Sub24,-1084.383028,-1084.364248,-1084.370545,-499.836724,0.460585000049889,12.245034999973823,8.293667500034019,7.83308249998413,11.784449999923936,3.9513674999398063,-936.92,[H]c1c([H])c([H])c2c([H])c([H])c(OC([H])([H])[H])c-2c([H])c1[H],[H][c+]1[c+]([H])[c-]([H])[c-]([H])[c+]2[c+]([c-]1[H])C[C-]([H])[C+]2OC([H])([H])[H],EDG,OMe,pi-system,0,Azulene_H18
Azulene_H18_Int1_Sub25,Azulene_H18_interpolation_Sub25_v2,Azulene_H18_Int2_Sub25,Azulene_H18_substrate_Sub25,-1306.835449,-1306.81983,-1306.828377,-722.295862,4.675502500109019,14.476425000118525,9.11318250003376,4.43767999992474,9.800922500009506,5.363242500084766,-657.22,[H]c1c([H])c([H])c(C(F)(F)F)c2c([H])c([H])c([H])c-2c1[H],[H][C+]1[c+]2[c+]([c-]([H])[c+]([H])[c+]([H])[c-]([H])[c-]2C(F)(F)F)C[C-]1[H],EWG,CF3,pi-system,0,Azulene_H18
Azulene_H18_Int1_Sub26,Azulene_H18_interpolation_Sub26_v2,Azulene_H18_Int2_Sub26,Azulene_H18_substrate_Sub26,-1429.443423,-1429.427275,-1429.435807,-844.902864,4.065572500079497,14.19844250003564,8.844612499998448,4.77903999991895,10.132869999956142,5.353830000037192,-667.47,[H]c1c([H])c([H])c2c([H])c([H])c([H])c-2c(Cl)c1[H],[H][C+]1[c+]2[c+]([c-]([H])[c+]([H])[c+]([H])[c-]([H])[c-]2Cl)C[C-]1[H],EWG,Cl,pi-system,0,Azulene_H18
Azulene_H18_Int1_Sub27,Azulene_H18_interpolation_Sub27_v2,Azulene_H18_Int2_Sub27,Azulene_H18_substrate_Sub27,-1204.318103,-1204.299834,-1204.307079,-619.774715,2.2903749999957768,13.754172500087236,9.207935000079884,6.917560000084109,11.46379750009146,4.546237500007351,-781.86,[H]c1c([H])c([H])c(C2([H])C([H])([H])C([H])([H])C([H])([H])C([H])([H])C2([H])[H])c2c([H])c([H])c([H])c-2c1[H],[H][C+]1[c+]2[c+]([c-]([H])[c+]([H])[c+]([H])[c-]([H])[c-]2C2([H])C([H])([H])C([H])([H])C([H])([H])C([H])([H])C2([H])[H])C[C-]1[H],steric,Cy,pi-system,0,Azulene_H18
Azulene_H18_Int1_Sub28,Azulene_H18_interpolation_Sub28_v2,Azulene_H18_Int2_Sub28,Azulene_H18_substrate_Sub28,-1126.976477,-1126.958268,-1126.964196,-542.431776,1.4664675000784655,12.892614999979628,9.172795000097269,7.706327500018801,11.426147499901164,3.719819999882361,-791.81,[H]c1c([H])c([H])c(C(C([H])([H])[H])(C([H])([H])[H])C([H])([H])[H])c2c([H])c([H])c([H])c-2c1[H],[H][C+]1[c+]2[c+]([c-]([H])[c+]([H])[c+]([H])[c-]([H])[c-]2C(C([H])([H])[H])(C([H])([H])[H])C([H])([H])[H])C[C-]1[H],steric,tBu,pi-system,0,Azulene_H18
Azulene_H18_Int1_Sub29,Azulene_H18_interpolation_Sub29_v2,Azulene_H18_Int2_Sub29,Azulene_H18_substrate_Sub29,-1087.731363,-1087.713422,-1087.720691,-503.187893,2.238919999947342,13.49689749998774,8.935600000018411,6.696680000071069,11.257977500040395,4.561297499969328,-785.31,[H]c1c([H])c([H])c(C([H])(C([H])([H])[H])C([H])([H])[H])c2c([H])c([H])c([H])c-2c1[H],[H][C+]1[c+]2[c+]([c-]([H])[c+]([H])[c+]([H])[c-]([H])[c-]2C([H])(C([H])([H])[H])C([H])([H])[H])C[C-]1[H],steric,iPr,pi-system,0,Azulene_H18
Azulene_H18_Int1_Sub2,Azulene_H18_interpolation_Sub2_v2,Azulene_H18_Int2_Sub2,Azulene_H18_substrate_Sub2,-1429.446596,-1429.43334,-1429.439922,-844.90588,3.967055000042876,12.285195000015108,8.154990000027453,4.187934999984577,8.318139999972232,4.1302049999876544,-439.93,[H]C1=C([H])C([H])=C2[C-]([H])C3(Cl)[C+]([H])C23C([H])=C1[H],[H][C+]1[c+]2[c+]([c-]([H])[c+]([H])[c+]([H])[c-]([H])[c-]2[H])C[C-]1Cl,EWG,Cl,pi-system,0,Azulene_H18
Azulene_H18_Int1_Sub30,Azulene_H18_interpolation_Sub30_v2,Azulene_H18_Int2_Sub30,Azulene_H18_substrate_Sub30,-1009.225222,-1009.207164,-1009.214166,-424.681223,1.9069725000007047,13.238367499998418,8.844612500034117,6.937640000033412,11.331394999997713,4.393754999964301,-807.31,[H]c1c([H])c([H])c(C([H])([H])[H])c2c([H])c([H])c([H])c-2c1[H],[H][C+]1[c+]2[c+]([c-]([H])[c+]([H])[c+]([H])[c-]([H])[c-]2C([H])([H])[H])C[C-]1[H],steric,Me,pi-system,0,Azulene_H18
Azulene_H18_Int1_Sub3,Azulene_H18_interpolation_Sub3_v2,Azulene_H18_Int2_Sub3,Azulene_H18_substrate_Sub3,-1204.325426,-1204.308778,-1204.31457,-619.779183,0.4988624999532476,10.94548249997331,7.311002500018162,6.812140000064915,10.446620000020062,3.634479999955147,-709.61,[H]c1c([H])c([H])c2c([H])c(C3([H])C([H])([H])C([H])([H])C([H])([H])C([H])([H])C3([H])[H])c([H])c-2c([H])c1[H],[H][C+]1[c+]2[c+]([c-]([H])[c+]([H])[c+]([H])[c-]([H])[c-]2[H])C[C-]1C1([H])C([H])([H])C([H])([H])C([H])([H])C([H])([H])C1([H])[H],steric,Cy,pi-system,0,Azulene_H18
Azulene_H18_Int1_Sub6,Azulene_H18_interpolation_Sub6_v2,Azulene_H18_Int2_Sub6,Azulene_H18_substrate_Sub6,-1009.229438,-1009.212367,-1009.218628,-424.68396,0.9789000000610316,11.690952500052989,7.762175000056146,6.783274999995115,10.712052499991955,3.928777499996841,-801.49,[H]c1c([H])c([H])c2c([H])c(C([H])([H])[H])c([H])c-2c([H])c1[H],[H][C+]1[c+]2[c+]([c-]([H])[c+]([H])[c+]([H])[c-]([H])[c-]2[H])C[C-]1C([H])([H])[H],steric,Me,pi-system,0,Azulene_H18
Azulene_H18_Int1_Sub9,Azulene_H18_interpolation_Sub9_v2,Azulene_H18_Int2_Sub9,Azulene_H18_substrate_Sub9,-1306.832236,-1306.813555,-1306.821323,-722.295861,6.691032500013989,18.41336000002343,13.538940000059938,6.847907500045949,11.722327500009442,4.874419999963493,-821.86,[H]c1c([H])c([H])c(C(F)(F)F)c2c([H])c([H])c([H])c-2c1[H],[H]C1=C([H])C(C(F)(F)F)=C2CC3([H])[C+]([H])C23C([H])=C1[H],EWG,CF3,pi-system,0,Azulene_H18
Azulene_H8_Int1_Sub10,Azulene_H8_interpolation_Sub10_v2,Azulene_H8_Int2_Sub10,Azulene_H8_substrate_from_cf3_Sub10,-1429.434526,-1429.41171,-1429.436129,-844.902862,9.647185000040963,23.96422499999119,8.641302500083725,-1.005882499957238,14.317039999950223,15.322922499907463,-741.67,[H]c1c([H])c([H])c2c([H])c([H])c([H])c-2c(Cl)c1[H],[H][C+]1C[C-]([H])[C-]([H])[C-]2[C+]([C+]([H])[C+]([H])[C-]2[H])[C+]1Cl,EWG,Cl,pi-system,0,Azulene_H8
Azulene_H8_Int1_Sub18,Azulene_H8_interpolation_Sub18_v2,Azulene_H8_Int2_Sub18,Azulene_H8_substrate_Sub18,-1429.43689,-1429.411973,-1429.436645,-844.903446,8.53023500007879,24.16565250005334,8.683972500047332,0.1537374999685425,15.635417499974553,15.481680000006008,-739.1,[H]c1c([H])c([H])c2c([H])c([H])c(Cl)c-2c([H])c1[H],[H][C+]1C[C-]([H])[C-]([H])[C-]2[C+]([C+]1[H])[C+](Cl)[C+]([H])[C-]2[H],EWG,Cl,pi-system,0,Azulene_H8
Azulene_H8_Int1_Sub24,Azulene_H8_interpolation_Sub24_v2,Azulene_H8_Int2_Sub24,Azulene_H8_substrate_Sub24,-1084.374364,-1084.345989,-1084.369727,-499.836722,5.895990000023801,23.701302500084296,8.805707500025335,2.909717500001534,17.805312500060495,14.89559500005896,-793.62,[H]c1c([H])c([H])c2c([H])c([H])c(OC([H])([H])[H])c-2c([H])c1[H],[H][C+]1C[C-]([H])[C-]([H])[C-]2[C+]([C+]1[H])[C+](OC([H])([H])[H])[C+]([H])[C-]2[H],EDG,OMe,pi-system,0,Azulene_H8
Azulene_H8_Int1_Sub26,Azulene_H8_interpolation_Sub26_v2,Azulene_H8_Int2_Sub26,Azulene_H8_substrate_Sub26,-1429.438359,-1429.415119,-1429.438567,-844.90588,9.135772500048065,23.718872500039936,9.00525250009224,-0.1305199999558226,14.583099999991871,14.713619999947696,-766.15,[H]C1=C([H])[C-]([H])C([H])=C([H])C23C1=C([H])C2(Cl)[C+]3[H],[H][C+]1C[C-]([H])[C-]([H])[C-]2[C+]([C+]1[H])[C+]([H])[C+](Cl)[C-]2[H],EWG,Cl,pi-system,0,Azulene_H8
Azulene_H8_Int1_Sub2,Azulene_H8_interpolation_Sub2_v2,Azulene_H8_Int2_Sub2,Azulene_H8_substrate_from_cf3_Sub2,-1429.432889,-1429.411517,-1429.432787,-844.901778,9.994192500092254,23.405122500047355,10.058197500073334,0.0640049999810798,13.4109299999551,13.34692499997402,-519.64,[H]c1c([H])c(Cl)c([H])c2c([H])c([H])c([H])c-2c1[H],[H][C+]1[C+](Cl)C[C-]([H])[C-]([H])[C-]2[C+]1[C+]([H])[C+]([H])[C-]2[H],EWG,Cl,pi-system,0,Azulene_H8
Azulene_H8_Int1_Sub31,Azulene_H8_interpolation_Sub31_v2,Azulene_H8_Int2_Sub31,Azulene_H8_substrate_from_cf3_Sub31,-1064.524097,-1064.502952,-1064.519106,-479.987775,6.72429000003703,19.99277749999507,9.856142500048437,3.131852500011405,13.268487499958042,10.136634999946637,-903.72,[H]c1c([H])c([H])c2c([H])c(N([H])C([H])([H])[H])c([H])c-2c([H])c1[H],[H]C1=C([H])C2=C([H])C(=[N+]([H])C([H])([H])[H])C([H])=C2C([H])=C([H])C1,EDG,NHCH3,pi-system,0,Azulene_H8
Azulene_H8_Int1_Sub32,Azulene_H8_interpolation_Sub32_v2,Azulene_H8_Int2_Sub32,Azulene_H8_substrate_from_cf3_Sub32,-1084.380416,-1084.356789,-1084.376883,-499.845009,7.298452500049848,22.12439500007065,9.515410000088307,2.216957500038461,14.8259425000208,12.60898499998234,-816.62,[H]C1=C([H])[C-]([H])C([H])=C([H])C23C1=C([H])C2(OC([H])([H])[H])[C+]3[H],[H]C1=C([H])C2=C([H])C(=[O+]C([H])([H])[H])C([H])=C2C([H])=C([H])C1,EDG,OMe,pi-system,0,Azulene_H8
Benzene_H10_Int1_Sub100,Benzene_H10_interpolation_Sub100_v2,Benzene_H10_Int2_Sub100,Benzene_H10_substrate_Sub100,-930.951111,-930.931147,-930.951509,-346.418839,9.26566500004114,21.79307500001542,9.015920000029638,-0.2497450000115009,12.527409999974282,12.777154999985784,-739.98,[H]OC([H])([H])c1c([H])c([H])c([H])c([H])c1[H],[H]OC([H])([H])[C+]1[C+]([H])C[C-]([H])[C-]([H])[C+]1[H],EDG,CH2OH,pi-system,0,Benzene_H10
Benzene_H10_Int1_Sub113,Benzene_H10_interpolation_Sub113_v2,Benzene_H10_Int2_Sub113,Benzene_H10_substrate_Sub113,-816.522182,-816.503022,-816.522624,-231.990211,9.4545424999923,21.4774425000276,9.177187500050508,-0.2773549999417923,12.022900000035293,12.300254999977083,-708.95,[H]c1c([H])c([H])c([H])c([H])c1[H],[H][C+]1C[C-]([H])[C-]([H])[C+]([H])[C+]1[H],other,H,pi-system,0,Benzene_H10
Benzene_H10_Int1_Sub119,Benzene_H10_interpolation_Sub119_v2,Benzene_H10_Int2_Sub119,Benzene_H10_substrate_Sub119,-871.842651,-871.816408,-871.83684,-287.303725,5.090279999989207,21.55776250000315,8.73668249998559,3.646402499996384,16.467482500013944,12.82108000001756,-733.11,[H]c1c([H])c([H])c(N([H])[H])c([H])c1[H],[H][C+]1C[C-]([H])[C-]([H])[C+]([H])[C+]1N([H])[H],EDG,NH2,pi-system,0,Benzene_H10
Benzene_H10_Int1_Sub120,Benzene_H10_interpolation_Sub120_v2,Benzene_H10_Int2_Sub120,Benzene_H10_substrate_Sub120,-911.087674,-911.060809,-911.081513,-326.548514,4.943445000038906,21.801232500066163,8.809472500051498,3.866027500012592,16.857787500027257,12.991760000014663,-733.7,[H]c1c([H])c([H])c(N([H])C([H])([H])[H])c([H])c1[H],[H][C+]1C[C-]([H])[C-]([H])[C+]([H])[C+]1N([H])C([H])([H])[H],EDG,NHCH3,pi-system,0,Benzene_H10
Benzene_H10_Int1_Sub121,Benzene_H10_interpolation_Sub121_v2,Benzene_H10_Int2_Sub121,Benzene_H10_substrate_Sub121,-946.95612,-946.932675,-946.953442,-362.420766,7.33171000000155,22.043447500025337,9.012155000039144,1.6804450000375937,14.711737500023789,13.031292499986192,-731.96,[H]ON([H])c1c([H])c([H])c([H])c([H])c1[H],[H]ON([H])[C+]1[C+]([H])C[C-]([H])[C-]([H])[C+]1[H],EDG,NHOH,pi-system,0,Benzene_H10
Benzene_H10_Int1_Sub125,Benzene_H10_interpolation_Sub125_v2,Benzene_H10_Int2_Sub125,Benzene_H10_substrate_Sub125,-891.708377,-891.685851,-891.706178,-307.174008,7.949797500010476,22.08486250006345,9.32967000002222,1.3798725000117429,14.135065000052975,12.755192500041233,-693.65,[H]Oc1c([H])c([H])c([H])c([H])c1[H],[H]O[C+]1[C+]([H])C[C-]([H])[C-]([H])[C+]1[H],EDG,OH,pi-system,0,Benzene_H10
Benzene_H10_Int1_Sub12,Benzene_H10_interpolation_Sub12_v2,Benzene_H10_Int2_Sub12,Benzene_H10_substrate_Sub12,-1774.735022,-1774.715923,-1774.733338,-1190.205254,10.836924999890698,22.821547499951294,11.8936350000763,1.0567100000429264,11.984622500060595,10.92791250001767,-681.89,[H]c1c([H])c([H])c(C([H])(Cl)Cl)c([H])c1[H],[H][C+]1[C+]([H])[C-]([H])[C-]([H])C[C+]1C([H])(Cl)Cl,EWG,CHCl2,pi-system,0,Benzene_H10
Benzene_H10_Int1_Sub13,Benzene_H10_interpolation_Sub13_v2,Benzene_H10_Int2_Sub13,Benzene_H10_substrate_Sub13,-1054.186298,-1054.166206,-1054.186985,-469.655914,10.450384999974888,23.058114999960395,10.019292499993211,-0.4310924999816734,12.607729999985509,13.038822499967182,-369.59,[H]c1c([H])c([H])c(C([H])(F)F)c([H])c1[H],[H][C+]1[C+]([H])[C-]([H])[C-]([H])C[C+]1C([H])(F)F,EWG,CHF2,pi-system,0,Benzene_H10
Benzene_H10_Int1_Sub140,Benzene_H10_interpolation_Sub140_v2,Benzene_H10_Int2_Sub140,Benzene_H10_substrate_Sub140,-3389.799043,-3389.781318,-3389.802352,-2805.269721,11.116790000182846,22.23922750028009,9.04039250007486,-2.076397500107987,11.122437500097249,13.198835000205236,-676.49,[H]c1c([H])c([H])c(Br)c([H])c1[H],[H][C+]1C[C-]([H])[C-]([H])[C+](Br)[C+]1[H],EWG,Br,pi-system,0,Benzene_H10
Benzene_H10_Int1_Sub157,Benzene_H10_interpolation_Sub157_v2,Benzene_H10_Int2_Sub157,Benzene_H10_substrate_Sub157,-915.72371,-915.705904,-915.724927,-331.192648,10.024940000050291,21.19820500001921,9.261272500052227,-0.7636674999980642,11.173264999968922,11.936932499966986,-697.25,[H]c1c([H])c([H])c(F)c([H])c1[H],[H][C+]1C[C-]([H])[C-]([H])[C+](F)[C+]1[H],EWG,F,pi-system,0,Benzene_H10
Benzene_H10_Int1_Sub159,Benzene_H10_interpolation_Sub159_v2,Benzene_H10_Int2_Sub159,Benzene_H10_substrate_Sub159,-934.292463,-934.272948,-934.291031,-349.759565,8.872850000034163,21.118512500006403,9.771430000048298,0.8985800000141353,12.24566249997224,11.347082499958104,-728.54,[H]c1c([H])c([H])c(C([H])(C([H])([H])[H])C([H])([H])[H])c([H])c1[H],[H][C+]1C[C-]([H])[C-]([H])[C+](C([H])(C([H])([H])[H])C([H])([H])[H])[C+]1[H],steric,iPr,pi-system,0,Benzene_H10
Benzene_H10_Int1_Sub15,Benzene_H10_interpolation_Sub15_v2,Benzene_H10_Int2_Sub15,Benzene_H10_substrate_Sub15,-1276.002401,-1275.983947,-1276.004929,-691.47283,10.960542500077963,22.540427500090345,9.37422250008808,-1.5863199999898825,11.579885000012382,13.166205000002265,-653.52,[H]c1c([H])c([H])c(Cl)c([H])c1[H],[H][C+]1[C+](Cl)C[C-]([H])[C-]([H])[C+]1[H],EWG,Cl,pi-system,0,Benzene_H10
Benzene_H10_Int1_Sub160,Benzene_H10_interpolation_Sub160_v2,Benzene_H10_Int2_Sub160,Benzene_H10_substrate_Sub160,-1113.659055,-1113.640927,-1113.661809,-529.129181,10.770409999987294,22.14573000008812,9.042275000070106,-1.728134999917188,11.375320000100828,13.103455000018016,-673.11,[H]c1c([H])c([H])c(I)c([H])c1[H],[H][C+]1C[C-]([H])[C-]([H])[C+](I)[C+]1[H],EWG,I,pi-system,0,Benzene_H10
Benzene_H10_Int1_Sub16,Benzene_H10_interpolation_Sub16_v2,Benzene_H10_Int2_Sub16,Benzene_H10_substrate_Sub16,-908.699875,-908.68227,-908.704763,-324.171974,12.008467500000393,23.0556050000024,8.941247500039822,-3.067219999960571,11.047137500002007,14.11435749996258,-597.3,[H]c1c([H])c([H])c(C#N)c([H])c1[H],[H][C+]1[C+](C[N-2])C[C-]([H])[C+]([H])[C-]1[H],EWG,CN,pi-system,0,Benzene_H10
Benzene_H10_Int1_Sub172,Benzene_H10_interpolation_Sub172_v2,Benzene_H10_Int2_Sub172,Benzene_H10_substrate_Sub172,-1047.327116,-1047.308634,-1047.327535,-462.796354,10.213190000074375,21.8106450000424,9.950267500096146,-0.2629224999782309,11.597454999968022,11.860377499946251,-711.13,[H]c1c([H])c([H])c(-c2c([H])c([H])c([H])c([H])c2[H])c([H])c1[H],[H][C+]1C[C-]([H])[C-]([H])[C+]([c-]2[c+]([H])[c+]([H])[c+]([H])[c-]([H])[c-]2[H])[C+]1[H],steric,Ph,pi-system,0,Benzene_H10
Benzene_H10_Int1_Sub178,Benzene_H10_interpolation_Sub178_v2,Benzene_H10_Int2_Sub178,Benzene_H10_substrate_Sub178,-973.546166,-973.526249,-973.544354,-389.01294,8.667030000054439,21.164947500031843,9.804060000037254,1.1370299999828148,12.497917499977405,11.36088749999459,-729.77,[H]c1c([H])c([H])c(C(C([H])([H])[H])(C([H])([H])[H])C([H])([H])[H])c([H])c1[H],[H][C+]1C[C-]([H])[C-]([H])[C+](C(C([H])([H])[H])(C([H])([H])[H])C([H])([H])[H])[C+]1[H],steric,tBu,pi-system,0,Benzene_H10
Benzene_H10_Int1_Sub21,Benzene_H10_interpolation_Sub21_v2,Benzene_H10_Int2_Sub21,Benzene_H10_substrate_Sub21,-895.038565,-895.018435,-895.036618,-310.504555,8.175070000048095,20.80664500004474,9.396812500031048,1.2217424999829518,12.631574999996644,11.409832500013692,-505.51,[H]c1c([H])c([H])c(C([H])([H])C([H])([H])[H])c([H])c1[H],[H][C+]1[C+]([H])[C-]([H])[C-]([H])C[C+]1C([H])([H])C([H])([H])[H],steric,Et,pi-system,0,Benzene_H10
Benzene_H10_Int1_Sub22,Benzene_H10_interpolation_Sub22_v2,Benzene_H10_Int2_Sub22,Benzene_H10_substrate_Sub22,-915.722221,-915.70595,-915.725279,-331.192648,10.959287500045464,21.16934000002076,9.04039250003919,-1.9188950000062728,10.21005249997529,12.128947499981564,-271.06,[H]c1c([H])c([H])c(F)c([H])c1[H],[H][C+]1[C+](F)C[C-]([H])[C-]([H])[C+]1[H],EWG,F,pi-system,0,Benzene_H10
Benzene_H10_Int1_Sub27,Benzene_H10_interpolation_Sub27_v2,Benzene_H10_Int2_Sub27,Benzene_H10_substrate_Sub27,-855.783964,-855.765165,-855.782499,-271.250492,8.512665000051811,20.309037500016984,9.431952500013663,0.919287499961854,11.796372499965171,10.87708500000332,-632.22,[H]c1c([H])c([H])c(C([H])([H])[H])c([H])c1[H],[H][C+]1[C+]([H])[C-]([H])[C-]([H])C[C+]1C([H])([H])[H],steric,Me,pi-system,0,Benzene_H10
Benzene_H10_Int1_Sub2,Benzene_H10_interpolation_Sub2_v2,Benzene_H10_Int2_Sub2,Benzene_H10_substrate_Sub2,-1245.728852,-1245.709767,-1245.73012,-661.199307,10.976857500036772,22.95269499997687,10.181187500048168,-0.7956699999886041,11.975837499940098,12.771507499928704,-676.4,[H]c1c([H])c([H])c(-c2c([H])c(F)c([H])c(F)c2[H])c([H])c1[H],[H][C+]1C[C-]([H])[C-]([H])[C+]([H])[C+]1[c-]1[c+]([H])[c+](F)[c+]([H])[c-](F)[c-]1[H],EWG,35-F-Ph,pi-system,0,Benzene_H10
Benzene_H10_Int1_Sub43,Benzene_H10_interpolation_Sub43_v2,Benzene_H10_Int2_Sub43,Benzene_H10_substrate_Sub43,-973.547384,-973.52541,-973.541177,-389.012939,7.902107500059543,21.690792500059644,11.797000000070597,3.8948925000110535,13.7886850000001,9.893792499989049,-747.62,[H]c1c([H])c([H])c(C(C([H])([H])[H])(C([H])([H])[H])C([H])([H])[H])c([H])c1[H],[H][C+]1[C+]([H])[C-]([H])[C-]([H])C[C+]1C(C([H])([H])[H])(C([H])([H])[H])C([H])([H])[H],steric,tBu,pi-system,0,Benzene_H10
Benzene_H10_Int1_Sub52,Benzene_H10_interpolation_Sub52_v2,Benzene_H10_Int2_Sub52,Benzene_H10_substrate_Sub52,-1153.393707,-1153.382245,-1153.402112,-568.872549,16.23970000008967,23.43210500005057,10.965562500065287,-5.274137500024381,7.1924049999609,12.46654249998528,-649.47,[H]c1c([H])c([H])c(C(F)(F)F)c([H])c1[H],[H][C+]1C[C-](C(F)(F)F)[C-]([H])[C+]([H])[C+]1[H],EWG,CF3,pi-system,0,Benzene_H10
Benzene_H10_Int1_Sub53,Benzene_H10_interpolation_Sub53_v2,Benzene_H10_Int2_Sub53,Benzene_H10_substrate_Sub53,-1315.258748,-1315.240945,-1315.26286,-730.730382,11.7166800000237,22.88806249999737,9.13639999997514,-2.5802800000485604,11.171382499973674,13.751662500022237,-693.11,[H]c1c([H])c([H])c(C([H])([H])Cl)c([H])c1[H],[H][C+]1C[C-](C([H])([H])Cl)[C-]([H])[C+]([H])[C+]1[H],EWG,CH2Cl,pi-system,0,Benzene_H10
Benzene_H10_Int1_Sub54,Benzene_H10_interpolation_Sub54_v2,Benzene_H10_Int2_Sub54,Benzene_H10_substrate_Sub54,-954.973978,-954.95916,-954.978191,-370.444884,11.259860000035644,20.55815500003007,8.61620250000442,-2.643657500031225,9.298294999994424,11.94195250002565,-527.4,[H]c1c([H])c([H])c(C([H])([H])F)c([H])c1[H],[H][C+]1C[C-](C([H])([H])F)[C-]([H])[C+]([H])[C+]1[H],EWG,CH2F,pi-system,0,Benzene_H10
Benzene_H10_Int1_Sub57,Benzene_H10_interpolation_Sub57_v2,Benzene_H10_Int2_Sub57,Benzene_H10_substrate_Sub57,-1774.734374,-1774.71566,-1774.737968,-1190.205255,11.244172500075251,22.98720749996108,8.98893750020477,-2.2552350000131582,11.743034999885822,13.99826999989898,-679.56,[H]c1c([H])c([H])c(C([H])(Cl)Cl)c([H])c1[H],[H][C+]1C[C-](C([H])(Cl)Cl)[C-]([H])[C+]([H])[C+]1[H],EWG,CHCl2,pi-system,0,Benzene_H10
Benzene_H10_Int1_Sub5,Benzene_H10_interpolation_Sub5_v2,Benzene_H10_Int2_Sub5,Benzene_H10_substrate_Sub5,-3389.799165,-3389.781658,-3389.802092,-2805.269721,11.040235000233452,22.025877500248043,9.203542500233652,-1.836692499999799,10.985642500014592,12.822335000014393,-401.07,[H]c1c([H])c([H])c(Br)c([H])c1[H],[H][C+]1C[C-]([H])[C-]([H])[C+]([H])[C+]1Br,EWG,Br,pi-system,0,Benzene_H10
Benzene_H10_Int1_Sub60,Benzene_H10_interpolation_Sub60_v2,Benzene_H10_Int2_Sub60,Benzene_H10_substrate_Sub60,-1276.001893,-1275.985629,-1276.004204,-691.472832,11.280567499983364,21.48622750004108,9.830415000006385,-1.45015249997698,10.20566000005772,11.6558125000347,-421.88,[H]c1c([H])c([H])c(Cl)c([H])c1[H],[H][C+]1C[C-](Cl)[C-]([H])[C+]([H])[C+]1[H],EWG,Cl,pi-system,0,Benzene_H10
Benzene_H10_Int1_Sub65,Benzene_H10_interpolation_Sub65_v2,Benzene_H10_Int2_Sub65,Benzene_H10_substrate_Sub65,-1050.877837,-1050.859539,-1050.878902,-466.346755,10.01239000001064,21.494384999984817,9.34410250005712,-0.6682874999535215,11.481994999974177,12.150282499927698,-730.06,[H]c1c([H])c([H])c(C2([H])C([H])([H])C([H])([H])C([H])([H])C([H])([H])C2([H])[H])c([H])c1[H],[H][C+]1C[C-](C2([H])C([H])([H])C([H])([H])C([H])([H])C([H])([H])C2([H])[H])[C-]([H])[C+]([H])[C+]1[H],steric,Cy,pi-system,0,Benzene_H10
Benzene_H10_Int1_Sub66,Benzene_H10_interpolation_Sub66_v2,Benzene_H10_Int2_Sub66,Benzene_H10_substrate_Sub66,-895.034872,-895.018057,-895.037062,-310.504555,10.492427500047086,21.043840000016587,9.118202500021084,-1.3742250000260017,10.5514124999695,11.925637499995505,-726.06,[H]c1c([H])c([H])c(C([H])([H])C([H])([H])[H])c([H])c1[H],[H][C+]1C[C-](C([H])([H])C([H])([H])[H])[C-]([H])[C+]([H])[C+]1[H],steric,Et,pi-system,0,Benzene_H10
Benzene_H10_Int1_Sub6,Benzene_H10_interpolation_Sub6_v2,Benzene_H10_Int2_Sub6,Benzene_H10_substrate_Sub6,-892.598887,-892.581494,-892.601194,-308.069066,10.803667500046004,21.71777500002719,9.356025000062688,-1.447642499983317,10.914107499981183,12.361749999964502,-389.49,[H]C#Cc1c([H])c([H])c([H])c([H])c1[H],[H]CC[C+]1[C+]([H])C[C-]([H])[C-]([H])[C+]1[H],other,CCH,pi-system,0,Benzene_H10
Benzene_H10_Int1_Sub72,Benzene_H10_interpolation_Sub72_v2,Benzene_H10_Int2_Sub72,Benzene_H10_substrate_Sub72,-855.78064,-855.764617,-855.782998,-271.249796,10.161735000061611,20.216167500001774,8.682090000016416,-1.4796450000451955,10.054432499940162,11.534077499985358,-721.17,[H]c1c([H])c([H])c(C([H])([H])[H])c([H])c1[H],[H][C+]1C[C-](C([H])([H])[H])[C-]([H])[C+]([H])[C+]1[H],steric,Me,pi-system,0,Benzene_H10
Benzene_H10_Int1_Sub8,Benzene_H10_interpolation_Sub8_v2,Benzene_H10_Int2_Sub8,Benzene_H10_substrate_Sub8,-1315.259823,-1315.24166,-1315.261349,-730.730382,11.042117499943345,22.43940000006006,10.084552499935455,-0.9575650000078896,11.397282500116717,12.354847500124606,-715.59,[H]c1c([H])c([H])c(C([H])([H])Cl)c([H])c1[H],[H][C+]1C[C-]([H])[C-]([H])[C+]([H])[C+]1C([H])([H])Cl,EWG,CH2Cl,pi-system,0,Benzene_H10
Benzoicacid_H10_Int1_Sub10,Benzoicacid_H10_interpolation_Sub10_v2,Benzoicacid_H10_Int2_Sub10,Benzoicacid_H10_substrate_Sub10,-1464.448782,-1464.432427,-1464.455369,-879.921867,12.627182500079073,22.88994500006396,8.493840000028001,-4.133342500051072,10.262762499984888,14.39610500003596,-390.96,[H]OC(=O)c1c([H])c([H])c([H])c([H])c1Cl,[H]O[C+]([O-])[C+]1C[C-]([H])[C+]([H])[C+]([H])[C-]1Cl,EWG,Cl,pi-system,0,Benzoicacid_H10
Benzoicacid_H10_Int1_Sub14,Benzoicacid_H10_interpolation_Sub14_v2,Benzoicacid_H10_Int2_Sub14,Benzoicacid_H10_substrate_Sub14,-1044.232748,-1044.213894,-1044.236109,-459.704383,11.717307500093456,23.54819250004283,9.60828000006785,-2.109027500025604,11.830884999949376,13.93991249997498,-647.6,[H]OC(=O)c1c([H])c([H])c([H])c([H])c1C([H])([H])[H],[H]O[C+]([O-])[C+]1C[C-]([H])[C+]([H])[C+]([H])[C-]1C([H])([H])[H],steric,Me,pi-system,0,Benzoicacid_H10
Benzoisoxazole_H10_Int1_Sub13,Benzoisoxazole_H10_interpolation_Sub13_v2,Benzoisoxazole_H10_Int2_Sub13,Benzoisoxazole_H10_substrate_Sub13,-1101.6224,-1101.60349,-1101.622423,-517.090449,9.467092500067622,21.333117500070955,9.452660000032722,-0.0144325000348999,11.866025000003331,11.880457500038233,-450.38,[H]c1c([H])c([H])c2c([H])noc2c1C([H])(C([H])([H])[H])C([H])([H])[H],[H]C1=C([H])C2=C([H])N=[O+]C2=C(C([H])(C([H])([H])[H])C([H])([H])[H])C1,steric,iPr,pi-system,0,Benzoisoxazole_H10
Benzoisoxazole_H10_Int1_Sub14,Benzoisoxazole_H10_interpolation_Sub14_v2,Benzoisoxazole_H10_Int2_Sub14,Benzoisoxazole_H10_substrate_Sub14,-1023.112947,-1023.094812,-1023.114397,-438.582593,10.469210000034366,21.848922499981427,9.559334999977407,-0.9098750000569568,11.37971249994706,12.289587500004018,-571.66,[H]C1=C(C([H])([H])[H])C23[O+]=NC2([H])C3=C([H])[C-]1[H],[H]C1=C([H])C2=C([H])N=[O+]C2=C(C([H])([H])[H])C1,steric,Me,pi-system,0,Benzoisoxazole_H10
Benzoisoxazole_H10_Int1_Sub18,Benzoisoxazole_H10_interpolation_Sub18_v2,Benzoisoxazole_H10_Int2_Sub18,Benzoisoxazole_H10_substrate_Sub18,-1443.33054,-1443.310753,-1443.33479,-858.801171,11.087297500043292,23.50364000001264,8.420422499928009,-2.666875000115283,12.416342499969346,15.08321750008463,-605.29,[H]c1c([H])c(Cl)c2c([H])noc2c1[H],[H]C1=C(Cl)C2=C([H])N=[O+]C2=C([H])C1,EWG,Cl,pi-system,0,Benzoisoxazole_H10
Benzoisoxazole_H10_Int1_Sub19,Benzoisoxazole_H10_interpolation_Sub19_v2,Benzoisoxazole_H10_Int2_Sub19,Benzoisoxazole_H10_substrate_Sub19,-1218.210401,-1218.187947,-1218.21023,-633.677713,9.004625000022486,23.09451000011819,9.111927500108266,0.1073025000857796,14.089885000095704,13.982582500009926,-716.89,[H]C1=C([H])C23[O+]=NC2([H])C3=C(C2([H])C([H])([H])C([H])([H])C([H])([H])C([H])([H])C2([H])[H])[C-]1[H],[H]C1=C2[O+]=NC([H])=C2C(C2([H])C([H])([H])C([H])([H])C([H])([H])C([H])([H])C2([H])[H])=C([H])C1,steric,Cy,pi-system,0,Benzoisoxazole_H10
Benzoisoxazole_H10_Int1_Sub20,Benzoisoxazole_H10_interpolation_Sub20_v2,Benzoisoxazole_H10_Int2_Sub20,Benzoisoxazole_H10_substrate_Sub20,-1140.876676,-1140.854608,-1140.876696,-556.343759,8.860927499957256,22.70859749995111,8.848377499988942,-0.0125499999683142,13.847669999993856,13.860219999962167,-703.51,[H]C1=C([H])C23[O+]=NC2([H])C3=C(C(C([H])([H])[H])(C([H])([H])[H])C([H])([H])[H])[C-]1[H],[H]C1=C2[O+]=NC([H])=C2C(C(C([H])([H])[H])(C([H])([H])[H])C([H])([H])[H])=C([H])C1,steric,tBu,pi-system,0,Benzoisoxazole_H10
Benzoisoxazole_H10_Int1_Sub21,Benzoisoxazole_H10_interpolation_Sub21_v2,Benzoisoxazole_H10_Int2_Sub21,Benzoisoxazole_H10_substrate_Sub21,-1101.623636,-1101.601386,-1101.623487,-517.089882,8.33570999999921,22.29758499999008,8.429207499977167,0.0934974999779569,13.961874999990869,13.868377500012912,-710.63,[H]C1=C([H])C23[O+]=NC2([H])C3=C(C([H])(C([H])([H])[H])C([H])([H])[H])[C-]1[H],[H]C1=C2[O+]=NC([H])=C2C(C([H])(C([H])([H])[H])C([H])([H])[H])=C([H])C1,steric,iPr,pi-system,0,Benzoisoxazole_H10
Benzoisoxazole_H10_Int1_Sub22,Benzoisoxazole_H10_interpolation_Sub22_v2,Benzoisoxazole_H10_Int2_Sub22,Benzoisoxazole_H10_substrate_Sub22,-1023.114846,-1023.093478,-1023.115819,-438.582737,9.367947500068254,22.776367500029693,8.757390000040317,-0.6105575000279373,13.408419999961438,14.018977499989376,-676.76,[H]C1=C([H])C23[O+]=NC2([H])C3=C(C([H])([H])[H])[C-]1[H],[H]C1=C2[O+]=NC([H])=C2C(C([H])([H])[H])=C([H])C1,steric,Me,pi-system,0,Benzoisoxazole_H10
Benzoisoxazole_H10_Int1_Sub23,Benzoisoxazole_H10_interpolation_Sub23_v2,Benzoisoxazole_H10_Int2_Sub23,Benzoisoxazole_H10_substrate_Sub23,-1078.419736,-1078.39051,-1078.413043,-493.880298,4.768999999979968,23.108315000047668,8.968857500005782,4.199857500025814,18.3393150000677,14.139457500041884,-695.9,[H]c1c([H])c(N([H])C([H])([H])[H])c2c([H])noc2c1[H],[H]C1=C2[O+]=NC([H])=C2C(N([H])C([H])([H])[H])=C([H])C1,EDG,NHCH3,pi-system,0,Benzoisoxazole_H10
Benzoisoxazole_H10_Int1_Sub26,Benzoisoxazole_H10_interpolation_Sub26_v2,Benzoisoxazole_H10_Int2_Sub26,Benzoisoxazole_H10_substrate_Sub26,-1443.326552,-1443.306676,-1443.330402,-858.797265,11.138752500056055,23.610942500098417,8.722877500020445,-2.415875000035612,12.47219000004236,14.888065000077972,-633.39,[H]C1=C([H])C23[O+]=NC2(Cl)C3=C([H])[C-]1[H],[H][C+]1C[C-]([H])C23O[N-]C2(Cl)[C-]3[C+]1[H],EWG,Cl,pi-system,0,Benzoisoxazole_H10
Benzoisoxazole_H10_Int1_Sub27,Benzoisoxazole_H10_interpolation_Sub27_v2,Benzoisoxazole_H10_Int2_Sub27,Benzoisoxazole_H10_substrate_Sub27,-1218.212579,-1218.191722,-1218.213832,-633.681868,10.245192500029248,23.33296000001553,9.458935000088218,-0.7862574999410299,13.087767499986285,13.874024999927316,-680.41,[H]c1c([H])c([H])c2c(C3([H])C([H])([H])C([H])([H])C([H])([H])C([H])([H])C3([H])[H])noc2c1[H],[H]C1=C([H])C2=C(C3([H])C([H])([H])C([H])([H])C([H])([H])C([H])([H])C3([H])[H])N=[O+]C2=C([H])C1,steric,Cy,pi-system,0,Benzoisoxazole_H10
Benzoisoxazole_H10_Int1_Sub28,Benzoisoxazole_H10_interpolation_Sub28_v2,Benzoisoxazole_H10_Int2_Sub28,Benzoisoxazole_H10_substrate_Sub28,-1140.881181,-1140.860379,-1140.882439,-556.350238,10.09961250004011,23.15286750004219,9.310217500035662,-0.789395000004447,13.053255000002082,13.842650000006527,-674.59,[H]c1c([H])c([H])c2c(C(C([H])([H])[H])(C([H])([H])[H])C([H])([H])[H])noc2c1[H],[H]C1=C([H])C2=C(C(C([H])([H])[H])(C([H])([H])[H])C([H])([H])[H])N=[O+]C2=C([H])C1,steric,tBu,pi-system,0,Benzoisoxazole_H10
Benzoisoxazole_H10_Int1_Sub29,Benzoisoxazole_H10_interpolation_Sub29_v2,Benzoisoxazole_H10_Int2_Sub29,Benzoisoxazole_H10_substrate_Sub29,-1101.626178,-1101.605375,-1101.62749,-517.095168,10.05757000000358,23.11145249993274,9.234289999942009,-0.8232800000615725,13.05388249992916,13.877162499990732,-674.45,[H]c1c([H])c([H])c2c(C([H])(C([H])([H])[H])C([H])([H])[H])noc2c1[H],[H]C1=C([H])C2=C(C([H])(C([H])([H])[H])C([H])([H])[H])N=[O+]C2=C([H])C1,steric,iPr,pi-system,0,Benzoisoxazole_H10
Benzoisoxazole_H10_Int1_Sub2,Benzoisoxazole_H10_interpolation_Sub2_v2,Benzoisoxazole_H10_Int2_Sub2,Benzoisoxazole_H10_substrate_Sub2,-1443.329898,-1443.311875,-1443.33376,-858.800952,11.352730000086524,22.66216249999701,8.929325000069923,-2.4234050000166008,11.309432499910486,13.732837499927086,-375.84,[H]C1=C([H])C23[O+]=NC2([H])C3=C([H])[C-]1Cl,[H]C1=C2[O+]=NC([H])=C2C([H])=C(Cl)C1,EWG,Cl,pi-system,0,Benzoisoxazole_H10
Benzoisoxazole_H10_Int1_Sub30,Benzoisoxazole_H10_interpolation_Sub30_v2,Benzoisoxazole_H10_Int2_Sub30,Benzoisoxazole_H10_substrate_Sub30,-1023.117657,-1023.097171,-1023.119436,-438.586562,10.004232500031236,22.859197500034583,8.887910000067478,-1.1163224999637578,12.854965000003348,13.971287499967104,-671.35,[H]c1c([H])c([H])c2c(C([H])([H])[H])noc2c1[H],[H]C1=C([H])C2=C(C([H])([H])[H])N=[O+]C2=C([H])C1,steric,Me,pi-system,0,Benzoisoxazole_H10
Benzoisoxazole_H10_Int1_Sub31,Benzoisoxazole_H10_interpolation_Sub31_v2,Benzoisoxazole_H10_Int2_Sub31,Benzoisoxazole_H10_substrate_Sub31,-1078.413192,-1078.392219,-1078.414407,-493.881768,9.797785000053096,22.95834249999828,9.035372500051864,-0.7624125000012327,13.160557499945185,13.922969999946416,-688.32,[H]c1c([H])c([H])c2c(N([H])C([H])([H])[H])noc2c1[H],[H]C1=C([H])C2=C(N([H])C([H])([H])[H])N=[O+]C2=C([H])C1,EDG,NHCH3,pi-system,0,Benzoisoxazole_H10
Benzoisoxazole_H10_Int1_Sub32,Benzoisoxazole_H10_interpolation_Sub32_v2,Benzoisoxazole_H10_Int2_Sub32,Benzoisoxazole_H10_substrate_Sub32,-1098.274281,-1098.25327,-1098.275832,-513.743213,10.02117500002413,23.20557750005179,9.047922499984509,-0.9732525000396208,13.18440250002766,14.15765500006728,-673.97,[H]C1=C([H])C23[O+]=NC2(OC([H])([H])[H])C3=C([H])[C-]1[H],[H]C1=C([H])C2=C(OC([H])([H])[H])N=[O+]C2=C([H])C1,EDG,OMe,pi-system,0,Benzoisoxazole_H10
Benzoisoxazole_H10_Int1_Sub6,Benzoisoxazole_H10_interpolation_Sub6_v2,Benzoisoxazole_H10_Int2_Sub6,Benzoisoxazole_H10_substrate_Sub6,-1023.113018,-1023.092704,-1023.111927,-438.580733,9.257507500026064,22.004542500016555,9.942110000009734,0.6846024999836686,12.74703499999049,12.06243250000682,-601.91,[H]C1=C([H])C23[O+]=NC2([H])C3=C([H])[C-]1C([H])([H])[H],[H]C1=C2[O+]=NC([H])=C2C([H])=C(C([H])([H])[H])C1,steric,Me,pi-system,0,Benzoisoxazole_H10
Benzoisoxazole_H10_Int1_Sub7,Benzoisoxazole_H10_interpolation_Sub7_v2,Benzoisoxazole_H10_Int2_Sub7,Benzoisoxazole_H10_substrate_Sub7,-1078.413625,-1078.39403,-1078.409693,-493.877136,6.61949750008759,18.915360000075765,9.08682749999329,2.467329999905701,12.295862499988177,9.828532500082474,-524.99,[H]c1c(N([H])C([H])([H])[H])c([H])c2c([H])noc2c1[H],[H]C1=C2[O+]=NC([H])=C2C([H])=C(N([H])C([H])([H])[H])C1,EDG,NHCH3,pi-system,0,Benzoisoxazole_H10
Benzoisoxazole_H11_Int1_Sub10,Benzoisoxazole_H11_interpolation_Sub10_v2,Benzoisoxazole_H11_Int2_Sub10,Benzoisoxazole_H11_substrate_Sub10,-1443.329543,-1443.31354,-1443.334973,-858.800945,11.571099999963224,21.61298249993507,8.163775000005273,-3.4073249999579502,10.041882499971848,13.449207499929798,-325.57,[H]C1=C2C3([H])N=[O+]C23[C-]([H])C([H])=C1Cl,[H][C+]1[c+]2[c+](o[n-][c-]2[H])C[C-]([H])[C-]1Cl,EWG,Cl,pi-system,0,Benzoisoxazole_H11
Benzoisoxazole_H11_Int1_Sub14,Benzoisoxazole_H11_interpolation_Sub14_v2,Benzoisoxazole_H11_Int2_Sub14,Benzoisoxazole_H11_substrate_Sub14,-1023.112706,-1023.095022,-1023.113879,-438.580739,9.457052500021632,20.55376250004116,8.720995000025198,-0.7360574999964342,11.096710000019527,11.832767500015962,-430.86,[H]C1=C2C3([H])N=[O+]C23[C-]([H])C([H])=C1C([H])([H])[H],[H][C+]1[c+]2[c+](o[n-][c-]2[H])C[C-]([H])[C-]1C([H])([H])[H],steric,Me,pi-system,0,Benzoisoxazole_H11
Benzoisoxazole_H11_Int1_Sub15,Benzoisoxazole_H11_interpolation_Sub15_v2,Benzoisoxazole_H11_Int2_Sub15,Benzoisoxazole_H11_substrate_Sub15,-1078.410491,-1078.389971,-1078.408826,-493.875644,7.649852499983041,20.52615250000386,8.69463999998473,1.0447875000016893,12.87630000002082,11.83151250001913,-470.92,[H]c1c(N([H])C([H])([H])[H])c([H])c2c([H])noc2c1[H],[H][C+]1[c+]2[c+](o[n-][c-]2[H])C[C-]([H])[C-]1N([H])C([H])([H])[H],EDG,NHCH3,pi-system,0,Benzoisoxazole_H11
Benzoisoxazole_H11_Int1_Sub17,Benzoisoxazole_H11_interpolation_Sub17_v2,Benzoisoxazole_H11_Int2_Sub17,Benzoisoxazole_H11_substrate_Sub17,-1320.727846,-1320.711191,-1320.733893,-736.200182,12.157185000052948,22.60819749999058,8.362692500002424,-3.794492500050524,10.451012499937631,14.245504999988157,-307.53,[H]c1c([H])c(C(F)(F)F)c2c([H])noc2c1[H],[H][C-]1C[c+]2o[n-][c-]([H])[c+]2[C+](C(F)(F)F)[C-]1[H],EWG,CF3,pi-system,0,Benzoisoxazole_H11
Benzoisoxazole_H11_Int1_Sub22,Benzoisoxazole_H11_interpolation_Sub22_v2,Benzoisoxazole_H11_Int2_Sub22,Benzoisoxazole_H11_substrate_Sub22,-1023.114608,-1023.098578,-1023.115407,-438.582727,9.51101750002806,19.56984250002847,9.009645000009812,-0.501372500018249,10.058825000000413,10.56019750001866,-444.74,[H]C1=C([H])[C-]([H])C23[O+]=NC2([H])C3=C1C([H])([H])[H],[H][C-]1C[c+]2o[n-][c-]([H])[c+]2[C+](C([H])([H])[H])[C-]1[H],steric,Me,pi-system,0,Benzoisoxazole_H11
Benzoisoxazole_H11_Int1_Sub25,Benzoisoxazole_H11_interpolation_Sub25_v2,Benzoisoxazole_H11_Int2_Sub25,Benzoisoxazole_H11_substrate_Sub25,-1320.723021,-1320.707266,-1320.727981,-736.194823,11.822100000042894,21.70836250012229,8.709700000053715,-3.11239999998918,9.886262500079397,12.998662500068576,-354.06,[H]C1=C([H])[C-]([H])C23[O+]=NC2(C(F)(F)F)C3=C1[H],[H][C+]1[c+]2[c+](o[n-][c-]2C(F)(F)F)C[C-]([H])[C-]1[H],EWG,CF3,pi-system,0,Benzoisoxazole_H11
Benzoisoxazole_H11_Int1_Sub31,Benzoisoxazole_H11_interpolation_Sub31_v2,Benzoisoxazole_H11_Int2_Sub31,Benzoisoxazole_H11_substrate_Sub31,-1078.412807,-1078.396441,-1078.414137,-493.881766,10.038117500088362,20.307782499984484,9.203542500055306,-0.8345750000330554,10.269664999896122,11.104239999929176,-440.76,[H]c1c([H])c([H])c2c(N([H])C([H])([H])[H])noc2c1[H],[H]C1=C([H])C([H])=C2C3(C1)[O+]=NC23N([H])C([H])([H])[H],EDG,NHCH3,pi-system,0,Benzoisoxazole_H11
Benzoisoxazole_H11_Int1_Sub32,Benzoisoxazole_H11_interpolation_Sub32_v2,Benzoisoxazole_H11_Int2_Sub32,Benzoisoxazole_H11_substrate_Sub32,-1098.273496,-1098.257174,-1098.276076,-513.743212,10.513134999994804,20.755189999960635,8.894184999944628,-1.6189500000501766,10.24205499996583,11.861005000016007,-418.55,[H]C1=C([H])[C-]([H])C23[O+]=NC2(OC([H])([H])[H])C3=C1[H],[H]C1=C([H])C([H])=C2C(=[O+][N-]C2=[O+]C([H])([H])[H])C1,EDG,OMe,pi-system,0,Benzoisoxazole_H11
Benzoisoxazole_H11_Int1_Sub4,Benzoisoxazole_H11_interpolation_Sub4_v2,Benzoisoxazole_H11_Int2_Sub4,Benzoisoxazole_H11_substrate_Sub4,-1140.871344,-1140.857111,-1140.873033,-556.344113,12.428892500080336,21.36010000000283,11.369044999973994,-1.0598475001063434,8.931207499922493,9.991055000028837,-516.25,[H]C1=C2C3([H])N=[O+]C23[C-]([H])C(C(C([H])([H])[H])(C([H])([H])[H])C([H])([H])[H])=C1[H],[H][C+]1[c+]2[c+](o[n-][c-]2[H])C[C-](C(C([H])([H])[H])(C([H])([H])[H])C([H])([H])[H])[C-]1[H],steric,tBu,pi-system,0,Benzoisoxazole_H11
Benzoisoxazole_H8_Int1_Sub10,Benzoisoxazole_H8_interpolation_Sub10_v2,Benzoisoxazole_H8_Int2_Sub10,Benzoisoxazole_H8_substrate_Sub10,-1443.329297,-1443.309796,-1443.331129,-858.797258,9.411872500064362,21.648750000058783,8.262292500113233,-1.1495799999511291,12.23687749999442,13.38645749994555,-423.2,[H]C1=C([H])[C-]2C3(Cl)N=[O+]C23C([H])=C1[H],[H][C+]1[C-]([H])C[C+]2C3(Cl)[N-]OC23[C-]1[H],EWG,Cl,pi-system,0,Benzoisoxazole_H8
Benzoisoxazole_H8_Int1_Sub22,Benzoisoxazole_H8_interpolation_Sub22_v2,Benzoisoxazole_H8_Int2_Sub22,Benzoisoxazole_H8_substrate_Sub22,-1023.106472,-1023.093809,-1023.116485,-438.581721,13.985092500003589,21.93112500005924,7.701935000029891,-6.283157499973697,7.946032500055651,14.229190000029348,-484.81,[H]C1=C([H])[C-]2C3([H])N=[O+]C23C([H])=C1C([H])([H])[H],[H][C-]1C[c+]2[c+](o[n-][c-]2[H])[C-]([H])[C+]1C([H])([H])[H],steric,Me,pi-system,0,Benzoisoxazole_H8
Benzoisoxazole_H8_Int1_Sub23,Benzoisoxazole_H8_interpolation_Sub23_v2,Benzoisoxazole_H8_Int2_Sub23,Benzoisoxazole_H8_substrate_Sub23,-1078.409726,-1078.393236,-1078.416044,-493.881294,11.675264999985586,22.022740000113288,7.710720000007711,-3.964544999977875,10.347475000127702,14.312020000105576,-531.61,[H]C1=C([H])[C-]2C3([H])N=[O+]C23C([H])=C1N([H])C([H])([H])[H],[H][C-]1C[c+]2[c+](o[n-][c-]2[H])[C-]([H])[C+]1N([H])C([H])([H])[H],EDG,NHCH3,pi-system,0,Benzoisoxazole_H8
Benzoisoxazole_H8_Int1_Sub25,Benzoisoxazole_H8_interpolation_Sub25_v2,Benzoisoxazole_H8_Int2_Sub25,Benzoisoxazole_H8_substrate_Sub25,-1320.718846,-1320.70738,-1320.733492,-736.198409,16.692127500017477,23.88704249997204,7.50176249996457,-9.190365000052909,7.1949149999545625,16.38528000000747,-383.35,[H]c1c([H])c([H])c2c([H])noc2c1C(F)(F)F,[H][C+]1[C-]([H])C[c+]2[c+](o[n-][c-]2[H])[C-]1C(F)(F)F,EWG,CF3,pi-system,0,Benzoisoxazole_H8
Benzoisoxazole_H8_Int1_Sub27,Benzoisoxazole_H8_interpolation_Sub27_v2,Benzoisoxazole_H8_Int2_Sub27,Benzoisoxazole_H8_substrate_Sub27,-1218.202438,-1218.189853,-1218.210756,-633.677222,13.693305000026896,21.590392499992102,8.473760000078698,-5.219544999948198,7.89708749996521,13.116632499913408,-502.37,[H]C1=C([H])[C-]2C3([H])N=[O+]C23C(C2([H])C([H])([H])C([H])([H])C([H])([H])C([H])([H])C2([H])[H])=C1[H],[H][C+]1[C-]([H])C[c+]2[c+](o[n-][c-]2[H])[C-]1C1([H])C([H])([H])C([H])([H])C([H])([H])C([H])([H])C1([H])[H],steric,Cy,pi-system,0,Benzoisoxazole_H8
Benzoisoxazole_H8_Int1_Sub28,Benzoisoxazole_H8_interpolation_Sub28_v2,Benzoisoxazole_H8_Int2_Sub28,Benzoisoxazole_H8_substrate_Sub28,-1140.869044,-1140.856696,-1140.877951,-556.344025,13.816922500000146,21.56529249998414,8.227780000057692,-5.589142499942454,7.748369999983993,13.337512499926447,-491.44,[H]c1c([H])c([H])c2c([H])noc2c1C(C([H])([H])[H])(C([H])([H])[H])C([H])([H])[H],[H][C+]1[C-]([H])C[c+]2[c+](o[n-][c-]2[H])[C-]1C(C([H])([H])[H])(C([H])([H])[H])C([H])([H])[H],steric,tBu,pi-system,0,Benzoisoxazole_H8
Benzoisoxazole_H8_Int1_Sub29,Benzoisoxazole_H8_interpolation_Sub29_v2,Benzoisoxazole_H8_Int2_Sub29,Benzoisoxazole_H8_substrate_Sub29,-1101.615741,-1101.604335,-1101.624372,-517.089482,13.038822499967182,20.1960875000168,7.622870000015496,-5.415952499951686,7.15726500004962,12.573217500001306,-589.96,[H]C1=C([H])[C-]2C3([H])N=[O+]C23C(C([H])(C([H])([H])[H])C([H])([H])[H])=C1[H],[H][C+]1[C-]([H])C[c+]2[c+](o[n-][c-]2[H])[C-]1C([H])(C([H])([H])[H])C([H])([H])[H],steric,iPr,pi-system,0,Benzoisoxazole_H8
Benzoisoxazole_H8_Int1_Sub2,Benzoisoxazole_H8_interpolation_Sub2_v2,Benzoisoxazole_H8_Int2_Sub2,Benzoisoxazole_H8_substrate_Sub2,-1443.322635,-1443.31316,-1443.335695,-858.800951,15.909635000066942,21.85519750010826,7.714485000069544,-8.195149999997398,5.945562500041319,14.140712500038717,-204.34,[H]c1c(Cl)c([H])c2c([H])noc2c1[H],[H][C+]1[C-](Cl)C[c+]2[c+](o[n-][c-]2[H])[C-]1[H],EWG,Cl,pi-system,0,Benzoisoxazole_H8
Benzoisoxazole_H8_Int1_Sub30,Benzoisoxazole_H8_interpolation_Sub30_v2,Benzoisoxazole_H8_Int2_Sub30,Benzoisoxazole_H8_substrate_Sub30,-1023.107929,-1023.096959,-1023.116906,-438.582603,13.62428000002282,20.507955000049805,7.99121250004859,-5.633067499974231,6.883675000026983,12.516742500001214,-576.5,[H]c1c([H])c([H])c2c([H])noc2c1C([H])([H])[H],[H][C+]1[C-]([H])C[c+]2[c+](o[n-][c-]2[H])[C-]1C([H])([H])[H],steric,Me,pi-system,0,Benzoisoxazole_H8
Benzoisoxazole_H8_Int1_Sub31,Benzoisoxazole_H8_interpolation_Sub31_v2,Benzoisoxazole_H8_Int2_Sub31,Benzoisoxazole_H8_substrate_Sub31,-1078.419193,-1078.39951,-1078.4115,-493.878412,3.926267500074516,16.27735000006595,8.753625000085492,4.827357500010976,12.351082499991437,7.523724999980459,-692.79,[H]C1=C([H])C(=[N+]([H])C([H])([H])[H])C23O[N-]C2([H])C3=C1[H],[H][C+]1[C-]([H])C[C+]2C3([H])[N-]OC23[C-]1N([H])C([H])([H])[H],EDG,NHCH3,pi-system,0,Benzoisoxazole_H8
Benzoisoxazole_H8_Int1_Sub32,Benzoisoxazole_H8_interpolation_Sub32_v2,Benzoisoxazole_H8_Int2_Sub32,Benzoisoxazole_H8_substrate_Sub32,-1098.268528,-1098.249565,-1098.266469,-513.733113,7.293432499991184,19.192714999981888,8.58545500008205,1.2920225000908658,11.899282499990704,10.607259999899838,-574.47,[H]c1c([H])c([H])c2c([H])noc2c1OC([H])([H])[H],[H]C1=C([H])C(=[O+]C([H])([H])[H])c2[o+][n-]c([H])c2C1,EDG,OMe,pi-system,0,Benzoisoxazole_H8
Benzoisoxazole_H8_Int1_Sub6,Benzoisoxazole_H8_interpolation_Sub6_v2,Benzoisoxazole_H8_Int2_Sub6,Benzoisoxazole_H8_substrate_Sub6,-1023.106781,-1023.094929,-1023.114502,-438.580733,13.171225000060929,20.608355000046004,8.326297500022974,-4.844927500037954,7.437129999985075,12.28205750002303,-404.86,[H]c1c(C([H])([H])[H])c([H])c2c([H])noc2c1[H],[H][C+]1[C-]([H])[c+]2o[n-][c-]([H])[c+]2C[C-]1C([H])([H])[H],steric,Me,pi-system,0,Benzoisoxazole_H8
Benzoisoxazole_H9_Int1_Sub10,Benzoisoxazole_H9_interpolation_Sub10_v2,Benzoisoxazole_H9_Int2_Sub10,Benzoisoxazole_H9_substrate_Sub10,-1443.331243,-1443.314659,-1443.332425,-858.801418,10.801157499981002,21.20761750010245,10.059452499998828,-0.7417049999821757,10.406460000121456,11.148165000103631,-476.8,[H]c1c(Cl)c([H])c2onc([H])c2c1[H],[H]C1=N[O+]=C2C([H])=C(Cl)CC([H])=C12,EWG,Cl,pi-system,0,Benzoisoxazole_H9
Benzoisoxazole_H9_Int1_Sub14,Benzoisoxazole_H9_interpolation_Sub14_v2,Benzoisoxazole_H9_Int2_Sub14,Benzoisoxazole_H9_substrate_Sub14,-1023.117024,-1023.095846,-1023.111778,-438.581722,7.364340000026175,20.65353500000328,10.656205000061618,3.2918650000354432,13.2891949999771,9.997329999941655,-670.35,[H]c1c(C([H])([H])[H])c([H])c2onc([H])c2c1[H],[H]C1=N[O+]=C2C([H])=C(C([H])([H])[H])CC([H])=C12,steric,Me,pi-system,0,Benzoisoxazole_H9
Benzoisoxazole_H9_Int1_Sub17,Benzoisoxazole_H9_interpolation_Sub17_v2,Benzoisoxazole_H9_Int2_Sub17,Benzoisoxazole_H9_substrate_Sub17,-1320.728154,-1320.709418,-1320.730287,-736.198397,10.843827500087286,22.60066750008093,9.50536999997098,-1.3384575001163057,11.756839999993645,13.09529750010995,-670.93,[H]c1c([H])c([H])c2c([H])noc2c1C(F)(F)F,[H]C1=N[O+]=C2C1=C([H])CC([H])=C2C(F)(F)F,EWG,CF3,pi-system,0,Benzoisoxazole_H9
Benzoisoxazole_H9_Int1_Sub19,Benzoisoxazole_H9_interpolation_Sub19_v2,Benzoisoxazole_H9_Int2_Sub19,Benzoisoxazole_H9_substrate_Sub19,-1218.212247,-1218.189826,-1218.208632,-633.677225,7.540040000081944,21.60921750001592,9.808452499990494,2.2684124999085498,14.069177499933971,11.800765000025422,-778.57,[H]c1c([H])c([H])c2c([H])noc2c1C1([H])C([H])([H])C([H])([H])C([H])([H])C([H])([H])C1([H])[H],[H]C1=N[O+]=C2C1=C([H])CC([H])=C2C1([H])C([H])([H])C([H])([H])C([H])([H])C([H])([H])C1([H])[H],steric,Cy,pi-system,0,Benzoisoxazole_H9
Benzoisoxazole_H9_Int1_Sub20,Benzoisoxazole_H9_interpolation_Sub20_v2,Benzoisoxazole_H9_Int2_Sub20,Benzoisoxazole_H9_substrate_Sub20,-1140.878897,-1140.856965,-1140.875814,-556.344025,7.634164999986979,21.39649500005362,9.568747500024983,1.9345825000380048,13.76233000006664,11.827747500028636,-768.7,[H]c1c([H])c([H])c2c([H])noc2c1C(C([H])([H])[H])(C([H])([H])[H])C([H])([H])[H],[H]C1=N[O+]=C2C1=C([H])CC([H])=C2C(C([H])([H])[H])(C([H])([H])[H])C([H])([H])[H],steric,tBu,pi-system,0,Benzoisoxazole_H9
Benzoisoxazole_H9_Int1_Sub23,Benzoisoxazole_H9_interpolation_Sub23_v2,Benzoisoxazole_H9_Int2_Sub23,Benzoisoxazole_H9_substrate_Sub23,-1078.419191,-1078.391333,-1078.410234,-493.878431,3.939445000041246,21.420339999993416,9.559962500047163,5.620517500005917,17.48089499995217,11.860377499946251,-786.36,[H]C1=C([H])C(=[N+]([H])C([H])([H])[H])C23O[N-]C2([H])C3=C1[H],[H]C1=C(N([H])C([H])([H])[H])C23[O+]=NC2([H])C3=C([H])C1,EDG,NHCH3,pi-system,0,Benzoisoxazole_H9
Benzoisoxazole_H9_Int1_Sub25,Benzoisoxazole_H9_interpolation_Sub25_v2,Benzoisoxazole_H9_Int2_Sub25,Benzoisoxazole_H9_substrate_Sub25,-1320.726064,-1320.705312,-1320.726494,-736.194825,9.913872500081029,22.93575250001965,9.644047500048885,-0.2698250000321422,13.02187999993862,13.29170499997076,-674.3,[H]C1=C([H])C23[O+]=NC2(C(F)(F)F)C3=C([H])[C-]1[H],[H]C1=C([H])C2=[O+]N=C(C(F)(F)F)C2=C([H])C1,EWG,CF3,pi-system,0,Benzoisoxazole_H9
Benzoisoxazole_H9_Int1_Sub26,Benzoisoxazole_H9_interpolation_Sub26_v2,Benzoisoxazole_H9_Int2_Sub26,Benzoisoxazole_H9_substrate_Sub26,-1443.329297,-1443.308682,-1443.329279,-858.797261,9.41375500005961,22.34966750000126,9.425050000031092,0.0112949999714828,12.93591249994165,12.924617499970168,-693.86,[H]C1=C([H])C23[O+]=NC2(Cl)C3=C([H])[C-]1[H],[H]C1=C([H])C23[O+]=NC2(Cl)C3=C([H])C1,EWG,Cl,pi-system,0,Benzoisoxazole_H9
Benzoisoxazole_H9_Int1_Sub27,Benzoisoxazole_H9_interpolation_Sub27_v2,Benzoisoxazole_H9_Int2_Sub27,Benzoisoxazole_H9_substrate_Sub27,-1218.21658,-1218.194369,-1218.213353,-633.681871,7.736447500014094,21.67384999999541,9.76138999996664,2.0249424999525445,13.937402499981316,11.912460000028773,-772.37,[H]c1c([H])c([H])c2c(C3([H])C([H])([H])C([H])([H])C([H])([H])C([H])([H])C3([H])[H])noc2c1[H],[H]C1=C([H])C2=[O+]N=C(C3([H])C([H])([H])C([H])([H])C([H])([H])C([H])([H])C3([H])[H])C2=C([H])C1,steric,Cy,pi-system,0,Benzoisoxazole_H9
Benzoisoxazole_H9_Int1_Sub28,Benzoisoxazole_H9_interpolation_Sub28_v2,Benzoisoxazole_H9_Int2_Sub28,Benzoisoxazole_H9_substrate_Sub28,-1140.884881,-1140.862991,-1140.881936,-556.350239,7.778490000050624,21.514465000041127,9.626477500021906,1.847987499971282,13.735974999990503,11.88798750001922,-766.49,[H]c1c([H])c([H])c2c(C(C([H])([H])[H])(C([H])([H])[H])C([H])([H])[H])noc2c1[H],[H]C1=C([H])C2=[O+]N=C(C(C([H])([H])[H])(C([H])([H])[H])C([H])([H])[H])C2=C([H])C1,steric,tBu,pi-system,0,Benzoisoxazole_H9
Benzoisoxazole_H9_Int1_Sub29,Benzoisoxazole_H9_interpolation_Sub29_v2,Benzoisoxazole_H9_Int2_Sub29,Benzoisoxazole_H9_substrate_Sub29,-1101.629876,-1101.607937,-1101.626928,-517.095165,7.735192500017263,21.501915000001475,9.58506250005513,1.849870000037868,13.766722499984212,11.916852499946344,-762.84,[H]c1c([H])c([H])c2c(C([H])(C([H])([H])[H])C([H])([H])[H])noc2c1[H],[H]C1=C([H])C2=[O+]N=C(C([H])(C([H])([H])[H])C([H])([H])[H])C2=C([H])C1,steric,iPr,pi-system,0,Benzoisoxazole_H9
Benzoisoxazole_H9_Int1_Sub30,Benzoisoxazole_H9_interpolation_Sub30_v2,Benzoisoxazole_H9_Int2_Sub30,Benzoisoxazole_H9_substrate_Sub30,-1023.119813,-1023.099469,-1023.118262,-438.586562,8.651342500022707,21.417202500037007,9.624595000062328,0.9732525000396208,12.7658600000143,11.79260749997468,-745.9,[H]c1c([H])c([H])c2c(C([H])([H])[H])noc2c1[H],[H]C1=C([H])C2=[O+]N=C(C([H])([H])[H])C2=C([H])C1,steric,Me,pi-system,0,Benzoisoxazole_H9
Benzoisoxazole_H9_Int1_Sub31,Benzoisoxazole_H9_interpolation_Sub31_v2,Benzoisoxazole_H9_Int2_Sub31,Benzoisoxazole_H9_substrate_Sub31,-1078.416884,-1078.39554,-1078.413102,-493.881767,7.480427500054105,20.873787500053567,9.853632500054772,2.3732050000006666,13.39335999999946,11.020154999998796,-741.8,[H]c1c([H])c([H])c2c(N([H])C([H])([H])[H])noc2c1[H],[H]C1=C([H])C2=[O+]N=C(N([H])C([H])([H])[H])C2=C([H])C1,EDG,NHCH3,pi-system,0,Benzoisoxazole_H9
Benzoisoxazole_H9_Int1_Sub32,Benzoisoxazole_H9_interpolation_Sub32_v2,Benzoisoxazole_H9_Int2_Sub32,Benzoisoxazole_H9_substrate_Sub32,-1098.275672,-1098.255883,-1098.274694,-513.743212,9.14769500001796,21.56529249998414,9.761390000037975,0.6136950000200159,12.417597499966178,11.803902499946162,-734.46,[H]c1c([H])c([H])c2c(OC([H])([H])[H])noc2c1[H],[H]C1=C([H])C2=[O+][N-]C(=[O+]C([H])([H])[H])C2=C([H])C1,EDG,OMe,pi-system,0,Benzoisoxazole_H9
Benzoisoxazole_H9_Int1_Sub3,Benzoisoxazole_H9_interpolation_Sub3_v2,Benzoisoxazole_H9_Int2_Sub3,Benzoisoxazole_H9_substrate_Sub3,-1218.212004,-1218.192927,-1218.208544,-633.677629,7.946032500055651,19.916850000008424,10.11718249999575,2.1711499999400985,11.970817499952773,9.799667500012674,-484.94,[H]c1c([H])c(C2([H])C([H])([H])C([H])([H])C([H])([H])C([H])([H])C2([H])[H])c2c([H])noc2c1[H],[H]C1=N[O+]=C2C([H])=C([H])CC(C3([H])C([H])([H])C([H])([H])C([H])([H])C([H])([H])C3([H])[H])=C12,steric,Cy,pi-system,0,Benzoisoxazole_H9
Benzoisoxazole_H9_Int1_Sub4,Benzoisoxazole_H9_interpolation_Sub4_v2,Benzoisoxazole_H9_Int2_Sub4,Benzoisoxazole_H9_substrate_Sub4,-1140.87558,-1140.854769,-1140.867226,-556.343755,9.546157500082018,22.605059999998502,14.78829249997318,5.242134999891164,13.058902499916485,7.816767500025321,-993.35,[H]c1c([H])c(C(C([H])([H])[H])(C([H])([H])[H])C([H])([H])[H])c2c([H])noc2c1[H],[H]C1=C([H])C23[O+]=NC2([H])C3=C(C(C([H])([H])[H])(C([H])([H])[H])C([H])([H])[H])C1,steric,tBu,pi-system,0,Benzoisoxazole_H9
Benzoisoxazole_H9_Int1_Sub9,Benzoisoxazole_H9_interpolation_Sub9_v2,Benzoisoxazole_H9_Int2_Sub9,Benzoisoxazole_H9_substrate_Sub9,-1320.729861,-1320.710507,-1320.728835,-736.200704,11.220327499992775,23.364962500006072,11.864142500079424,0.6438150000866472,12.144635000013295,11.500819999926648,-431.18,[H]c1c(C(F)(F)F)c([H])c2onc([H])c2c1[H],[H]C1=N[O+]=C2C([H])=C(C(F)(F)F)CC([H])=C12,EWG,CF3,pi-system,0,Benzoisoxazole_H9
Benzooxazole_H10_Int1_Sub10,Benzooxazole_H10_interpolation_Sub10_v2,Benzooxazole_H10_Int2_Sub10,Benzooxazole_H10_substrate_Sub10,-1443.366445,-1443.352334,-1443.370424,-858.838934,12.25319249995323,21.107845000069005,9.756370000050651,-2.496822499902578,8.854652500115776,11.351475000018354,-389.34,[H]C1=C(Cl)C2=[O+]C3([H])[N-]C23C([H])=C1[H],[H][C+]1C[C-](Cl)[C-]2OC3([H])[N-]C23[C+]1[H],EWG,Cl,pi-system,0,Benzooxazole_H10
Benzooxazole_H10_Int1_Sub14,Benzooxazole_H10_interpolation_Sub14_v2,Benzooxazole_H10_Int2_Sub14,Benzooxazole_H10_substrate_Sub14,-1023.154075,-1023.136813,-1023.153012,-438.622399,9.639654999988636,20.471560000034685,10.306687500016665,0.6670325000280286,10.83190500004605,10.16487250001802,-615.94,[H]C1=C(C([H])([H])[H])C2=[O+]C3([H])[N-]C23C([H])=C1[H],[H][C+]1C[C-](C([H])([H])[H])[C-]2OC3([H])[N-]C23[C+]1[H],steric,Me,pi-system,0,Benzooxazole_H10
Benzooxazole_H10_Int1_Sub17,Benzooxazole_H10_interpolation_Sub17_v2,Benzooxazole_H10_Int2_Sub17,Benzooxazole_H10_substrate_Sub17,-1320.766884,-1320.750815,-1320.772401,-736.24006,12.68428500007758,22.767582499944865,9.222367500043449,-3.461917500034133,10.083297499867284,13.545214999901418,-605.03,[H]C1=C([H])C([H])=C(C(F)(F)F)C23[N-]C2([H])[O+]=C13,[H][C+]1C[C-]([H])[C-]2OC3([H])[N-]C23[C+]1C(F)(F)F,EWG,CF3,pi-system,0,Benzooxazole_H10
Benzooxazole_H10_Int1_Sub18,Benzooxazole_H10_interpolation_Sub18_v2,Benzooxazole_H10_Int2_Sub18,Benzooxazole_H10_substrate_Sub18,-1443.368974,-1443.351922,-1443.373326,-858.840658,11.748055000015825,22.448184999966543,9.01717500006214,-2.730879999953686,10.700129999950718,13.431009999904404,-616.02,[H]C1=C([H])C([H])=C(Cl)C23[N-]C2([H])[O+]=C13,[H][C+]1C[C-]([H])[C-]2OC3([H])[N-]C23[C+]1Cl,EWG,Cl,pi-system,0,Benzooxazole_H10
Benzooxazole_H10_Int1_Sub21,Benzooxazole_H10_interpolation_Sub21_v2,Benzooxazole_H10_Int2_Sub21,Benzooxazole_H10_substrate_Sub21,-1101.662604,-1101.643064,-1101.662738,-517.130506,9.37484999994382,21.63619999994779,9.290765000013437,-0.0840849999303827,12.261350000003972,12.345434999934357,-705.84,[H]C1=C([H])C([H])=C(C([H])(C([H])([H])[H])C([H])([H])[H])C23[N-]C2([H])[O+]=C13,[H][C+]1C[C-]([H])[C-]2OC3([H])[N-]C23[C+]1C([H])(C([H])([H])[H])C([H])([H])[H],steric,iPr,pi-system,0,Benzooxazole_H10
Benzooxazole_H10_Int1_Sub22,Benzooxazole_H10_interpolation_Sub22_v2,Benzooxazole_H10_Int2_Sub22,Benzooxazole_H10_substrate_Sub22,-1023.153906,-1023.135251,-1023.154785,-438.622499,9.808452500026164,21.51446500000546,9.25688000006332,-0.5515724999628446,11.706012499979296,12.25758499994214,-682.41,[H]C1=C([H])C([H])=C(C([H])([H])[H])C23[N-]C2([H])[O+]=C13,[H][C+]1C[C-]([H])[C-]2OC3([H])[N-]C23[C+]1C([H])([H])[H],steric,Me,pi-system,0,Benzooxazole_H10
Benzooxazole_H10_Int1_Sub24,Benzooxazole_H10_interpolation_Sub24_v2,Benzooxazole_H10_Int2_Sub24,Benzooxazole_H10_substrate_Sub24,-1098.30911,-1098.28749,-1098.308054,-513.775921,8.690247500102828,22.256797500093057,9.35288749999927,0.6626399998964416,13.56654999999023,12.903910000093788,-666.03,[H]C1=C([H])C([H])=C(OC([H])([H])[H])C23[N-]C2([H])[O+]=C13,[H][C+]1C[C-]([H])[C-]2OC3([H])[N-]C23[C+]1OC([H])([H])[H],EDG,OMe,pi-system,0,Benzooxazole_H10
Benzooxazole_H10_Int1_Sub25,Benzooxazole_H10_interpolation_Sub25_v2,Benzooxazole_H10_Int2_Sub25,Benzooxazole_H10_substrate_Sub25,-1320.759857,-1320.742776,-1320.764484,-736.232353,12.257585000013478,22.97591249998959,9.3541424999961,-2.903442500017377,10.718327499976112,13.62176999999349,-620.26,[H]C1=C([H])C([H])=C([H])C23[N-]C2(C(F)(F)F)[O+]=C13,[H][C+]1C[C-]([H])[C-]2OC3(C(F)(F)F)[N-]C23[C+]1[H],EWG,CF3,pi-system,0,Benzooxazole_H10
Benzooxazole_H10_Int1_Sub26,Benzooxazole_H10_interpolation_Sub26_v2,Benzooxazole_H10_Int2_Sub26,Benzooxazole_H10_substrate_Sub26,-1443.365961,-1443.349016,-1443.369309,-858.837155,11.44058000007874,22.07356750012764,9.339710000103878,-2.100869999974861,10.632987500048898,12.73385750002376,-660.68,[H]C1=C([H])C([H])=C([H])C23[N-]C2(Cl)[O+]=C13,[H][C+]1C[C-]([H])[C-]2OC3(Cl)[N-]C23[C+]1[H],EWG,Cl,pi-system,0,Benzooxazole_H10
Benzooxazole_H10_Int1_Sub27,Benzooxazole_H10_interpolation_Sub27_v2,Benzooxazole_H10_Int2_Sub27,Benzooxazole_H10_substrate_Sub27,-1218.257043,-1218.238279,-1218.256906,-633.725862,9.950267499989138,21.7246775000811,10.036234999986108,0.0859674999969684,11.774410000091962,11.688442500094991,-705.14,[H]c1c([H])c([H])c2oc(C3([H])C([H])([H])C([H])([H])C([H])([H])C([H])([H])C3([H])[H])nc2c1[H],[H]C1=C([H])C2=NC(C3([H])C([H])([H])C([H])([H])C([H])([H])C([H])([H])C3([H])[H])=[O+]C2=C([H])C1,steric,Cy,pi-system,0,Benzooxazole_H10
Benzooxazole_H10_Int1_Sub2,Benzooxazole_H10_interpolation_Sub2_v2,Benzooxazole_H10_Int2_Sub2,Benzooxazole_H10_substrate_Sub2,-1443.370465,-1443.354491,-1443.372675,-858.841376,11.262997500027724,21.286682499974177,9.876222499962068,-1.3867750000656542,10.023684999946454,11.410460000012108,-413.69,[H]C1=C([H])C(Cl)=C([H])C23[N-]C2([H])[O+]=C13,[H][C+]1[C+](Cl)C[C-]([H])[C-]2OC3([H])[N-]C123,EWG,Cl,pi-system,0,Benzooxazole_H10
Benzooxazole_H10_Int1_Sub30,Benzooxazole_H10_interpolation_Sub30_v2,Benzooxazole_H10_Int2_Sub30,Benzooxazole_H10_substrate_Sub30,-1023.161391,-1023.143669,-1023.162403,-438.630395,10.066355000052738,21.186910000012062,9.43132500001525,-0.6350300000374887,11.120554999959325,11.755584999996811,-698.15,[H]C1=C([H])C([H])=C([H])C23[N-]C2(C([H])([H])[H])[O+]=C13,[H][C+]1C[C-]([H])[C-]2OC3(C([H])([H])[H])[N-]C23[C+]1[H],steric,Me,pi-system,0,Benzooxazole_H10
Benzooxazole_H10_Int1_Sub3,Benzooxazole_H10_interpolation_Sub3_v2,Benzooxazole_H10_Int2_Sub3,Benzooxazole_H10_substrate_Sub3,-1218.248078,-1218.231145,-1218.247555,-633.716166,9.491565000005837,20.117022500073745,9.819747500104654,0.3281825000988192,10.62545750006791,10.29727499996909,-526.07,[H]C1=C([H])C(C2([H])C([H])([H])C([H])([H])C([H])([H])C([H])([H])C2([H])[H])=C([H])C23[N-]C2([H])[O+]=C13,[H][C+]1[C+](C2([H])C([H])([H])C([H])([H])C([H])([H])C([H])([H])C2([H])[H])C[C-]([H])[C-]2OC3([H])[N-]C123,steric,Cy,pi-system,0,Benzooxazole_H10
Benzooxazole_H10_Int1_Sub5,Benzooxazole_H10_interpolation_Sub5_v2,Benzooxazole_H10_Int2_Sub5,Benzooxazole_H10_substrate_Sub5,-1101.660983,-1101.644129,-1101.660276,-517.129355,9.669775000055267,20.24566000003432,10.113417500005257,0.4436424999499877,10.575884999979053,10.132242500029063,-557.26,[H]C1=C([H])C(C([H])(C([H])([H])[H])C([H])([H])[H])=C([H])C23[N-]C2([H])[O+]=C13,[H][C+]1[C+](C([H])(C([H])([H])[H])C([H])([H])[H])C[C-]([H])[C-]2OC3([H])[N-]C123,steric,iPr,pi-system,0,Benzooxazole_H10
Benzooxazole_H10_Int1_Sub6,Benzooxazole_H10_interpolation_Sub6_v2,Benzooxazole_H10_Int2_Sub6,Benzooxazole_H10_substrate_Sub6,-1023.15327,-1023.134795,-1023.151712,-438.620425,8.906107500021534,20.49917000000065,9.883752500050065,0.9776450000285308,11.593062499979112,10.61541749995058,-632.56,[H]C1=C([H])C(C([H])([H])[H])=C([H])C23[N-]C2([H])[O+]=C13,[H][C+]1[C+](C([H])([H])[H])C[C-]([H])[C-]2OC3([H])[N-]C123,steric,Me,pi-system,0,Benzooxazole_H10
Cyclopentadiene_H5_Int1_Sub10,Cyclopentadiene_H5_interpolation_Sub10_v2,Cyclopentadiene_H5_Int2_Sub10,Cyclopentadiene_H5_substrate_Sub10,-1237.908025,-1237.890369,-1237.901684,-653.366011,3.152560000030462,14.231700000023013,7.131537500043237,3.978977500012775,11.079139999992549,7.100162499979774,-308.68,[H]C1=C([H])C([H])([H])C([H])=C1Cl,[H][C+]1[C+](Cl)CC([H])([H])[C-]1[H],EWG,Cl,pi-system,0,Cyclopentadiene_H5
Cyclopentadiene_H5_Int1_Sub13,Cyclopentadiene_H5_interpolation_Sub13_v2,Cyclopentadiene_H5_Int2_Sub13,Cyclopentadiene_H5_substrate_Sub13,-896.205338,-896.180967,-896.18936,-311.653798,-2.825004999965728,12.46779750001778,7.201190000045727,10.026195000011455,15.292802499983509,5.266607499972054,-583.68,[H]C1=C([H])C([H])([H])C([H])=C1C([H])(C([H])([H])[H])C([H])([H])[H],[H][C+]1[C+](C([H])(C([H])([H])[H])C([H])([H])[H])CC([H])([H])[C-]1[H],steric,iPr,pi-system,0,Cyclopentadiene_H5
Cyclopentadiene_H5_Int1_Sub14,Cyclopentadiene_H5_interpolation_Sub14_v2,Cyclopentadiene_H5_Int2_Sub14,Cyclopentadiene_H5_substrate_Sub14,-817.694953,-817.671853,-817.680093,-233.144343,-2.241430000012344,12.253819999987314,7.083219999986881,9.324649999999224,14.495249999999658,5.170600000000434,-573.71,[H]C1=C([H])C([H])([H])C([H])=C1C([H])([H])[H],[H][C+]1[C+](C([H])([H])[H])CC([H])([H])[C-]1[H],steric,Me,pi-system,0,Cyclopentadiene_H5
Cyclopentadiene_H5_Int1_Sub18,Cyclopentadiene_H5_interpolation_Sub18_v2,Cyclopentadiene_H5_Int2_Sub18,Cyclopentadiene_H5_substrate_Sub18,-1237.915297,-1237.889055,-1237.901178,-653.365676,-1.6208324999740853,14.846022499970104,7.2388399999863395,8.859672499960425,16.46685499994419,7.607182499983764,-696.18,[H]C1=C([H])C([H])([H])C(Cl)=C1[H],[H][C+]1CC([H])([H])[C-](Cl)[C+]1[H],EWG,Cl,pi-system,0,Cyclopentadiene_H5
Cyclopentadiene_H5_Int1_Sub19,Cyclopentadiene_H5_interpolation_Sub19_v2,Cyclopentadiene_H5_Int2_Sub19,Cyclopentadiene_H5_substrate_Sub19,-1012.792202,-1012.764998,-1012.774482,-428.240396,-2.991919999972339,14.078590000017217,8.127379999990154,11.119299999962491,17.070509999989554,5.951210000027061,-746.02,[H]C1=C([H])C([H])([H])C(C2([H])C([H])([H])C([H])([H])C([H])([H])C([H])([H])C2([H])[H])=C1[H],[H][C+]1CC([H])([H])[C-](C2([H])C([H])([H])C([H])([H])C([H])([H])C([H])([H])C2([H])[H])[C+]1[H],steric,Cy,pi-system,0,Cyclopentadiene_H5
Cyclopentadiene_H5_Int1_Sub20,Cyclopentadiene_H5_interpolation_Sub20_v2,Cyclopentadiene_H5_Int2_Sub20,Cyclopentadiene_H5_substrate_Sub20,-935.460881,-935.433616,-935.443414,-350.908557,-3.316964999972072,13.79182249999218,7.643577500034553,10.960542500006625,17.10878749996425,6.148244999957626,-738.69,[H]C1=C([H])C([H])([H])C(C(C([H])([H])[H])(C([H])([H])[H])C([H])([H])[H])=C1[H],[H][C+]1CC([H])([H])[C-](C(C([H])([H])[H])(C([H])([H])[H])C([H])([H])[H])[C+]1[H],steric,tBu,pi-system,0,Cyclopentadiene_H5
Cyclopentadiene_H5_Int1_Sub22,Cyclopentadiene_H5_interpolation_Sub22_v2,Cyclopentadiene_H5_Int2_Sub22,Cyclopentadiene_H5_substrate_Sub22,-817.697102,-817.670207,-817.67957,-233.144197,-3.681542499961168,13.19507000001856,7.319787500013817,11.001329999974985,16.87661249997973,5.875282500004744,-733.43,[H]C1=C([H])C([H])([H])C(C([H])([H])[H])=C1[H],[H][C+]1CC([H])([H])[C-](C([H])([H])[H])[C+]1[H],steric,Me,pi-system,0,Cyclopentadiene_H5
Cyclopentadiene_H5_Int1_Sub25,Cyclopentadiene_H5_interpolation_Sub25_v2,Cyclopentadiene_H5_Int2_Sub25,Cyclopentadiene_H5_substrate_Sub25,-1115.313858,-1115.286575,-1115.302264,-530.767755,0.5867125000168016,17.706794999952535,7.86194750005393,7.275235000037128,17.120082499935734,9.844847499898606,-581.12,[H]C1=C([H])C([H])([H])C([H])=C1C(F)(F)F,[H][C+]1CC([H])([H])[C-]([H])[C+]1C(F)(F)F,EWG,CF3,pi-system,0,Cyclopentadiene_H5
Cyclopentadiene_H5_Int1_Sub27,Cyclopentadiene_H5_interpolation_Sub27_v2,Cyclopentadiene_H5_Int2_Sub27,Cyclopentadiene_H5_substrate_Sub27,-1012.79221,-1012.762935,-1012.775095,-428.24085,-2.712054999929876,15.658007500060194,8.02760750006371,10.739662499993583,18.37006249999007,7.630399999996484,-694.62,[H]C1=C([H])C([H])([H])C([H])=C1C1([H])C([H])([H])C([H])([H])C([H])([H])C([H])([H])C1([H])[H],[H][C+]1CC([H])([H])[C-]([H])[C+]1C1([H])C([H])([H])C([H])([H])C([H])([H])C([H])([H])C1([H])[H],steric,Cy,pi-system,0,Cyclopentadiene_H5
Cyclopentadiene_H5_Int1_Sub28,Cyclopentadiene_H5_interpolation_Sub28_v2,Cyclopentadiene_H5_Int2_Sub28,Cyclopentadiene_H5_substrate_Sub28,-935.461379,-935.432015,-935.444421,-350.909452,-3.067847499958986,15.35806250003276,7.573297499997977,10.641144999956964,18.425909999991745,7.784765000034781,-694.09,[H]C1=C([H])C([H])([H])C([H])=C1C(C([H])([H])[H])(C([H])([H])[H])C([H])([H])[H],[H][C+]1CC([H])([H])[C-]([H])[C+]1C(C([H])([H])[H])(C([H])([H])[H])C([H])([H])[H],steric,tBu,pi-system,0,Cyclopentadiene_H5
Cyclopentadiene_H5_Int1_Sub29,Cyclopentadiene_H5_interpolation_Sub29_v2,Cyclopentadiene_H5_Int2_Sub29,Cyclopentadiene_H5_substrate_Sub29,-896.204752,-896.176461,-896.188875,-311.653798,-2.4572899999667186,15.29531250001284,7.505527499990734,9.962817499957453,17.75260249997956,7.789785000022107,-690.95,[H]C1=C([H])C([H])([H])C([H])=C1C([H])(C([H])([H])[H])C([H])([H])[H],[H][C+]1CC([H])([H])[C-]([H])[C+]1C([H])(C([H])([H])[H])C([H])([H])[H],steric,iPr,pi-system,0,Cyclopentadiene_H5
Cyclopentadiene_H5_Int1_Sub2,Cyclopentadiene_H5_interpolation_Sub2_v2,Cyclopentadiene_H5_Int2_Sub2,Cyclopentadiene_H5_substrate_Sub2,-1237.906602,-1237.880739,-1237.895652,-653.358856,-0.4442700000197419,15.784762500025522,6.426855000038927,6.871125000058669,16.229032500045264,9.357907499986595,-411.1,[H]C1=C([H])C([H])(Cl)C([H])=C1[H],[H][C+]1CC([H])(Cl)[C-]([H])[C+]1[H],EWG,Cl,pi-system,0,Cyclopentadiene_H5
Cyclopentadiene_H5_Int1_Sub30,Cyclopentadiene_H5_interpolation_Sub30_v2,Cyclopentadiene_H5_Int2_Sub30,Cyclopentadiene_H5_substrate_Sub30,-817.695628,-817.667487,-817.679705,-233.144343,-2.664992500013028,14.99348499999016,7.326690000014224,9.991682500027252,17.658477500003187,7.666794999975934,-672.1,[H]C1=C([H])C([H])([H])C([H])=C1C([H])([H])[H],[H][C+]1CC([H])([H])[C-]([H])[C+]1C([H])([H])[H],steric,Me,pi-system,0,Cyclopentadiene_H5
Cyclopentadiene_H5_Int1_Sub32,Cyclopentadiene_H5_interpolation_Sub32_v2,Cyclopentadiene_H5_Int2_Sub32,Cyclopentadiene_H5_substrate_Sub32,-892.849515,-892.822158,-892.835427,-308.299802,-1.678562499971008,15.487955000061504,7.16165750003853,8.840220000009538,17.166517500032512,8.326297500022974,-702.08,[H]C1=C([H])C([H])([H])C([H])=C1OC([H])([H])[H],[H][C+]1CC([H])([H])[C-]([H])[C+]1OC([H])([H])[H],EDG,OMe,pi-system,0,Cyclopentadiene_H5
Cyclopentadiene_H5_Int1_Sub3,Cyclopentadiene_H5_interpolation_Sub3_v2,Cyclopentadiene_H5_Int2_Sub3,Cyclopentadiene_H5_substrate_Sub3,-1012.784021,-1012.757526,-1012.769045,-428.233566,-2.1441675000082228,14.481445000034512,7.253272500021239,9.397440000029462,16.625612500042735,7.228172500013272,-589.75,[H]C1=C([H])C([H])(C2([H])C([H])([H])C([H])([H])C([H])([H])C([H])([H])C2([H])[H])C([H])=C1[H],[H][C+]1CC([H])(C2([H])C([H])([H])C([H])([H])C([H])([H])C([H])([H])C2([H])[H])[C-]([H])[C+]1[H],steric,Cy,pi-system,0,Cyclopentadiene_H5
Cyclopentadiene_H5_Int1_Sub4,Cyclopentadiene_H5_interpolation_Sub4_v2,Cyclopentadiene_H5_Int2_Sub4,Cyclopentadiene_H5_substrate_Sub4,-935.454194,-935.427196,-935.437193,-350.903362,-2.380734999981655,14.560510000048907,8.287392500049862,10.668127500031517,16.941245000030563,6.273117499999046,-739.22,[H]C1=C([H])C([H])(C(C([H])([H])[H])(C([H])([H])[H])C([H])([H])[H])C([H])=C1[H],[H][C+]1CC([H])(C(C([H])([H])[H])(C([H])([H])[H])C([H])([H])[H])[C-]([H])[C+]1[H],steric,tBu,pi-system,0,Cyclopentadiene_H5
Cyclopentadiene_H5_Int1_Sub5,Cyclopentadiene_H5_interpolation_Sub5_v2,Cyclopentadiene_H5_Int2_Sub5,Cyclopentadiene_H5_substrate_Sub5,-896.197927,-896.171142,-896.18219,-311.647143,-2.3506149999863624,14.45697250002496,7.524352500050213,9.874967500036576,16.807587500011323,6.932619999974747,-625.71,[H]C1=C([H])C([H])(C([H])(C([H])([H])[H])C([H])([H])[H])C([H])=C1[H],[H][C+]1CC([H])(C([H])(C([H])([H])[H])C([H])([H])[H])[C-]([H])[C+]1[H],steric,iPr,pi-system,0,Cyclopentadiene_H5
Ethene_H2_Int1_Sub12,Ethene_H2_interpolation_Sub12_v2,Ethene_H2_Int2_Sub12,Ethene_H2_substrate_Sub12,-820.066528,-820.035272,-820.050546,-235.516357,-1.965957499940956,17.64718250004954,8.062747499992824,10.02870499993378,19.61313999999049,9.584435000056716,-812.02,[H]C([H])=C([H])C(C([H])([H])[H])(C([H])([H])[H])C([H])([H])[H],[H]C[C+]([H])C(C([H])([H])[H])(C([H])([H])[H])C([H])([H])[H],steric,tBu,pi-system,0,Ethene_H2
Ethene_H2_Int1_Sub13,Ethene_H2_interpolation_Sub13_v2,Ethene_H2_Int2_Sub13,Ethene_H2_substrate_Sub13,-780.812865,-780.779196,-780.794979,-196.260769,-3.173894999958762,17.95340250006113,8.049570000026094,11.223464999984856,21.127297500019893,9.903832500035035,-791.21,[H]C([H])=C([H])C([H])(C([H])([H])[H])C([H])([H])[H],[H]C[C+]([H])C([H])(C([H])([H])[H])C([H])([H])[H],steric,iPr,pi-system,0,Ethene_H2
Furan_H6_Int1_Sub13,Furan_H6_interpolation_Sub13_v2,Furan_H6_Int2_Sub13,Furan_H6_substrate_Sub13,-932.126751,-932.10719,-932.11917,-347.582549,1.779590000001292,14.054117500043333,6.536667499975692,4.7570774999744,12.27452750004204,7.51745000006764,-629.95,[H]C1=C(C([H])(C([H])([H])[H])C([H])([H])[H])C2([H])OC12[H],[H]C1=[O+]CC([H])=C1C([H])(C([H])([H])[H])C([H])([H])[H],steric,iPr,pi-system,0,Furan_H6
Furan_H6_Int1_Sub14,Furan_H6_interpolation_Sub14_v2,Furan_H6_Int2_Sub14,Furan_H6_substrate_Sub14,-853.61703,-853.598135,-853.610001,-269.07293,1.8435950000180408,13.700207500045138,6.254292500010905,4.410697499992864,11.856612500027095,7.445915000034233,-588.41,[H]C1=C(C([H])([H])[H])C2([H])OC12[H],[H]C1=[O+]CC([H])=C1C([H])([H])[H],steric,Me,pi-system,0,Furan_H6
Furan_H6_Int1_Sub16,Furan_H6_interpolation_Sub16_v2,Furan_H6_Int2_Sub16,Furan_H6_substrate_Sub16,-928.765554,-928.748647,-928.760269,-344.223216,2.949250000044401,13.558392500010823,6.265587500018057,3.316337499973656,10.609142499966424,7.292804999992768,-633.31,[H]C1=C(OC([H])([H])[H])C2([H])OC12[H],[H]C1=[O+]CC([H])=C1OC([H])([H])[H],EDG,OMe,pi-system,0,Furan_H6
Furan_H6_Int1_Sub21,Furan_H6_interpolation_Sub21_v2,Furan_H6_Int2_Sub21,Furan_H6_substrate_Sub21,-932.132214,-932.114171,-932.123681,-347.587183,1.2593925000305717,12.58137499998071,6.613849999994841,5.354457499964269,11.321982499950138,5.967524999985869,-855.45,[H]c1oc(C([H])(C([H])([H])[H])C([H])([H])[H])c([H])c1[H],[H]C1=C([H])C(C([H])(C([H])([H])[H])C([H])([H])[H])=[O+]C1,steric,iPr,pi-system,0,Furan_H6
Furan_H6_Int1_Sub22,Furan_H6_interpolation_Sub22_v2,Furan_H6_Int2_Sub22,Furan_H6_substrate_Sub22,-853.623414,-853.605773,-853.61488,-269.077883,0.9456425000023216,12.015370000018637,6.300727500036345,5.355085000034023,11.069727500016311,5.71464249998229,-743.91,[H]c1oc(C([H])([H])[H])c([H])c1[H],[H]C1=C([H])C(C([H])([H])[H])=[O+]C1,steric,Me,pi-system,0,Furan_H6
Furan_H6_Int1_Sub3,Furan_H6_interpolation_Sub3_v2,Furan_H6_Int2_Sub3,Furan_H6_substrate_Sub3,-1048.71299,-1048.698364,-1048.706646,-464.169776,2.3995600000411343,11.57737499998305,6.380419999977818,3.9808599999366834,9.177814999941916,5.196955000005232,-472.78,[H]C1=C(C2([H])C([H])([H])C([H])([H])C([H])([H])C([H])([H])C2([H])[H])C2([H])OC12[H],[H]C1=[O+]CC(C2([H])C([H])([H])C([H])([H])C([H])([H])C([H])([H])C2([H])[H])=C1[H],steric,Cy,pi-system,0,Furan_H6
Furan_H6_Int1_Sub4,Furan_H6_interpolation_Sub4_v2,Furan_H6_Int2_Sub4,Furan_H6_substrate_Sub4,-971.376276,-971.365955,-971.373459,-386.838402,5.750410000034663,12.22683750001977,7.518077499994717,1.767667499960055,6.476427499985107,4.708760000025052,-601.49,[H]C1=C(C(C([H])([H])[H])(C([H])([H])[H])C([H])([H])[H])C2([H])OC12[H],[H]C1=[O+]CC(C(C([H])([H])[H])(C([H])([H])[H])C([H])([H])[H])=C1[H],steric,tBu,pi-system,0,Furan_H6
Furan_H6_Int1_Sub5,Furan_H6_interpolation_Sub5_v2,Furan_H6_Int2_Sub5,Furan_H6_substrate_Sub5,-932.125776,-932.111206,-932.119846,-347.582548,2.390775000027645,11.533449999986942,6.111849999978176,3.721074999950531,9.142674999959295,5.421600000008766,-414.03,[H]C1=C(C([H])(C([H])([H])[H])C([H])([H])[H])C2([H])OC12[H],[H]C1=[O+]CC(C([H])(C([H])([H])[H])C([H])([H])[H])=C1[H],steric,iPr,pi-system,0,Furan_H6
Furan_H6_Int1_Sub6,Furan_H6_interpolation_Sub6_v2,Furan_H6_Int2_Sub6,Furan_H6_substrate_Sub6,-853.613583,-853.602155,-853.610166,-269.072927,4.004705000054827,11.175774999998254,6.148872499991711,2.1441674999368843,7.171069999943427,5.026902500006543,-566.26,[H]C1=C(C([H])([H])[H])C2([H])OC12[H],[H]C1=[O+]CC(C([H])([H])[H])=C1[H],steric,Me,pi-system,0,Furan_H6
Furan_H6_Int1_Sub9,Furan_H6_interpolation_Sub9_v2,Furan_H6_Int2_Sub9,Furan_H6_substrate_Sub9,-1151.233079,-1151.215281,-1151.231852,-566.69484,5.52137249997088,16.689617500023815,6.2913150000957785,0.7699425001248983,11.168245000052934,10.398302499928036,-439.73,[H]C1=C(C(F)(F)F)C2([H])OC12[H],[H]C1=[O+]CC([H])=C1C(F)(F)F,EWG,CF3,pi-system,0,Furan_H6
Furan_H7_Int1_Sub11,Furan_H7_interpolation_Sub11_v2,Furan_H7_Int2_Sub11,Furan_H7_substrate_Sub11,-1048.714082,-1048.688808,-1048.70423,-464.169774,1.7130750000622186,17.57250999997055,7.895205000005632,6.182129999943413,15.85943499990833,9.677304999964916,-257.97,[H]C1=C(C2([H])C([H])([H])C([H])([H])C([H])([H])C([H])([H])C2([H])[H])C2([H])OC12[H],[H]C12C[C+](C3([H])C([H])([H])C([H])([H])C([H])([H])C([H])([H])C3([H])[H])C1([H])O2,steric,Cy,pi-system,0,Furan_H7
Furan_H7_Int1_Sub13,Furan_H7_interpolation_Sub13_v2,Furan_H7_Int2_Sub13,Furan_H7_substrate_Sub13,-932.127182,-932.10193,-932.11717,-347.582547,1.5078825000452412,17.353512499988426,7.790412500020523,6.2825299999752815,15.845629999943185,9.563099999967903,-478.58,[H]C1=C(C([H])(C([H])([H])[H])C([H])([H])[H])C2([H])OC12[H],[H]C([H])([H])C([H])([C+]1CC2([H])OC12[H])C([H])([H])[H],steric,iPr,pi-system,0,Furan_H7
Furan_H7_Int1_Sub18,Furan_H7_interpolation_Sub18_v2,Furan_H7_Int2_Sub18,Furan_H7_substrate_Sub18,-1273.832269,-1273.807457,-1273.824195,-689.290515,3.315710000046579,18.885239999973464,8.382145000095989,5.06643500004941,15.569529999926884,10.503094999877476,-505.36,[H]C1=C([H])C2(Cl)OC12[H],[H][C+]1CC2([H])OC12Cl,EWG,Cl,pi-system,0,Furan_H7
Furan_H7_Int1_Sub19,Furan_H7_interpolation_Sub19_v2,Furan_H7_Int2_Sub19,Furan_H7_substrate_Sub19,-1048.718724,-1048.692048,-1048.706164,-464.174163,1.5543174999993423,18.293507499969337,9.435717500075498,7.881400000076155,16.739189999969994,8.85778999989384,-570.32,[H]c1oc(C2([H])C([H])([H])C([H])([H])C([H])([H])C([H])([H])C2([H])[H])c([H])c1[H],[H][C+]1CC2([H])OC12C1([H])C([H])([H])C([H])([H])C([H])([H])C([H])([H])C1([H])[H],steric,Cy,pi-system,0,Furan_H7
Furan_H7_Int1_Sub20,Furan_H7_interpolation_Sub20_v2,Furan_H7_Int2_Sub20,Furan_H7_substrate_Sub20,-971.387995,-971.361659,-971.37565,-386.843032,1.3020624999941788,17.82790250000346,9.048550000054265,7.746487500060084,16.525840000009282,8.779352499949198,-574.9,[H]c1oc(C(C([H])([H])[H])(C([H])([H])[H])C([H])([H])[H])c([H])c1[H],[H][C+]1CC2([H])OC12C(C([H])([H])[H])(C([H])([H])[H])C([H])([H])[H],steric,tBu,pi-system,0,Furan_H7
Furan_H7_Int1_Sub21,Furan_H7_interpolation_Sub21_v2,Furan_H7_Int2_Sub21,Furan_H7_substrate_Sub21,-932.132296,-932.105976,-932.11995,-347.587184,1.2085650000162218,17.724364999979514,8.955680000003383,7.747114999987161,16.515799999963292,8.76868499997613,-570.33,[H]c1oc(C([H])(C([H])([H])[H])C([H])([H])[H])c([H])c1[H],[H][C+]1CC2([H])OC12C([H])(C([H])([H])[H])C([H])([H])[H],steric,iPr,pi-system,0,Furan_H7
Furan_H7_Int1_Sub2,Furan_H7_interpolation_Sub2_v2,Furan_H7_Int2_Sub2,Furan_H7_substrate_Sub2,-1273.824735,-1273.809215,-1273.824642,-689.290514,8.042667500097025,17.78146750004936,8.101025000021025,0.0583574999239999,9.738799999952334,9.680442500028336,-276.7,[H]C1=C([H])C2(Cl)OC12[H],[H][C+]1CC2(Cl)OC12[H],EWG,Cl,pi-system,0,Furan_H7
Furan_H7_Int1_Sub4,Furan_H7_interpolation_Sub4_v2,Furan_H7_Int2_Sub4,Furan_H7_substrate_Sub4,-971.382238,-971.363936,-971.374646,-386.843032,4.914580000004776,16.399085000043954,9.678560000033087,4.763980000028312,11.484505000039178,6.720525000010866,-455.43,[H]c1oc(C(C([H])([H])[H])(C([H])([H])[H])C([H])([H])[H])c([H])c1[H],[H]C1=C([H])[O+]=C(C(C([H])([H])[H])(C([H])([H])[H])C([H])([H])[H])C1,steric,tBu,pi-system,0,Furan_H7
Furan_H7_Int1_Sub5,Furan_H7_interpolation_Sub5_v2,Furan_H7_Int2_Sub5,Furan_H7_substrate_Sub5,-932.130663,-932.108223,-932.120371,-347.587051,2.149814999993964,16.23091500004051,8.608045000025015,6.458230000031051,14.081100000046549,7.622870000015496,-299.84,[H]c1oc(C([H])(C([H])([H])[H])C([H])([H])[H])c([H])c1[H],[H][C+]1CC2(C([H])(C([H])([H])[H])C([H])([H])[H])OC12[H],steric,iPr,pi-system,0,Furan_H7
Furan_H7_Int1_Sub6,Furan_H7_interpolation_Sub6_v2,Furan_H7_Int2_Sub6,Furan_H7_substrate_Sub6,-853.620043,-853.59863,-853.611222,-269.077882,3.060317500013668,16.49697500004649,8.595495000021032,5.535177500007364,13.436657500032824,7.901480000025458,-406.51,[H]c1oc(C([H])([H])[H])c([H])c1[H],[H][C+]1CC2(C([H])([H])[H])OC12[H],steric,Me,pi-system,0,Furan_H7
Furan_H7_Int1_Sub9,Furan_H7_interpolation_Sub9_v2,Furan_H7_Int2_Sub9,Furan_H7_substrate_Sub9,-1151.232461,-1151.21032,-1151.228616,-566.69484,5.909167499990531,19.802645000082748,8.321904999962726,2.412737499972195,13.893477500092215,11.480740000120022,-309.38,[H]C1=C(C(F)(F)F)C2([H])OC12[H],[H]C12C[C+](C(F)(F)F)C1([H])O2,EWG,CF3,pi-system,0,Furan_H7
Imidazole_H6_Int1_Sub12,Imidazole_H6_interpolation_Sub12_v2,Imidazole_H6_Int2_Sub12,Imidazole_H6_substrate_Sub12,-967.591853,-967.574004,-967.583282,-383.047558,1.7212325000059536,12.921480000049428,7.099534999981358,5.378302499975405,11.200247500043474,5.8219450000680695,-770.22,[H]C1=[N+]([H])C2(C(C([H])([H])[H])(C([H])([H])[H])C([H])([H])[H])[N-]C12[H],[H]N1CC2([H])[N-]C12C(C([H])([H])[H])(C([H])([H])[H])C([H])([H])[H],steric,tBu,pi-system,0,Imidazole_H6
Imidazole_H6_Int1_Sub14,Imidazole_H6_interpolation_Sub14_v2,Imidazole_H6_Int2_Sub14,Imidazole_H6_substrate_Sub14,-849.828679,-849.810469,-849.819817,-265.283689,1.2851200000369545,12.711895000007871,6.846025000050702,5.560905000013747,11.426774999970917,5.8658699999571695,-676.12,[H]C1=[N+]([H])C2(C([H])([H])[H])[N-]C12[H],[H]N1CC2([H])[N-]C12C([H])([H])[H],steric,Me,pi-system,0,Imidazole_H6
Imidazole_H6_Int1_Sub2,Imidazole_H6_interpolation_Sub2_v2,Imidazole_H6_Int2_Sub2,Imidazole_H6_substrate_Sub2,-1270.034096,-1270.026536,-1270.037264,-685.501082,8.800059999968255,13.543959999975923,6.812139999993576,-1.9879199999746788,4.74390000000767,6.731819999982349,-269.76,[H]C1=[N+]([H])C2([H])[N-]C12Cl,[H]N1CC2(Cl)[N-]C12[H],EWG,Cl,pi-system,0,Imidazole_H6
Imidazole_H6_Int1_Sub3,Imidazole_H6_interpolation_Sub3_v2,Imidazole_H6_Int2_Sub3,Imidazole_H6_substrate_Sub3,-1044.922043,-1044.906998,-1044.914128,-460.379269,2.6756600000217645,12.116397500084588,7.64232250010906,4.966662500087296,9.440737500062824,4.474074999975528,-662.68,[H]C1=[N+]([H])C2([H])[N-]C12C1([H])C([H])([H])C([H])([H])C([H])([H])C([H])([H])C1([H])[H],[H]N1CC2(C3([H])C([H])([H])C([H])([H])C([H])([H])C([H])([H])C3([H])[H])[N-]C12[H],steric,Cy,pi-system,0,Imidazole_H6
Imidazole_H6_Int1_Sub5,Imidazole_H6_interpolation_Sub5_v2,Imidazole_H6_Int2_Sub5,Imidazole_H6_substrate_Sub5,-928.335006,-928.320086,-928.327359,-343.792194,2.651815000010629,12.014115000057473,7.450307500023143,4.7984925000125145,9.362300000046844,4.563807500034329,-624.87,[H]C1=[N+]([H])C2([H])[N-]C12C([H])(C([H])([H])[H])C([H])([H])[H],[H]N1CC2(C([H])(C([H])([H])[H])C([H])([H])[H])[N-]C12[H],steric,iPr,pi-system,0,Imidazole_H6
Imidazole_H6_Int1_Sub6,Imidazole_H6_interpolation_Sub6_v2,Imidazole_H6_Int2_Sub6,Imidazole_H6_substrate_Sub6,-849.82454,-849.810943,-849.818233,-265.28292,3.3997950000483,11.931912500050998,7.357437500043602,3.957642499995302,8.532117500002698,4.574475000007396,-620.58,[H]C1=[N+]([H])C2([H])[N-]C12C([H])([H])[H],[H]N1CC2(C([H])([H])[H])[N-]C12[H],steric,Me,pi-system,0,Imidazole_H6
Indole_H13_Int1_Sub14,Indole_H13_interpolation_Sub14_v2,Indole_H13_Int2_Sub14,Indole_H13_substrate_Sub14,-987.260582,-987.233465,-987.248672,-402.712495,-0.6582474999788701,16.35767000000584,6.815277499985655,7.473524999964525,17.01591749998471,9.542392500020185,-677.25,[H]C1=C(C([H])([H])[H])C2=C([H])C3([H])N([H])C23C([H])=C1[H],[H][C+]1[C+](C([H])([H])[H])[C-]2[C+]([H])[C-]3N([H])C23[C-]([H])[C-]1[H],steric,Me,pi-system,0,Indole_H13
Indole_H13_Int1_Sub18,Indole_H13_interpolation_Sub18_v2,Indole_H13_Int2_Sub18,Indole_H13_substrate_Sub18,-1407.478291,-1407.452387,-1407.469543,-822.933452,1.3798725000830814,17.63463249999205,6.869242500063422,5.48936999998034,16.25475999990897,10.76538999992863,-593.26,[H]C1=C([H])C2=C([H])C3([H])N([H])C23C(Cl)=C1[H],[H][C+]1[C+]([H])[C-]2[C+]([H])[C-]3N([H])C23[C-](Cl)[C-]1[H],EWG,Cl,pi-system,0,Indole_H13
Indole_H13_Int1_Sub19,Indole_H13_interpolation_Sub19_v2,Indole_H13_Int2_Sub19,Indole_H13_substrate_Sub19,-1182.353956,-1182.326641,-1182.342748,-597.807069,0.0947525000461269,17.234914999931163,7.127772499981404,7.033019999935277,17.140162499885037,10.10714249994976,-767.1,[H]C1=C([H])C2=C([H])C3([H])N([H])C23C(C2([H])C([H])([H])C([H])([H])C([H])([H])C([H])([H])C2([H])[H])=C1[H],[H][C+]1[C+]([H])[C-]2[C+]([H])[C-]3N([H])C23[C-](C2([H])C([H])([H])C([H])([H])C([H])([H])C([H])([H])C2([H])[H])[C-]1[H],steric,Cy,pi-system,0,Indole_H13
Indole_H13_Int1_Sub20,Indole_H13_interpolation_Sub20_v2,Indole_H13_Int2_Sub20,Indole_H13_substrate_Sub20,-1105.01918,-1104.992015,-1105.008619,-520.472096,-0.0288649999984613,17.01717249998154,6.598162500034448,6.627027500032909,17.046037499980002,10.419009999947091,-704.33,[H]C1=C([H])C2=C([H])C3([H])N([H])C23C(C(C([H])([H])[H])(C([H])([H])[H])C([H])([H])[H])=C1[H],[H][C+]1[C+]([H])C23[C-]([H])C24N([H])C34[C-](C(C([H])([H])[H])(C([H])([H])[H])C([H])([H])[H])[C-]1[H],steric,tBu,pi-system,0,Indole_H13
Indole_H13_Int1_Sub21,Indole_H13_interpolation_Sub21_v2,Indole_H13_Int2_Sub21,Indole_H13_substrate_Sub21,-1065.767321,-1065.740175,-1065.756344,-481.220229,-0.033884999985787,17.000230000095655,6.8541825001014445,6.888067500087232,17.034115000081442,10.14604749999421,-760.63,[H]C1=C([H])C2=C([H])C3([H])N([H])C23C(C([H])(C([H])([H])[H])C([H])([H])[H])=C1[H],[H][C+]1[C+]([H])[C-]2[C+]([H])[C-]3N([H])C23[C-](C([H])(C([H])([H])[H])C([H])([H])[H])[C-]1[H],steric,iPr,pi-system,0,Indole_H13
Indole_H13_Int1_Sub22,Indole_H13_interpolation_Sub22_v2,Indole_H13_Int2_Sub22,Indole_H13_substrate_Sub22,-987.259794,-987.233244,-987.248763,-402.71259,-0.1041650000223626,16.555960000004575,6.8177874999793175,6.92195250000168,16.660125000026937,9.738172500025255,-665.46,[H]C1=C([H])C2=C([H])C3([H])N([H])C23C(C([H])([H])[H])=C1[H],[H][C+]1[C+]([H])[C-]2[C+]([H])[C-]3N([H])C23[C-](C([H])([H])[H])[C-]1[H],steric,Me,pi-system,0,Indole_H13
Indole_H13_Int1_Sub2,Indole_H13_interpolation_Sub2_v2,Indole_H13_Int2_Sub2,Indole_H13_substrate_Sub2,-1407.468201,-1407.452871,-1407.467054,-822.93077,6.028392500117548,15.647967500085542,6.748135000083835,0.7197424999662871,9.619574999967996,8.899832500001708,-312.99,[H]C1=C([H])C2=C(Cl)C3([H])N([H])C23C([H])=C1[H],[H][C+]1[C+]([H])[C-]2[C+](Cl)[C-]3N([H])C23[C-]([H])[C-]1[H],EWG,Cl,pi-system,0,Indole_H13
Indole_H13_Int1_Sub5,Indole_H13_interpolation_Sub5_v2,Indole_H13_Int2_Sub5,Indole_H13_substrate_Sub5,-1065.765214,-1065.743529,-1065.754844,-481.219675,0.940622500014996,14.547959999973584,7.447797499993811,6.507174999978815,13.60733749995859,7.100162499979774,-840.75,[H]C1=C([H])C2=C(C([H])(C([H])([H])[H])C([H])([H])[H])C3([H])N([H])C23C([H])=C1[H],[H][C+]1[C+]([H])C23[C-](C([H])(C([H])([H])[H])C([H])([H])[H])C24N([H])C34[C-]([H])[C-]1[H],steric,iPr,pi-system,0,Indole_H13
Indole_H13_Int1_Sub6,Indole_H13_interpolation_Sub6_v2,Indole_H13_Int2_Sub6,Indole_H13_substrate_Sub6,-987.255166,-987.235568,-987.247041,-402.711556,2.151069999990796,14.448815000045556,7.249507500030745,5.0984375000399496,12.29774500005476,7.199307500014811,-588.55,[H]C1=C([H])C2=C(C([H])([H])[H])C3([H])N([H])C23C([H])=C1[H],[H][C+]1[C+]([H])C23[C-](C([H])([H])[H])C24N([H])C34[C-]([H])[C-]1[H],steric,Me,pi-system,0,Indole_H13
Indole_H13_Int1_Sub9,Indole_H13_interpolation_Sub9_v2,Indole_H13_Int2_Sub9,Indole_H13_substrate_Sub9,-1284.878647,-1284.852725,-1284.871,-700.335136,2.213192500047967,18.479247500071097,7.011684999989143,4.798492499941176,16.26605500002313,11.467562500081954,-561.48,[H]C1=C(C(F)(F)F)C2=C([H])C3([H])N([H])C23C([H])=C1[H],[H][C+]1[C+](C(F)(F)F)C23[C-]([H])C24N([H])C34[C-]([H])[C-]1[H],EWG,CF3,pi-system,0,Indole_H13
Indole_H14_Int1_Sub11,Indole_H14_interpolation_Sub11_v2,Indole_H14_Int2_Sub11,Indole_H14_substrate_Sub11,-1182.355408,-1182.335905,-1182.341442,-597.806846,-0.9563099999397195,11.281822500051533,7.807355000049085,8.763664999988805,12.238132499991252,3.474467500002447,-619.8,[H]C1=C([H])C23C(=C([H])C2([H])N3[H])C(C2([H])C([H])([H])C([H])([H])C([H])([H])C([H])([H])C2([H])[H])=C1[H],[H]C1=[N+]([H])c2c([H])c([H])c([H])c(C3([H])C([H])([H])C([H])([H])C([H])([H])C([H])([H])C3([H])[H])c2C1,steric,Cy,pi-system,0,Indole_H14
Indole_H14_Int1_Sub13,Indole_H14_interpolation_Sub13_v2,Indole_H14_Int2_Sub13,Indole_H14_substrate_Sub13,-1065.76844,-1065.748025,-1065.753952,-481.220019,-0.8678325000204268,11.942579999952727,8.223387499997443,9.09122000001787,12.810412499973154,3.719192499955284,-742.53,[H]C1=C([H])C23C(=C([H])C2([H])N3[H])C(C([H])(C([H])([H])[H])C([H])([H])[H])=C1[H],[H]C1=[N+]([H])c2c([H])c([H])c([H])c(C([H])(C([H])([H])[H])C([H])([H])[H])c2C1,steric,iPr,pi-system,0,Indole_H14
Indole_H14_Int1_Sub18,Indole_H14_interpolation_Sub18_v2,Indole_H14_Int2_Sub18,Indole_H14_substrate_Sub18,-1407.477646,-1407.457711,-1407.466469,-822.933452,1.7846099999886178,14.293822500008844,8.798177500044346,7.0135675000557285,12.509212500020226,5.495644999964497,-644.0,[H]C1=C([H])C2=C([H])C3([H])N([H])C23C(Cl)=C1[H],[H]C1=[N+]([H])c2c(Cl)c([H])c([H])c([H])c2C1,EWG,Cl,pi-system,0,Indole_H14
Indole_H14_Int1_Sub19,Indole_H14_interpolation_Sub19_v2,Indole_H14_Int2_Sub19,Indole_H14_substrate_Sub19,-1182.353279,-1182.332168,-1182.339454,-597.80707,0.5201975000420589,13.767350000053966,9.195385000040233,8.675187499998174,13.247152500011907,4.5719650000137335,-686.14,[H]C1=C([H])C2=C([H])C3([H])N([H])C23C(C2([H])C([H])([H])C([H])([H])C([H])([H])C([H])([H])C2([H])[H])=C1[H],[H]C1=[N+]([H])c2c(c([H])c([H])c([H])c2C2([H])C([H])([H])C([H])([H])C([H])([H])C([H])([H])C2([H])[H])C1,steric,Cy,pi-system,0,Indole_H14
Indole_H14_Int1_Sub20,Indole_H14_interpolation_Sub20_v2,Indole_H14_Int2_Sub20,Indole_H14_substrate_Sub20,-1105.018696,-1104.997653,-1105.004931,-520.472094,0.273589999951298,13.478072500070937,8.911127500044529,8.63753750009323,13.20448250011964,4.566945000026408,-684.29,[H]C1=C([H])C2=C([H])C3([H])N([H])C23C(C(C([H])([H])[H])(C([H])([H])[H])C([H])([H])[H])=C1[H],[H]C1=[N+]([H])c2c(c([H])c([H])c([H])c2C(C([H])([H])[H])(C([H])([H])[H])C([H])([H])[H])C1,steric,tBu,pi-system,0,Indole_H14
Indole_H14_Int1_Sub21,Indole_H14_interpolation_Sub21_v2,Indole_H14_Int2_Sub21,Indole_H14_substrate_Sub21,-1065.766733,-1065.745799,-1065.75309,-481.220229,0.3350850000813921,13.471170000017024,8.896067500082552,8.56098250000116,13.136084999935632,4.575102499934474,-675.53,[H]C1=C([H])C2=C([H])C3([H])N([H])C23C(C([H])(C([H])([H])[H])C([H])([H])[H])=C1[H],[H]C1=[N+]([H])c2c(c([H])c([H])c([H])c2C([H])(C([H])([H])[H])C([H])([H])[H])C1,steric,iPr,pi-system,0,Indole_H14
Indole_H14_Int1_Sub22,Indole_H14_interpolation_Sub22_v2,Indole_H14_Int2_Sub22,Indole_H14_substrate_Sub22,-987.259144,-987.237691,-987.245826,-402.71259,0.3037100000179293,13.76546749998738,8.660755000034612,8.357045000016683,13.461757499969451,5.104712499952768,-528.12,[H]C1=C([H])C2=C([H])C3([H])N([H])C23C(C([H])([H])[H])=C1[H],[H]C1=[N+]([H])c2c(c([H])c([H])c([H])c2C([H])([H])[H])C1,steric,Me,pi-system,0,Indole_H14
Indole_H14_Int1_Sub24,Indole_H14_interpolation_Sub24_v2,Indole_H14_Int2_Sub24,Indole_H14_substrate_Sub24,-1062.414939,-1062.393871,-1062.401995,-477.869112,0.7599025000075699,13.980072500016265,8.882262500046068,8.122360000038498,13.220170000008691,5.097809999970195,-556.74,[H]C1=C([H])C2=C([H])C3([H])N([H])C23C(OC([H])([H])[H])=C1[H],[H]C1=[N+]([H])c2c(c([H])c([H])c([H])c2OC([H])([H])[H])C1,EDG,OMe,pi-system,0,Indole_H14
Indole_H14_Int1_Sub2,Indole_H14_interpolation_Sub2_v2,Indole_H14_Int2_Sub2,Indole_H14_substrate_Sub2,-1407.469552,-1407.455898,-1407.46449,-822.929961,4.672992500044018,13.240877500099089,7.849397500014277,3.17640499997026,8.567885000055071,5.391480000084812,-351.83,[H]C1=C([H])C2=C([H])C3(Cl)N([H])C23C([H])=C1[H],[H]c1c([H])c([H])c2c(c1[H])CC(Cl)=[N+]2[H],EWG,Cl,pi-system,0,Indole_H14
Indole_H14_Int1_Sub3,Indole_H14_interpolation_Sub3_v2,Indole_H14_Int2_Sub3,Indole_H14_substrate_Sub3,-1182.35989,-1182.340263,-1182.344422,-597.810705,-1.3472424999514487,10.968699999986027,8.358927500083269,9.706170000034716,12.315942499937478,2.6097724999027605,-499.88,[H]C1=C([H])C2=C([H])C3(C4([H])C([H])([H])C([H])([H])C([H])([H])C([H])([H])C4([H])[H])N([H])C23C([H])=C1[H],[H]c1c([H])c([H])c2c(c1[H])CC(C1([H])C([H])([H])C([H])([H])C([H])([H])C([H])([H])C1([H])[H])=[N+]2[H],steric,Cy,pi-system,0,Indole_H14
Indole_H14_Int1_Sub4,Indole_H14_interpolation_Sub4_v2,Indole_H14_Int2_Sub4,Indole_H14_substrate_Sub4,-1105.025339,-1105.008227,-1105.011976,-520.479556,0.7875125000091998,11.525292500007538,9.172795000025928,8.385282500016729,10.737779999998338,2.352497499981609,-650.27,[H]C1=C([H])C2=C([H])C3(C(C([H])([H])[H])(C([H])([H])[H])C([H])([H])[H])N([H])C23C([H])=C1[H],[H][C+]1[C+]([H])C23[C+](CC2(C(C([H])([H])[H])(C([H])([H])[H])C([H])([H])[H])N3[H])[C-]([H])[C-]1[H],steric,tBu,pi-system,0,Indole_H14
Indole_H14_Int1_Sub5,Indole_H14_interpolation_Sub5_v2,Indole_H14_Int2_Sub5,Indole_H14_substrate_Sub5,-1065.772864,-1065.753337,-1065.758409,-481.223989,-1.152717499978877,11.100474999974352,7.917795000019936,9.070512499998811,12.25319249995323,3.1826799999544164,-486.68,[H]C1=C([H])C2=C([H])C3(C([H])(C([H])([H])[H])C([H])([H])[H])N([H])C23C([H])=C1[H],[H]c1c([H])c([H])c2c(c1[H])CC(C([H])(C([H])([H])[H])C([H])([H])[H])=[N+]2[H],steric,iPr,pi-system,0,Indole_H14
Indole_H14_Int1_Sub6,Indole_H14_interpolation_Sub6_v2,Indole_H14_Int2_Sub6,Indole_H14_substrate_Sub6,-987.262005,-987.243622,-987.24898,-402.715159,0.1204800000168404,11.655812500070368,8.293667500069688,8.173187500052848,11.535332500053528,3.3621450000006803,-695.49,[H]C1=C([H])C2=C([H])C3(C([H])([H])[H])N([H])C23C([H])=C1[H],[H]c1c([H])c([H])c2c(c1[H])CC(C([H])([H])[H])=[N+]2[H],steric,Me,pi-system,0,Indole_H14
Indolizine_H13_Int1_Sub11,Indolizine_H13_interpolation_Sub11_v2,Indolizine_H13_Int2_Sub11,Indolizine_H13_substrate_Sub11,-1182.335616,-1182.31756,-1182.318182,-597.783806,-2.994430000001671,8.335710000070549,7.945405000057235,10.939835000058906,11.33014000007222,0.3903050000133135,-1070.62,[H]C1=C([H])[N+]2=C([H])C3([H])[C-](C4([H])C([H])([H])C([H])([H])C([H])([H])C([H])([H])C4([H])[H])C23C([H])=C1[H],[H]C1=C([H])N2CC3([H])[C+](C4([H])C([H])([H])C([H])([H])C([H])([H])C([H])([H])C4([H])[H])C23C([H])=C1[H],steric,Cy,pi-system,0,Indolizine_H13
Indolizine_H13_Int1_Sub14,Indolizine_H13_interpolation_Sub14_v2,Indolizine_H13_Int2_Sub14,Indolizine_H13_substrate_Sub14,-987.240382,-987.222893,-987.222982,-402.687988,-3.3608899999325104,7.61345750003926,7.557610000037584,10.918499999970097,10.97434749997177,0.0558475000016756,-1061.15,[H]C1=C([H])[N+]2=C([H])C3([H])[C-](C([H])([H])[H])C23C([H])=C1[H],[H]C1=C([H])N2CC3([H])[C+](C([H])([H])[H])C23C([H])=C1[H],steric,Me,pi-system,0,Indolizine_H13
Indolizine_H13_Int1_Sub16,Indolizine_H13_interpolation_Sub16_v2,Indolizine_H13_Int2_Sub16,Indolizine_H13_substrate_Sub16,-1062.394351,-1062.374743,-1062.374027,-477.838841,-5.3161799999182335,6.987839999978007,7.437129999985075,12.753309999903308,12.30401999989624,-0.4492900000070676,-1041.72,[H]c1c([H])c([H])n2c([H])c([H])c(OC([H])([H])[H])c2c1[H],[H]C1=C([H])N2CC3([H])C(=[O+]C([H])([H])[H])C23C([H])=C1[H],EDG,OMe,pi-system,0,Indolizine_H13
Indolizine_H13_Int1_Sub18,Indolizine_H13_interpolation_Sub18_v2,Indolizine_H13_Int2_Sub18,Indolizine_H13_substrate_Sub18,-1407.453852,-1407.437785,-1407.438435,-822.906636,-0.1116950000033512,9.97034750000978,9.562472500040826,9.674167500044176,10.08204250001313,0.4078749999689535,-1028.3,[H]C1=C(Cl)[N+]2=C([H])C3([H])[C-]([H])C23C([H])=C1[H],[H]C1=C(Cl)N2CC3([H])[C+]([H])C23C([H])=C1[H],EWG,Cl,pi-system,0,Indolizine_H13
Indolizine_H13_Int1_Sub25,Indolizine_H13_interpolation_Sub25_v2,Indolizine_H13_Int2_Sub25,Indolizine_H13_substrate_Sub25,-1284.853904,-1284.840506,-1284.843858,-700.309543,1.6798174999678397,10.087062500000457,7.983682500031932,6.303865000064093,8.407245000032617,2.1033799999685243,-961.22,[H]C1=C([H])[N+]2=C([H])C3([H])[C-]([H])C23C(C(F)(F)F)=C1[H],[H]C1=C([H])N2CC3([H])[C+]([H])C23C(C(F)(F)F)=C1[H],EWG,CF3,pi-system,0,Indolizine_H13
Indolizine_H13_Int1_Sub27,Indolizine_H13_interpolation_Sub27_v2,Indolizine_H13_Int2_Sub27,Indolizine_H13_substrate_Sub27,-1182.334158,-1182.317707,-1182.318699,-597.784855,-1.42128749990718,8.901715000068293,8.279235000070457,9.700522499977636,10.323002499975471,0.6224799999978359,-1054.33,[H]C1=C([H])[N+]2=C([H])C3([H])[C-]([H])C23C(C2([H])C([H])([H])C([H])([H])C([H])([H])C([H])([H])C2([H])[H])=C1[H],[H]C1=C([H])N2CC3([H])[C+]([H])C23C(C2([H])C([H])([H])C([H])([H])C([H])([H])C([H])([H])C2([H])[H])=C1[H],steric,Cy,pi-system,0,Indolizine_H13
Indolizine_H13_Int1_Sub28,Indolizine_H13_interpolation_Sub28_v2,Indolizine_H13_Int2_Sub28,Indolizine_H13_substrate_Sub28,-1104.999109,-1104.982455,-1104.983351,-520.449242,-1.775197500012382,8.675187499998174,8.112947499990923,9.888145000003306,10.450385000010556,0.5622400000072503,-1052.76,[H]C1=C([H])[N+]2=C([H])C3([H])[C-]([H])C23C(C(C([H])([H])[H])(C([H])([H])[H])C([H])([H])[H])=C1[H],[H]C1=C([H])N2CC3([H])[C+]([H])C23C(C(C([H])([H])[H])(C([H])([H])[H])C([H])([H])[H])=C1[H],steric,tBu,pi-system,0,Indolizine_H13
Indolizine_H13_Int1_Sub29,Indolizine_H13_interpolation_Sub29_v2,Indolizine_H13_Int2_Sub29,Indolizine_H13_substrate_Sub29,-1065.74754,-1065.731275,-1065.732365,-481.197984,-1.5800450000057251,8.626242499979071,7.942267499993818,9.522312499999543,10.206287499984796,0.6839749999852529,-1051.63,[H]C1=C([H])[N+]2=C([H])C3([H])[C-]([H])C23C(C([H])(C([H])([H])[H])C([H])([H])[H])=C1[H],[H]C1=C([H])N2CC3([H])[C+]([H])C23C(C([H])(C([H])([H])[H])C([H])([H])[H])=C1[H],steric,iPr,pi-system,0,Indolizine_H13
Indolizine_H13_Int1_Sub2,Indolizine_H13_interpolation_Sub2_v2,Indolizine_H13_Int2_Sub2,Indolizine_H13_substrate_Sub2,-1407.456814,-1407.444551,-1407.445416,-822.908784,-0.6224799999264974,7.072552499978144,6.52976499999312,7.152244999919617,7.6950324999046416,0.5427874999850246,-939.5,[H]C1=C([H])[N+]2=C([H])C3(Cl)[C-]([H])C23C([H])=C1[H],[H]C1=C(Cl)C[n+]2c([H])c([H])c([H])c([H])c21,EWG,Cl,pi-system,0,Indolizine_H13
Indolizine_H13_Int1_Sub30,Indolizine_H13_interpolation_Sub30_v2,Indolizine_H13_Int2_Sub30,Indolizine_H13_substrate_Sub30,-987.240215,-987.223922,-987.225182,-402.690516,-1.669777499993188,8.554080000018587,7.763430000017308,9.433207500010496,10.223857500011777,0.7906500000012784,-1043.54,[H]C1=C([H])[N+]2=C([H])C3([H])[C-]([H])C23C(C([H])([H])[H])=C1[H],[H]C1=C([H])N2CC3([H])[C+]([H])C23C(C([H])([H])[H])=C1[H],steric,Me,pi-system,0,Indolizine_H13
Indolizine_H13_Int1_Sub31,Indolizine_H13_interpolation_Sub31_v2,Indolizine_H13_Int2_Sub31,Indolizine_H13_substrate_Sub31,-1042.537663,-1042.521406,-1042.522349,-457.988316,-1.4488975000158175,8.752369999981653,8.160637499977526,9.609534999993343,10.20126749999747,0.5917325000041274,-1038.9,[H]C1=C([H])[N+]2=C([H])C3([H])[C-]([H])C23C(N([H])C([H])([H])[H])=C1[H],[H]C1=C([H])C([H])=[N+]2CC3([H])[C-]([H])C23C1=[N+]([H])C([H])([H])[H],EDG,NHCH3,pi-system,0,Indolizine_H13
Indolizine_H13_Int1_Sub32,Indolizine_H13_interpolation_Sub32_v2,Indolizine_H13_Int2_Sub32,Indolizine_H13_substrate_Sub32,-1062.38975,-1062.374501,-1062.376142,-477.84179,-0.5785550000017281,8.990192500023255,7.960464999983543,8.539019999985271,9.568747500024983,1.029727500039712,-1034.06,[H]C1=C([H])C([H])=[N+]2[C-]([H])C3([H])[C-]([H])C23C1=[O+]C([H])([H])[H],[H]C1=C([H])C([H])=[N+]2CC3([H])[C-]([H])C23C1=[O+]C([H])([H])[H],EDG,OMe,pi-system,0,Indolizine_H13
Indolizine_H13_Int1_Sub4,Indolizine_H13_interpolation_Sub4_v2,Indolizine_H13_Int2_Sub4,Indolizine_H13_substrate_Sub4,-1105.006905,-1104.989297,-1104.989285,-520.4535,-3.9952924999715833,7.053727499954334,7.061257499935323,11.056549999906906,11.049019999925918,-0.0075299999809885,-1007.62,[H]c1c([H])c([H])n2c([H])c(C(C([H])([H])[H])(C([H])([H])[H])C([H])([H])[H])c([H])c2c1[H],[H]C1=C(C(C([H])([H])[H])(C([H])([H])[H])C([H])([H])[H])C[n+]2c([H])c([H])c([H])c([H])c21,steric,tBu,pi-system,0,Indolizine_H13
Indolizine_H13_Int1_Sub5,Indolizine_H13_interpolation_Sub5_v2,Indolizine_H13_Int2_Sub5,Indolizine_H13_substrate_Sub5,-1065.751539,-1065.735411,-1065.734939,-481.19814,-3.9915275000167583,6.12879249997107,6.424972500079349,10.416500000096107,10.120319999987828,-0.2961800001082793,-1033.0,[H]C1=C([H])[N+]2=C([H])C3(C([H])(C([H])([H])[H])C([H])([H])[H])[C-]([H])C23C([H])=C1[H],[H]C1=C([H])N2CC3(C([H])(C([H])([H])[H])C([H])([H])[H])[C+]([H])C23C([H])=C1[H],steric,iPr,pi-system,0,Indolizine_H13
Indolizine_H13_Int1_Sub9,Indolizine_H13_interpolation_Sub9_v2,Indolizine_H13_Int2_Sub9,Indolizine_H13_substrate_Sub9,-1284.857806,-1284.845119,-1284.848484,-700.314012,2.0356100000682886,9.996702500014578,7.885164999995311,5.849554999927022,7.9610924999462895,2.111537500019267,-944.58,[H]C1=C([H])[N+]2=C([H])C3([H])[C-](C(F)(F)F)C23C([H])=C1[H],[H]C1=C([H])N2CC3([H])[C+](C(F)(F)F)C23C([H])=C1[H],EWG,CF3,pi-system,0,Indolizine_H13
Indolizine_H14_Int1_Sub14,Indolizine_H14_interpolation_Sub14_v2,Indolizine_H14_Int2_Sub14,Indolizine_H14_substrate_Sub14,-987.229116,-987.207993,-987.221698,-402.687988,3.7085250000535552,16.96320750004645,8.363320000072179,4.654795000018623,13.254682499992896,8.599887499974272,-512.44,[H]C1=C([H])N2C3([H])C([H])=C(C([H])([H])[H])C23C([H])=C1[H],[H]C1=[n+]2c([H])c([H])c([H])c([H])c2=C(C([H])([H])[H])C1,steric,Me,pi-system,0,Indolizine_H14
Indolizine_H14_Int1_Sub18,Indolizine_H14_interpolation_Sub18_v2,Indolizine_H14_Int2_Sub18,Indolizine_H14_substrate_Sub18,-1407.449516,-1407.422119,-1407.439061,-822.906635,2.6085175001199445,19.800135000017747,9.169030000035434,6.56051249991549,17.191617499897802,10.631104999982313,-429.67,[H]c1c([H])c(Cl)n2c([H])c([H])c([H])c2c1[H],[H]C1=c2c([H])c([H])c([H])c(Cl)[n+]2=C([H])C1,EWG,Cl,pi-system,0,Indolizine_H14
Indolizine_H14_Int1_Sub25,Indolizine_H14_interpolation_Sub25_v2,Indolizine_H14_Int2_Sub25,Indolizine_H14_substrate_Sub25,-1284.850382,-1284.82442,-1284.841726,-700.309541,3.888617499955558,20.179772500058,9.320257499938975,5.4316399999834175,16.291155000102435,10.859515000119018,-448.1,[H]C1=C([H])N2C3([H])C([H])=C([H])C23C(C(F)(F)F)=C1[H],[H]C1=c2c(C(F)(F)F)c([H])c([H])c([H])[n+]2=C([H])C1,EWG,CF3,pi-system,0,Indolizine_H14
Indolizine_H14_Int1_Sub26,Indolizine_H14_interpolation_Sub26_v2,Indolizine_H14_Int2_Sub26,Indolizine_H14_substrate_Sub26,-1407.45306,-1407.42547,-1407.442103,-822.9097,2.307945000022756,19.62067000011416,9.183462499998996,6.87551749997624,17.312725000091405,10.437207500115164,-471.67,[H]C1=C([H])N2C3([H])C([H])=C([H])C23C(Cl)=C1[H],[H]C1=c2c(Cl)c([H])c([H])c([H])[n+]2=C([H])C1,EWG,Cl,pi-system,0,Indolizine_H14
Indolizine_H14_Int1_Sub4,Indolizine_H14_interpolation_Sub4_v2,Indolizine_H14_Int2_Sub4,Indolizine_H14_substrate_Sub4,-1104.998392,-1104.968533,-1104.980126,-520.450303,-0.6595024999757015,18.077020000016542,10.802412500049172,11.461915000024874,18.736522499992248,7.274607499967374,-766.7,[H]c1c([H])c([H])n2c(C(C([H])([H])[H])(C([H])([H])[H])C([H])([H])[H])c([H])c([H])c2c1[H],[H][C+]1[C+]([H])N2[C+](C(C([H])([H])[H])(C([H])([H])[H])C([H])([H])[H])[C-]3[C-]([H])C32[C-]([H])[C-]1[H],steric,tBu,pi-system,0,Indolizine_H14
Indolizine_H14_Int1_Sub5,Indolizine_H14_interpolation_Sub5_v2,Indolizine_H14_Int2_Sub5,Indolizine_H14_substrate_Sub5,-1065.747487,-1065.719743,-1065.731312,-481.199197,-0.7856300000139527,16.62372999997615,9.36418250011343,10.149812500127382,17.4093599999901,7.25954749986272,-459.7,[H]c1c([H])c([H])n2c(C([H])(C([H])([H])[H])C([H])([H])[H])c([H])c([H])c2c1[H],[H][C+]1[C+]([H])N2[C+](C([H])(C([H])([H])[H])C([H])([H])[H])[C-]3[C-]([H])C32[C-]([H])[C-]1[H],steric,iPr,pi-system,0,Indolizine_H14
Indolizine_H14_Int1_Sub6,Indolizine_H14_interpolation_Sub6_v2,Indolizine_H14_Int2_Sub6,Indolizine_H14_substrate_Sub6,-987.234212,-987.211338,-987.224094,-402.690981,2.388892500068067,16.74232750006908,8.737937500018091,6.349044999950024,14.353435000001014,8.00439000005099,-536.6,[H]C1=C([H])[N+]2=C(C([H])([H])[H])C3([H])[C-]([H])C23C([H])=C1[H],[H][C+]1[C+]([H])N2[C+](C([H])([H])[H])[C-]3[C-]([H])C32[C-]([H])[C-]1[H],steric,Me,pi-system,0,Indolizine_H14
Napthalene_H7_Int1_Sub17,Napthalene_H7_interpolation_Sub17_v2,Napthalene_H7_Int2_Sub17,Napthalene_H7_substrate_Sub17,-1306.892787,-1306.870188,-1306.889381,-722.357361,7.286530000008611,21.467402499945933,9.42379500003426,2.13726500002565,14.180872499937324,12.043607499911673,-661.61,[H]c1c([H])c([H])c2c([H])c(C(F)(F)F)c([H])c([H])c2c1[H],[H][C+]1[C+]2[C+](C[C-]([H])[C+](C(F)(F)F)[C-]2[H])[C-]([H])[C-]([H])[C+]1[H],EWG,CF3,pi-system,0,Napthalene_H7
Napthalene_H7_Int1_Sub25,Napthalene_H7_interpolation_Sub25_v2,Napthalene_H7_Int2_Sub25,Napthalene_H7_substrate_Sub25,-1306.888212,-1306.865416,-1306.88577,-722.353732,7.880145000007985,22.184634999989896,9.41249999999144,1.532354999983454,14.30448999998191,12.772134999998457,-647.62,[H]c1c([H])c([H])c2c(C(F)(F)F)c([H])c([H])c([H])c2c1[H],[H][C+]1[C+]([H])[C-]([H])[C-]([H])[C+]2C[C-]([H])[C+]([H])[C-](C(F)(F)F)[C+]12,EWG,CF3,pi-system,0,Napthalene_H7
Napthalene_H7_Int1_Sub26,Napthalene_H7_interpolation_Sub26_v2,Napthalene_H7_Int2_Sub26,Napthalene_H7_substrate_Sub26,-1429.492539,-1429.470264,-1429.487876,-844.956039,6.612594999998009,20.59015750002061,9.538627500101027,2.92603250010302,13.9775625000226,11.05152999991958,-694.21,[H]c1c([H])c([H])c2c(Cl)c([H])c([H])c([H])c2c1[H],[H][C+]1[C+]2[C+](C[C-]([H])[C+]([H])[C-]2Cl)[C-]([H])[C-]([H])[C+]1[H],EWG,Cl,pi-system,0,Napthalene_H7
Napthalene_H7_Int1_Sub27,Napthalene_H7_interpolation_Sub27_v2,Napthalene_H7_Int2_Sub27,Napthalene_H7_substrate_Sub27,-1204.366675,-1204.343122,-1204.359215,-619.827732,5.07961250001614,19.8591200000115,9.76076250003956,4.681150000023422,14.77950749999536,10.09835749997194,-733.29,[H]c1c([H])c([H])c2c(C3([H])C([H])([H])C([H])([H])C([H])([H])C([H])([H])C3([H])[H])c([H])c([H])c([H])c2c1[H],[H][C+]1[C+]([H])[C-]([H])[C-]([H])[C+]2C[C-]([H])[C+]([H])[C-](C3([H])C([H])([H])C([H])([H])C([H])([H])C([H])([H])C3([H])[H])[C+]12,steric,Cy,pi-system,0,Napthalene_H7
Napthalene_H7_Int1_Sub28,Napthalene_H7_interpolation_Sub28_v2,Napthalene_H7_Int2_Sub28,Napthalene_H7_substrate_Sub28,-1127.026726,-1127.003055,-1127.019428,-542.487911,5.159932500027367,20.013485000121136,9.739427500022089,4.579494999994722,14.85355250009377,10.274057500099048,-733.14,[H]c1c([H])c([H])c2c(C(C([H])([H])[H])(C([H])([H])[H])C([H])([H])[H])c([H])c([H])c([H])c2c1[H],[H][C+]1[C+]([H])[C-]([H])[C-]([H])[C+]2C[C-]([H])[C+]([H])[C-](C(C([H])([H])[H])(C([H])([H])[H])C([H])([H])[H])[C+]12,steric,tBu,pi-system,0,Napthalene_H7
Napthalene_H7_Int1_Sub29,Napthalene_H7_interpolation_Sub29_v2,Napthalene_H7_Int2_Sub29,Napthalene_H7_substrate_Sub29,-1087.779946,-1087.756584,-1087.772647,-503.240886,5.006194999951816,19.66585000003576,9.586317500016293,4.580122500064476,14.659655000083944,10.079532500019468,-729.93,[H]c1c([H])c([H])c2c(C([H])(C([H])([H])[H])C([H])([H])[H])c([H])c([H])c([H])c2c1[H],[H][C+]1[C+]([H])[C-]([H])[C-]([H])[C+]2C[C-]([H])[C+]([H])[C-](C([H])(C([H])([H])[H])C([H])([H])[H])[C+]12,steric,iPr,pi-system,0,Napthalene_H7
Napthalene_H7_Int1_Sub2,Napthalene_H7_interpolation_Sub2_v2,Napthalene_H7_Int2_Sub2,Napthalene_H7_substrate_Sub2,-1429.486811,-1429.471952,-1429.489838,-844.957405,11.064080000030572,20.38810249996004,9.164637500046524,-1.899442499984048,9.32402249992947,11.223464999913515,-243.79,[H]c1c([H])c([H])c2c([H])c(Cl)c([H])c([H])c2c1[H],[H][C+]1[C+]2[C+](C[C-](Cl)[C+]([H])[C-]2[H])[C-]([H])[C-]([H])[C+]1[H],EWG,Cl,pi-system,0,Napthalene_H7
Napthalene_H7_Int1_Sub30,Napthalene_H7_interpolation_Sub30_v2,Napthalene_H7_Int2_Sub30,Napthalene_H7_substrate_Sub30,-1009.273287,-1009.250373,-1009.266374,-424.73422,5.001802500034245,19.380337500043225,9.33970999999687,4.3379074999626255,14.37853500000898,10.040627500046355,-727.52,[H]c1c([H])c([H])c2c(C([H])([H])[H])c([H])c([H])c([H])c2c1[H],[H][C+]1[C+]([H])[C-]([H])[C-]([H])[C+]2C[C-]([H])[C+]([H])[C-](C([H])([H])[H])[C+]12,steric,Me,pi-system,0,Napthalene_H7
Napthalene_H7_Int1_Sub31,Napthalene_H7_interpolation_Sub31_v2,Napthalene_H7_Int2_Sub31,Napthalene_H7_substrate_Sub31,-1064.577528,-1064.55612,-1064.563146,-480.031823,0.8364574999926333,14.269977500033376,9.86116250003576,9.024705000043127,13.433520000040744,4.408814999997617,-940.06,[H]c1c([H])c([H])c2c(N([H])C([H])([H])[H])c([H])c([H])c([H])c2c1[H],[H]C1=C([H])C(=[N+]([H])C([H])([H])[H])c2c([H])c([H])c([H])c([H])c2C1,EDG,NHCH3,pi-system,0,Napthalene_H7
Napthalene_H7_Int1_Sub32,Napthalene_H7_interpolation_Sub32_v2,Napthalene_H7_Int2_Sub32,Napthalene_H7_substrate_Sub32,-1084.435569,-1084.413156,-1084.425664,-499.894142,3.520902500027887,17.585059999974533,9.736289999958672,6.2153874999307845,14.064157499946646,7.848770000015861,-797.63,[H]c1c([H])c([H])c2c(OC([H])([H])[H])c([H])c([H])c([H])c2c1[H],[H]C1=C([H])C(=[O+]C([H])([H])[H])c2c([H])c([H])c([H])c([H])c2C1,EDG,OMe,pi-system,0,Napthalene_H7
Napthalene_H7_Int1_Sub3,Napthalene_H7_interpolation_Sub3_v2,Napthalene_H7_Int2_Sub3,Napthalene_H7_substrate_Sub3,-1204.369611,-1204.347844,-1204.364066,-619.83128,5.4636424999739575,19.12243500008799,8.94312999996373,3.479487499989773,13.658792500114032,10.17930500012426,-355.06,[H]c1c([H])c([H])c2c([H])c(C3([H])C([H])([H])C([H])([H])C([H])([H])C([H])([H])C3([H])[H])c([H])c([H])c2c1[H],[H][C+]1[C+]2[C+](C[C-](C3([H])C([H])([H])C([H])([H])C([H])([H])C([H])([H])C3([H])[H])[C+]([H])[C-]2[H])[C-]([H])[C-]([H])[C+]1[H],steric,Cy,pi-system,0,Napthalene_H7
Napthalene_H7_Int1_Sub4,Napthalene_H7_interpolation_Sub4_v2,Napthalene_H7_Int2_Sub4,Napthalene_H7_substrate_Sub4,-1127.031555,-1127.010325,-1127.024112,-542.498229,8.604280000034521,21.92610500007192,13.274762500013535,4.670482499979016,13.321825000037393,8.651342500058377,-794.43,[H]c1c([H])c([H])c2c([H])c(C(C([H])([H])[H])(C([H])([H])[H])C([H])([H])[H])c([H])c([H])c2c1[H],[H][C+]1[C+]2[C+](C[C-](C(C([H])([H])[H])(C([H])([H])[H])C([H])([H])[H])[C+]([H])[C-]2[H])[C-]([H])[C-]([H])[C+]1[H],steric,tBu,pi-system,0,Napthalene_H7
Napthalene_H7_Int1_Sub6,Napthalene_H7_interpolation_Sub6_v2,Napthalene_H7_Int2_Sub6,Napthalene_H7_substrate_Sub6,-1009.272278,-1009.251212,-1009.267449,-424.73587,6.670324999994932,19.8892400000068,9.700522499977636,3.0301974999827053,13.218915000011862,10.188717500029156,-411.44,[H]c1c([H])c([H])c2c([H])c(C([H])([H])[H])c([H])c([H])c2c1[H],[H][C+]1[C+]2[C+](C[C-](C([H])([H])[H])[C+]([H])[C-]2[H])[C-]([H])[C-]([H])[C+]1[H],steric,Me,pi-system,0,Napthalene_H7
Oxazole_H6_Int1_Sub12,Oxazole_H6_interpolation_Sub12_v2,Oxazole_H6_Int2_Sub12,Oxazole_H6_substrate_Sub12,-987.441313,-987.416513,-987.435432,-402.901083,4.272020000021968,19.834020000039203,7.962347500050129,3.690327500028161,15.562000000017235,11.871672499989074,-528.0,[H]c1nc(C(C([H])([H])[H])(C([H])([H])[H])C([H])([H])[H])oc1[H],[H]C1=[O+]C(C(C([H])([H])[H])(C([H])([H])[H])C([H])([H])[H])=NC1,steric,tBu,pi-system,0,Oxazole_H6
Oxazole_H6_Int1_Sub13,Oxazole_H6_interpolation_Sub13_v2,Oxazole_H6_Int2_Sub13,Oxazole_H6_substrate_Sub13,-948.185993,-948.160884,-948.179693,-363.645208,3.923757500009515,19.679655000036576,7.877007500015907,3.953250000006392,15.75589750002706,11.802647500020669,-430.3,[H]c1nc(C([H])(C([H])([H])[H])C([H])([H])[H])oc1[H],[H]C1=[O+]C(C([H])(C([H])([H])[H])C([H])([H])[H])=NC1,steric,iPr,pi-system,0,Oxazole_H6
Oxazole_H6_Int1_Sub14,Oxazole_H6_interpolation_Sub14_v2,Oxazole_H6_Int2_Sub14,Oxazole_H6_substrate_Sub14,-869.67733,-869.652106,-869.671181,-285.136276,3.754960000043326,19.58302000003087,7.613457500003591,3.858497499960265,15.828059999987545,11.96956250002728,-405.3,[H]c1nc(C([H])([H])[H])oc1[H],[H]C1=[O+]C(C([H])([H])[H])=NC1,steric,Me,pi-system,0,Oxazole_H6
Oxazole_H6_Int1_Sub4,Oxazole_H6_interpolation_Sub4_v2,Oxazole_H6_Int2_Sub4,Oxazole_H6_substrate_Sub4,-987.434497,-987.41807,-987.431479,-402.899801,7.744605000064837,18.052547500078333,9.638400000063143,1.893794999998306,10.307942500013496,8.41414750001519,-384.65,[H]C([H])([H])C(C1=[O+]C2([H])[N-]C12[H])(C([H])([H])[H])C([H])([H])[H],[H]C1=NCC(C(C([H])([H])[H])(C([H])([H])[H])C([H])([H])[H])=[O+]1,steric,tBu,pi-system,0,Oxazole_H6
Oxazole_H6_Int1_Sub5,Oxazole_H6_interpolation_Sub5_v2,Oxazole_H6_Int2_Sub5,Oxazole_H6_substrate_Sub5,-948.180882,-948.161834,-948.177478,-363.643689,6.177737500025842,18.13035750002456,8.31374750005466,2.1360100000288185,11.952619999998715,9.8166099999699,-267.33,[H]C([H])([H])C([H])(C1=[O+]C2([H])[N-]C12[H])C([H])([H])[H],[H]C1=NCC(C([H])(C([H])([H])[H])C([H])([H])[H])=[O+]1,steric,iPr,pi-system,0,Oxazole_H6
Oxazole_H6_Int1_Sub6,Oxazole_H6_interpolation_Sub6_v2,Oxazole_H6_Int2_Sub6,Oxazole_H6_substrate_Sub6,-869.669908,-869.65212,-869.667799,-285.134306,7.17609000003776,18.3380600000352,8.499487500049412,1.3233975000116516,11.16196999999744,9.838572499985789,-254.65,[H]C([H])([H])C1=[O+]C2([H])[N-]C12[H],[H]C1=NCC(C([H])([H])[H])=[O+]1,steric,Me,pi-system,0,Oxazole_H6
Oxazole_H7_Int1_Sub11,Oxazole_H7_interpolation_Sub11_v2,Oxazole_H7_Int2_Sub11,Oxazole_H7_substrate_Sub11,-1064.773726,-1064.755662,-1064.768887,-480.232235,3.480742500093612,14.81590250001048,6.5172150000604745,3.0364724999668624,11.335159999916868,8.298687499950006,-729.0,[H]c1nc(C2([H])C([H])([H])C([H])([H])C([H])([H])C([H])([H])C2([H])[H])oc1[H],[H]C1=NC(C2([H])C([H])([H])C([H])([H])C([H])([H])C([H])([H])C2([H])[H])=[O+]C1,steric,Cy,pi-system,0,Oxazole_H7
Oxazole_H7_Int1_Sub13,Oxazole_H7_interpolation_Sub13_v2,Oxazole_H7_Int2_Sub13,Oxazole_H7_substrate_Sub13,-948.187193,-948.169173,-948.182622,-363.645209,3.171385000054272,14.478935000040847,6.039687500017692,2.86830249996342,11.307549999986575,8.439247500023157,-684.83,[H]c1nc(C([H])(C([H])([H])[H])C([H])([H])[H])oc1[H],[H]C1=NC(C([H])(C([H])([H])[H])C([H])([H])[H])=[O+]C1,steric,iPr,pi-system,0,Oxazole_H7
Oxazole_H7_Int1_Sub14,Oxazole_H7_interpolation_Sub14_v2,Oxazole_H7_Int2_Sub14,Oxazole_H7_substrate_Sub14,-869.678618,-869.660892,-869.673988,-285.136273,2.944857500019822,14.067922500044148,5.850182500032446,2.905325000012624,11.123065000024326,8.217740000011702,-504.59,[H]c1nc(C([H])([H])[H])oc1[H],[H]C1=NC(C([H])([H])[H])=[O+]C1,steric,Me,pi-system,0,Oxazole_H7
Oxazole_H7_Int1_Sub3,Oxazole_H7_interpolation_Sub3_v2,Oxazole_H7_Int2_Sub3,Oxazole_H7_substrate_Sub3,-1064.768907,-1064.754925,-1064.7659,-480.228523,4.175385000087601,12.949090000051058,6.062277499960658,1.8868924998730563,8.773704999963456,6.8868125000904,-392.18,[H]c1nc(C2([H])C([H])([H])C([H])([H])C([H])([H])C([H])([H])C2([H])[H])c([H])o1,[H]C1=[O+]CC(C2([H])C([H])([H])C([H])([H])C([H])([H])C([H])([H])C2([H])[H])=N1,steric,Cy,pi-system,0,Oxazole_H7
Oxazole_H7_Int1_Sub5,Oxazole_H7_interpolation_Sub5_v2,Oxazole_H7_Int2_Sub5,Oxazole_H7_substrate_Sub5,-948.181752,-948.167682,-948.1793,-363.641423,4.209897500036135,13.038822500002851,5.748527500003746,1.5386299999676112,8.828924999966716,7.290294999999105,-326.47,[H]c1nc(C([H])(C([H])([H])[H])C([H])([H])[H])c([H])o1,[H]C1=[O+]CC(C([H])(C([H])([H])[H])C([H])([H])[H])=N1,steric,iPr,pi-system,0,Oxazole_H7
Oxazole_H7_Int1_Sub6,Oxazole_H7_interpolation_Sub6_v2,Oxazole_H7_Int2_Sub6,Oxazole_H7_substrate_Sub6,-869.671066,-869.658646,-869.669607,-285.13182,4.889480000032478,12.68303000004508,5.805002500003837,0.9155224999713596,7.793550000012601,6.878027500041242,-383.92,[H]c1nc(C([H])([H])[H])c([H])o1,[H]C1=[O+]CC(C([H])([H])[H])=N1,steric,Me,pi-system,0,Oxazole_H7
Oxazole_H7_Int1_Sub9,Oxazole_H7_interpolation_Sub9_v2,Oxazole_H7_Int2_Sub9,Oxazole_H7_substrate_Sub9,-1167.27519,-1167.258315,-1167.280236,-582.741401,8.313747499983322,18.902810000000443,5.147382499987714,-3.166364999995608,10.58906250001712,13.755427500012727,-272.84,[H]C1=[O+]C2(C(F)(F)F)[N-]C12[H],[H]C12COC1(C(F)(F)F)[N-]2,EWG,CF3,pi-system,0,Oxazole_H7
Pyrazole_H6_Int1_Sub13,Pyrazole_H6_interpolation_Sub13_v2,Pyrazole_H6_Int2_Sub13,Pyrazole_H6_substrate_Sub13,-928.30934,-928.286884,-928.305969,-343.770147,4.922737500019849,19.013877500041048,7.038040000029611,2.1153025000097614,14.091140000021198,11.975837500011435,-379.52,[H]C1=C([H])[N+]2([H])[N-]C12C([H])(C([H])([H])[H])C([H])([H])[H],[H][C+]1C[N+]2([H])[N-]C12C([H])(C([H])([H])[H])C([H])([H])[H],steric,iPr,pi-system,0,Pyrazole_H6
Pyrazole_H6_Int1_Sub14,Pyrazole_H6_interpolation_Sub14_v2,Pyrazole_H6_Int2_Sub14,Pyrazole_H6_substrate_Sub14,-849.79992,-849.778391,-849.797141,-265.260929,5.049492499985178,18.5589399999769,6.793315000005435,1.7438225000202578,13.509447499991722,11.765624999971465,-357.65,[H]C1=C([H])[N+]2([H])[N-]C12C([H])([H])[H],[H][C+]1C[N+]2([H])[N-]C12C([H])([H])[H],steric,Me,pi-system,0,Pyrazole_H6
Pyrazole_H6_Int1_Sub5,Pyrazole_H6_interpolation_Sub5_v2,Pyrazole_H6_Int2_Sub5,Pyrazole_H6_substrate_Sub5,-928.302707,-928.287041,-928.302742,-343.766841,7.010429999992311,16.840844999998694,6.988467500047761,-0.02196249994455,9.830415000006385,9.852377499950933,-393.88,[H]C1=C(C([H])(C([H])([H])[H])C([H])([H])[H])C2([H])[N-][N+]12[H],[H]C([H])([H])C([H])([C+]1C[N+]2([H])[N-]C12[H])C([H])([H])[H],steric,iPr,pi-system,0,Pyrazole_H6
Pyrazole_H6_Int1_Sub6,Pyrazole_H6_interpolation_Sub6_v2,Pyrazole_H6_Int2_Sub6,Pyrazole_H6_substrate_Sub6,-849.792011,-849.777994,-849.793365,-265.257564,7.900852500027042,16.696520000006387,7.05121750003201,-0.8496349999950326,8.795667499979345,9.645302499974376,-370.2,[H]C1=C(C([H])([H])[H])C2([H])[N-][N+]12[H],[H]C([H])([H])[C+]1C[N+]2([H])[N-]C12[H],steric,Me,pi-system,0,Pyrazole_H6
Pyrazole_H7_Int1_Sub13,Pyrazole_H7_interpolation_Sub13_v2,Pyrazole_H7_Int2_Sub13,Pyrazole_H7_substrate_Sub13,-928.305384,-928.291612,-928.302198,-343.769301,6.874262500015078,15.51619250002588,8.873477500032578,1.9992150000175,8.641930000010802,6.642714999993302,-521.65,[H]C1=C([H])[N+]2([H])[N-]C12C([H])(C([H])([H])[H])C([H])([H])[H],[H][C+]1CC2(C([H])(C([H])([H])[H])C([H])([H])[H])[N-][N+]12[H],steric,iPr,pi-system,0,Pyrazole_H7
Pyrazole_H7_Int1_Sub17,Pyrazole_H7_interpolation_Sub17_v2,Pyrazole_H7_Int2_Sub17,Pyrazole_H7_substrate_Sub17,-1147.39199,-1147.382142,-1147.399255,-562.867008,13.840140000012866,20.019760000105293,9.2813525000372,-4.558787499975665,6.179620000092427,10.738407500068092,-297.16,[H]C1=C([H])[N+]2(C(F)(F)F)[N-]C12[H],[H][C+]1CC2([H])[N-][N+]12C(F)(F)F,EWG,CF3,pi-system,0,Pyrazole_H7
Pyrazole_H7_Int1_Sub18,Pyrazole_H7_interpolation_Sub18_v2,Pyrazole_H7_Int2_Sub18,Pyrazole_H7_substrate_Sub18,-1269.956177,-1269.945386,-1269.960593,-685.427445,11.48701500003284,18.25836749998672,8.715975000037872,-2.7710399999949686,6.771352499953878,9.542392499948846,-330.23,[H]C1=C([H])[N+]2(Cl)[N-]C12[H],[H][C+]1CC2([H])[N-][N+]12Cl,EWG,Cl,pi-system,0,Pyrazole_H7
Pyrazole_H7_Int1_Sub19,Pyrazole_H7_interpolation_Sub19_v2,Pyrazole_H7_Int2_Sub19,Pyrazole_H7_substrate_Sub19,-1044.886051,-1044.872672,-1044.883682,-460.352588,8.518312500073222,16.913635000064602,10.00486000010099,1.4865475000277684,8.39532249999138,6.908774999963612,-489.56,[H]C1=C([H])[N+]2(C3([H])C([H])([H])C([H])([H])C([H])([H])C([H])([H])C3([H])[H])[N-]C12[H],[H][C+]1CC2([H])[N-][N+]12C1([H])C([H])([H])C([H])([H])C([H])([H])C([H])([H])C1([H])[H],steric,Cy,pi-system,0,Pyrazole_H7
Pyrazole_H7_Int1_Sub20,Pyrazole_H7_interpolation_Sub20_v2,Pyrazole_H7_Int2_Sub20,Pyrazole_H7_substrate_Sub20,-967.555694,-967.542436,-967.553086,-383.021292,7.929090000027088,16.24848500006749,9.565610000032905,1.6365200000058169,8.319395000040402,6.682875000034585,-528.47,[H]C1=C([H])[N+]2(C(C([H])([H])[H])(C([H])([H])[H])C([H])([H])[H])[N-]C12[H],[H][C+]1CC2([H])[N-][N+]12C(C([H])([H])[H])(C([H])([H])[H])C([H])([H])[H],steric,tBu,pi-system,0,Pyrazole_H7
Pyrazole_H7_Int1_Sub22,Pyrazole_H7_interpolation_Sub22_v2,Pyrazole_H7_Int2_Sub22,Pyrazole_H7_substrate_Sub22,-849.78436,-849.771424,-849.782541,-265.250163,8.057727500023333,16.175067500003166,9.199149999995058,1.1414224999717248,8.117339999979833,6.975917500008109,-456.01,[H]C1=C([H])[N+]2(C([H])([H])[H])[N-]C12[H],[H][C+]1CC2([H])[N-][N+]12C([H])([H])[H],steric,Me,pi-system,0,Pyrazole_H7
Pyrazole_H7_Int1_Sub24,Pyrazole_H7_interpolation_Sub24_v2,Pyrazole_H7_Int2_Sub24,Pyrazole_H7_substrate_Sub24,-924.891071,-924.878098,-924.891062,-340.35844,9.04039250000352,17.180949999996074,9.046039999989262,0.0056474999857414,8.140557499992553,8.134910000006812,-484.21,[H]C1=C([H])[N+]2(OC([H])([H])[H])[N-]C12[H],[H][C+]1CC2([H])[N-][N+]12OC([H])([H])[H],EDG,OMe,pi-system,0,Pyrazole_H7
Pyrazole_H7_Int1_Sub2,Pyrazole_H7_interpolation_Sub2_v2,Pyrazole_H7_Int2_Sub2,Pyrazole_H7_substrate_Sub2,-1270.003571,-1269.993974,-1270.007273,-685.474099,11.022665000063796,17.04478250005451,8.699660000079064,-2.3230049999847324,6.022117499990713,8.345122499975446,-244.3,[H]C1=C(Cl)[N+]2([H])[N-]C12[H],[H]C1=N[N+]([H])=C(Cl)C1,EWG,Cl,pi-system,0,Pyrazole_H7
Pyrazole_H7_Int1_Sub5,Pyrazole_H7_interpolation_Sub5_v2,Pyrazole_H7_Int2_Sub5,Pyrazole_H7_substrate_Sub5,-928.306973,-928.293928,-928.302754,-343.77022,6.453837500042141,14.639574999991964,9.10125999999252,2.6474224999503804,8.185737499949823,5.538314999999443,-368.04,[H]C1=C(C([H])(C([H])([H])[H])C([H])([H])[H])[N+]2([H])[N-]C12[H],[H]C([H])([H])C([H])([C+]1CC2([H])[N-][N+]12[H])C([H])([H])[H],steric,iPr,pi-system,0,Pyrazole_H7
Pyrazole_H7_Int1_Sub6,Pyrazole_H7_interpolation_Sub6_v2,Pyrazole_H7_Int2_Sub6,Pyrazole_H7_substrate_Sub6,-849.79798,-849.784313,-849.793588,-265.261232,6.45697499999855,15.033017500033026,9.212955000031542,2.7559800000329915,8.576042500034475,5.820062500001484,-484.82,[H]C1=C(C([H])([H])[H])[N+]2([H])[N-]C12[H],[H]C([H])([H])[C+]1CC2([H])[N-][N+]12[H],steric,Me,pi-system,0,Pyrazole_H7
Pyrazole_H7_Int1_Sub9,Pyrazole_H7_interpolation_Sub9_v2,Pyrazole_H7_Int2_Sub9,Pyrazole_H7_substrate_Sub9,-1147.410988,-1147.396211,-1147.412102,-562.879446,9.723739999990356,18.99630750004974,9.024705000043127,-0.6990349999472301,9.27256750005938,9.971602500006613,-210.27,[H]C1=C([H])[N+]2([H])[N-]C12C(F)(F)F,[H]C1=[N+]([H])N=C(C(F)(F)F)C1,EWG,CF3,pi-system,0,Pyrazole_H7
Pyridazine_H7_Int1_Sub14,Pyridazine_H7_interpolation_Sub14_v2,Pyridazine_H7_Int2_Sub14,Pyridazine_H7_substrate_Sub14,-887.830298,-887.81769,-887.841993,-303.307607,15.2777425000572,23.18926250005731,7.939130000037409,-7.338612500019792,7.91152000000011,15.250132500019902,-355.2,[H]c1nnc([H])c(C([H])([H])[H])c1[H],[H][C+]1C[C-](C([H])([H])[H])[C+]([H])[N-][N-]1,steric,Me,pi-system,0,Pyridazine_H7
Pyridazine_H7_Int1_Sub20,Pyridazine_H7_interpolation_Sub20_v2,Pyridazine_H7_Int2_Sub20,Pyridazine_H7_substrate_Sub20,-1005.593043,-1005.579622,-1005.607802,-421.071466,15.9767775000401,24.39845500003628,6.715505000023541,-9.26127250001656,8.421677499996179,17.682950000012738,-438.75,[H]c1nnc(C(C([H])([H])[H])(C([H])([H])[H])C([H])([H])[H])c([H])c1[H],[H][C+]1C[C-]([H])[C+](C(C([H])([H])[H])(C([H])([H])[H])C([H])([H])[H])[N-][N-]1,steric,tBu,pi-system,0,Pyridazine_H7
Pyridazine_H7_Int1_Sub21,Pyridazine_H7_interpolation_Sub21_v2,Pyridazine_H7_Int2_Sub21,Pyridazine_H7_substrate_Sub21,-966.338445,-966.325268,-966.35367,-381.817325,16.263545000029467,24.53211249998418,6.709857500037799,-9.553687499991668,8.268567499954713,17.82225499994638,-411.48,[H]c1nnc(C([H])(C([H])([H])[H])C([H])([H])[H])c([H])c1[H],[H][C+]1C[C-]([H])[C+](C([H])(C([H])([H])[H])C([H])([H])[H])[N-][N-]1,steric,iPr,pi-system,0,Pyridazine_H7
Pyridazine_H7_Int1_Sub22,Pyridazine_H7_interpolation_Sub22_v2,Pyridazine_H7_Int2_Sub22,Pyridazine_H7_substrate_Sub22,-887.829687,-887.816806,-887.845284,-303.308605,16.287390000004933,24.370217500000564,6.500272500031912,-9.78711749997302,8.08282749999563,17.869944999968652,-405.56,[H]c1nnc(C([H])([H])[H])c([H])c1[H],[H][C+]1C[C-]([H])[C+](C([H])([H])[H])[N-][N-]1,steric,Me,pi-system,0,Pyridazine_H7
Pyridazine_H7_Int1_Sub24,Pyridazine_H7_interpolation_Sub24_v2,Pyridazine_H7_Int2_Sub24,Pyridazine_H7_substrate_Sub24,-962.993363,-962.980772,-963.009676,-378.473484,17.042272499989508,24.94312500001655,6.805865000009419,-10.23640749998009,7.900852500027042,18.13726000000713,-386.93,[H]c1nnc(OC([H])([H])[H])c([H])c1[H],[H][C+]1C[C-]([H])[C+](OC([H])([H])[H])[N-][N-]1,EDG,OMe,pi-system,0,Pyridazine_H7
Pyridazine_H7_Int1_Sub5,Pyridazine_H7_interpolation_Sub5_v2,Pyridazine_H7_Int2_Sub5,Pyridazine_H7_substrate_Sub5,-966.339141,-966.326564,-966.351726,-381.817325,15.826804999990712,23.718872500039936,7.929717500025504,-7.89708749996521,7.892067500049222,15.789155000014432,-307.07,[H]c1nnc(C([H])(C([H])([H])[H])C([H])([H])[H])c([H])c1[H],[H][C+]1[N-][N-][C+](C([H])(C([H])([H])[H])C([H])([H])[H])C[C-]1[H],steric,iPr,pi-system,0,Pyridazine_H7
Pyridazine_H7_Int1_Sub6,Pyridazine_H7_interpolation_Sub6_v2,Pyridazine_H7_Int2_Sub6,Pyridazine_H7_substrate_Sub6,-887.828733,-887.817431,-887.843022,-303.308604,16.885397499993218,23.977402499993588,7.919050000016767,-8.96634749997645,7.09200500000037,16.05835249997682,-411.29,[H]c1nnc(C([H])([H])[H])c([H])c1[H],[H][C+]1[N-][N-][C+](C([H])([H])[H])C[C-]1[H],steric,Me,pi-system,0,Pyridazine_H7
Pyridine_H10_Int1_Sub10,Pyridine_H10_interpolation_Sub10_v2,Pyridine_H10_Int2_Sub10,Pyridine_H10_substrate_Sub10,-1292.043224,-1292.029246,-1292.050218,-707.517699,13.499407500017073,22.270602499986865,9.110672499968755,-4.388735000048314,8.771194999969794,13.159930000018107,-266.34,[H]c1nc(Cl)c([H])c([H])c1[H],[H][C+]1CC2(Cl)[N-]C2([H])[C-]1[H],EWG,Cl,pi-system,0,Pyridine_H10
Pyridine_H10_Int1_Sub13,Pyridine_H10_interpolation_Sub13_v2,Pyridine_H10_Int2_Sub13,Pyridine_H10_substrate_Sub13,-950.335151,-950.319253,-950.337585,-365.805356,10.81998250004048,20.795977500036003,9.292647500044351,-1.5273349999961283,9.97599499999552,11.50332999999165,-404.59,[H]c1nc(C([H])(C([H])([H])[H])C([H])([H])[H])c([H])c([H])c1[H],[H][C+]1C[C-](C([H])(C([H])([H])[H])C([H])([H])[H])[N-][C+]([H])[C+]1[H],steric,iPr,pi-system,0,Pyridine_H10
Pyridine_H10_Int1_Sub14,Pyridine_H10_interpolation_Sub14_v2,Pyridine_H10_Int2_Sub14,Pyridine_H10_substrate_Sub14,-871.826173,-871.809787,-871.828251,-287.296037,10.606005000010017,20.888220000017128,9.302060000020589,-1.303944999989426,10.282215000007112,11.58615999999654,-546.47,[H]c1nc(C([H])([H])[H])c([H])c([H])c1[H],[H][C+]1C[C-](C([H])([H])[H])[N-][C+]([H])[C+]1[H],steric,Me,pi-system,0,Pyridine_H10
Pyridine_H10_Int1_Sub18,Pyridine_H10_interpolation_Sub18_v2,Pyridine_H10_Int2_Sub18,Pyridine_H10_substrate_Sub18,-1292.038644,-1292.023539,-1292.047367,-707.513085,13.478072500070937,22.956460000038703,8.004390000122328,-5.473682499948609,9.478387499967766,14.952069999916375,-504.68,[H]c1nc([H])c(Cl)c([H])c1[H],[H][C+]1C[C-]([H])[N-][C+]([H])[C+]1Cl,EWG,Cl,pi-system,0,Pyridine_H10
Pyridine_H10_Int1_Sub19,Pyridine_H10_interpolation_Sub19_v2,Pyridine_H10_Int2_Sub19,Pyridine_H10_substrate_Sub19,-1066.91937,-1066.901036,-1066.922702,-482.390116,11.159459999968108,22.66404500002793,9.068629999967897,-2.09083000000021,11.50458500005982,13.59541500006003,-639.23,[H]c1nc([H])c(C2([H])C([H])([H])C([H])([H])C([H])([H])C([H])([H])C2([H])[H])c([H])c1[H],[H][C+]1C[C-]([H])[N-][C+]([H])[C+]1C1([H])C([H])([H])C([H])([H])C([H])([H])C([H])([H])C1([H])[H],steric,Cy,pi-system,0,Pyridine_H10
Pyridine_H10_Int1_Sub20,Pyridine_H10_interpolation_Sub20_v2,Pyridine_H10_Int2_Sub20,Pyridine_H10_substrate_Sub20,-989.585142,-989.568105,-989.589218,-405.056055,11.264252500024554,21.95497000007037,8.706562500061636,-2.5576899999629177,10.69071750004582,13.24840750000874,-634.24,[H]c1nc([H])c(C(C([H])([H])[H])(C([H])([H])[H])C([H])([H])[H])c([H])c1[H],[H][C+]1C[C-]([H])[N-][C+]([H])[C+]1C(C([H])([H])[H])(C([H])([H])[H])C([H])([H])[H],steric,tBu,pi-system,0,Pyridine_H10
Pyridine_H10_Int1_Sub21,Pyridine_H10_interpolation_Sub21_v2,Pyridine_H10_Int2_Sub21,Pyridine_H10_substrate_Sub21,-950.332312,-950.314646,-950.336165,-365.802827,11.014507500013051,22.09992249998976,8.596749999982194,-2.41775750003086,11.085414999976706,13.503172500007564,-623.88,[H]c1nc([H])c(C([H])(C([H])([H])[H])C([H])([H])[H])c([H])c1[H],[H][C+]1C[C-]([H])[N-][C+]([H])[C+]1C([H])(C([H])([H])[H])C([H])([H])[H],steric,iPr,pi-system,0,Pyridine_H10
Pyridine_H10_Int1_Sub22,Pyridine_H10_interpolation_Sub22_v2,Pyridine_H10_Int2_Sub22,Pyridine_H10_substrate_Sub22,-871.822616,-871.805616,-871.82705,-287.29359,11.302529999999251,21.970030000032352,8.5201950000328,-2.7823349999664515,10.6675000000331,13.449834999999553,-597.39,[H]c1nc([H])c(C([H])([H])[H])c([H])c1[H],[H][C+]1C[C-]([H])[N-][C+]([H])[C+]1C([H])([H])[H],steric,Me,pi-system,0,Pyridine_H10
Pyridine_H10_Int1_Sub24,Pyridine_H10_interpolation_Sub24_v2,Pyridine_H10_Int2_Sub24,Pyridine_H10_substrate_Sub24,-946.979189,-946.962842,-946.984836,-362.451156,11.925637500031172,22.18338000002873,8.38214500006032,-3.543492499970853,10.257742499997562,13.801234999968417,-611.59,[H]c1nc([H])c(OC([H])([H])[H])c([H])c1[H],[H][C+]1C[C-]([H])[N-][C+]([H])[C+]1OC([H])([H])[H],EDG,OMe,pi-system,0,Pyridine_H10
Pyridine_H10_Int1_Sub2,Pyridine_H10_interpolation_Sub2_v2,Pyridine_H10_Int2_Sub2,Pyridine_H10_substrate_Sub2,-1292.038116,-1292.026411,-1292.04648,-707.514344,14.59941500009336,21.94430250002597,9.35100500007536,-5.248410000017998,7.344887499932611,12.593297499950609,-280.81,[H]c1nc([H])c([H])c(Cl)c1[H],[H][C+]1[N-][C-]([H])C[C+](Cl)[C+]1[H],EWG,Cl,pi-system,0,Pyridine_H10
Pyridine_H10_Int1_Sub5,Pyridine_H10_interpolation_Sub5_v2,Pyridine_H10_Int2_Sub5,Pyridine_H10_substrate_Sub5,-950.332815,-950.317568,-950.335009,-365.803793,11.305040000028583,20.8725324999854,9.92830500000892,-1.3767350000196643,9.567492499956812,10.944227499976478,-448.94,[H]c1nc([H])c([H])c(C([H])(C([H])([H])[H])C([H])([H])[H])c1[H],[H][C-]1[C+](C([H])(C([H])([H])[H])C([H])([H])[H])CC2([H])[N-]C12[H],steric,iPr,pi-system,0,Pyridine_H10
Pyridine_H10_Int1_Sub6,Pyridine_H10_interpolation_Sub6_v2,Pyridine_H10_Int2_Sub6,Pyridine_H10_substrate_Sub6,-871.822616,-871.808647,-871.826573,-287.294755,12.03356750000836,20.79911500006375,9.550549999999587,-2.48301750000877,8.76554750005539,11.24856500006416,-524.56,[H]c1nc([H])c([H])c(C([H])([H])[H])c1[H],[H][C+]1[N-][C-]([H])C[C+](C([H])([H])[H])[C+]1[H],steric,Me,pi-system,0,Pyridine_H10
Styrene_H13_Int1_Sub11,Styrene_H13_interpolation_Sub11_v2,Styrene_H13_Int2_Sub11,Styrene_H13_substrate_Sub11,-1128.182332,-1128.162013,-1128.181421,-543.649542,8.940619999970068,21.69079250009532,9.512272500024892,0.5716525000548245,12.750172500125244,12.17852000007042,-765.39,[H]C([H])=C([H])c1c([H])c([H])c([H])c([H])c1C1([H])C([H])([H])C([H])([H])C([H])([H])C([H])([H])C1([H])[H],[H][C+]([H])[C+]([H])[C+]1[C+]([H])C[C-]([H])[C-]([H])[C-]1C1([H])C([H])([H])C([H])([H])C([H])([H])C([H])([H])C1([H])[H],steric,Cy,pi-system,0,Styrene_H13
Styrene_H13_Int1_Sub14,Styrene_H13_interpolation_Sub14_v2,Styrene_H13_Int2_Sub14,Styrene_H13_substrate_Sub14,-933.088847,-933.069014,-933.08831,-348.555787,8.771195000041132,21.21640250000894,9.108162500046433,0.3369675000053007,12.445207499967808,12.108239999962509,-750.84,[H]C([H])=C([H])c1c([H])c([H])c([H])c([H])c1C([H])([H])[H],[H][C+]([H])[C+]([H])[C+]1[C+]([H])C[C-]([H])[C-]([H])[C-]1C([H])([H])[H],steric,Me,pi-system,0,Styrene_H13
Styrene_H13_Int1_Sub18,Styrene_H13_interpolation_Sub18_v2,Styrene_H13_Int2_Sub18,Styrene_H13_substrate_Sub18,-1353.3118,-1353.29213,-1353.313581,-768.781235,10.336807500083296,22.679732500023988,9.21922999998003,-1.1175775001032662,12.342924999940692,13.460502500043958,-713.87,[H]C(Cl)=C([H])c1c([H])c([H])c([H])c([H])c1[H],[H][C+](Cl)[C+]([H])[C+]1[C+]([H])C[C-]([H])[C-]([H])[C-]1[H],EWG,Cl,pi-system,0,Styrene_H13
Styrene_H13_Int1_Sub19,Styrene_H13_interpolation_Sub19_v2,Styrene_H13_Int2_Sub19,Styrene_H13_substrate_Sub19,-1128.187416,-1128.167117,-1128.187872,-543.656182,9.917010000001769,22.65463250001602,9.630870000010816,-0.2861399999909508,12.737622500014254,13.023762500005205,-727.04,[H]C(=C([H])C1([H])C([H])([H])C([H])([H])C([H])([H])C([H])([H])C1([H])[H])c1c([H])c([H])c([H])c([H])c1[H],[H][C+]1C[C-]([H])[C-]([H])[C-]([H])[C+]1[C+]([H])[C+]([H])C1([H])C([H])([H])C([H])([H])C([H])([H])C([H])([H])C1([H])[H],steric,Cy,pi-system,0,Styrene_H13
Styrene_H13_Int1_Sub20,Styrene_H13_interpolation_Sub20_v2,Styrene_H13_Int2_Sub20,Styrene_H13_substrate_Sub20,-1050.856551,-1050.83617,-1050.856926,-466.325209,9.849239999958854,22.63831749998588,9.613927500053592,-0.2353124999052624,12.78907750002702,13.024389999932282,-734.15,[H]C(=C([H])C(C([H])([H])[H])(C([H])([H])[H])C([H])([H])[H])c1c([H])c([H])c([H])c([H])c1[H],[H][C+]1C[C-]([H])[C-]([H])[C-]([H])[C+]1[C+]([H])[C+]([H])C(C([H])([H])[H])(C([H])([H])[H])C([H])([H])[H],steric,tBu,pi-system,0,Styrene_H13
Styrene_H13_Int1_Sub21,Styrene_H13_interpolation_Sub21_v2,Styrene_H13_Int2_Sub21,Styrene_H13_substrate_Sub21,-1011.601285,-1011.581034,-1011.60179,-427.069928,9.839827500053955,22.54733000000158,9.52293999999796,-0.3168875000559978,12.707502499947624,13.02439000000362,-728.09,[H]C(=C([H])C([H])(C([H])([H])[H])C([H])([H])[H])c1c([H])c([H])c([H])c([H])c1[H],[H][C+]1C[C-]([H])[C-]([H])[C-]([H])[C+]1[C+]([H])[C+]([H])C([H])(C([H])([H])[H])C([H])([H])[H],steric,iPr,pi-system,0,Styrene_H13
Styrene_H13_Int1_Sub22,Styrene_H13_interpolation_Sub22_v2,Styrene_H13_Int2_Sub22,Styrene_H13_substrate_Sub22,-933.091646,-933.071462,-933.092131,-348.559584,9.397440000029462,22.062900000011894,9.093102500013115,-0.3043375000163451,12.665459999982431,12.969797499998776,-740.34,[H]C(=C([H])C([H])([H])[H])c1c([H])c([H])c([H])c([H])c1[H],[H][C+]1C[C-]([H])[C-]([H])[C-]([H])[C+]1[C+]([H])[C+]([H])C([H])([H])[H],steric,Me,pi-system,0,Styrene_H13
Styrene_H13_Int1_Sub2,Styrene_H13_interpolation_Sub2_v2,Styrene_H13_Int2_Sub2,Styrene_H13_substrate_Sub2,-1353.311604,-1353.292535,-1353.312361,-768.78029,9.866810000057171,21.83260750002262,9.39179250004372,-0.4750175000134504,11.965797499965449,12.440814999978898,-468.58,[H]C([H])=C([H])c1c([H])c([H])c(Cl)c([H])c1[H],[H][C+]([H])[C+]([H])[C+]1[C+]([H])C[C-](Cl)[C-]([H])[C-]1[H],EWG,Cl,pi-system,0,Styrene_H13
Styrene_H13_Int1_Sub3,Styrene_H13_interpolation_Sub3_v2,Styrene_H13_Int2_Sub3,Styrene_H13_substrate_Sub3,-1128.18624,-1128.167719,-1128.186558,-543.654017,9.296412499999178,20.91833999997675,9.096867499932271,-0.1995450000669052,11.621927499977572,11.82147250004448,-581.49,[H]C([H])=C([H])c1c([H])c([H])c(C2([H])C([H])([H])C([H])([H])C([H])([H])C([H])([H])C2([H])[H])c([H])c1[H],[H][C+]([H])[C+]([H])[C+]1[C+]([H])C[C-](C2([H])C([H])([H])C([H])([H])C([H])([H])C([H])([H])C2([H])[H])[C-]([H])[C-]1[H],steric,Cy,pi-system,0,Styrene_H13
Styrene_H13_Int1_Sub5,Styrene_H13_interpolation_Sub5_v2,Styrene_H13_Int2_Sub5,Styrene_H13_substrate_Sub5,-1011.599344,-1011.581228,-1011.599027,-427.06721,9.352260000036525,20.72005000001369,9.551177500033674,0.198917499997151,11.367789999977164,11.168872499980012,-621.49,[H]C([H])=C([H])c1c([H])c([H])c(C([H])(C([H])([H])[H])C([H])([H])[H])c([H])c1[H],[H][C+]([H])[C+]([H])[C+]1[C+]([H])C[C-](C([H])(C([H])([H])[H])C([H])([H])[H])[C-]([H])[C-]1[H],steric,iPr,pi-system,0,Styrene_H13
Styrene_H13_Int1_Sub6,Styrene_H13_interpolation_Sub6_v2,Styrene_H13_Int2_Sub6,Styrene_H13_substrate_Sub6,-933.089001,-933.072146,-933.090635,-348.558341,10.277194999984118,20.853707500032925,9.251860000004656,-1.0253349999794636,10.576512500048809,11.60184750002827,-660.86,[H]C([H])=C([H])c1c([H])c([H])c(C([H])([H])[H])c([H])c1[H],[H][C+]([H])[C+]([H])[C+]1[C+]([H])C[C-](C([H])([H])[H])[C-]([H])[C-]1[H],steric,Me,pi-system,0,Styrene_H13
Styrene_H9_Int1_Sub11,Styrene_H9_interpolation_Sub11_v2,Styrene_H9_Int2_Sub11,Styrene_H9_substrate_Sub11,-1128.189987,-1128.169407,-1128.18723,-543.656182,8.30370750000867,21.21765749993444,10.033724999992444,1.7300174999837736,12.913949999925762,11.183932499941989,-496.24,[H]C(=C([H])C1([H])C([H])([H])C([H])([H])C([H])([H])C([H])([H])C1([H])[H])c1c([H])c([H])c([H])c([H])c1[H],[H][C+]1[C+]([H])[C-]([H])[C+]([C+]([H])[C-]([H])C2([H])C([H])([H])C([H])([H])C([H])([H])C([H])([H])C2([H])[H])C[C-]1[H],steric,Cy,pi-system,0,Styrene_H9
Styrene_H9_Int1_Sub12,Styrene_H9_interpolation_Sub12_v2,Styrene_H9_Int2_Sub12,Styrene_H9_substrate_Sub12,-1050.859117,-1050.838897,-1050.856459,-466.32521,8.23970250006326,20.927752499988657,9.907597499989862,1.6678949999266024,12.688049999925395,11.020154999998796,-507.33,[H]C(=C([H])C(C([H])([H])[H])(C([H])([H])[H])C([H])([H])[H])c1c([H])c([H])c([H])c([H])c1[H],[H][C+]1[C+]([H])[C-]([H])[C+]([C+]([H])[C-]([H])C(C([H])([H])[H])(C([H])([H])[H])C([H])([H])[H])C[C-]1[H],steric,tBu,pi-system,0,Styrene_H9
Styrene_H9_Int1_Sub13,Styrene_H9_interpolation_Sub13_v2,Styrene_H9_Int2_Sub13,Styrene_H9_substrate_Sub13,-1011.603784,-1011.583756,-1011.601015,-427.069928,8.27170500001813,20.83927500003369,10.009252500054233,1.7375475000361007,12.567570000015564,10.830022499979464,-770.19,[H]C(=C([H])C([H])(C([H])([H])[H])C([H])([H])[H])c1c([H])c([H])c([H])c([H])c1[H],[H][C+]1[C+]([H])[C-]([H])[C+]([C+]([H])[C-]([H])C([H])(C([H])([H])[H])C([H])([H])[H])C[C-]1[H],steric,iPr,pi-system,0,Styrene_H9
Styrene_H9_Int1_Sub19,Styrene_H9_interpolation_Sub19_v2,Styrene_H9_Int2_Sub19,Styrene_H9_substrate_Sub19,-1128.188436,-1128.167779,-1128.183798,-543.654095,7.967367500073124,20.929634999948235,10.877712500001737,2.910344999928612,12.96226749987511,10.0519224999465,-827.72,[H]C([H])=C([H])c1c([H])c([H])c([H])c(C2([H])C([H])([H])C([H])([H])C([H])([H])C([H])([H])C2([H])[H])c1[H],[H][C+]([C+]1C[C-]([H])[C+]([H])[C+](C2([H])C([H])([H])C([H])([H])C([H])([H])C([H])([H])C2([H])[H])[C-]1[H])[C-]([H])[H],steric,Cy,pi-system,0,Styrene_H9
Styrene_H9_Int1_Sub20,Styrene_H9_interpolation_Sub20_v2,Styrene_H9_Int2_Sub20,Styrene_H9_substrate_Sub20,-1050.85558,-1050.834478,-1050.850807,-466.320527,7.520587500095388,20.76209250005021,10.515645000024136,2.9950574999287483,13.241504999954827,10.24644750002608,-825.63,[H]C([H])=C([H])c1c([H])c([H])c([H])c(C(C([H])([H])[H])(C([H])([H])[H])C([H])([H])[H])c1[H],[H][C+]([C+]1C[C-]([H])[C+]([H])[C+](C(C([H])([H])[H])(C([H])([H])[H])C([H])([H])[H])[C-]1[H])[C-]([H])[H],steric,tBu,pi-system,0,Styrene_H9
Styrene_H9_Int1_Sub22,Styrene_H9_interpolation_Sub22_v2,Styrene_H9_Int2_Sub22,Styrene_H9_substrate_Sub22,-933.093174,-933.072659,-933.088619,-348.558096,7.5049000000279875,20.37806249998539,10.363162500016756,2.8582624999887685,12.873162499957402,10.014899999968634,-817.16,[H]C([H])=C([H])c1c([H])c([H])c([H])c(C([H])([H])[H])c1[H],[H][C+]([C+]1C[C-]([H])[C+]([H])[C+](C([H])([H])[H])[C-]1[H])[C-]([H])[H],steric,Me,pi-system,0,Styrene_H9
Styrene_H9_Int1_Sub24,Styrene_H9_interpolation_Sub24_v2,Styrene_H9_Int2_Sub24,Styrene_H9_substrate_Sub24,-1008.254286,-1008.234069,-1008.246805,-423.717113,6.190287500029825,18.87645500003132,10.884615000019975,4.694327499990152,12.686167500001488,7.991840000011336,-906.46,[H]C([H])=C([H])c1c([H])c([H])c([H])c(OC([H])([H])[H])c1[H],[H]C([H])=C([H])C1=C([H])C(=[O+]C([H])([H])[H])C([H])=C([H])C1,EDG,OMe,pi-system,0,Styrene_H9
Styrene_H9_Int1_Sub5,Styrene_H9_interpolation_Sub5_v2,Styrene_H9_Int2_Sub5,Styrene_H9_substrate_Sub5,-1011.599969,-1011.580745,-1011.596843,-427.067168,8.933717500023164,20.9967775000284,10.895282499993044,1.9615649999698803,12.063060000005237,10.101495000035356,-432.15,[H]C([H])=C([H])c1c([H])c([H])c([H])c(C([H])(C([H])([H])[H])C([H])([H])[H])c1[H],[H][C+]([C+]1C[C-](C([H])(C([H])([H])[H])C([H])([H])[H])[C+]([H])[C+]([H])[C-]1[H])[C-]([H])[H],steric,iPr,pi-system,0,Styrene_H9
Styrene_H9_Int1_Sub6,Styrene_H9_interpolation_Sub6_v2,Styrene_H9_Int2_Sub6,Styrene_H9_substrate_Sub6,-933.09015,-933.070973,-933.087892,-348.558228,9.485290000021678,21.51885750003004,10.902185000011286,1.4168949999896086,12.03356750000836,10.616672500018751,-426.44,[H]C([H])=C([H])c1c([H])c([H])c([H])c(C([H])([H])[H])c1[H],[H][C+]([C+]1C[C-](C([H])([H])[H])[C+]([H])[C+]([H])[C-]1[H])[C-]([H])[H],steric,Me,pi-system,0,Styrene_H9
Styrene_H9_Int1_Sub9,Styrene_H9_interpolation_Sub9_v2,Styrene_H9_Int2_Sub9,Styrene_H9_substrate_Sub9,-1230.715647,-1230.695117,-1230.712191,-646.183854,9.56623750003132,22.448812500036297,11.734877499977756,2.168639999946436,12.882575000004977,10.71393500005854,-775.17,[H]C(=C([H])C(F)(F)F)c1c([H])c([H])c([H])c([H])c1[H],[H][C+]1[C+]([H])[C-]([H])[C+]([C+]([H])[C-]([H])C(F)(F)F)C[C-]1[H],EWG,CF3,pi-system,0,Styrene_H9
TwoHchromene_H8_Int1_Sub10,TwoHchromene_H8_interpolation_Sub10_v2,TwoHchromene_H8_Int2_Sub10,TwoHchromene_H8_substrate_Sub10,-1466.56021,-1466.545012,-1466.561157,-882.029718,10.382614999967643,19.919360000002087,9.788372499969851,-0.5942424999977902,9.536745000034443,10.130987500032234,-629.14,[H]C1=C([H])C([H])([H])Oc2c([H])c([H])c([H])c(Cl)c21,[H]C1=C([H])C(Cl)=C2C(=[O+]C([H])([H])C([H])=C2[H])C1,EWG,Cl,pi-system,0,TwoHchromene_H8
TwoHchromene_H8_Int1_Sub11,TwoHchromene_H8_interpolation_Sub11_v2,TwoHchromene_H8_Int2_Sub11,TwoHchromene_H8_substrate_Sub11,-1241.435374,-1241.417722,-1241.432372,-656.901409,8.20330750004814,19.279937500047023,10.087062500000457,1.883754999952316,11.076629999998886,9.19287500004657,-684.9,[H]C1=C([H])C([H])([H])Oc2c([H])c([H])c([H])c(C3([H])C([H])([H])C([H])([H])C([H])([H])C([H])([H])C3([H])[H])c21,[H]C1=C([H])C(C2([H])C([H])([H])C([H])([H])C([H])([H])C([H])([H])C2([H])[H])=C2C(=[O+]C([H])([H])C([H])=C2[H])C1,steric,Cy,pi-system,0,TwoHchromene_H8
TwoHchromene_H8_Int1_Sub13,TwoHchromene_H8_interpolation_Sub13_v2,TwoHchromene_H8_Int2_Sub13,TwoHchromene_H8_substrate_Sub13,-1124.84865,-1124.831247,-1124.845888,-540.314565,8.128007500095578,19.04838999998958,9.861162500000091,1.7331549999045135,10.920382499894004,9.18722749998949,-677.97,[H]C1=C([H])C([H])([H])Oc2c([H])c([H])c([H])c(C([H])(C([H])([H])[H])C([H])([H])[H])c21,[H]C1=C([H])C(C([H])(C([H])([H])[H])C([H])([H])[H])=C2C(=[O+]C([H])([H])C([H])=C2[H])C1,steric,iPr,pi-system,0,TwoHchromene_H8
TwoHchromene_H8_Int1_Sub14,TwoHchromene_H8_interpolation_Sub14_v2,TwoHchromene_H8_Int2_Sub14,TwoHchromene_H8_substrate_Sub14,-1046.341427,-1046.324589,-1046.339149,-461.807498,8.225897499991106,18.791742499995507,9.655342500091706,1.4294450001005998,10.5658450000044,9.1363999999038,-671.49,[H]C1=C([H])C([H])([H])Oc2c([H])c([H])c([H])c(C([H])([H])[H])c21,[H]C1=C([H])C(C([H])([H])[H])=C2C(=[O+]C([H])([H])C([H])=C2[H])C1,steric,Me,pi-system,0,TwoHchromene_H8
TwoHchromene_H8_Int1_Sub17,TwoHchromene_H8_interpolation_Sub17_v2,TwoHchromene_H8_Int2_Sub17,TwoHchromene_H8_substrate_Sub17,-1343.960472,-1343.943838,-1343.961727,-759.430553,10.742172500058588,21.180007500100828,9.954659999978048,-0.7875125000805383,10.437835000042242,11.22534750012278,-336.83,[H]C1=C([H])C([H])(C(F)(F)F)Oc2c([H])c([H])c([H])c([H])c21,[H]C1=C([H])C([H])=C2C(=[O+]C([H])(C(F)(F)F)C([H])=C2[H])C1,EWG,CF3,pi-system,0,TwoHchromene_H8
TwoHchromene_H8_Int1_Sub18,TwoHchromene_H8_interpolation_Sub18_v2,TwoHchromene_H8_Int2_Sub18,TwoHchromene_H8_substrate_Sub18,-1466.56831,-1466.551987,-1466.570805,-882.039243,11.276802499992868,21.519485000028453,9.711190000022045,-1.5656124999708254,10.242682500035585,11.80829500000641,-482.43,[H]C1=C([H])C([H])(Cl)Oc2c([H])c([H])c([H])c([H])c21,[H]C1=C([H])C([H])=C2C(=[O+]C([H])(Cl)C([H])=C2[H])C1,EWG,Cl,pi-system,0,TwoHchromene_H8
TwoHchromene_H8_Int1_Sub19,TwoHchromene_H8_interpolation_Sub19_v2,TwoHchromene_H8_Int2_Sub19,TwoHchromene_H8_substrate_Sub19,-1241.440762,-1241.423537,-1241.438259,-656.905649,7.482937500083437,18.291625000116767,9.053570000041589,1.5706324999581511,10.80868750003333,9.238055000075178,-508.75,[H]C1=C([H])C([H])(C2([H])C([H])([H])C([H])([H])C([H])([H])C([H])([H])C2([H])[H])Oc2c([H])c([H])c([H])c([H])c21,[H]C1=C([H])C([H])=C2C(=[O+]C([H])(C3([H])C([H])([H])C([H])([H])C([H])([H])C([H])([H])C3([H])[H])C([H])=C2[H])C1,steric,Cy,pi-system,0,TwoHchromene_H8
TwoHchromene_H8_Int1_Sub20,TwoHchromene_H8_interpolation_Sub20_v2,TwoHchromene_H8_Int2_Sub20,TwoHchromene_H8_substrate_Sub20,-1164.108493,-1164.092538,-1164.107627,-579.574989,8.49258500003117,18.504347499936387,9.035999999943272,0.5434149999121018,10.011762499905217,9.468347499993117,-410.77,[H]C1=C([H])C([H])(C(C([H])([H])[H])(C([H])([H])[H])C([H])([H])[H])Oc2c([H])c([H])c([H])c([H])c21,[H]C1=C([H])C([H])=C2C(=[O+]C([H])(C(C([H])([H])[H])(C([H])([H])[H])C([H])([H])[H])C([H])=C2[H])C1,steric,tBu,pi-system,0,TwoHchromene_H8
TwoHchromene_H8_Int1_Sub21,TwoHchromene_H8_interpolation_Sub21_v2,TwoHchromene_H8_Int2_Sub21,TwoHchromene_H8_substrate_Sub21,-1124.854318,-1124.836488,-1124.852252,-540.319594,7.727035000109197,18.91536000011144,9.023450000117634,1.2964150000084371,11.188325000002235,9.8919099999938,-559.89,[H]C1=C([H])C([H])(C([H])(C([H])([H])[H])C([H])([H])[H])Oc2c([H])c([H])c([H])c([H])c21,[H]C1=C([H])C([H])=C2C(=[O+]C([H])(C([H])(C([H])([H])[H])C([H])([H])[H])C([H])=C2[H])C1,steric,iPr,pi-system,0,TwoHchromene_H8
TwoHchromene_H8_Int1_Sub22,TwoHchromene_H8_interpolation_Sub22_v2,TwoHchromene_H8_Int2_Sub22,TwoHchromene_H8_substrate_Sub22,-1046.343315,-1046.325712,-1046.341418,-461.80946,8.272332499980877,19.31821499998605,9.462700000043045,1.190367500062166,11.045882500005176,9.855514999943011,-548.31,[H]C1=C([H])C([H])(C([H])([H])[H])Oc2c([H])c([H])c([H])c([H])c21,[H]C1=C([H])C([H])=C2C(=[O+]C([H])(C([H])([H])[H])C([H])=C2[H])C1,steric,Me,pi-system,0,TwoHchromene_H8
TwoHchromene_H8_Int1_Sub27,TwoHchromene_H8_interpolation_Sub27_v2,TwoHchromene_H8_Int2_Sub27,TwoHchromene_H8_substrate_Sub27,-1241.4376,-1241.422288,-1241.438665,-656.905324,9.263155000011809,18.87143500000832,8.594867500058285,-0.6682874999535215,9.608279999996512,10.276567499950032,-275.81,[H]C1=C([H])C([H])(C2([H])C([H])([H])C([H])([H])C([H])([H])C([H])([H])C2([H])[H])Oc2c([H])c([H])c([H])c([H])c21,[H]C1=C([H])C([H])=C2C(=[O+]C([H])(C3([H])C([H])([H])C([H])([H])C([H])([H])C([H])([H])C3([H])[H])C([H])=C2[H])C1,steric,Cy,pi-system,0,TwoHchromene_H8
TwoHchromene_H8_Int1_Sub29,TwoHchromene_H8_interpolation_Sub29_v2,TwoHchromene_H8_Int2_Sub29,TwoHchromene_H8_substrate_Sub29,-1124.850922,-1124.835238,-1124.850818,-540.318294,9.042274999998767,18.88398500011931,9.107535000119356,0.0652600001205883,9.841710000120544,9.776449999999954,-500.96,[H]C1=C([H])C([H])(C([H])(C([H])([H])[H])C([H])([H])[H])Oc2c([H])c([H])c([H])c([H])c21,[H]C1=C([H])C([H])=C2C(=[O+]C([H])(C([H])(C([H])([H])[H])C([H])([H])[H])C([H])=C2[H])C1,steric,iPr,pi-system,0,TwoHchromene_H8
TwoHchromene_H8_Int1_Sub3,TwoHchromene_H8_interpolation_Sub3_v2,TwoHchromene_H8_Int2_Sub3,TwoHchromene_H8_substrate_Sub3,-1241.438903,-1241.421894,-1241.43587,-656.904191,7.734565000018847,18.40771249996635,9.637772499993387,1.9032074999745416,10.673147499947504,8.769939999972962,-255.2,[H]C1=C([H])C([H])([H])Oc2c([H])c(C3([H])C([H])([H])C([H])([H])C([H])([H])C([H])([H])C3([H])[H])c([H])c([H])c21,[H]C1=C2C(=[O+]C([H])([H])C([H])=C2[H])CC(C2([H])C([H])([H])C([H])([H])C([H])([H])C([H])([H])C2([H])[H])=C1[H],steric,Cy,pi-system,0,TwoHchromene_H8
TwoHchromene_H8_Int1_Sub6,TwoHchromene_H8_interpolation_Sub6_v2,TwoHchromene_H8_Int2_Sub6,TwoHchromene_H8_substrate_Sub6,-1046.341826,-1046.325406,-1046.339895,-461.808858,8.828924999966716,19.13247500006264,10.040627499975017,1.2117025000083004,10.303550000095925,9.091847500087624,-578.39,[H]C1=C([H])C([H])([H])Oc2c([H])c(C([H])([H])[H])c([H])c([H])c21,[H]C1=C2C(=[O+]C([H])([H])C([H])=C2[H])CC(C([H])([H])[H])=C1[H],steric,Me,pi-system,0,TwoHchromene_H8
TwoHchromene_H8_Int1_Sub9,TwoHchromene_H8_interpolation_Sub9_v2,TwoHchromene_H8_Int2_Sub9,TwoHchromene_H8_substrate_Sub9,-1343.956521,-1343.940117,-1343.95897,-759.427335,11.202129999967385,21.49563999994598,9.665382500066356,-1.5367474999010255,10.293509999978596,11.830257499879622,-561.45,[H]C1=C([H])C([H])([H])Oc2c([H])c([H])c([H])c(C(F)(F)F)c21,[H]C1=C([H])C(C(F)(F)F)=C2C(=[O+]C([H])([H])C([H])=C2[H])C1,EWG,CF3,pi-system,0,TwoHchromene_H8
Benzofuran_H9_Int1_Sub10,Benzofuran_H9_interpolation_Sub10_v2,Benzofuran_H9_Int2_Sub10,Benzofuran_H9_substrate_Sub10,-1427.317994,-1427.300119,-1427.320921,-842.786762,9.918264999998598,21.13482750000088,8.0815724999988,-1.836692499999799,11.216562500002285,13.053255000002082,-428.38,[H]C1=C(Cl)C([H])=C([H])C23OC2([H])C([H])=C13,[H][C+]1CC23OC2([H])[C+]([H])[C-]3[C-]([H])[C+]1Cl,EWG,Cl,pi-system,0,Benzofuran_H9
Benzofuran_H9_Int1_Sub14,Benzofuran_H9_interpolation_Sub14_v2,Benzofuran_H9_Int2_Sub14,Benzofuran_H9_substrate_Sub14,-1007.099583,-1007.079697,-1007.098458,-422.564671,7.609064999979012,20.08753000000553,8.315002499980153,0.7059375000011414,12.478465000026516,11.772527500025376,-525.41,[H]C1=C(C([H])([H])[H])C([H])=C([H])C23OC2([H])C([H])=C13,[H][C+]1CC23OC2([H])[C+]([H])[C-]3[C-]([H])[C+]1C([H])([H])[H],steric,Me,pi-system,0,Benzofuran_H9
Benzofuran_H9_Int1_Sub15,Benzofuran_H9_interpolation_Sub15_v2,Benzofuran_H9_Int2_Sub15,Benzofuran_H9_substrate_Sub15,-1062.399724,-1062.374568,-1062.393214,-477.859388,4.2055049999758864,19.990895000071163,8.29053000007761,4.085025000101723,15.785390000095276,11.700364999993552,-554.02,[H]C1=C(N([H])C([H])([H])[H])C([H])=C([H])C23OC2([H])C([H])=C13,[H][C+]1CC23OC2([H])[C+]([H])[C-]3[C-]([H])[C+]1N([H])C([H])([H])[H],EDG,NHCH3,pi-system,0,Benzofuran_H9
Benzofuran_H9_Int1_Sub16,Benzofuran_H9_interpolation_Sub16_v2,Benzofuran_H9_Int2_Sub16,Benzofuran_H9_substrate_Sub16,-1082.256611,-1082.236436,-1082.255434,-497.721612,7.554472500009837,20.214285000077865,8.293040000071272,0.7385675000614356,12.659812500068028,11.921245000006593,-523.06,[H]C1=C(OC([H])([H])[H])C([H])=C([H])C23OC2([H])C([H])=C13,[H][C+]1CC23OC2([H])[C+]([H])[C-]3[C-]([H])[C+]1OC([H])([H])[H],EDG,OMe,pi-system,0,Benzofuran_H9
Benzofuran_H9_Int1_Sub17,Benzofuran_H9_interpolation_Sub17_v2,Benzofuran_H9_Int2_Sub17,Benzofuran_H9_substrate_Sub17,-1304.713622,-1304.696602,-1304.716039,-720.183184,10.416500000024769,21.096550000026184,8.899832500073046,-1.516667499951723,10.680050000001415,12.196717499953138,-440.77,[H]C1=C([H])C2=C([H])C3(C(F)(F)F)OC23C([H])=C1[H],[H][C+]1CC23OC2(C(F)(F)F)[C+]([H])[C-]3[C-]([H])[C+]1[H],EWG,CF3,pi-system,0,Benzofuran_H9
Benzofuran_H9_Int1_Sub18,Benzofuran_H9_interpolation_Sub18_v2,Benzofuran_H9_Int2_Sub18,Benzofuran_H9_substrate_Sub18,-1427.315387,-1427.297661,-1427.316088,-842.783542,9.533607499971026,20.656672499995352,9.093730000011533,-0.4398774999594934,11.123065000024326,11.56294249998382,-466.47,[H]C1=C([H])C2=C([H])C3(Cl)OC23C([H])=C1[H],[H][C+]1CC23OC2(Cl)[C+]([H])[C-]3[C-]([H])[C+]1[H],EWG,Cl,pi-system,0,Benzofuran_H9
Benzofuran_H9_Int1_Sub20,Benzofuran_H9_interpolation_Sub20_v2,Benzofuran_H9_Int2_Sub20,Benzofuran_H9_substrate_Sub20,-1124.870461,-1124.851891,-1124.870961,-540.336921,8.469995000016866,20.122669999988148,8.156244999952946,-0.3137500000639193,11.652674999971282,11.9664250000352,-557.98,[H]C1=C([H])C2=C([H])C3(C(C([H])([H])[H])(C([H])([H])[H])C([H])([H])[H])OC23C([H])=C1[H],[H][C+]1[C+]2[C+](C[C-]([H])[C-]1[H])O[C+](C(C([H])([H])[H])(C([H])([H])[H])C([H])([H])[H])[C-]2[H],steric,tBu,pi-system,0,Benzofuran_H9
Benzofuran_H9_Int1_Sub21,Benzofuran_H9_interpolation_Sub21_v2,Benzofuran_H9_Int2_Sub21,Benzofuran_H9_substrate_Sub21,-1085.614787,-1085.596189,-1085.615179,-501.08121,8.446777500039815,20.117022499966737,8.200797500090147,-0.2459799999496681,11.670244999926922,11.91622499987659,-530.27,[H]C1=C([H])C2=C([H])C3(C([H])(C([H])([H])[H])C([H])([H])[H])OC23C([H])=C1[H],[H][C+]1[C+]2[C+](C[C-]([H])[C-]1[H])O[C+](C([H])(C([H])([H])[H])C([H])([H])[H])[C-]2[H],steric,iPr,pi-system,0,Benzofuran_H9
Benzofuran_H9_Int1_Sub22,Benzofuran_H9_interpolation_Sub22_v2,Benzofuran_H9_Int2_Sub22,Benzofuran_H9_substrate_Sub22,-1007.105967,-1007.087294,-1007.105768,-422.572111,8.2717050000538,19.989012500004577,8.39657750002388,0.1248724999700812,11.717307499950778,11.592434999980696,-522.73,[H]C1=C([H])C2=C([H])C3(C([H])([H])[H])OC23C([H])=C1[H],[H][C+]1[C+]2[C+](C[C-]([H])[C-]1[H])O[C+](C([H])([H])[H])[C-]2[H],steric,Me,pi-system,0,Benzofuran_H9
Benzofuran_H9_Int1_Sub24,Benzofuran_H9_interpolation_Sub24_v2,Benzofuran_H9_Int2_Sub24,Benzofuran_H9_substrate_Sub24,-1082.261306,-1082.241204,-1082.260571,-497.726597,7.736447499978425,20.350452500090768,8.19766000002673,0.4612125000483047,12.614005000112344,12.152792500064038,-552.53,[H]C1=C([H])C2=C([H])C3(OC([H])([H])[H])OC23C([H])=C1[H],[H][C+]1CC23OC2(OC([H])([H])[H])[C+]([H])[C-]3[C-]([H])[C+]1[H],EDG,OMe,pi-system,0,Benzofuran_H9
Benzofuran_H9_Int1_Sub6,Benzofuran_H9_interpolation_Sub6_v2,Benzofuran_H9_Int2_Sub6,Benzofuran_H9_substrate_Sub6,-1007.09417,-1007.081144,-1007.0985,-422.565027,11.229112500041936,19.40292750002186,8.512037500053395,-2.71707499998854,8.173814999979925,10.890889999968463,-236.54,[H]C1=C([H])C2=C([H])C3([H])OC23C([H])=C1C([H])([H])[H],[H][C+]1[C+](C([H])([H])[H])CC23OC2([H])[C+]([H])[C-]3[C-]1[H],steric,Me,pi-system,0,Benzofuran_H9
Benzofuran_H9_Int1_Sub9,Benzofuran_H9_interpolation_Sub9_v2,Benzofuran_H9_Int2_Sub9,Benzofuran_H9_substrate_Sub9,-1304.718029,-1304.700458,-1304.721496,-720.187824,10.56270750008366,21.58850999999686,8.387165000083314,-2.175542500000347,11.025802499913198,13.201344999913545,-440.66,[H]C1=C(C(F)(F)F)C([H])=C([H])C23OC2([H])C([H])=C13,[H][C+]1CC23OC2([H])[C+]([H])[C-]3[C-]([H])[C+]1C(F)(F)F,EWG,CF3,pi-system,0,Benzofuran_H9
Benzofuran_H13_Int1_Sub14,Benzofuran_H13_interpolation_Sub14_v2,Benzofuran_H13_Int2_Sub14,Benzofuran_H13_substrate_Sub14,-1007.110834,-1007.087087,-1007.099328,-422.56642,1.6465600000518066,16.54780250002517,8.866575000014336,7.22001499996253,14.901242499973364,7.681227500010834,-561.61,[H]C1=C(C([H])([H])[H])C2=C([H])C3([H])OC23C([H])=C1[H],[H][C+]1[C+]([H])C23OC2([H])C[C+]3[C-](C([H])([H])[H])[C-]1[H],steric,Me,pi-system,0,Benzofuran_H13
Benzofuran_H13_Int1_Sub17,Benzofuran_H13_interpolation_Sub17_v2,Benzofuran_H13_Int2_Sub17,Benzofuran_H13_substrate_Sub17,-1304.724932,-1304.702421,-1304.718017,-720.184515,4.154677499997206,18.280330000073945,8.49384000009934,4.339162500102134,14.12565250007674,9.786489999974606,-463.6,[H]C1=C([H])C2=C([H])C3([H])OC23C(C(F)(F)F)=C1[H],[H][C+]1[C+](C(F)(F)F)C23OC2([H])C[C+]3[C-]([H])[C-]1[H],EWG,CF3,pi-system,0,Benzofuran_H13
Benzofuran_H13_Int1_Sub18,Benzofuran_H13_interpolation_Sub18_v2,Benzofuran_H13_Int2_Sub18,Benzofuran_H13_substrate_Sub18,-1427.325644,-1427.302961,-1427.318145,-842.784396,3.633225000029654,17.866807499976574,8.338847500062627,4.705622500032973,14.23358249994692,9.527959999913946,-468.92,[H]C1=C([H])C2=C([H])C3([H])OC23C(Cl)=C1[H],[H][C+]1[C+](Cl)C23OC2([H])C[C+]3[C-]([H])[C-]1[H],EWG,Cl,pi-system,0,Benzofuran_H13
Benzofuran_H13_Int1_Sub22,Benzofuran_H13_interpolation_Sub22_v2,Benzofuran_H13_Int2_Sub22,Benzofuran_H13_substrate_Sub22,-1007.109898,-1007.086359,-1007.100067,-422.566546,2.312965000010081,17.083687500027622,8.481917500058103,6.168952500048022,14.77072250001754,8.60176999996952,-501.11,[H]C1=C([H])C2=C([H])C3([H])OC23C(C([H])([H])[H])=C1[H],[H][C+]1[C+](C([H])([H])[H])C23OC2([H])C[C+]3[C-]([H])[C-]1[H],steric,Me,pi-system,0,Benzofuran_H13
Benzofuran_H13_Int1_Sub23,Benzofuran_H13_interpolation_Sub23_v2,Benzofuran_H13_Int2_Sub23,Benzofuran_H13_substrate_Sub23,-1062.405015,-1062.381418,-1062.394715,-477.861685,2.326770000010896,17.133887500079226,8.790020000100611,6.463250000089715,14.80711750006833,8.343867499978614,-502.75,[H]C1=C([H])C2=C([H])C3([H])OC23C(N([H])C([H])([H])[H])=C1[H],[H]C1=C([H])C(=[N+]([H])C([H])([H])[H])C23OC2([H])CC3=C1[H],EDG,NHCH3,pi-system,0,Benzofuran_H13
Benzofuran_H13_Int1_Sub2,Benzofuran_H13_interpolation_Sub2_v2,Benzofuran_H13_Int2_Sub2,Benzofuran_H13_substrate_Sub2,-1427.318727,-1427.303881,-1427.318809,-842.783541,7.437129999985075,16.75299500000648,7.385674999972309,-0.0514550000127655,9.315865000021404,9.36732000003417,-230.44,[H]C1=C([H])C2=C([H])C3(Cl)OC23C([H])=C1[H],[H][C+]1[C+]([H])C23OC2(Cl)C[C+]3[C-]([H])[C-]1[H],EWG,Cl,pi-system,0,Benzofuran_H13
Benzofuran_H13_Int1_Sub5,Benzofuran_H13_interpolation_Sub5_v2,Benzofuran_H13_Int2_Sub5,Benzofuran_H13_substrate_Sub5,-1085.625263,-1085.604549,-1085.615354,-501.080982,1.7300175000907814,14.728052500089603,7.947915000015229,6.217897499924447,12.998034999998822,6.780137500074375,-512.41,[H]c1c([H])c([H])c2c([H])c(C([H])(C([H])([H])[H])C([H])([H])[H])oc2c1[H],[H][C+]1[C+]([H])C23OC2(C([H])(C([H])([H])[H])C([H])([H])[H])C[C+]3[C-]([H])[C-]1[H],steric,iPr,pi-system,0,Benzofuran_H13
Benzofuran_H13_Int1_Sub6,Benzofuran_H13_interpolation_Sub6_v2,Benzofuran_H13_Int2_Sub6,Benzofuran_H13_substrate_Sub6,-1007.114519,-1007.095635,-1007.106141,-422.572112,2.905952500046709,14.755662500019897,8.163147500042527,5.257194999995818,11.849709999973186,6.592514999977368,-511.44,[H]c1c([H])c([H])c2c([H])c(C([H])([H])[H])oc2c1[H],[H][C+]1[C+]([H])C23OC2(C([H])([H])[H])C[C+]3[C-]([H])[C-]1[H],steric,Me,pi-system,0,Benzofuran_H13
Benzofuran_H14_Int1_Sub14,Benzofuran_H14_interpolation_Sub14_v2,Benzofuran_H14_Int2_Sub14,Benzofuran_H14_substrate_Sub14,-1007.110494,-1007.087244,-1007.10395,-422.56642,1.859910000012519,16.44928499998855,5.966269999989038,4.106359999976519,14.58937499997603,10.483014999999511,-564.56,[H]C1=C(C([H])([H])[H])C2=C([H])C3([H])OC23C([H])=C1[H],[H]C1=c2c(C([H])([H])[H])c([H])c([H])c([H])c2=[O+]C1,steric,Me,pi-system,0,Benzofuran_H14
Benzofuran_H14_Int1_Sub15,Benzofuran_H14_interpolation_Sub15_v2,Benzofuran_H14_Int2_Sub15,Benzofuran_H14_substrate_Sub15,-1062.410041,-1062.388373,-1062.401011,-477.864061,0.6638949999646115,14.260565000021472,6.330220000068891,5.66632500010428,13.59667000005686,7.930344999952581,-737.32,[H]C1=C(N([H])C([H])([H])[H])C2=C([H])C3([H])OC23C([H])=C1[H],[H]C1=c2c(N([H])C([H])([H])[H])c([H])c([H])c([H])c2=[O+]C1,EDG,NHCH3,pi-system,0,Benzofuran_H14
Benzofuran_H14_Int1_Sub18,Benzofuran_H14_interpolation_Sub18_v2,Benzofuran_H14_Int2_Sub18,Benzofuran_H14_substrate_Sub18,-1427.325685,-1427.303155,-1427.322139,-842.784397,3.608125000021687,17.745699999996987,5.833239999968214,2.225114999946527,14.1375749999753,11.912460000028773,-480.96,[H]C1=C([H])C2=C([H])C3([H])OC23C(Cl)=C1[H],[H][C+]1[C+]([H])[C-]2[C+]([H])[C-]3OC32[C-](Cl)[C-]1[H],EWG,Cl,pi-system,0,Benzofuran_H14
Benzofuran_H14_Int1_Sub9,Benzofuran_H14_interpolation_Sub9_v2,Benzofuran_H14_Int2_Sub9,Benzofuran_H14_substrate_Sub9,-1304.727035,-1304.704452,-1304.724873,-720.187107,4.461525000078552,18.632357500041223,5.818180000077575,1.356654999999023,14.170832499962671,12.814177499963648,-468.76,[H]C1=C(C(F)(F)F)C2=C([H])C3([H])OC23C([H])=C1[H],[H]C1=c2c(C(F)(F)F)c([H])c([H])c([H])c2=[O+]C1,EWG,CF3,pi-system,0,Benzofuran_H14
Carbazole_H7_Int1_Sub10,Carbazole_H7_interpolation_Sub10_v2,Carbazole_H7_Int2_Sub10,Carbazole_H7_substrate_Sub10,-1560.958089,-1560.943125,-1560.956879,-976.426445,9.659735000009276,19.049644999986413,10.419009999947091,0.7592749999378157,9.389909999977135,8.63063500003932,-537.08,[H]C1=C([H])C2=C3C(Cl)=C([H])C([H])=C([H])C34N([H])C24C([H])=C1[H],[H][C+]1C[C-](Cl)[C-]2[C+]3[C-]([H])[C-]([H])[C+]([H])[C+]([H])C34N([H])C24[C+]1[H],EWG,Cl,pi-system,0,Carbazole_H7
Carbazole_H7_Int1_Sub14,Carbazole_H7_interpolation_Sub14_v2,Carbazole_H7_Int2_Sub14,Carbazole_H7_substrate_Sub14,-1140.741567,-1140.723032,-1140.734992,-556.204784,6.435012500018331,18.065724999973725,10.560825000088414,4.125812500070083,11.630712499955392,7.5048999998853105,-796.89,[H]C1=C([H])C2=C3C(C([H])([H])[H])=C([H])C([H])=C([H])C34N([H])C24C([H])=C1[H],[H][C+]1C[C-](C([H])([H])[H])[C-]2[C+]3[C-]([H])[C-]([H])[C+]([H])[C+]([H])C34N([H])C24[C+]1[H],steric,Me,pi-system,0,Carbazole_H7
Carbazole_H7_Int1_Sub19,Carbazole_H7_interpolation_Sub19_v2,Carbazole_H7_Int2_Sub19,Carbazole_H7_substrate_Sub19,-1335.838119,-1335.815913,-1335.830995,-751.29973,5.427247499994508,19.361512500055085,9.89755749997954,4.470309999985034,13.934265000060575,9.463955000075543,-863.55,[H]C1=C([H])C2=C3C([H])=C([H])C([H])=C(C4([H])C([H])([H])C([H])([H])C([H])([H])C([H])([H])C4([H])[H])C34N([H])C24C([H])=C1[H],[H][C+]1C[C-]([H])[C-]2[C+]3[C-]([H])[C-]([H])[C+]([H])[C+]([H])C34N([H])C24[C+]1C1([H])C([H])([H])C([H])([H])C([H])([H])C([H])([H])C1([H])[H],steric,Cy,pi-system,0,Carbazole_H7
Carbazole_H7_Int1_Sub22,Carbazole_H7_interpolation_Sub22_v2,Carbazole_H7_Int2_Sub22,Carbazole_H7_substrate_Sub22,-1140.743921,-1140.721899,-1140.737063,-556.205635,5.491880000045342,19.31068500011208,9.795275000023764,4.303394999978423,13.818805000066732,9.515410000088307,-824.73,[H]C1=C([H])C2=C3C([H])=C([H])C([H])=C(C([H])([H])[H])C34N([H])C24C([H])=C1[H],[H][C+]1C[C-]([H])[C-]2[C+]3[C-]([H])[C-]([H])[C+]([H])[C+]([H])C34N([H])C24[C+]1C([H])([H])[H],steric,Me,pi-system,0,Carbazole_H7
Carbazole_H7_Int1_Sub23,Carbazole_H7_interpolation_Sub23_v2,Carbazole_H7_Int2_Sub23,Carbazole_H7_substrate_Sub23,-1196.03525,-1196.010443,-1196.026402,-611.494667,4.05051250011752,19.616905000123666,9.602632500082107,5.552119999964589,15.566392500006144,10.014272500041557,-833.41,[H]C1=C([H])C2=C3C([H])=C([H])C([H])=C(N([H])C([H])([H])[H])C34N([H])C24C([H])=C1[H],[H][C+]1C[C-]([H])[C-]2[C+]3[C-]([H])[C-]([H])[C+]([H])[C+]([H])C34N([H])C24[C+]1N([H])C([H])([H])[H],EDG,NHCH3,pi-system,0,Carbazole_H7
Carbazole_H7_Int1_Sub25,Carbazole_H7_interpolation_Sub25_v2,Carbazole_H7_Int2_Sub25,Carbazole_H7_substrate_Sub25,-1438.344423,-1438.32442,-1438.342655,-853.811444,8.822022500055482,21.373905000110653,9.931442500108004,1.1094200000525234,12.551882500055171,11.442462500002648,-751.93,[H]c1c([H])c([H])c2c(c1[H])c1c([H])c([H])c([H])c([H])c1n2C(F)(F)F,[H]C1=C([H])C2=[N+](C(F)(F)F)c3c([H])c([H])c([H])c([H])c3C2=C([H])C1,EWG,CF3,pi-system,0,Carbazole_H7
Carbazole_H8_Int1_Sub19,Carbazole_H8_interpolation_Sub19_v2,Carbazole_H8_Int2_Sub19,Carbazole_H8_substrate_Sub19,-1335.834853,-1335.811849,-1335.830242,-751.298564,6.744997500020418,21.180007500100828,9.638400000063143,2.893402500042725,14.43501000008041,11.541607500037683,-805.59,[H]C1=C([H])C2=C3C(C4([H])C([H])([H])C([H])([H])C([H])([H])C([H])([H])C4([H])[H])=C([H])C([H])=C([H])C34N([H])C24C([H])=C1[H],[H][C+]1C[C-]([H])C23[C-]([C+]4[C-]([H])[C-]([H])[C+]([H])[C+]([H])C42N3[H])[C+]1C1([H])C([H])([H])C([H])([H])C([H])([H])C([H])([H])C1([H])[H],steric,Cy,pi-system,0,Carbazole_H8
Carbazole_H8_Int1_Sub20,Carbazole_H8_interpolation_Sub20_v2,Carbazole_H8_Int2_Sub20,Carbazole_H8_substrate_Sub20,-1258.494755,-1258.471924,-1258.490706,-673.958608,6.834102500080803,21.1605550000786,9.374850000015158,2.540747499934355,14.3264524999978,11.785705000063444,-794.63,[H]C1=C([H])C2=C3C(C(C([H])([H])[H])(C([H])([H])[H])C([H])([H])[H])=C([H])C([H])=C([H])C34N([H])C24C([H])=C1[H],[H][C+]1C[C-]([H])C23[C-]([C+]4[C-]([H])[C-]([H])[C+]([H])[C+]([H])C42N3[H])[C+]1C(C([H])([H])[H])(C([H])([H])[H])C([H])([H])[H],steric,tBu,pi-system,0,Carbazole_H8
Carbazole_H8_Int1_Sub25,Carbazole_H8_interpolation_Sub25_v2,Carbazole_H8_Int2_Sub25,Carbazole_H8_substrate_Sub25,-1438.343337,-1438.32314,-1438.342777,-853.811458,9.512272500024892,22.185890000058063,9.863672499993754,0.3513999999688622,12.673617500033174,12.322217500064312,-710.7,[H]c1c([H])c([H])c2c(c1[H])c1c([H])c([H])c([H])c([H])c1n2C(F)(F)F,[H]C1=C([H])C2=c3c([H])c([H])c([H])c([H])c3=[N+](C(F)(F)F)C2=C([H])C1,EWG,CF3,pi-system,0,Carbazole_H8
Carbazole_H10_Int1_Sub26,Carbazole_H10_interpolation_Sub26_v2,Carbazole_H10_Int2_Sub26,Carbazole_H10_substrate_Sub26,-1560.96271,-1560.939184,-1560.953721,-976.426447,6.761312500050565,21.523877500017363,12.401910000005785,5.64059749995522,14.762564999966798,9.12196750001158,-859.08,[H]C1=C([H])C2=C3C(Cl)=C([H])C([H])=C([H])C34N([H])C24C([H])=C1[H],[H][C+]1C[C-]2[C-]3[C-](Cl)[C-]([H])[C+]([H])[C+]([H])C34N([H])C24[C+]([H])[C+]1[H],EWG,Cl,pi-system,0,Carbazole_H10
Benzothiazole_H11_Int1_Sub10,Benzothiazole_H11_interpolation_Sub10_v2,Benzothiazole_H11_Int2_Sub10,Benzothiazole_H11_substrate_Sub10,-1766.281557,-1766.263286,-1766.285363,-1181.750635,10.11279000000684,21.577842499952453,7.724525000186873,-2.388264999962644,11.465052499945614,13.853317499908258,-420.95,[H]C1=C([H])C(Cl)=C([H])C23[N-]C2([H])[S+]=C13,[H][C-]1C[C+]2SC3([H])[N-]C23[C-]([H])[C+]1Cl,EWG,Cl,pi-system,0,Benzothiazole_H11
Benzothiazole_H11_Int1_Sub11,Benzothiazole_H11_interpolation_Sub11_v2,Benzothiazole_H11_Int2_Sub11,Benzothiazole_H11_substrate_Sub11,-1541.160996,-1541.139757,-1541.159744,-956.625552,7.275234999965789,20.602707500060266,8.060864999979742,0.7856300000139527,13.327472500094473,12.54184250008052,-547.22,[H]C1=C([H])C(C2([H])C([H])([H])C([H])([H])C([H])([H])C([H])([H])C2([H])[H])=C([H])C23[N-]C2([H])[S+]=C13,[H][C-]1C[C+]2SC3([H])[N-]C23[C-]([H])[C+]1C1([H])C([H])([H])C([H])([H])C([H])([H])C([H])([H])C1([H])[H],steric,Cy,pi-system,0,Benzothiazole_H11
Benzothiophene_H9_Int1_Sub13,Benzothiophene_H9_interpolation_Sub13_v2,Benzothiophene_H9_Int2_Sub13,Benzothiophene_H9_substrate_Sub13,-1408.525585,-1408.503327,-1408.52238,-823.98845,6.214132499933953,20.181027500054824,8.225269999921352,2.0111374999873988,13.966895000120871,11.955757500133473,-559.09,[H]c1c([H])c(C([H])(C([H])([H])[H])C([H])([H])[H])c([H])c2c1[S+]1[C-]([H])C21[H],[H][C+]1S[C+]2C[C-]([H])[C-](C([H])(C([H])([H])[H])C([H])([H])[H])[C+]([H])[C+]2[C-]1[H],steric,iPr,pi-system,0,Benzothiophene_H9
Benzothiophene_H9_Int1_Sub14,Benzothiophene_H9_interpolation_Sub14_v2,Benzothiophene_H9_Int2_Sub14,Benzothiophene_H9_substrate_Sub14,-1330.015695,-1329.994421,-1330.013326,-745.479578,6.852927499961936,20.20236249992962,8.339474999989704,1.4865475000277684,13.349434999967684,11.862887499939916,-531.25,[H]c1c([H])c(C([H])([H])[H])c([H])c2c1[S+]1[C-]([H])C21[H],[H][C+]1S[C+]2C[C-]([H])[C-](C([H])([H])[H])[C+]([H])[C+]2[C-]1[H],steric,Me,pi-system,0,Benzothiophene_H9
Benzothiophene_H9_Int1_Sub15,Benzothiophene_H9_interpolation_Sub15_v2,Benzothiophene_H9_Int2_Sub15,Benzothiophene_H9_substrate_Sub15,-1385.314642,-1385.29014,-1385.309399,-800.775396,4.889479999996809,20.26448499998679,8.179462500037005,3.289982500040196,15.375004999989985,12.085022499949789,-559.02,[H]c1sc2c([H])c([H])c(N([H])C([H])([H])[H])c([H])c2c1[H],[H][C+]1S[C+]2C[C-]([H])[C-](N([H])C([H])([H])[H])[C+]([H])[C+]2[C-]1[H],EDG,NHCH3,pi-system,0,Benzothiophene_H9
Benzothiophene_H9_Int1_Sub16,Benzothiophene_H9_interpolation_Sub16_v2,Benzothiophene_H9_Int2_Sub16,Benzothiophene_H9_substrate_Sub16,-1405.171807,-1405.151287,-1405.170856,-820.636876,7.5971425000804516,20.47344250010127,8.193895000071905,0.5967524999914531,12.87630000002082,12.279547500029366,-532.03,[H]c1sc2c([H])c([H])c(OC([H])([H])[H])c([H])c2c1[H],[H][C+]1S[C+]2C[C-]([H])[C-](OC([H])([H])[H])[C+]([H])[C+]2[C-]1[H],EDG,OMe,pi-system,0,Benzothiophene_H9
Benzothiophene_H9_Int1_Sub17,Benzothiophene_H9_interpolation_Sub17_v2,Benzothiophene_H9_Int2_Sub17,Benzothiophene_H9_substrate_Sub17,-1627.629438,-1627.610783,-1627.630634,-1043.097325,9.36543750011026,21.071450000018217,8.614947500007588,-0.7504900001026726,11.706012499907956,12.456502500010629,-443.86,[H]c1c([H])c([H])c2c([H])c(C(F)(F)F)sc2c1[H],[H][C+]1[C+]2[C+](C[C-]([H])[C-]1[H])S[C+](C(F)(F)F)[C-]2[H],EWG,CF3,pi-system,0,Benzothiophene_H9
Benzothiophene_H9_Int1_Sub18,Benzothiophene_H9_interpolation_Sub18_v2,Benzothiophene_H9_Int2_Sub18,Benzothiophene_H9_substrate_Sub18,-1750.228912,-1750.209755,-1750.229488,-1165.695747,8.705307500064805,20.726324999890835,8.343867500121291,-0.3614399999435136,12.021017499968709,12.38245749991222,-468.1,[H]c1c([H])c([H])c2c([H])c(Cl)sc2c1[H],[H][C+]1[C+]2[C+](C[C-]([H])[C-]1[H])S[C+](Cl)[C-]2[H],EWG,Cl,pi-system,0,Benzothiophene_H9
Benzothiophene_H9_Int1_Sub19,Benzothiophene_H9_interpolation_Sub19_v2,Benzothiophene_H9_Int2_Sub19,Benzothiophene_H9_substrate_Sub19,-1525.112977,-1525.092743,-1525.111411,-940.578486,7.873242500025412,20.570077500071307,8.85590749996993,0.982664999944518,12.696835000045894,11.714170000101376,-521.1,[H]c1c([H])c([H])c2c(c1[H])[S+]1[C-](C3([H])C([H])([H])C([H])([H])C([H])([H])C([H])([H])C3([H])[H])C21[H],[H][C-]1C[C+]2[C+]([C-]([H])[C-]1[H])C1([H])[C+](C3([H])C([H])([H])C([H])([H])C([H])([H])C([H])([H])C3([H])[H])[S+]21,steric,Cy,pi-system,0,Benzothiophene_H9
Benzothiophene_H9_Int1_Sub20,Benzothiophene_H9_interpolation_Sub20_v2,Benzothiophene_H9_Int2_Sub20,Benzothiophene_H9_substrate_Sub20,-1447.78121,-1447.761128,-1447.779655,-863.246536,7.758409999958644,20.35986499996,8.734172499991928,0.9757625000332836,12.601455000001351,11.625692499968068,-516.69,[H]c1c([H])c([H])c2c(c1[H])[S+]1[C-](C(C([H])([H])[H])(C([H])([H])[H])C([H])([H])[H])C21[H],[H][C-]1C[C+]2[C+]([C-]([H])[C-]1[H])C1([H])[C+](C(C([H])([H])[H])(C([H])([H])[H])C([H])([H])[H])[S+]21,steric,tBu,pi-system,0,Benzothiophene_H9
Benzothiophene_H9_Int1_Sub21,Benzothiophene_H9_interpolation_Sub21_v2,Benzothiophene_H9_Int2_Sub21,Benzothiophene_H9_substrate_Sub21,-1408.5255,-1408.505435,-1408.524069,-823.990822,7.75590000003632,20.346687499993266,8.653852499980701,0.8979524999443811,12.590787499956946,11.692835000012565,-515.69,[H]c1c([H])c([H])c2c(c1[H])[S+]1[C-](C([H])(C([H])([H])[H])C([H])([H])[H])C21[H],[H][C-]1C[C+]2[C+]([C-]([H])[C-]1[H])C1([H])[C+](C([H])(C([H])([H])[H])C([H])([H])[H])[S+]21,steric,iPr,pi-system,0,Benzothiophene_H9
Benzothiophene_H9_Int1_Sub23,Benzothiophene_H9_interpolation_Sub23_v2,Benzothiophene_H9_Int2_Sub23,Benzothiophene_H9_substrate_Sub23,-1385.313654,-1385.29058,-1385.309545,-800.775551,5.606712499969433,20.085647499938943,8.185109999951408,2.5783974999819748,14.47893499996951,11.900537499987536,-523.2,[H]c1c([H])c([H])c2c([H])c(N([H])C([H])([H])[H])sc2c1[H],[H][C+]1[C+]2[C+](C[C-]([H])[C-]1[H])S[C+](N([H])C([H])([H])[H])[C-]2[H],EDG,NHCH3,pi-system,0,Benzothiophene_H9
Benzothiophene_H9_Int1_Sub6,Benzothiophene_H9_interpolation_Sub6_v2,Benzothiophene_H9_Int2_Sub6,Benzothiophene_H9_substrate_Sub6,-1330.013294,-1329.995815,-1330.013896,-745.479737,8.45932749997246,19.42740000003141,8.081572500070138,-0.3777549999023222,10.968072500058952,11.345827499961274,-297.05,[H]c1c([H])c2c(c([H])c1C([H])([H])[H])[S+]1[C-]([H])C21[H],[H][C+]1S[C+]2C[C-](C([H])([H])[H])[C-]([H])[C+]([H])[C+]2[C-]1[H],steric,Me,pi-system,0,Benzothiophene_H9
Benzothiophene_H9_Int1_Sub9,Benzothiophene_H9_interpolation_Sub9_v2,Benzothiophene_H9_Int2_Sub9,Benzothiophene_H9_substrate_Sub9,-1627.633789,-1627.614304,-1627.635328,-1043.101731,9.399950000094464,21.62678749997156,8.434227499893154,-0.9657225000586322,12.22683750001977,13.192560000078402,-455.73,[H]c1c([H])c(C(F)(F)F)c([H])c2c1[S+]1[C-]([H])C21[H],[H][C+]1S[C+]2C[C-]([H])[C-](C(F)(F)F)[C+]([H])[C+]2[C-]1[H],EWG,CF3,pi-system,0,Benzothiophene_H9
Benzothiophene_H13_Int1_Sub9,Benzothiophene_H13_interpolation_Sub9_v2,Benzothiophene_H13_Int2_Sub9,Benzothiophene_H13_substrate_Sub9,-1627.63809,-1627.615783,-1627.629625,-1043.100232,5.760450000151991,19.758092499981217,11.072237500081314,5.311787499929324,13.997642499971905,8.68585500004258,-615.21,[H]c1sc2c([H])c([H])c([H])c(C(F)(F)F)c2c1[H],[H]C1=[S+]c2c([H])c([H])c([H])c(C(F)(F)F)c2C1,EWG,CF3,pi-system,0,Benzothiophene_H13
OneHPyrrolo23bpyridine_H9_Int1_Sub10,OneHPyrrolo23bpyridine_H9_interpolation_Sub10_v2,OneHPyrrolo23bpyridine_H9_Int2_Sub10,OneHPyrrolo23bpyridine_H9_substrate_Sub10,-1423.512035,-1423.499726,-1423.515139,-838.983915,11.871045000061995,19.59494250003644,9.923284999985924,-1.947760000076073,7.723897499974441,9.671657500050514,-408.91,[H]c1nc2c(c([H])c([H])n2[H])c(Cl)c1[H],[H]C1=NC2=[N+]([H])C([H])=C([H])C2=C(Cl)C1,EWG,Cl,pi-system,0,OneHPyrrolo23bpyridine_H9
OneHPyrrolo23bpyridine_H9_Int1_Sub11,OneHPyrrolo23bpyridine_H9_interpolation_Sub11_v2,OneHPyrrolo23bpyridine_H9_Int2_Sub11,OneHPyrrolo23bpyridine_H9_substrate_Sub11,-1198.39242,-1198.375563,-1198.388761,-613.857777,7.777862500123547,18.35563000002651,10.073885000105063,2.296022499981518,10.57776749990296,8.281744999921443,-504.71,[H]c1nc2c(c([H])c([H])n2[H])c(C2([H])C([H])([H])C([H])([H])C([H])([H])C([H])([H])C2([H])[H])c1[H],[H]C1=NC2=[N+]([H])C([H])=C([H])C2=C(C2([H])C([H])([H])C([H])([H])C([H])([H])C([H])([H])C2([H])[H])C1,steric,Cy,pi-system,0,OneHPyrrolo23bpyridine_H9
OneHPyrrolo23bpyridine_H9_Int1_Sub13,OneHPyrrolo23bpyridine_H9_interpolation_Sub13_v2,OneHPyrrolo23bpyridine_H9_Int2_Sub13,OneHPyrrolo23bpyridine_H9_substrate_Sub13,-1081.805297,-1081.788515,-1081.801788,-497.27098,7.982427499963762,18.513132500056884,10.184325000040246,2.201897500076484,10.53070500009312,8.328807500016637,-523.02,[H]c1nc2c(c([H])c([H])n2[H])c(C([H])(C([H])([H])[H])C([H])([H])[H])c1[H],[H]C1=NC2=[N+]([H])C([H])=C([H])C2=C(C([H])(C([H])([H])[H])C([H])([H])[H])C1,steric,iPr,pi-system,0,OneHPyrrolo23bpyridine_H9
OneHPyrrolo23bpyridine_H9_Int1_Sub17,OneHPyrrolo23bpyridine_H9_interpolation_Sub17_v2,OneHPyrrolo23bpyridine_H9_Int2_Sub17,OneHPyrrolo23bpyridine_H9_substrate_Sub17,-1300.915376,-1300.897861,-1300.916051,-716.38519,10.57463000005356,21.56529250005548,10.151067500052877,-0.4235625000006848,10.990662500001918,11.414225000002602,-661.66,[H]c1nc2c(c([H])c1[H])c(C(F)(F)F)c([H])n2[H],[H]C1=NC2=[N+]([H])C([H])=C(C(F)(F)F)C2=C([H])C1,EWG,CF3,pi-system,0,OneHPyrrolo23bpyridine_H9
OneHPyrrolo23bpyridine_H9_Int1_Sub18,OneHPyrrolo23bpyridine_H9_interpolation_Sub18_v2,OneHPyrrolo23bpyridine_H9_Int2_Sub18,OneHPyrrolo23bpyridine_H9_substrate_Sub18,-1423.511187,-1423.493173,-1423.510832,-838.979386,9.561217499972656,20.86500249996874,9.78398000005228,0.2227625000796251,11.303784999996084,11.081022499916456,-691.56,[H]c1nc2c(c([H])c1[H])c(Cl)c([H])n2[H],[H]C1=NC2=[N+]([H])C([H])=C(Cl)C2=C([H])C1,EWG,Cl,pi-system,0,OneHPyrrolo23bpyridine_H9
OneHPyrrolo23bpyridine_H9_Int1_Sub20,OneHPyrrolo23bpyridine_H9_interpolation_Sub20_v2,OneHPyrrolo23bpyridine_H9_Int2_Sub20,OneHPyrrolo23bpyridine_H9_substrate_Sub20,-1121.059049,-1121.039803,-1121.056193,-536.524809,8.030745000055788,20.10761000009751,9.822885000096733,1.7921400000409449,12.07686500004172,10.284725000000776,-747.72,[H]c1nc2c(c([H])c1[H])c(C(C([H])([H])[H])(C([H])([H])[H])C([H])([H])[H])c([H])n2[H],[H]C1=NC2=[N+]([H])C([H])=C(C(C([H])([H])[H])(C([H])([H])[H])C([H])([H])[H])C2=C([H])C1,steric,tBu,pi-system,0,OneHPyrrolo23bpyridine_H9
OneHPyrrolo23bpyridine_H9_Int1_Sub22,OneHPyrrolo23bpyridine_H9_interpolation_Sub22_v2,OneHPyrrolo23bpyridine_H9_Int2_Sub22,OneHPyrrolo23bpyridine_H9_substrate_Sub22,-1003.294948,-1003.276484,-1003.292524,-418.7611,8.276725000041125,19.862885000037664,9.797785000053096,1.5210600000119712,11.58615999999654,10.065099999984568,-738.19,[H]c1nc2c(c([H])c1[H])c(C([H])([H])[H])c([H])n2[H],[H]C1=NC2=[N+]([H])C([H])=C(C([H])([H])[H])C2=C([H])C1,steric,Me,pi-system,0,OneHPyrrolo23bpyridine_H9
OneHPyrrolo23bpyridine_H9_Int1_Sub23,OneHPyrrolo23bpyridine_H9_interpolation_Sub23_v2,OneHPyrrolo23bpyridine_H9_Int2_Sub23,OneHPyrrolo23bpyridine_H9_substrate_Sub23,-1058.582408,-1058.563071,-1058.578723,-474.047378,7.53502000002328,19.66898749999217,9.847357499963609,2.312337499940327,12.13396749996889,9.821630000028565,-786.86,[H]c1nc2c(c([H])c1[H])c(N([H])C([H])([H])[H])c([H])n2[H],[H]C1=NC2=[N+]([H])C([H])=C(N([H])C([H])([H])[H])C2=C([H])C1,EDG,NHCH3,pi-system,0,OneHPyrrolo23bpyridine_H9
OneHPyrrolo23bpyridine_H9_Int1_Sub24,OneHPyrrolo23bpyridine_H9_interpolation_Sub24_v2,OneHPyrrolo23bpyridine_H9_Int2_Sub24,OneHPyrrolo23bpyridine_H9_substrate_Sub24,-1078.443236,-1078.4241,-1078.440594,-493.909229,8.176952499972003,20.18479250004532,9.834807500066631,1.657855000094628,12.007840000073315,10.349984999978687,-743.11,[H]c1nc2c(c([H])c1[H])c(OC([H])([H])[H])c([H])n2[H],[H]C1=NC2=[N+]([H])C([H])=C(OC([H])([H])[H])C2=C([H])C1,EDG,OMe,pi-system,0,OneHPyrrolo23bpyridine_H9
OneHPyrrolo23bpyridine_H9_Int1_Sub2,OneHPyrrolo23bpyridine_H9_interpolation_Sub2_v2,OneHPyrrolo23bpyridine_H9_Int2_Sub2,OneHPyrrolo23bpyridine_H9_substrate_Sub2,-1423.51673,-1423.501661,-1423.516898,-838.986049,10.26401749998172,19.71981500000652,10.158597499962523,-0.105420000019194,9.4557975000248,9.561217500043997,-469.91,[H]c1c(Cl)nc2c(c1[H])c([H])c([H])n2[H],[H]C1=C2C([H])=C([H])[N+]([H])=C2N=C(Cl)C1,EWG,Cl,pi-system,0,OneHPyrrolo23bpyridine_H9
OneHPyrrolo23bpyridine_H9_Int1_Sub3,OneHPyrrolo23bpyridine_H9_interpolation_Sub3_v2,OneHPyrrolo23bpyridine_H9_Int2_Sub3,OneHPyrrolo23bpyridine_H9_substrate_Sub3,-1198.395205,-1198.377242,-1198.390543,-613.859479,7.098279999984527,18.37006249999007,10.023685000017792,2.925405000033265,11.271782500005544,8.346377499972277,-562.65,[H]c1c(C2([H])C([H])([H])C([H])([H])C([H])([H])C([H])([H])C2([H])[H])nc2c(c1[H])c([H])c([H])n2[H],[H]C1=C2C([H])=C([H])[N+]([H])=C2N=C(C2([H])C([H])([H])C([H])([H])C([H])([H])C([H])([H])C2([H])[H])C1,steric,Cy,pi-system,0,OneHPyrrolo23bpyridine_H9
OneHPyrrolo23bpyridine_H9_Int1_Sub6,OneHPyrrolo23bpyridine_H9_interpolation_Sub6_v2,OneHPyrrolo23bpyridine_H9_Int2_Sub6,OneHPyrrolo23bpyridine_H9_substrate_Sub6,-1003.299119,-1003.280552,-1003.29395,-418.763418,7.113967500016258,18.76476000006363,10.357515000031016,3.243547500014756,11.650792500047372,8.407245000032617,-675.93,[H]c1c(C([H])([H])[H])nc2c(c1[H])c([H])c([H])n2[H],[H]C1=C2C([H])=C([H])[N+]([H])=C2N=C(C([H])([H])[H])C1,steric,Me,pi-system,0,OneHPyrrolo23bpyridine_H9
OneHPyrrolo23bpyridine_H11_Int1_Sub10,OneHPyrrolo23bpyridine_H11_interpolation_Sub10_v2,OneHPyrrolo23bpyridine_H11_Int2_Sub10,OneHPyrrolo23bpyridine_H11_substrate_Sub10,-1423.525756,-1423.508097,-1423.515968,-838.983915,3.2611175000417347,14.34214000010087,9.403087500086542,6.141970000044807,11.081022500059134,4.939052500014327,-601.24,[H]c1nc2c(c([H])c([H])n2[H])c(Cl)c1[H],[H]C1=[N+]([H])c2nc([H])c([H])c(Cl)c2C1,EWG,Cl,pi-system,0,OneHPyrrolo23bpyridine_H11
OneHPyrrolo23bpyridine_H11_Int1_Sub11,OneHPyrrolo23bpyridine_H11_interpolation_Sub11_v2,OneHPyrrolo23bpyridine_H11_Int2_Sub11,OneHPyrrolo23bpyridine_H11_substrate_Sub11,-1198.404975,-1198.386305,-1198.3923,-613.858373,0.273590000093975,11.989015000049504,8.227152500059276,7.953562499965301,11.71542499995553,3.7618624999902295,-592.46,[H]c1nc2c(c([H])c([H])n2[H])c(C2([H])C([H])([H])C([H])([H])C([H])([H])C([H])([H])C2([H])[H])c1[H],[H]C1=[N+]([H])c2nc([H])c([H])c(C3([H])C([H])([H])C([H])([H])C([H])([H])C([H])([H])C3([H])[H])c2C1,steric,Cy,pi-system,0,OneHPyrrolo23bpyridine_H11
OneHPyrrolo23bpyridine_H11_Int1_Sub13,OneHPyrrolo23bpyridine_H11_interpolation_Sub13_v2,OneHPyrrolo23bpyridine_H11_Int2_Sub13,OneHPyrrolo23bpyridine_H11_substrate_Sub13,-1081.817747,-1081.798412,-1081.805393,-497.2713,0.3708524999910878,12.503564999963146,8.122987499965575,7.752134999974487,12.132712499972058,4.380577499997571,-695.93,[H]c1nc2c(c([H])c([H])n2[H])c(C([H])(C([H])([H])[H])C([H])([H])[H])c1[H],[H]C1=[N+]([H])c2nc([H])c([H])c(C([H])(C([H])([H])[H])C([H])([H])[H])c2C1,steric,iPr,pi-system,0,OneHPyrrolo23bpyridine_H11
OneHPyrrolo23bpyridine_H11_Int1_Sub14,OneHPyrrolo23bpyridine_H11_interpolation_Sub14_v2,OneHPyrrolo23bpyridine_H11_Int2_Sub14,OneHPyrrolo23bpyridine_H11_substrate_Sub14,-1003.308958,-1003.289134,-1003.295916,-418.763622,1.0680050000500785,13.507565000032145,9.251860000004656,8.183854999954576,12.439559999982066,4.25570500002749,-766.53,[H]c1nc2c(c([H])c([H])n2[H])c(C([H])([H])[H])c1[H],[H]C1=[N+]([H])c2nc([H])c([H])c(C([H])([H])[H])c2C1,steric,Me,pi-system,0,OneHPyrrolo23bpyridine_H11
OneHPyrrolo23bpyridine_H11_Int1_Sub17,OneHPyrrolo23bpyridine_H11_interpolation_Sub17_v2,OneHPyrrolo23bpyridine_H11_Int2_Sub17,OneHPyrrolo23bpyridine_H11_substrate_Sub17,-1300.923902,-1300.905493,-1300.915326,-716.382765,3.7028774999964753,15.254525000008812,9.08431749996396,5.381439999967483,11.551647500012336,6.170207500044853,-621.09,[H]c1nc2c(c([H])c1C(F)(F)F)c([H])c([H])n2[H],[H]C1=[N+]([H])c2nc([H])c(C(F)(F)F)c([H])c2C1,EWG,CF3,pi-system,0,OneHPyrrolo23bpyridine_H11
OneHPyrrolo23bpyridine_H11_Int1_Sub18,OneHPyrrolo23bpyridine_H11_interpolation_Sub18_v2,OneHPyrrolo23bpyridine_H11_Int2_Sub18,OneHPyrrolo23bpyridine_H11_substrate_Sub18,-1423.523732,-1423.505315,-1423.514157,-838.981367,2.9323074999445,14.488974999944162,8.940619999970068,6.008312500025568,11.556667499999662,5.548354999974094,-652.34,[H]c1nc2c(c([H])c1Cl)c([H])c([H])n2[H],[H]C1=[N+]([H])c2nc([H])c(Cl)c([H])c2C1,EWG,Cl,pi-system,0,OneHPyrrolo23bpyridine_H11
OneHPyrrolo23bpyridine_H11_Int1_Sub19,OneHPyrrolo23bpyridine_H11_interpolation_Sub19_v2,OneHPyrrolo23bpyridine_H11_Int2_Sub19,OneHPyrrolo23bpyridine_H11_substrate_Sub19,-1198.400668,-1198.380958,-1198.388599,-613.856301,1.6760525000486837,14.04407750006868,9.249349999975324,7.573297499926639,12.368025000019998,4.794727500093359,-737.59,[H]c1nc2c(c([H])c1C1([H])C([H])([H])C([H])([H])C([H])([H])C([H])([H])C1([H])[H])c([H])c([H])n2[H],[H]C1=[N+]([H])c2nc([H])c(C3([H])C([H])([H])C([H])([H])C([H])([H])C([H])([H])C3([H])[H])c([H])c2C1,steric,Cy,pi-system,0,OneHPyrrolo23bpyridine_H11
OneHPyrrolo23bpyridine_H11_Int1_Sub20,OneHPyrrolo23bpyridine_H11_interpolation_Sub20_v2,OneHPyrrolo23bpyridine_H11_Int2_Sub20,OneHPyrrolo23bpyridine_H11_substrate_Sub20,-1121.0672,-1121.047601,-1121.055273,-536.522654,1.5637300000469168,13.862102500028756,9.047922500055847,7.48419250000893,12.298372499981838,4.814179999972907,-714.51,[H]c1nc2c(c([H])c1C(C([H])([H])[H])(C([H])([H])[H])C([H])([H])[H])c([H])c([H])n2[H],[H]C1=[N+]([H])c2nc([H])c(C(C([H])([H])[H])(C([H])([H])[H])C([H])([H])[H])c([H])c2C1,steric,tBu,pi-system,0,OneHPyrrolo23bpyridine_H11
OneHPyrrolo23bpyridine_H11_Int1_Sub21,OneHPyrrolo23bpyridine_H11_interpolation_Sub21_v2,OneHPyrrolo23bpyridine_H11_Int2_Sub21,OneHPyrrolo23bpyridine_H11_substrate_Sub21,-1081.814119,-1081.794616,-1081.802193,-497.269471,1.499725000101506,13.737857500092758,8.983290000040682,7.483564999939176,12.238132499991252,4.754567500052076,-728.22,[H]c1nc2c(c([H])c1C([H])(C([H])([H])[H])C([H])([H])[H])c([H])c([H])n2[H],[H]C1=[N+]([H])c2nc([H])c(C([H])(C([H])([H])[H])C([H])([H])[H])c([H])c2C1,steric,iPr,pi-system,0,OneHPyrrolo23bpyridine_H11
OneHPyrrolo23bpyridine_H11_Int1_Sub22,OneHPyrrolo23bpyridine_H11_interpolation_Sub22_v2,OneHPyrrolo23bpyridine_H11_Int2_Sub22,OneHPyrrolo23bpyridine_H11_substrate_Sub22,-1003.305168,-1003.28565,-1003.293187,-418.76022,1.311475000041753,13.55902000000924,8.82955250003647,7.518077499994717,12.247544999967488,4.72946749997277,-703.11,[H]c1nc2c(c([H])c1C([H])([H])[H])c([H])c([H])n2[H],[H]C1=[N+]([H])c2nc([H])c(C([H])([H])[H])c([H])c2C1,steric,Me,pi-system,0,OneHPyrrolo23bpyridine_H11
OneHPyrrolo23bpyridine_H11_Int1_Sub24,OneHPyrrolo23bpyridine_H11_interpolation_Sub24_v2,OneHPyrrolo23bpyridine_H11_Int2_Sub24,OneHPyrrolo23bpyridine_H11_substrate_Sub24,-1078.461046,-1078.442084,-1078.449269,-493.912626,-0.8672049999150033,11.031450000005949,6.522862500046216,7.390067499961219,11.89865499992095,4.508587499959731,-727.52,[H]c1nc2c(c([H])c1OC([H])([H])[H])c([H])c([H])n2[H],[H]C1=[N+]([H])c2nc([H])c(OC([H])([H])[H])c([H])c2C1,EDG,OMe,pi-system,0,OneHPyrrolo23bpyridine_H11
OneHPyrrolo23bpyridine_H11_Int1_Sub2,OneHPyrrolo23bpyridine_H11_interpolation_Sub2_v2,OneHPyrrolo23bpyridine_H11_Int2_Sub2,OneHPyrrolo23bpyridine_H11_substrate_Sub2,-1423.51631,-1423.504374,-1423.513356,-838.978734,5.937405000061915,13.427244999985248,7.791040000090277,1.853635000028362,7.489839999923333,5.636204999894972,-391.79,[H]c1nc2c(c([H])c1[H])c([H])c(Cl)n2[H],[H]c1nc2c(c([H])c1[H])CC(Cl)=[N+]2[H],EWG,Cl,pi-system,0,OneHPyrrolo23bpyridine_H11
OneHPyrrolo23bpyridine_H11_Int1_Sub3,OneHPyrrolo23bpyridine_H11_interpolation_Sub3_v2,OneHPyrrolo23bpyridine_H11_Int2_Sub3,OneHPyrrolo23bpyridine_H11_substrate_Sub3,-1198.407798,-1198.389221,-1198.394944,-613.860609,-0.0947524999747884,11.562315000056742,7.971132500063618,8.065885000038406,11.65706750003153,3.591182499993124,-839.52,[H]c1nc2c(c([H])c1[H])c([H])c(C1([H])C([H])([H])C([H])([H])C([H])([H])C([H])([H])C1([H])[H])n2[H],[H]c1nc2c(c([H])c1[H])CC(C1([H])C([H])([H])C([H])([H])C([H])([H])C([H])([H])C1([H])[H])=[N+]2[H],steric,Cy,pi-system,0,OneHPyrrolo23bpyridine_H11
OneHPyrrolo23bpyridine_H11_Int1_Sub5,OneHPyrrolo23bpyridine_H11_interpolation_Sub5_v2,OneHPyrrolo23bpyridine_H11_Int2_Sub5,OneHPyrrolo23bpyridine_H11_substrate_Sub5,-1081.820781,-1081.802262,-1081.808137,-497.273868,0.0784375000873183,11.69911000006806,8.012547500030394,7.934109999943075,11.620672499980742,3.6865625000376654,-782.44,[H]c1nc2c(c([H])c1[H])c([H])c(C([H])(C([H])([H])[H])C([H])([H])[H])n2[H],[H]c1nc2c(c([H])c1[H])CC(C([H])(C([H])([H])[H])C([H])([H])[H])=[N+]2[H],steric,iPr,pi-system,0,OneHPyrrolo23bpyridine_H11
OneHPyrrolo23bpyridine_H11_Int1_Sub6,OneHPyrrolo23bpyridine_H11_interpolation_Sub6_v2,OneHPyrrolo23bpyridine_H11_Int2_Sub6,OneHPyrrolo23bpyridine_H11_substrate_Sub6,-1003.309843,-1003.293164,-1003.298738,-418.764952,1.3472425000227872,11.813314999993736,8.315630000049907,6.96838750002712,10.466072499970949,3.4976849999438286,-727.17,[H]c1nc2c(c([H])c1[H])c([H])c(C([H])([H])[H])n2[H],[H]c1nc2c(c([H])c1[H])CC(C([H])([H])[H])=[N+]2[H],steric,Me,pi-system,0,OneHPyrrolo23bpyridine_H11
OneHPyrrolo23bpyridine_H11_Int1_Sub9,OneHPyrrolo23bpyridine_H11_interpolation_Sub9_v2,OneHPyrrolo23bpyridine_H11_Int2_Sub9,OneHPyrrolo23bpyridine_H11_substrate_Sub9,-1300.9215,-1300.904106,-1300.912193,-716.381558,4.452740000100732,15.367475000080333,10.292882500122856,5.840142500022125,10.9147349999796,5.074592499957475,-510.29,[H]c1nc2c(c([H])c([H])n2[H])c(C(F)(F)F)c1[H],[H]C1=[N+]([H])c2nc([H])c([H])c(C(F)(F)F)c2C1,EWG,CF3,pi-system,0,OneHPyrrolo23bpyridine_H11
Benzo13dioxol_H8_Int1_Sub10,Benzo13dioxol_H8_interpolation_Sub10_v2,Benzo13dioxol_H8_Int2_Sub10,Benzo13dioxol_H8_substrate_Sub10,-1464.408781,-1464.394009,-1464.412497,-879.879511,11.149419999957786,20.41884999995375,8.817629999995233,-2.3317899999625524,9.269429999995964,11.601219999958516,-425.59,[H]c1c([H])c2c(c([H])c1Cl)OC([H])([H])O2,[H]C1=C(Cl)C([H])=C2OC([H])([H])[O+]=C2C1,EWG,Cl,pi-system,0,Benzo13dioxol_H8
Benzo13dioxol_H8_Int1_Sub22,Benzo13dioxol_H8_interpolation_Sub22_v2,Benzo13dioxol_H8_Int2_Sub22,Benzo13dioxol_H8_substrate_Sub22,-1044.202859,-1044.180567,-1044.197556,-459.665226,5.901637500045212,19.88986749996954,9.22926999999035,3.327632499945139,13.988229999924329,10.66059749997919,-581.39,[H]c1c([H])c([H])c2c(c1[H])OC([H])(C([H])([H])[H])O2,[H]C1=C([H])C([H])=C2OC([H])(C([H])([H])[H])[O+]=C2C1,steric,Me,pi-system,0,Benzo13dioxol_H8
Benzo13dioxol_H8_Int1_Sub23,Benzo13dioxol_H8_interpolation_Sub23_v2,Benzo13dioxol_H8_Int2_Sub23,Benzo13dioxol_H8_substrate_Sub23,-1099.500303,-1099.477222,-1099.494556,-514.962516,5.805002500039507,20.288330000069266,9.411244999994608,3.606242499955101,14.48332750002976,10.877085000074658,-718.62,[H]c1c([H])c([H])c2c(c1[H])OC([H])(N([H])C([H])([H])[H])O2,[H]C1=C([H])C([H])=C2OC([H])(N([H])C([H])([H])[H])[O+]=C2C1,EDG,NHCH3,pi-system,0,Benzo13dioxol_H8
Benzo13dioxol_H8_Int1_Sub5,Benzo13dioxol_H8_interpolation_Sub5_v2,Benzo13dioxol_H8_Int2_Sub5,Benzo13dioxol_H8_substrate_Sub5,-1122.698521,-1122.68362,-1122.699955,-538.166422,9.374222500016742,18.72460000002235,8.474387500005776,-0.8998350000109667,9.350377500005608,10.250212500016572,-335.47,[H]c1c([H])c(C([H])(C([H])([H])[H])C([H])([H])[H])c([H])c2c1OC([H])([H])O2,[H]C1=C2OC([H])([H])[O+]=C2CC(C([H])(C([H])([H])[H])C([H])([H])[H])=C1[H],steric,iPr,pi-system,0,Benzo13dioxol_H8
Benzo13dioxol_H9_Int1_Sub10,Benzo13dioxol_H9_interpolation_Sub10_v2,Benzo13dioxol_H9_Int2_Sub10,Benzo13dioxol_H9_substrate_Sub10,-1464.409372,-1464.395474,-1464.410772,-879.879511,10.778567499966698,19.499562500063234,9.900067500044544,-0.8784999999221554,8.720995000096536,9.599495000018692,-370.4,[H]c1c([H])c2c(c([H])c1Cl)OC([H])([H])O2,[H]C1=C2OC([H])([H])[O+]=C2C([H])=C(Cl)C1,EWG,Cl,pi-system,0,Benzo13dioxol_H9
Benzo13dioxol_H9_Int1_Sub14,Benzo13dioxol_H9_interpolation_Sub14_v2,Benzo13dioxol_H9_Int2_Sub14,Benzo13dioxol_H9_substrate_Sub14,-1044.195344,-1044.175701,-1044.188749,-459.65793,6.0390600000549455,18.36504250010975,10.177422500093344,4.138362500038397,12.325982500054806,8.187620000016409,-641.63,[H]c1c([H])c(C([H])([H])[H])c([H])c2c1OC([H])([H])O2,[H]C1=C2OC([H])([H])[O+]=C2C([H])=C(C([H])([H])[H])C1,steric,Me,pi-system,0,Benzo13dioxol_H9
Benzo13dioxol_H9_Int1_Sub17,Benzo13dioxol_H9_interpolation_Sub17_v2,Benzo13dioxol_H9_Int2_Sub17,Benzo13dioxol_H9_substrate_Sub17,-1341.81278,-1341.791781,-1341.809891,-757.278302,7.881400000076155,21.058272500122825,9.69424749999348,1.812847499917325,13.17687250004667,11.364025000129343,-722.3,[H]c1c([H])c2c(c(C(F)(F)F)c1[H])OC([H])([H])O2,[H]C1=C2OC([H])([H])[O+]=C2C(C(F)(F)F)=C([H])C1,EWG,CF3,pi-system,0,Benzo13dioxol_H9
Benzo13dioxol_H9_Int1_Sub18,Benzo13dioxol_H9_interpolation_Sub18_v2,Benzo13dioxol_H9_Int2_Sub18,Benzo13dioxol_H9_substrate_Sub18,-1464.413437,-1464.39193,-1464.409704,-879.877788,7.1465975000765525,20.64224000003179,9.48905500008351,2.342457500006958,13.495642499955238,11.15318499994828,-718.67,[H]c1c([H])c(Cl)c2c(c1[H])OC([H])([H])O2,[H]C1=C(Cl)C2=[O+]C([H])([H])OC2=C([H])C1,EWG,Cl,pi-system,0,Benzo13dioxol_H9
Benzo13dioxol_H9_Int1_Sub19,Benzo13dioxol_H9_interpolation_Sub19_v2,Benzo13dioxol_H9_Int2_Sub19,Benzo13dioxol_H9_substrate_Sub19,-1239.294595,-1239.270196,-1239.286373,-654.754592,4.414462499983358,19.724835000065184,9.573767500083648,5.159305000100289,15.310372500081826,10.151067499981536,-808.71,[H]c1c([H])c2c(c(C3([H])C([H])([H])C([H])([H])C([H])([H])C([H])([H])C3([H])[H])c1[H])OC([H])([H])O2,[H]C1=C2OC([H])([H])[O+]=C2C(C2([H])C([H])([H])C([H])([H])C([H])([H])C([H])([H])C2([H])[H])=C([H])C1,steric,Cy,pi-system,0,Benzo13dioxol_H9
Benzo13dioxol_H9_Int1_Sub20,Benzo13dioxol_H9_interpolation_Sub20_v2,Benzo13dioxol_H9_Int2_Sub20,Benzo13dioxol_H9_substrate_Sub20,-1161.960819,-1161.937027,-1161.952908,-577.420997,4.5280400001246335,19.457520000098043,9.49219250007559,4.964152499950956,14.92947999997341,9.965327500022454,-800.21,[H]c1c([H])c2c(c(C(C([H])([H])[H])(C([H])([H])[H])C([H])([H])[H])c1[H])OC([H])([H])O2,[H]C1=C2OC([H])([H])[O+]=C2C(C(C([H])([H])[H])(C([H])([H])[H])C([H])([H])[H])=C([H])C1,steric,tBu,pi-system,0,Benzo13dioxol_H9
Benzo13dioxol_H9_Int1_Sub21,Benzo13dioxol_H9_interpolation_Sub21_v2,Benzo13dioxol_H9_Int2_Sub21,Benzo13dioxol_H9_substrate_Sub21,-1122.707678,-1122.683541,-1122.699791,-538.167662,4.406305000003954,19.552272499930154,9.355397499992932,4.9490924999889785,15.1459674999262,10.196874999937222,-805.49,[H]c1c([H])c2c(c(C([H])(C([H])([H])[H])C([H])([H])[H])c1[H])OC([H])([H])O2,[H]C1=C2OC([H])([H])[O+]=C2C(C([H])(C([H])([H])[H])C([H])([H])[H])=C([H])C1,steric,iPr,pi-system,0,Benzo13dioxol_H9
Benzo13dioxol_H9_Int1_Sub22,Benzo13dioxol_H9_interpolation_Sub22_v2,Benzo13dioxol_H9_Int2_Sub22,Benzo13dioxol_H9_substrate_Sub22,-1044.198364,-1044.175761,-1044.19146,-459.659591,5.186287499960827,19.36967000003449,9.51854750000905,4.332260000048223,14.183382500073662,9.85112250002544,-779.7,[H]c1c([H])c2c(c(C([H])([H])[H])c1[H])OC([H])([H])O2,[H]C1=C2OC([H])([H])[O+]=C2C(C([H])([H])[H])=C([H])C1,steric,Me,pi-system,0,Benzo13dioxol_H9
Benzo13dioxol_H9_Int1_Sub23,Benzo13dioxol_H9_interpolation_Sub23_v2,Benzo13dioxol_H9_Int2_Sub23,Benzo13dioxol_H9_substrate_Sub23,-1099.495507,-1099.469341,-1099.48559,-514.953634,3.241037499949755,19.66020250001435,9.463955000004203,6.22291750005445,16.419165000064595,10.196247500010143,-790.63,[H]c1c([H])c2c(c(N([H])C([H])([H])[H])c1[H])OC([H])([H])O2,[H]C1=C2OC([H])([H])[O+]=C2C(N([H])C([H])([H])[H])=C([H])C1,EDG,NHCH3,pi-system,0,Benzo13dioxol_H9
Benzo13dioxol_H9_Int1_Sub24,Benzo13dioxol_H9_interpolation_Sub24_v2,Benzo13dioxol_H9_Int2_Sub24,Benzo13dioxol_H9_substrate_Sub24,-1119.348544,-1119.324811,-1119.342167,-534.810277,5.503802500086579,20.396260000082123,9.50537000004232,4.0015674999557405,14.892457499995544,10.890890000039803,-732.95,[H]c1c([H])c(OC([H])([H])[H])c2c(c1[H])OC([H])([H])O2,[H]C1=C(OC([H])([H])[H])C2=[O+]C([H])([H])OC2=C([H])C1,EDG,OMe,pi-system,0,Benzo13dioxol_H9
Benzo13dioxol_H9_Int1_Sub25,Benzo13dioxol_H9_interpolation_Sub25_v2,Benzo13dioxol_H9_Int2_Sub25,Benzo13dioxol_H9_substrate_Sub25,-1341.81235,-1341.791573,-1341.809178,-757.278169,8.067767500104992,21.105335000075343,10.058197500073334,1.9904299999683417,13.03756749997035,11.047137500002007,-744.34,[H]c1c([H])c([H])c2c(c1[H])OC([H])(C(F)(F)F)O2,[H]C1=C([H])C2=[O+]C([H])(C(F)(F)F)OC2=C([H])C1,EWG,CF3,pi-system,0,Benzo13dioxol_H9
Benzo13dioxol_H9_Int1_Sub26,Benzo13dioxol_H9_interpolation_Sub26_v2,Benzo13dioxol_H9_Int2_Sub26,Benzo13dioxol_H9_substrate_Sub26,-1464.420958,-1464.401164,-1464.419706,-879.888281,9.011527500076395,21.432262499963315,9.79715750009035,0.7856300000139527,12.420734999886918,11.635104999872963,-725.27,[H]c1c([H])c([H])c2c(c1[H])OC([H])(Cl)O2,[H]C1=C([H])C2=[O+]C([H])(Cl)OC2=C([H])C1,EWG,Cl,pi-system,0,Benzo13dioxol_H9
Benzo13dioxol_H9_Int1_Sub27,Benzo13dioxol_H9_interpolation_Sub27_v2,Benzo13dioxol_H9_Int2_Sub27,Benzo13dioxol_H9_substrate_Sub27,-1239.299287,-1239.276506,-1239.292074,-654.761497,5.803119999972921,20.09819750004993,10.329277500030967,4.526157500058048,14.295077500077014,9.768920000018966,-792.28,[H]c1c([H])c([H])c2c(c1[H])OC([H])(C1([H])C([H])([H])C([H])([H])C([H])([H])C([H])([H])C1([H])[H])O2,[H]C1=C([H])C2=[O+]C([H])(C3([H])C([H])([H])C([H])([H])C([H])([H])C([H])([H])C3([H])[H])OC2=C([H])C1,steric,Cy,pi-system,0,Benzo13dioxol_H9
Benzo13dioxol_H9_Int1_Sub29,Benzo13dioxol_H9_interpolation_Sub29_v2,Benzo13dioxol_H9_Int2_Sub29,Benzo13dioxol_H9_substrate_Sub29,-1122.713423,-1122.690867,-1122.706473,-538.175358,5.630557500051907,19.78444749998601,9.991682500027252,4.361124999975345,14.153889999934108,9.792764999958765,-789.91,[H]c1c([H])c([H])c2c(c1[H])OC([H])(C([H])(C([H])([H])[H])C([H])([H])[H])O2,[H]C1=C([H])C2=[O+]C([H])(C([H])(C([H])([H])[H])C([H])([H])[H])OC2=C([H])C1,steric,iPr,pi-system,0,Benzo13dioxol_H9
Benzo13dioxol_H9_Int1_Sub2,Benzo13dioxol_H9_interpolation_Sub2_v2,Benzo13dioxol_H9_Int2_Sub2,Benzo13dioxol_H9_substrate_Sub2,-1464.412995,-1464.394657,-1464.409423,-879.877788,7.423952500089683,18.93104750000049,9.66538249999502,2.2414299999053355,11.507094999910803,9.26566500000547,-551.74,[H]c1c([H])c(Cl)c2c(c1[H])OC([H])([H])O2,[H]C1=C([H])C2=[O+]C([H])([H])OC2=C(Cl)C1,EWG,Cl,pi-system,0,Benzo13dioxol_H9
Benzo13dioxol_H9_Int1_Sub30,Benzo13dioxol_H9_interpolation_Sub30_v2,Benzo13dioxol_H9_Int2_Sub30,Benzo13dioxol_H9_substrate_Sub30,-1044.202866,-1044.180979,-1044.196842,-459.665226,5.897244999984963,19.63133750005156,9.677305000000588,3.780060000015624,13.734092500066597,9.954032500050973,-787.43,[H]c1c([H])c([H])c2c(c1[H])OC([H])(C([H])([H])[H])O2,[H]C1=C([H])C2=[O+]C([H])(C([H])([H])[H])OC2=C([H])C1,steric,Me,pi-system,0,Benzo13dioxol_H9
Benzo13dioxol_H9_Int1_Sub31,Benzo13dioxol_H9_interpolation_Sub31_v2,Benzo13dioxol_H9_Int2_Sub31,Benzo13dioxol_H9_substrate_Sub31,-1099.500299,-1099.478372,-1099.493808,-514.962515,5.806885000034754,19.566077500037977,9.87998750009524,4.073102500060486,13.759192500003223,9.686089999942736,-793.05,[H]c1c([H])c([H])c2c(c1[H])OC([H])(N([H])C([H])([H])[H])O2,[H]C1=C([H])C2=[O+]C([H])(N([H])C([H])([H])[H])OC2=C([H])C1,EDG,NHCH3,pi-system,0,Benzo13dioxol_H9
Benzo13dioxol_H9_Int1_Sub32,Benzo13dioxol_H9_interpolation_Sub32_v2,Benzo13dioxol_H9_Int2_Sub32,Benzo13dioxol_H9_substrate_Sub32,-1119.366914,-1119.345369,-1119.362201,-534.83094,6.942660000092076,20.462147500129788,9.90006750011588,2.9574075000238054,13.519487500037712,10.562080000013909,-764.61,[H]c1c([H])c([H])c2c(c1[H])OC([H])(OC([H])([H])[H])O2,[H]C1=C([H])C2=[O+]C([H])(OC([H])([H])[H])OC2=C([H])C1,EDG,OMe,pi-system,0,Benzo13dioxol_H9
Benzo13dioxol_H9_Int1_Sub3,Benzo13dioxol_H9_interpolation_Sub3_v2,Benzo13dioxol_H9_Int2_Sub3,Benzo13dioxol_H9_substrate_Sub3,-1239.295077,-1239.269844,-1239.285217,-654.754598,4.115772500024093,19.94948000006872,10.302922499954832,6.187149999930739,15.833707500044625,9.646557500113886,-986.66,[H]c1c([H])c2c(c(C3([H])C([H])([H])C([H])([H])C([H])([H])C([H])([H])C3([H])[H])c1[H])OC([H])([H])O2,[H]C1=C([H])C2=[O+]C([H])([H])OC2=C(C2([H])C([H])([H])C([H])([H])C([H])([H])C([H])([H])C2([H])[H])C1,steric,Cy,pi-system,0,Benzo13dioxol_H9
Benzo13dioxol_H9_Int1_Sub5,Benzo13dioxol_H9_interpolation_Sub5_v2,Benzo13dioxol_H9_Int2_Sub5,Benzo13dioxol_H9_substrate_Sub5,-1122.708125,-1122.682337,-1122.697856,-538.167661,4.12518499992899,20.307155000021737,10.56898249999648,6.44379750006749,16.181970000092747,9.738172500025255,-975.82,[H]c1c([H])c2c(c(C([H])(C([H])([H])[H])C([H])([H])[H])c1[H])OC([H])([H])O2,[H]C1=C([H])C2=[O+]C([H])([H])OC2=C(C([H])(C([H])([H])[H])C([H])([H])[H])C1,steric,iPr,pi-system,0,Benzo13dioxol_H9
Benzo13dioxol_H9_Int1_Sub6,Benzo13dioxol_H9_interpolation_Sub6_v2,Benzo13dioxol_H9_Int2_Sub6,Benzo13dioxol_H9_substrate_Sub6,-1044.19826,-1044.177185,-1044.190142,-459.659591,5.251547500081415,18.47611000000768,10.345592500061116,5.094044999979701,13.224562499926265,8.130517499946563,-720.34,[H]c1c([H])c2c(c(C([H])([H])[H])c1[H])OC([H])([H])O2,[H]C1=C([H])C2=[O+]C([H])([H])OC2=C(C([H])([H])[H])C1,steric,Me,pi-system,0,Benzo13dioxol_H9
Thiophene_H6_Int1_Sub18,Thiophene_H6_interpolation_Sub18_v2,Thiophene_H6_Int2_Sub18,Thiophene_H6_substrate_Sub18,-1596.743705,-1596.728557,-1596.74284,-1012.204533,4.93591499995091,14.441285000064568,5.478702500078612,0.5427875001277016,9.505370000113658,8.962582499985956,-395.74,[H]c1sc(Cl)c([H])c1[H],[H]C12C[S+2]13[C-](Cl)C23[H],EWG,Cl,pi-system,0,Thiophene_H6
Thiophene_H6_Int1_Sub19,Thiophene_H6_interpolation_Sub19_v2,Thiophene_H6_Int2_Sub19,Thiophene_H6_substrate_Sub19,-1371.628831,-1371.61236,-1371.623851,-787.087455,3.552905000018427,13.888457499962216,6.677854999975921,3.1249499999574937,10.335552499943788,7.210602499986294,-497.04,[H]C1=C([H])C2([H])[C-](C3([H])C([H])([H])C([H])([H])C([H])([H])C([H])([H])C3([H])[H])[S+]12,[H]C1([H])C([H])([H])C([H])([H])C([H])([C-]2C3([H])C4([H])C[S+2]243)C([H])([H])C1([H])[H],steric,Cy,pi-system,0,Thiophene_H6
Thiophene_H6_Int1_Sub20,Thiophene_H6_interpolation_Sub20_v2,Thiophene_H6_Int2_Sub20,Thiophene_H6_substrate_Sub20,-1294.296839,-1294.280177,-1294.292201,-709.754888,3.19209250000199,13.647497499999872,6.102437500073279,2.9103450000712883,10.455404999997882,7.545059999926593,-504.63,[H]C1=S23=C(C(C([H])([H])[H])(C([H])([H])[H])C([H])([H])[H])C2([H])C13[H],[H]C([H])([H])C([C-]1C2([H])C3([H])C[S+2]132)(C([H])([H])[H])C([H])([H])[H],steric,tBu,pi-system,0,Thiophene_H6
Thiophene_H6_Int1_Sub21,Thiophene_H6_interpolation_Sub21_v2,Thiophene_H6_Int2_Sub21,Thiophene_H6_substrate_Sub21,-1255.041829,-1255.025433,-1255.037253,-670.499937,3.229115000051195,13.517605000042463,6.100555000078032,2.871440000026837,10.28848999999127,7.4170499999644335,-495.02,[H]C1=C([H])C2([H])[C-](C([H])(C([H])([H])[H])C([H])([H])[H])[S+]12,[H]C([H])([H])C([H])([C-]1C2([H])C3([H])C[S+2]132)C([H])([H])[H],steric,iPr,pi-system,0,Thiophene_H6
Thiophene_H6_Int1_Sub23,Thiophene_H6_interpolation_Sub23_v2,Thiophene_H6_Int2_Sub23,Thiophene_H6_substrate_Sub23,-1231.833844,-1231.819036,-1231.818886,-647.281417,-3.3815974999515674,5.910422499987362,6.004547500035073,9.38614499998664,9.29201999993893,-0.0941250000477111,-1023.8,[H]c1sc(N([H])C([H])([H])[H])c([H])c1[H],[H]N([C-]1C2([H])C3([H])C[S+2]132)C([H])([H])[H],EDG,NHCH3,pi-system,0,Thiophene_H6
Thiophene_H6_Int1_Sub5,Thiophene_H6_interpolation_Sub5_v2,Thiophene_H6_Int2_Sub5,Thiophene_H6_substrate_Sub5,-1255.039417,-1255.025667,-1255.037016,-670.498982,4.143382500025723,12.771507499928704,5.650010000002794,1.5066274999770712,8.62812499990298,7.121497499925908,-238.83,[H]C1=C(C([H])(C([H])([H])[H])C([H])([H])[H])C2([H])[C-]([H])[S+]12,[H][C-]1C2([H])C3(C([H])(C([H])([H])[H])C([H])([H])[H])C[S+2]123,steric,iPr,pi-system,0,Thiophene_H6
Thiophene_H6_Int1_Sub6,Thiophene_H6_interpolation_Sub6_v2,Thiophene_H6_Int2_Sub6,Thiophene_H6_substrate_Sub6,-1176.529311,-1176.515867,-1176.527244,-592.001723,12.20487500000388,20.64098499996362,13.501917499939395,1.2970424999355146,8.43610999995974,7.139067500024225,-280.52,[H]C1=C(C([H])([H])[H])C2([H])[C-]([H])[S+]12,[H][C-]1C2([H])C3(C([H])([H])[H])C[S+2]123,steric,Me,pi-system,0,Thiophene_H6
Isoquinoline_H12_Int1_Sub4,Isoquinoline_H12_interpolation_Sub4_v2,Isoquinoline_H12_Int2_Sub4,Isoquinoline_H12_substrate_Sub4,-1143.07197,-1143.052009,-1143.066922,-558.540941,10.04564750003368,22.571175000012715,13.21326750002612,3.16761999999244,12.525527499979034,9.357907499986595,-748.78,[H]c1nc([H])c2c([H])c(C(C([H])([H])[H])(C([H])([H])[H])C([H])([H])[H])c([H])c([H])c2c1[H],[H][C+]1[N-][C-]([H])[C+]2C[C-](C(C([H])([H])[H])(C([H])([H])[H])C([H])([H])[H])[C+]([H])[C-]([H])[C+]2[C+]1[H],steric,tBu,pi-system,0,Isoquinoline_H12
Isoquinoline_H12_Int1_Sub6,Isoquinoline_H12_interpolation_Sub6_v2,Isoquinoline_H12_Int2_Sub6,Isoquinoline_H12_substrate_Sub6,-1025.312681,-1025.292079,-1025.310064,-440.778405,8.008154999970145,20.93591000000373,9.650322500033042,1.6421675000628966,12.927755000033583,11.285587499970688,-353.35,[H]c1nc([H])c2c([H])c(C([H])([H])[H])c([H])c([H])c2c1[H],[H][C+]1[N-][C-]([H])[C+]2C[C-](C([H])([H])[H])[C+]([H])[C-]([H])[C+]2[C+]1[H],steric,Me,pi-system,0,Isoquinoline_H12
Isoquinoline_H12_Int1_Sub9,Isoquinoline_H12_interpolation_Sub9_v2,Isoquinoline_H12_Int2_Sub9,Isoquinoline_H12_substrate_Sub9,-1322.924522,-1322.899757,-1322.915586,-738.393743,10.202522499994302,25.742560000066987,15.80986249996215,5.607339999967849,15.540037500072684,9.932697500104837,-838.5,[H]c1nc(C(F)(F)F)c2c([H])c([H])c([H])c([H])c2c1[H],[H][C+]1[N-][C-](C(F)(F)F)[C+]2C[C-]([H])[C+]([H])[C-]([H])[C+]2[C+]1[H],EWG,CF3,pi-system,0,Isoquinoline_H12
Toluene_H10_Int1_Sub105,Toluene_H10_interpolation_Sub105_v2,Toluene_H10_Int2_Sub105,Toluene_H10_substrate_Sub105,-1315.263795,-1315.246262,-1315.264281,-730.732502,9.879987499952565,20.88194500006864,9.57502250000914,-0.3049649999434223,11.001957500116076,11.3069225000595,-579.0,[H]c1c([H])c(C([H])([H])[H])c([H])c([H])c1Cl,[H][C+]1[C+]([H])[C-](Cl)[C-]([H])C[C+]1C([H])([H])[H],EWG,Cl,pi-system,0,Toluene_H10
Toluene_H10_Int1_Sub106,Toluene_H10_interpolation_Sub106_v2,Toluene_H10_Int2_Sub106,Toluene_H10_substrate_Sub106,-947.962358,-947.94572,-947.964906,-363.432941,11.057177500048,21.497522500012565,9.458307500018464,-1.5988700000295353,10.440344999964566,12.0392149999941,-548.15,[H]c1c([H])c(C([H])([H])[H])c([H])c([H])c1C#N,[H][C+]1[C+]([H])[C-](C[N-2])[C-]([H])C[C+]1C([H])([H])[H],EWG,CN,pi-system,0,Toluene_H10
Toluene_H10_Int1_Sub107,Toluene_H10_interpolation_Sub107_v2,Toluene_H10_Int2_Sub107,Toluene_H10_substrate_Sub107,-1008.297811,-1008.277318,-1008.295359,-423.765007,8.931835000027917,21.791192500020173,10.470465000066866,1.5386300000389497,12.859357499992257,11.320727499953309,-656.9,[H]c1c([H])c(C([H])([H])[H])c([H])c([H])c1C(=O)C([H])([H])[H],[H][C+]1[C+]([H])[C-]([C-]([O-])C([H])([H])[H])[C-]([H])C[C+]1C([H])([H])[H],EWG,COCH3,pi-system,0,Toluene_H10
Toluene_H10_Int1_Sub112,Toluene_H10_interpolation_Sub112_v2,Toluene_H10_Int2_Sub112,Toluene_H10_substrate_Sub112,-954.982938,-954.965698,-954.983726,-370.451735,9.936462500023993,20.75456250003356,9.441992499988316,-0.4944700000356761,10.818100000009563,11.31257000004524,-582.06,[H]c1c([H])c(C([H])([H])[H])c([H])c([H])c1F,[H][C+]1[C+]([H])[C-](F)[C-]([H])C[C+]1C([H])([H])[H],EWG,F,pi-system,0,Toluene_H10
Toluene_H10_Int1_Sub113,Toluene_H10_interpolation_Sub113_v2,Toluene_H10_Int2_Sub113,Toluene_H10_substrate_Sub113,-855.783969,-855.765165,-855.78175,-271.249792,8.070277500062986,19.86978750002024,9.462700000043045,1.3924224999800572,11.799509999957252,10.407087499977196,-632.16,[H]c1c([H])c([H])c(C([H])([H])[H])c([H])c1[H],[H][C+]1[C+]([H])[C-]([H])[C-]([H])C[C+]1C([H])([H])[H],other,H,pi-system,0,Toluene_H10
Toluene_H10_Int1_Sub115,Toluene_H10_interpolation_Sub115_v2,Toluene_H10_Int2_Sub115,Toluene_H10_substrate_Sub115,-1152.920747,-1152.90269,-1152.920681,-568.388948,9.562472500112165,20.89324000011146,9.603887500007602,0.0414149998954371,11.330767499999297,11.28935250010386,-578.94,[H]c1c([H])c(C([H])([H])[H])c([H])c([H])c1I,[H][C+]1[C+]([H])[C-](I)[C-]([H])C[C+]1C([H])([H])[H],EWG,I,pi-system,0,Toluene_H10
Toluene_H10_Int1_Sub117,Toluene_H10_interpolation_Sub117_v2,Toluene_H10_Int2_Sub117,Toluene_H10_substrate_Sub117,-895.045392,-895.02537,-895.042837,-310.509768,7.162285000036945,19.72609000006201,8.76554750005539,1.6032625000184453,12.56380500002507,10.960542500006625,-638.16,[H]c1c([H])c(C([H])([H])[H])c([H])c([H])c1C([H])([H])[H],[H][C+]1[C+]([H])[C-](C([H])([H])[H])[C-]([H])C[C+]1C([H])([H])[H],steric,Me,pi-system,0,Toluene_H10
Toluene_H10_Int1_Sub126,Toluene_H10_interpolation_Sub126_v2,Toluene_H10_Int2_Sub126,Toluene_H10_substrate_Sub126,-970.204224,-970.183347,-970.201495,-385.669077,7.461602500065965,20.561920000020564,9.17405000002276,1.7124474999567951,13.1003174999546,11.387869999997804,-644.78,[H]c1c([H])c(C([H])([H])[H])c([H])c([H])c1OC([H])([H])[H],[H][C+]1[C+]([H])[C-](OC([H])([H])[H])[C-]([H])C[C+]1C([H])([H])[H],EDG,OMe,pi-system,0,Toluene_H10
Toluene_H10_Int1_Sub12,Toluene_H10_interpolation_Sub12_v2,Toluene_H10_Int2_Sub12,Toluene_H10_substrate_Sub12,-1813.995565,-1813.977711,-1813.997246,-1229.465701,10.77668500004279,21.98007000014968,9.721857500209126,-1.0548274999763407,11.203384999964214,12.258212499940557,-415.34,[H]c1c([H])c(C([H])([H])[H])c([H])c(C([H])(Cl)Cl)c1[H],[H][C+]1[C+]([H])[C-]([H])[C-](C([H])(Cl)Cl)C[C+]1C([H])([H])[H],EWG,CHCl2,pi-system,0,Toluene_H10
Toluene_H10_Int1_Sub130,Toluene_H10_interpolation_Sub130_v2,Toluene_H10_Int2_Sub130,Toluene_H10_substrate_Sub130,-1444.185552,-1444.167093,-1444.185769,-859.654248,9.873085000112669,21.45610750004579,9.736917500099764,-0.1361675000129025,11.583022499933122,11.719189999946025,-584.79,[H]c1c([H])c([Si](F)(F)F)c([H])c([H])c1C([H])([H])[H],[H][C+]1[C+]([H])[C-]([Si](F)(F)F)[C-]([H])C[C+]1C([H])([H])[H],EWG,SiF3,pi-system,0,Toluene_H10
Toluene_H10_Int1_Sub140,Toluene_H10_interpolation_Sub140_v2,Toluene_H10_Int2_Sub140,Toluene_H10_substrate_Sub140,-3429.061442,-3429.043886,-3429.060785,-2844.529726,9.614555000123346,20.630945000274323,10.026822500152548,0.412267500029202,11.016390000150976,10.604122500121775,-611.95,[H]c1c([H])c(Br)c([H])c(C([H])([H])[H])c1[H],[H][C+]1[C+](Br)[C-]([H])[C-]([H])C[C+]1C([H])([H])[H],EWG,Br,pi-system,0,Toluene_H10
Toluene_H10_Int1_Sub141,Toluene_H10_interpolation_Sub141_v2,Toluene_H10_Int2_Sub141,Toluene_H10_substrate_Sub141,-931.86092,-931.843083,-931.860647,-347.32966,9.900695000042958,21.093412500034106,10.07200250003848,0.171307499995521,11.192717499991147,11.021409999995626,-609.15,[H]C#Cc1c([H])c([H])c([H])c(C([H])([H])[H])c1[H],[H]CC[C+]1[C+]([H])[C+](C([H])([H])[H])C[C-]([H])[C-]1[H],other,CCH,pi-system,0,Toluene_H10
Toluene_H10_Int1_Sub146,Toluene_H10_interpolation_Sub146_v2,Toluene_H10_Int2_Sub146,Toluene_H10_substrate_Sub146,-933.091267,-933.073312,-933.089997,-348.557387,8.256645000020484,19.5234075000387,9.05357000000592,0.7969249999854355,11.266762500018215,10.46983750003278,-627.18,[H]C([H])=C([H])c1c([H])c([H])c([H])c(C([H])([H])[H])c1[H],[H][C+]1[C+]([C-]([H])[C+]([H])[H])[C-]([H])[C-]([H])C[C+]1C([H])([H])[H],other,CHCH2,pi-system,0,Toluene_H10
Toluene_H10_Int1_Sub147,Toluene_H10_interpolation_Sub147_v2,Toluene_H10_Int2_Sub147,Toluene_H10_substrate_Sub147,-1813.996546,-1813.978144,-1813.996764,-1229.465816,10.233269999845334,21.7805249999401,10.09647500004803,-0.1367949999399798,11.547255000094763,11.684050000034745,-614.66,[H]c1c([H])c(C([H])([H])[H])c([H])c(C([H])(Cl)Cl)c1[H],[H][C+]1[C+](C([H])([H])[H])C[C-]([H])[C-]([H])[C+]1C([H])(Cl)Cl,EWG,CHCl2,pi-system,0,Toluene_H10
Toluene_H10_Int1_Sub149,Toluene_H10_interpolation_Sub149_v2,Toluene_H10_Int2_Sub149,Toluene_H10_substrate_Sub149,-969.02799,-969.010609,-969.030117,-384.4988,11.19962000000939,22.106197500009586,9.864927500026257,-1.3346924999831344,10.906577500000196,12.24126999998333,-567.12,[H]C(=O)c1c([H])c([H])c([H])c(C([H])([H])[H])c1[H],[H][C+]1[C+]([C-]([H])[O-])[C-]([H])[C-]([H])C[C+]1C([H])([H])[H],EWG,CHO,pi-system,0,Toluene_H10
Toluene_H10_Int1_Sub150,Toluene_H10_interpolation_Sub150_v2,Toluene_H10_Int2_Sub150,Toluene_H10_substrate_Sub150,-1315.26526,-1315.247413,-1315.263989,-730.732814,9.15648000006712,20.35547249997109,9.954032499979633,0.7975524999125128,11.198992499903966,10.401439999991451,-615.08,[H]c1c([H])c(Cl)c([H])c(C([H])([H])[H])c1[H],[H][C+]1[C+](Cl)[C-]([H])[C-]([H])C[C+]1C([H])([H])[H],EWG,Cl,pi-system,0,Toluene_H10
Toluene_H10_Int1_Sub151,Toluene_H10_interpolation_Sub151_v2,Toluene_H10_Int2_Sub151,Toluene_H10_substrate_Sub151,-947.961583,-947.944198,-947.964154,-363.43294,11.542862499998847,22.451949999992703,9.92956000000575,-1.6133024999930967,10.90908749999386,12.522389999986956,-549.39,[H]c1c([H])c(C#N)c([H])c(C([H])([H])[H])c1[H],[H][C+]1[C+](C[N-2])[C-]([H])[C-]([H])C[C+]1C([H])([H])[H],EWG,CN,pi-system,0,Toluene_H10
Toluene_H10_Int1_Sub153,Toluene_H10_interpolation_Sub153_v2,Toluene_H10_Int2_Sub153,Toluene_H10_substrate_Sub153,-1083.478235,-1083.45981,-1083.479568,-498.94798,10.53133249998453,22.09301999997152,9.694875000027563,-0.8364574999569641,11.561687499986988,12.398144999943952,-601.77,[H]c1c([H])c(C(=O)OC([H])([H])[H])c([H])c(C([H])([H])[H])c1[H],[H][C+]1[C+]([C-]([O-])OC([H])([H])[H])[C-]([H])[C-]([H])C[C+]1C([H])([H])[H],EWG,COOCH3,pi-system,0,Toluene_H10
Toluene_H10_Int1_Sub154,Toluene_H10_interpolation_Sub154_v2,Toluene_H10_Int2_Sub154,Toluene_H10_substrate_Sub154,-1044.240383,-1044.22207,-1044.242175,-459.710259,10.613534999991003,22.10494250001276,9.489054999976505,-1.1244800000145003,11.49140750002175,12.615887500036251,-593.66,[H]OC(=O)c1c([H])c([H])c([H])c(C([H])([H])[H])c1[H],[H]O[C-]([O-])[C+]1[C+]([H])[C+](C([H])([H])[H])C[C-]([H])[C-]1[H],EWG,COOH,pi-system,0,Toluene_H10
Toluene_H10_Int1_Sub155,Toluene_H10_interpolation_Sub155_v2,Toluene_H10_Int2_Sub155,Toluene_H10_substrate_Sub155,-1090.140933,-1090.121767,-1090.137737,-505.606741,8.06086500008675,20.08752999996986,10.066355000017069,2.005489999930319,12.02666499988311,10.021174999952793,-651.39,[H]c1c([H])c(C([H])([H])[H])c([H])c(C2([H])C([H])([H])C([H])([H])C([H])([H])C([H])([H])C2([H])[H])c1[H],[H][C+]1[C+](C([H])([H])[H])C[C-]([H])[C-]([H])[C+]1C1([H])C([H])([H])C([H])([H])C([H])([H])C([H])([H])C1([H])[H],steric,Cy,pi-system,0,Toluene_H10
Toluene_H10_Int1_Sub156,Toluene_H10_interpolation_Sub156_v2,Toluene_H10_Int2_Sub156,Toluene_H10_substrate_Sub156,-934.299326,-934.280276,-934.296295,-349.764689,7.781627500042703,19.73550250003825,9.683580000020411,1.9019524999777104,11.953874999995548,10.051922500017838,-646.15,[H]c1c([H])c(C([H])([H])[H])c([H])c(C([H])([H])C([H])([H])[H])c1[H],[H][C+]1[C+](C([H])([H])[H])C[C-]([H])[C-]([H])[C+]1C([H])([H])C([H])([H])[H],steric,Et,pi-system,0,Toluene_H10
Toluene_H10_Int1_Sub157,Toluene_H10_interpolation_Sub157_v2,Toluene_H10_Int2_Sub157,Toluene_H10_substrate_Sub157,-954.986029,-954.968348,-954.983399,-370.452489,8.469995000016866,19.564822500041146,10.120320000059166,1.6503250000423009,11.09482750002428,9.44450249998198,-629.05,[H]c1c([H])c(F)c([H])c(C([H])([H])[H])c1[H],[H][C+]1[C+](F)[C-]([H])[C-]([H])C[C+]1C([H])([H])[H],EWG,F,pi-system,0,Toluene_H10
Toluene_H10_Int1_Sub158,Toluene_H10_interpolation_Sub158_v2,Toluene_H10_Int2_Sub158,Toluene_H10_substrate_Sub158,-855.78397,-855.765165,-855.781748,-271.249792,8.06965000006457,19.86978750002024,9.463955000039874,1.3943049999753043,11.800137499955667,10.405832499980365,-632.43,[H]c1c([H])c([H])c(C([H])([H])[H])c([H])c1[H],[H][C+]1[C+]([H])[C-]([H])[C-]([H])C[C+]1C([H])([H])[H],other,H,pi-system,0,Toluene_H10
Toluene_H10_Int1_Sub160,Toluene_H10_interpolation_Sub160_v2,Toluene_H10_Int2_Sub160,Toluene_H10_substrate_Sub160,-1152.921334,-1152.903415,-1152.920208,-568.389111,9.296412500070517,20.54058500000309,10.002977499998735,0.7065649999282186,11.244172499932574,10.537607500004356,-609.09,[H]c1c([H])c(I)c([H])c(C([H])([H])[H])c1[H],[H][C+]1[C+](I)[C-]([H])[C-]([H])C[C+]1C([H])([H])[H],EWG,I,pi-system,0,Toluene_H10
Toluene_H10_Int1_Sub161,Toluene_H10_interpolation_Sub161_v2,Toluene_H10_Int2_Sub161,Toluene_H10_substrate_Sub161,-1204.364212,-1204.345768,-1204.362714,-619.830209,8.179462500037005,19.75307250006523,9.119457499946575,0.9399949999095724,11.573610000028223,10.633615000118652,-645.04,[H]c1c([H])c(-c2c(C([H])([H])[H])c([H])c(C([H])([H])[H])c([H])c2C([H])([H])[H])c([H])c(C([H])([H])[H])c1[H],[H][C+]1[C+]([c-]2[c+](C([H])([H])[H])[c+]([H])[c+](C([H])([H])[H])[c-]([H])[c-]2C([H])([H])[H])[C-]([H])[C-]([H])C[C+]1C([H])([H])[H],steric,Mes,pi-system,0,Toluene_H10
Toluene_H10_Int1_Sub162,Toluene_H10_interpolation_Sub162_v2,Toluene_H10_Int2_Sub162,Toluene_H10_substrate_Sub162,-895.045708,-895.026741,-895.041739,-310.510733,7.569532500043152,19.47132500002752,10.060080000032912,2.490547499989759,11.901792499984367,9.411244999994608,-635.43,[H]c1c([H])c(C([H])([H])[H])c([H])c(C([H])([H])[H])c1[H],[H][C+]1[C+](C([H])([H])[H])C[C-]([H])[C-]([H])[C+]1C([H])([H])[H],steric,Me,pi-system,0,Toluene_H10
Toluene_H10_Int1_Sub168,Toluene_H10_interpolation_Sub168_v2,Toluene_H10_Int2_Sub168,Toluene_H10_substrate_Sub168,-984.99851,-984.981917,-985.002793,-400.470129,11.707267500011795,22.11937500004765,9.019685000020132,-2.687582499991663,10.41210750003586,13.099690000027522,-537.93,[H]c1c([H])c(N=O)c([H])c(C([H])([H])[H])c1[H],[H][C+]1[C+]([N-][O-])[C-]([H])[C-]([H])C[C+]1C([H])([H])[H],EWG,NO,pi-system,0,Toluene_H10
Toluene_H10_Int1_Sub171,Toluene_H10_interpolation_Sub171_v2,Toluene_H10_Int2_Sub171,Toluene_H10_substrate_Sub171,-970.207122,-970.1883,-970.201098,-385.670039,6.246762499994247,18.05756749999432,10.026822500009873,3.780060000015624,11.810805000000071,8.03074499998445,-702.79,[H]c1c([H])c(OC([H])([H])[H])c([H])c(C([H])([H])[H])c1[H],[H]C1=C([H])C(=[O+]C([H])([H])[H])C([H])=C(C([H])([H])[H])C1,EDG,OMe,pi-system,0,Toluene_H10
Toluene_H10_Int1_Sub172,Toluene_H10_interpolation_Sub172_v2,Toluene_H10_Int2_Sub172,Toluene_H10_substrate_Sub172,-1086.589186,-1086.570838,-1086.586778,-502.056552,9.038510000079611,20.55187999997457,10.549529999974254,1.5110199998946428,11.513369999894962,10.00235000000032,-632.91,[H]c1c([H])c([H])c(-c2c([H])c([H])c([H])c(C([H])([H])[H])c2[H])c([H])c1[H],[H][C+]1[C+]([c-]2[c+]([H])[c+]([H])[c+]([H])[c-]([H])[c-]2[H])[C-]([H])[C-]([H])C[C+]1C([H])([H])[H],steric,Ph,pi-system,0,Toluene_H10
Toluene_H10_Int1_Sub174,Toluene_H10_interpolation_Sub174_v2,Toluene_H10_Int2_Sub174,Toluene_H10_substrate_Sub174,-1253.86262,-1253.844659,-1253.859587,-669.328429,8.061492499978158,19.33201999998687,9.964700000095377,1.9032075001172188,11.270527500008711,9.367319999891492,-652.08,[H]Sc1c([H])c([H])c([H])c(C([H])([H])[H])c1[H],[H][S+]=C1C([H])=C([H])CC(C([H])([H])[H])=C1[H],EDG,SH,pi-system,0,Toluene_H10
Toluene_H10_Int1_Sub178,Toluene_H10_interpolation_Sub178_v2,Toluene_H10_Int2_Sub178,Toluene_H10_substrate_Sub178,-1012.807946,-1012.788377,-1012.803865,-428.273085,7.641067500005221,19.920615000034587,10.201895000031556,2.5608275000263347,12.279547500029366,9.718720000003032,-647.78,[H]c1c([H])c(C([H])([H])[H])c([H])c(C(C([H])([H])[H])(C([H])([H])[H])C([H])([H])[H])c1[H],[H][C+]1[C+](C([H])([H])[H])C[C-]([H])[C-]([H])[C+]1C(C([H])([H])[H])(C([H])([H])[H])C([H])([H])[H],steric,tBu,pi-system,0,Toluene_H10
Toluene_H10_Int1_Sub180,Toluene_H10_interpolation_Sub180_v2,Toluene_H10_Int2_Sub180,Toluene_H10_substrate_Sub180,-1096.618797,-1096.600537,-1096.618444,-512.086628,9.330297499984963,20.788447500019345,9.55180500006776,0.2215075000827937,11.45815000003438,11.236642499951586,-605.59,[H]c1nnn(-c2c([H])c([H])c([H])c(C([H])([H])[H])c2[H])c1[H],[H]C1=C([H])C(=[N+]2N=NC([H])=C2[H])C([H])=C(C([H])([H])[H])C1,EWG,triazole_N,pi-system,0,Toluene_H10
Toluene_H10_Int1_Sub22,Toluene_H10_interpolation_Sub22_v2,Toluene_H10_Int2_Sub22,Toluene_H10_substrate_Sub22,-954.980083,-954.968309,-954.985565,-370.453256,12.682402500010994,20.070587500048305,9.242447500064088,-3.439954999946906,7.388185000037311,10.828139999984217,-214.71,[H]c1c([H])c(F)c([H])c(C([H])([H])[H])c1[H],[H][C+]1[C+]([H])[C-]([H])[C-](F)C[C+]1C([H])([H])[H],EWG,F,pi-system,0,Toluene_H10
Toluene_H10_Int1_Sub23,Toluene_H10_interpolation_Sub23_v2,Toluene_H10_Int2_Sub23,Toluene_H10_substrate_Sub23,-855.783966,-855.765165,-855.781753,-271.249792,8.072160000058233,19.86978750002024,9.460817500047796,1.388657499989563,11.797627499962005,10.408969999972442,-632.4,[H]c1c([H])c([H])c(C([H])([H])[H])c([H])c1[H],[H][C+]1[C+]([H])[C-]([H])[C-]([H])C[C+]1C([H])([H])[H],other,H,pi-system,0,Toluene_H10
Toluene_H10_Int1_Sub25,Toluene_H10_interpolation_Sub25_v2,Toluene_H10_Int2_Sub25,Toluene_H10_substrate_Sub25,-1152.916619,-1152.904396,-1152.923093,-568.389083,12.237504999992836,19.907437500103526,8.175069999976756,-4.06243500001608,7.66993250011069,11.73236750012677,-225.65,[H]c1c([H])c(I)c([H])c(C([H])([H])[H])c1[H],[H][C+]1[C+]([H])[C-]([H])[C-](I)C[C+]1C([H])([H])[H],EWG,I,pi-system,0,Toluene_H10
Toluene_H10_Int1_Sub31,Toluene_H10_interpolation_Sub31_v2,Toluene_H10_Int2_Sub31,Toluene_H10_substrate_Sub31,-986.21806,-986.195931,-986.21126,-401.681059,6.298217500007013,20.184165000046903,10.565217500005986,4.266999999998973,13.88594750003989,9.618947500040916,-657.88,[H][c+]1[c+]([H])[c-]([H])[c-](N([H])[O-])[c-]([H])[c+]1C([H])([H])[H],[H]O[N+]([H])=C1CC(C([H])([H])[H])=C([H])C([H])=C1[H],EDG,NHOH,pi-system,0,Toluene_H10
Toluene_H10_Int1_Sub3,Toluene_H10_interpolation_Sub3_v2,Toluene_H10_Int2_Sub3,Toluene_H10_substrate_Sub3,-1244.805278,-1244.784493,-1244.800849,-660.27246,8.923050000014427,21.965637499972104,11.70224750006014,2.7791975000457114,13.042587499957676,10.263389999911965,-796.46,[H]c1c([H])c(C([H])([H])[H])c([H])c(C23C([H])([H])C4([H])C([H])([H])C([H])(C([H])([H])C([H])(C4([H])[H])C2([H])[H])C3([H])[H])c1[H],[H][C+]1[C+]([H])[C-]([H])[C-](C23C([H])([H])C4([H])C([H])([H])C([H])(C([H])([H])C([H])(C4([H])[H])C2([H])[H])C3([H])[H])C[C+]1C([H])([H])[H],steric,Ad,pi-system,0,Toluene_H10
Toluene_H10_Int1_Sub48,Toluene_H10_interpolation_Sub48_v2,Toluene_H10_Int2_Sub48,Toluene_H10_substrate_Sub48,-1244.805023,-1244.779698,-1244.800709,-660.26991,7.482937500083437,23.374374999982308,10.18997249995465,2.707034999871212,15.89143749989887,13.18440250002766,-693.18,[H]c1c([H])c([H])c(C([H])([H])C23C([H])([H])C4([H])C([H])([H])C([H])(C([H])([H])C([H])(C4([H])[H])C2([H])[H])C3([H])[H])c([H])c1[H],[H][C+]1[C+]([H])[C-]([H])[C-]([H])C[C+]1C([H])([H])C12C([H])([H])C3([H])C([H])([H])C([H])(C([H])([H])C([H])(C3([H])[H])C1([H])[H])C2([H])[H],steric,Ad,pi-system,0,Toluene_H10
Toluene_H10_Int1_Sub50,Toluene_H10_interpolation_Sub50_v2,Toluene_H10_Int2_Sub50,Toluene_H10_substrate_Sub50,-3429.060008,-3429.039078,-3429.064526,-2844.529827,10.577767500045638,23.71134250013029,7.742722499926913,-2.835045000118725,13.133575000084647,15.968620000203371,-548.96,[H]c1c([H])c([H])c(C([H])([H])Br)c([H])c1[H],[H][C+]1[C+]([H])[C-]([H])[C-]([H])C[C+]1C([H])([H])Br,EWG,Br,pi-system,0,Toluene_H10
Toluene_H10_Int1_Sub60,Toluene_H10_interpolation_Sub60_v2,Toluene_H10_Int2_Sub60,Toluene_H10_substrate_Sub60,-1315.261006,-1315.240808,-1315.265243,-730.730382,10.299785000034092,22.974029999994343,7.641067499969552,-2.65871750006454,12.674244999960251,15.332962500024792,-595.14,[H]c1c([H])c([H])c(C([H])([H])Cl)c([H])c1[H],[H][C+]1[C+]([H])[C-]([H])[C-]([H])C[C+]1C([H])([H])Cl,EWG,Cl,pi-system,0,Toluene_H10
Toluene_H10_Int1_Sub65,Toluene_H10_interpolation_Sub65_v2,Toluene_H10_Int2_Sub65,Toluene_H10_substrate_Sub65,-1090.136413,-1090.11608,-1090.135693,-505.602115,7.994350000076338,20.75330750003673,8.446150000077068,0.4518000000007305,12.758957499960388,12.307157499959658,-708.63,[H]c1c([H])c([H])c(C([H])([H])C2([H])C([H])([H])C([H])([H])C([H])([H])C([H])([H])C2([H])[H])c([H])c1[H],[H][C+]1[C+]([H])[C-]([H])[C-]([H])C[C+]1C([H])([H])C1([H])C([H])([H])C([H])([H])C([H])([H])C([H])([H])C1([H])[H],steric,Cy,pi-system,0,Toluene_H10
Toluene_H10_Int1_Sub67,Toluene_H10_interpolation_Sub67_v2,Toluene_H10_Int2_Sub67,Toluene_H10_substrate_Sub67,-954.976517,-954.95751,-954.980791,-370.444884,9.666637500063189,21.593530000055523,6.984702500057267,-2.6819350000059217,11.926892499992334,14.608827499998256,-663.84,[H]c1c([H])c([H])c(C([H])([H])F)c([H])c1[H],[H][C+]1[C+]([H])[C-]([H])[C-]([H])C[C+]1C([H])([H])F,EWG,F,pi-system,0,Toluene_H10
Toluene_H10_Int1_Sub68,Toluene_H10_interpolation_Sub68_v2,Toluene_H10_Int2_Sub68,Toluene_H10_substrate_Sub68,-855.783972,-855.765165,-855.781754,-271.249792,8.068395000067738,19.86978750002024,9.46019000004938,1.3917949999816417,11.8013924999525,10.409597499970856,-632.3,[H]c1c([H])c([H])c(C([H])([H])[H])c([H])c1[H],[H][C+]1[C+]([H])[C-]([H])[C-]([H])C[C+]1C([H])([H])[H],other,H,pi-system,0,Toluene_H10
Toluene_H10_Int1_Sub69,Toluene_H10_interpolation_Sub69_v2,Toluene_H10_Int2_Sub69,Toluene_H10_substrate_Sub69,-973.550132,-973.52977,-973.549173,-389.015979,8.085337500060632,20.86249250004641,8.68711000003941,0.6017724999787788,12.777154999985784,12.175382500007004,-691.14,[H]c1c([H])c([H])c(C([H])([H])C([H])(C([H])([H])[H])C([H])([H])[H])c([H])c1[H],[H][C+]1[C+]([H])[C-]([H])[C-]([H])C[C+]1C([H])([H])C([H])(C([H])([H])[H])C([H])([H])[H],steric,iPr,pi-system,0,Toluene_H10
Toluene_H10_Int1_Sub70,Toluene_H10_interpolation_Sub70_v2,Toluene_H10_Int2_Sub70,Toluene_H10_substrate_Sub70,-1152.92384,-1152.904739,-1152.92738,-568.391437,9.183462500070334,21.169339999985084,6.962112499971624,-2.2213500000987096,11.98587749991475,14.20722750001346,-597.67,[H]c1c([H])c([H])c(C([H])([H])I)c([H])c1[H],[H][C+]1[C+]([H])[C-]([H])[C-]([H])C[C+]1C([H])([H])I,EWG,I,pi-system,0,Toluene_H10
Toluene_H10_Int1_Sub72,Toluene_H10_interpolation_Sub72_v2,Toluene_H10_Int2_Sub72,Toluene_H10_substrate_Sub72,-895.038569,-895.01803,-895.037061,-310.504556,8.173187499981509,21.06141000004357,9.119457500017916,0.9462700000364066,12.888222500062056,11.94195250002565,-709.46,[H]c1c([H])c([H])c(C([H])([H])C([H])([H])[H])c([H])c1[H],[H][C+]1[C+]([H])[C-]([H])[C-]([H])C[C+]1C([H])([H])C([H])([H])[H],steric,Me,pi-system,0,Toluene_H10
Toluene_H10_Int1_Sub82,Toluene_H10_interpolation_Sub82_v2,Toluene_H10_Int2_Sub82,Toluene_H10_substrate_Sub82,-1086.582914,-1086.563906,-1086.583403,-502.048044,7.63541999998381,19.56293999997456,7.328572499973802,-0.3068475000100079,11.92751999999075,12.234367500000758,-614.43,[H]c1c([H])c([H])c(C([H])([H])c2c([H])c([H])c([H])c([H])c2[H])c([H])c1[H],[H][C+]1[C+]([H])[C-]([H])[C-]([H])C[C+]1C([H])([H])[c-]1[c+]([H])[c+]([H])[c+]([H])[c-]([H])[c-]1[H],steric,Ph,pi-system,0,Toluene_H10
Toluene_H10_Int1_Sub8,Toluene_H10_interpolation_Sub8_v2,Toluene_H10_Int2_Sub8,Toluene_H10_substrate_Sub8,-1354.52085,-1354.503687,-1354.523022,-769.989972,10.14039999993713,20.91018250006869,8.77746999995395,-1.36292999998318,10.769782500131557,12.132712500114735,-443.09,[H]c1c([H])c(C([H])([H])[H])c([H])c(C([H])([H])Cl)c1[H],[H][C+]1[C+]([H])[C-]([H])[C-](C([H])([H])Cl)C[C+]1C([H])([H])[H],EWG,CH2Cl,pi-system,0,Toluene_H10
